Africa;Algeria;;;;Electricity;Electricityusage;;Location;Electricityconsumption;tCO2e/MWh;2;0;0.63373;0
Africa;Algeria;;;;Powergeneration;Coal;;Location,fueltype;Fuelconsumption;tCO2e/MWh;2;0.936336126312696;0;0
Africa;Algeria;;;;Powergeneration;Gas;;Location,fueltype;Fuelconsumption;tCO2e/MWh;2;0.47328768328962;0;0
Africa;Algeria;;;;Powergeneration;Oil;;Location,fueltype;Fuelconsumption;tCO2e/MWh;2;0.809381397776083;0;0
Africa;Algeria;;;;Powergeneration;Otherfossil;;Location,fueltype;Fuelconsumption;tCO2e/MWh;2;1;0;0
Africa;Algeria;;;;Powergeneration;Waste;;Location,fueltype;Fuelconsumption;tCO2e/MWh;2;1.4345724614901;0;0
Africa;Angola;;;;Powergeneration;Gas;;Location,fueltype;Fuelconsumption;tCO2e/MWh;2;0.463442156712578;0;0
Africa;Angola;;;;Electricity;Electricityusage;;Location;Electricityconsumption;tCO2e/MWh;2;0;0.21242;0
Africa;Angola;;;;Powergeneration;Coal;;Location,fueltype;Fuelconsumption;tCO2e/MWh;2;0.936336126312696;0;0
Africa;Angola;;;;Powergeneration;Oil;;Location,fueltype;Fuelconsumption;tCO2e/MWh;2;1.50609756097561;0;0
Africa;Angola;;;;Powergeneration;Otherfossil;;Location,fueltype;Fuelconsumption;tCO2e/MWh;2;1;0;0
Africa;Angola;;;;Powergeneration;Waste;;Location,fueltype;Fuelconsumption;tCO2e/MWh;2;1.4345724614901;0;0
Africa;Benin;;;;Powergeneration;Gas;;Location,fueltype;Fuelconsumption;tCO2e/MWh;2;0.463442156712578;0;0
Africa;Benin;;;;Electricity;Electricityusage;;Location;Electricityconsumption;tCO2e/MWh;2;0;0.66667;0
Africa;Benin;;;;Powergeneration;Coal;;Location,fueltype;Fuelconsumption;tCO2e/MWh;2;0.936336126312696;0;0
Africa;Benin;;;;Powergeneration;Oil;;Location,fueltype;Fuelconsumption;tCO2e/MWh;2;0.809381397776083;0;0
Africa;Benin;;;;Powergeneration;Otherfossil;;Location,fueltype;Fuelconsumption;tCO2e/MWh;2;1;0;0
Africa;Benin;;;;Powergeneration;Waste;;Location,fueltype;Fuelconsumption;tCO2e/MWh;2;1.4345724614901;0;0
Africa;Botswana;;;;Electricity;Electricityusage;;Location;Electricityconsumption;tCO2e/MWh;2;0;0.86758;0
Africa;Botswana;;;;Powergeneration;Coal;;Location,fueltype;Fuelconsumption;tCO2e/MWh;2;0.936336126312696;0;0
Africa;Botswana;;;;Powergeneration;Gas;;Location,fueltype;Fuelconsumption;tCO2e/MWh;2;0.463442156712578;0;0
Africa;Botswana;;;;Powergeneration;Oil;;Location,fueltype;Fuelconsumption;tCO2e/MWh;2;0.809381397776083;0;0
Africa;Botswana;;;;Powergeneration;Otherfossil;;Location,fueltype;Fuelconsumption;tCO2e/MWh;2;1;0;0
Africa;Botswana;;;;Powergeneration;Waste;;Location,fueltype;Fuelconsumption;tCO2e/MWh;2;1.4345724614901;0;0
Africa;BurkinaFaso;;;;Powergeneration;Gas;;Location,fueltype;Fuelconsumption;tCO2e/MWh;2;0.463442156712578;0;0
Africa;BurkinaFaso;;;;Electricity;Electricityusage;;Location;Electricityconsumption;tCO2e/MWh;2;0;0.61143;0
Africa;BurkinaFaso;;;;Powergeneration;Coal;;Location,fueltype;Fuelconsumption;tCO2e/MWh;2;0.936336126312696;0;0
Africa;BurkinaFaso;;;;Powergeneration;Oil;;Location,fueltype;Fuelconsumption;tCO2e/MWh;2;0.809381397776083;0;0
Africa;BurkinaFaso;;;;Powergeneration;Otherfossil;;Location,fueltype;Fuelconsumption;tCO2e/MWh;2;1;0;0
Africa;BurkinaFaso;;;;Powergeneration;Waste;;Location,fueltype;Fuelconsumption;tCO2e/MWh;2;1.4345724614901;0;0
Africa;Burundi;;;;Electricity;Electricityusage;;Location;Electricityconsumption;tCO2e/MWh;2;0;0.25;0
Africa;CaboVerde;;;;Electricity;Electricityusage;;Location;Electricityconsumption;tCO2e/MWh;2;0;0.6;0
Africa;Cameroon;;;;Electricity;Electricityusage;;Location;Electricityconsumption;tCO2e/MWh;2;0;0.27826;0
Africa;Cameroon;;;;Powergeneration;Coal;;Location,fueltype;Fuelconsumption;tCO2e/MWh;2;0.936336126312696;0;0
Africa;Cameroon;;;;Powergeneration;Gas;;Location,fueltype;Fuelconsumption;tCO2e/MWh;2;0.463442156712578;0;0
Africa;Cameroon;;;;Powergeneration;Oil;;Location,fueltype;Fuelconsumption;tCO2e/MWh;2;0.809381397776083;0;0
Africa;Cameroon;;;;Powergeneration;Otherfossil;;Location,fueltype;Fuelconsumption;tCO2e/MWh;2;1;0;0
Africa;Cameroon;;;;Powergeneration;Waste;;Location,fueltype;Fuelconsumption;tCO2e/MWh;2;1.4345724614901;0;0
Africa;CapeVerde;;;;Powergeneration;Coal;;Location,fueltype;Fuelconsumption;tCO2e/MWh;2;0.936336126312696;0;0
Africa;CapeVerde;;;;Powergeneration;Gas;;Location,fueltype;Fuelconsumption;tCO2e/MWh;2;0.463442156712578;0;0
Africa;CapeVerde;;;;Powergeneration;Oil;;Location,fueltype;Fuelconsumption;tCO2e/MWh;2;0.809381397776083;0;0
Africa;CapeVerde;;;;Powergeneration;Otherfossil;;Location,fueltype;Fuelconsumption;tCO2e/MWh;2;1;0;0
Africa;CapeVerde;;;;Powergeneration;Waste;;Location,fueltype;Fuelconsumption;tCO2e/MWh;2;1.4345724614901;0;0
Africa;Chad;;;;Electricity;Electricityusage;;Location;Electricityconsumption;tCO2e/MWh;2;0;0.67742;0
Africa;Comoros(the);;;;Electricity;Electricityusage;;Location;Electricityconsumption;tCO2e/MWh;2;0;0.71429;0
Africa;Congo;;;;Powergeneration;Coal;;Location,fueltype;Fuelconsumption;tCO2e/MWh;2;0.936336126312696;0;0
Africa;Congo;;;;Powergeneration;Gas;;Location,fueltype;Fuelconsumption;tCO2e/MWh;2;0.463442156712578;0;0
Africa;Congo;;;;Powergeneration;Oil;;Location,fueltype;Fuelconsumption;tCO2e/MWh;2;0.809381397776083;0;0
Africa;Congo;;;;Powergeneration;Otherfossil;;Location,fueltype;Fuelconsumption;tCO2e/MWh;2;1;0;0
Africa;Congo;;;;Powergeneration;Waste;;Location,fueltype;Fuelconsumption;tCO2e/MWh;2;1.4345724614901;0;0
Africa;Congo(theDemocraticRepublicofthe);;;;Electricity;Electricityusage;;Location;Electricityconsumption;tCO2e/MWh;2;0;0.02536;0
Africa;Congo(the);;;;Electricity;Electricityusage;;Location;Electricityconsumption;tCO2e/MWh;2;0;0.72388;0
Africa;CoteDIvoire;;;;Powergeneration;Coal;;Location,fueltype;Fuelconsumption;tCO2e/MWh;2;0.936336126312696;0;0
Africa;CoteDIvoire;;;;Powergeneration;Gas;;Location,fueltype;Fuelconsumption;tCO2e/MWh;2;0.463442156712578;0;0
Africa;CoteDIvoire;;;;Powergeneration;Oil;;Location,fueltype;Fuelconsumption;tCO2e/MWh;2;0.809381397776083;0;0
Africa;CoteDIvoire;;;;Powergeneration;Otherfossil;;Location,fueltype;Fuelconsumption;tCO2e/MWh;2;1;0;0
Africa;CoteDIvoire;;;;Powergeneration;Waste;;Location,fueltype;Fuelconsumption;tCO2e/MWh;2;1.4345724614901;0;0
Africa;Coted'Ivoire;;;;Electricity;Electricityusage;;Location;Electricityconsumption;tCO2e/MWh;2;0;0.45355;0
Africa;DemocraticRepublicoftheCongo;;;;Powergeneration;Coal;;Location,fueltype;Fuelconsumption;tCO2e/MWh;2;0.936336126312696;0;0
Africa;DemocraticRepublicoftheCongo;;;;Powergeneration;Gas;;Location,fueltype;Fuelconsumption;tCO2e/MWh;2;0.463442156712578;0;0
Africa;DemocraticRepublicoftheCongo;;;;Powergeneration;Oil;;Location,fueltype;Fuelconsumption;tCO2e/MWh;2;0.809381397776083;0;0
Africa;DemocraticRepublicoftheCongo;;;;Powergeneration;Otherfossil;;Location,fueltype;Fuelconsumption;tCO2e/MWh;2;1;0;0
Africa;DemocraticRepublicoftheCongo;;;;Powergeneration;Waste;;Location,fueltype;Fuelconsumption;tCO2e/MWh;2;1.4345724614901;0;0
Africa;Djibouti;;;;Electricity;Electricityusage;;Location;Electricityconsumption;tCO2e/MWh;2;0;0.66667;0
Africa;Djibouti;;;;Powergeneration;Coal;;Location,fueltype;Fuelconsumption;tCO2e/MWh;2;0.936336126312696;0;0
Africa;Djibouti;;;;Powergeneration;Gas;;Location,fueltype;Fuelconsumption;tCO2e/MWh;2;0.463442156712578;0;0
Africa;Djibouti;;;;Powergeneration;Oil;;Location,fueltype;Fuelconsumption;tCO2e/MWh;2;0.809381397776083;0;0
Africa;Djibouti;;;;Powergeneration;Otherfossil;;Location,fueltype;Fuelconsumption;tCO2e/MWh;2;1;0;0
Africa;Djibouti;;;;Powergeneration;Waste;;Location,fueltype;Fuelconsumption;tCO2e/MWh;2;1.4345724614901;0;0
Africa;Egypt;;;;Electricity;Electricityusage;;Location;Electricityconsumption;tCO2e/MWh;2;0;0.57013;0
Africa;Egypt;;;;Powergeneration;Coal;;Location,fueltype;Fuelconsumption;tCO2e/MWh;2;0.936336126312696;0;0
Africa;Egypt;;;;Powergeneration;Gas;;Location,fueltype;Fuelconsumption;tCO2e/MWh;2;0.591727705202749;0;0
Africa;Egypt;;;;Powergeneration;Oil;;Location,fueltype;Fuelconsumption;tCO2e/MWh;2;0.829663212435233;0;0
Africa;Egypt;;;;Powergeneration;Otherfossil;;Location,fueltype;Fuelconsumption;tCO2e/MWh;2;1;0;0
Africa;Egypt;;;;Powergeneration;Waste;;Location,fueltype;Fuelconsumption;tCO2e/MWh;2;1.4345724614901;0;0
Africa;EquatorialGuinea;;;;Electricity;Electricityusage;;Location;Electricityconsumption;tCO2e/MWh;2;0;0.49296;0
Africa;EquatorialGuinea;;;;Powergeneration;Coal;;Location,fueltype;Fuelconsumption;tCO2e/MWh;2;0.936336126312696;0;0
Africa;EquatorialGuinea;;;;Powergeneration;Gas;;Location,fueltype;Fuelconsumption;tCO2e/MWh;2;0.463442156712578;0;0
Africa;EquatorialGuinea;;;;Powergeneration;Oil;;Location,fueltype;Fuelconsumption;tCO2e/MWh;2;0.809381397776083;0;0
Africa;EquatorialGuinea;;;;Powergeneration;Otherfossil;;Location,fueltype;Fuelconsumption;tCO2e/MWh;2;1;0;0
Africa;EquatorialGuinea;;;;Powergeneration;Waste;;Location,fueltype;Fuelconsumption;tCO2e/MWh;2;1.4345724614901;0;0
Africa;Eritrea;;;;Electricity;Electricityusage;;Location;Electricityconsumption;tCO2e/MWh;2;0;0.68889;0
Africa;Eritrea;;;;Powergeneration;Coal;;Location,fueltype;Fuelconsumption;tCO2e/MWh;2;0.936336126312696;0;0
Africa;Eritrea;;;;Powergeneration;Gas;;Location,fueltype;Fuelconsumption;tCO2e/MWh;2;0.463442156712578;0;0
Africa;Eritrea;;;;Powergeneration;Oil;;Location,fueltype;Fuelconsumption;tCO2e/MWh;2;0.809381397776083;0;0
Africa;Eritrea;;;;Powergeneration;Otherfossil;;Location,fueltype;Fuelconsumption;tCO2e/MWh;2;1;0;0
Africa;Eritrea;;;;Powergeneration;Waste;;Location,fueltype;Fuelconsumption;tCO2e/MWh;2;1.4345724614901;0;0
Africa;Eswatini;;;;Electricity;Electricityusage;;Location;Electricityconsumption;tCO2e/MWh;2;0;0.18919;0
Africa;Ethiopia;;;;Electricity;Electricityusage;;Location;Electricityconsumption;tCO2e/MWh;2;0;0.02519;0
Africa;Gabon;;;;Electricity;Electricityusage;;Location;Electricityconsumption;tCO2e/MWh;2;0;0.39738;0
Africa;Gabon;;;;Powergeneration;Coal;;Location,fueltype;Fuelconsumption;tCO2e/MWh;2;0.936336126312696;0;0
Africa;Gabon;;;;Powergeneration;Gas;;Location,fueltype;Fuelconsumption;tCO2e/MWh;2;0.463442156712578;0;0
Africa;Gabon;;;;Powergeneration;Oil;;Location,fueltype;Fuelconsumption;tCO2e/MWh;2;0.809381397776083;0;0
Africa;Gabon;;;;Powergeneration;Otherfossil;;Location,fueltype;Fuelconsumption;tCO2e/MWh;2;1;0;0
Africa;Gabon;;;;Powergeneration;Waste;;Location,fueltype;Fuelconsumption;tCO2e/MWh;2;1.4345724614901;0;0
Africa;Gambia;;;;Powergeneration;Coal;;Location,fueltype;Fuelconsumption;tCO2e/MWh;2;0.936336126312696;0;0
Africa;Gambia;;;;Powergeneration;Gas;;Location,fueltype;Fuelconsumption;tCO2e/MWh;2;0.463442156712578;0;0
Africa;Gambia;;;;Powergeneration;Oil;;Location,fueltype;Fuelconsumption;tCO2e/MWh;2;0.809381397776083;0;0
Africa;Gambia;;;;Powergeneration;Otherfossil;;Location,fueltype;Fuelconsumption;tCO2e/MWh;2;1;0;0
Africa;Gambia;;;;Powergeneration;Waste;;Location,fueltype;Fuelconsumption;tCO2e/MWh;2;1.4345724614901;0;0
Africa;Gambia(the);;;;Electricity;Electricityusage;;Location;Electricityconsumption;tCO2e/MWh;2;0;0.7;0
Africa;Ghana;;;;Electricity;Electricityusage;;Location;Electricityconsumption;tCO2e/MWh;2;0;0.49881;0
Africa;Ghana;;;;Powergeneration;Coal;;Location,fueltype;Fuelconsumption;tCO2e/MWh;2;0.936336126312696;0;0
Africa;Ghana;;;;Powergeneration;Gas;;Location,fueltype;Fuelconsumption;tCO2e/MWh;2;0.515491295367365;0;0
Africa;Ghana;;;;Powergeneration;Oil;;Location,fueltype;Fuelconsumption;tCO2e/MWh;2;0.809381397776083;0;0
Africa;Ghana;;;;Powergeneration;Otherfossil;;Location,fueltype;Fuelconsumption;tCO2e/MWh;2;1;0;0
Africa;Ghana;;;;Powergeneration;Waste;;Location,fueltype;Fuelconsumption;tCO2e/MWh;2;1.4345724614901;0;0
Africa;Guinea;;;;Electricity;Electricityusage;;Location;Electricityconsumption;tCO2e/MWh;2;0;0.20863;0
Africa;Guinea;;;;Powergeneration;Coal;;Location,fueltype;Fuelconsumption;tCO2e/MWh;2;0.936336126312696;0;0
Africa;Guinea;;;;Powergeneration;Gas;;Location,fueltype;Fuelconsumption;tCO2e/MWh;2;0.463442156712578;0;0
Africa;Guinea;;;;Powergeneration;Oil;;Location,fueltype;Fuelconsumption;tCO2e/MWh;2;0.809381397776083;0;0
Africa;Guinea;;;;Powergeneration;Otherfossil;;Location,fueltype;Fuelconsumption;tCO2e/MWh;2;1;0;0
Africa;Guinea;;;;Powergeneration;Waste;;Location,fueltype;Fuelconsumption;tCO2e/MWh;2;1.4345724614901;0;0
Africa;Guinea-Bissau;;;;Electricity;Electricityusage;;Location;Electricityconsumption;tCO2e/MWh;2;0;0.75;0
Africa;Guinea-Bissau;;;;Powergeneration;Coal;;Location,fueltype;Fuelconsumption;tCO2e/MWh;2;0.936336126312696;0;0
Africa;Guinea-Bissau;;;;Powergeneration;Gas;;Location,fueltype;Fuelconsumption;tCO2e/MWh;2;0.463442156712578;0;0
Africa;Guinea-Bissau;;;;Powergeneration;Oil;;Location,fueltype;Fuelconsumption;tCO2e/MWh;2;0.809381397776083;0;0
Africa;Guinea-Bissau;;;;Powergeneration;Otherfossil;;Location,fueltype;Fuelconsumption;tCO2e/MWh;2;1;0;0
Africa;Guinea-Bissau;;;;Powergeneration;Waste;;Location,fueltype;Fuelconsumption;tCO2e/MWh;2;1.4345724614901;0;0
Africa;Kenya;;;;Electricity;Electricityusage;;Location;Electricityconsumption;tCO2e/MWh;2;0;0.10113;0
Africa;Kenya;;;;Powergeneration;Coal;;Location,fueltype;Fuelconsumption;tCO2e/MWh;2;0.936336126312696;0;0
Africa;Kenya;;;;Powergeneration;Gas;;Location,fueltype;Fuelconsumption;tCO2e/MWh;2;0.463442156712578;0;0
Africa;Kenya;;;;Powergeneration;Oil;;Location,fueltype;Fuelconsumption;tCO2e/MWh;2;0.908077994428969;0;0
Africa;Kenya;;;;Powergeneration;Otherfossil;;Location,fueltype;Fuelconsumption;tCO2e/MWh;2;1;0;0
Africa;Kenya;;;;Powergeneration;Waste;;Location,fueltype;Fuelconsumption;tCO2e/MWh;2;1.4345724614901;0;0
Africa;Lesotho;;;;Electricity;Electricityusage;;Location;Electricityconsumption;tCO2e/MWh;2;0;0.02;0
Africa;Liberia;;;;Electricity;Electricityusage;;Location;Electricityconsumption;tCO2e/MWh;2;0;0.30435;0
Africa;Libya;;;;Electricity;Electricityusage;;Location;Electricityconsumption;tCO2e/MWh;2;0;0.86169;0
Africa;Libya;;;;Powergeneration;Coal;;Location,fueltype;Fuelconsumption;tCO2e/MWh;2;0.936336126312696;0;0
Africa;Libya;;;;Powergeneration;Gas;;Location,fueltype;Fuelconsumption;tCO2e/MWh;2;0.734006899950715;0;0
Africa;Libya;;;;Powergeneration;Oil;;Location,fueltype;Fuelconsumption;tCO2e/MWh;2;0.618705035971223;0;0
Africa;Libya;;;;Powergeneration;Otherfossil;;Location,fueltype;Fuelconsumption;tCO2e/MWh;2;1;0;0
Africa;Libya;;;;Powergeneration;Waste;;Location,fueltype;Fuelconsumption;tCO2e/MWh;2;1.4345724614901;0;0
Africa;Madagascar;;;;Electricity;Electricityusage;;Location;Electricityconsumption;tCO2e/MWh;2;0;0.49761;0
Africa;Madagascar;;;;Powergeneration;Coal;;Location,fueltype;Fuelconsumption;tCO2e/MWh;2;0.936336126312696;0;0
Africa;Madagascar;;;;Powergeneration;Gas;;Location,fueltype;Fuelconsumption;tCO2e/MWh;2;0.463442156712578;0;0
Africa;Madagascar;;;;Powergeneration;Oil;;Location,fueltype;Fuelconsumption;tCO2e/MWh;2;0.809381397776083;0;0
Africa;Madagascar;;;;Powergeneration;Otherfossil;;Location,fueltype;Fuelconsumption;tCO2e/MWh;2;1;0;0
Africa;Madagascar;;;;Powergeneration;Waste;;Location,fueltype;Fuelconsumption;tCO2e/MWh;2;1.4345724614901;0;0
Africa;Malawi;;;;Electricity;Electricityusage;;Location;Electricityconsumption;tCO2e/MWh;2;0;0.1338;0
Africa;Mali;;;;Electricity;Electricityusage;;Location;Electricityconsumption;tCO2e/MWh;2;0;0.46313;0
Africa;Mali;;;;Powergeneration;Coal;;Location,fueltype;Fuelconsumption;tCO2e/MWh;2;0.936336126312696;0;0
Africa;Mali;;;;Powergeneration;Gas;;Location,fueltype;Fuelconsumption;tCO2e/MWh;2;0.463442156712578;0;0
Africa;Mali;;;;Powergeneration;Oil;;Location,fueltype;Fuelconsumption;tCO2e/MWh;2;0.809381397776083;0;0
Africa;Mali;;;;Powergeneration;Otherfossil;;Location,fueltype;Fuelconsumption;tCO2e/MWh;2;1;0;0
Africa;Mali;;;;Powergeneration;Waste;;Location,fueltype;Fuelconsumption;tCO2e/MWh;2;1.4345724614901;0;0
Africa;Mauritania;;;;Electricity;Electricityusage;;Location;Electricityconsumption;tCO2e/MWh;2;0;0.5266;0
Africa;Mauritania;;;;Powergeneration;Coal;;Location,fueltype;Fuelconsumption;tCO2e/MWh;2;0.936336126312696;0;0
Africa;Mauritania;;;;Powergeneration;Gas;;Location,fueltype;Fuelconsumption;tCO2e/MWh;2;0.463442156712578;0;0
Africa;Mauritania;;;;Powergeneration;Oil;;Location,fueltype;Fuelconsumption;tCO2e/MWh;2;0.809381397776083;0;0
Africa;Mauritania;;;;Powergeneration;Otherfossil;;Location,fueltype;Fuelconsumption;tCO2e/MWh;2;1;0;0
Africa;Mauritania;;;;Powergeneration;Waste;;Location,fueltype;Fuelconsumption;tCO2e/MWh;2;1.4345724614901;0;0
Africa;Mauritius;;;;Electricity;Electricityusage;;Location;Electricityconsumption;tCO2e/MWh;2;0;0.63194;0
Africa;Mauritius;;;;Powergeneration;Coal;;Location,fueltype;Fuelconsumption;tCO2e/MWh;2;0.936336126312696;0;0
Africa;Mauritius;;;;Powergeneration;Gas;;Location,fueltype;Fuelconsumption;tCO2e/MWh;2;0.463442156712578;0;0
Africa;Mauritius;;;;Powergeneration;Oil;;Location,fueltype;Fuelconsumption;tCO2e/MWh;2;0.809381397776083;0;0
Africa;Mauritius;;;;Powergeneration;Otherfossil;;Location,fueltype;Fuelconsumption;tCO2e/MWh;2;1;0;0
Africa;Mauritius;;;;Powergeneration;Waste;;Location,fueltype;Fuelconsumption;tCO2e/MWh;2;1.4345724614901;0;0
Africa;Morocco;;;;Powergeneration;Gas;;Location,fueltype;Fuelconsumption;tCO2e/MWh;2;0.463442156712578;0;0
Africa;Morocco;;;;Electricity;Electricityusage;;Location;Electricityconsumption;tCO2e/MWh;2;0;0.70567;0
Africa;Morocco;;;;Powergeneration;Coal;;Location,fueltype;Fuelconsumption;tCO2e/MWh;2;0.936336126312696;0;0
Africa;Morocco;;;;Powergeneration;Oil;;Location,fueltype;Fuelconsumption;tCO2e/MWh;2;0.809381397776083;0;0
Africa;Morocco;;;;Powergeneration;Otherfossil;;Location,fueltype;Fuelconsumption;tCO2e/MWh;2;1;0;0
Africa;Morocco;;;;Powergeneration;Waste;;Location,fueltype;Fuelconsumption;tCO2e/MWh;2;1.4345724614901;0;0
Africa;Mozambique;;;;Electricity;Electricityusage;;Location;Electricityconsumption;tCO2e/MWh;2;0;0.15025;0
Africa;Mozambique;;;;Powergeneration;Coal;;Location,fueltype;Fuelconsumption;tCO2e/MWh;2;0.936336126312696;0;0
Africa;Mozambique;;;;Powergeneration;Gas;;Location,fueltype;Fuelconsumption;tCO2e/MWh;2;0.463442156712578;0;0
Africa;Mozambique;;;;Powergeneration;Oil;;Location,fueltype;Fuelconsumption;tCO2e/MWh;2;0.809381397776083;0;0
Africa;Mozambique;;;;Powergeneration;Otherfossil;;Location,fueltype;Fuelconsumption;tCO2e/MWh;2;1;0;0
Africa;Mozambique;;;;Powergeneration;Waste;;Location,fueltype;Fuelconsumption;tCO2e/MWh;2;1.4345724614901;0;0
Africa;Namibia;;;;Electricity;Electricityusage;;Location;Electricityconsumption;tCO2e/MWh;2;0;0.07006;0
Africa;Namibia;;;;Powergeneration;Coal;;Location,fueltype;Fuelconsumption;tCO2e/MWh;2;0.936336126312696;0;0
Africa;Namibia;;;;Powergeneration;Gas;;Location,fueltype;Fuelconsumption;tCO2e/MWh;2;0.463442156712578;0;0
Africa;Namibia;;;;Powergeneration;Oil;;Location,fueltype;Fuelconsumption;tCO2e/MWh;2;0.809381397776083;0;0
Africa;Namibia;;;;Powergeneration;Otherfossil;;Location,fueltype;Fuelconsumption;tCO2e/MWh;2;1;0;0
Africa;Namibia;;;;Powergeneration;Waste;;Location,fueltype;Fuelconsumption;tCO2e/MWh;2;1.4345724614901;0;0
Africa;Niger;;;;Powergeneration;Coal;;Location,fueltype;Fuelconsumption;tCO2e/MWh;2;0.936336126312696;0;0
Africa;Niger;;;;Powergeneration;Gas;;Location,fueltype;Fuelconsumption;tCO2e/MWh;2;0.463442156712578;0;0
Africa;Niger;;;;Powergeneration;Oil;;Location,fueltype;Fuelconsumption;tCO2e/MWh;2;0.809381397776083;0;0
Africa;Niger;;;;Powergeneration;Otherfossil;;Location,fueltype;Fuelconsumption;tCO2e/MWh;2;1;0;0
Africa;Niger;;;;Powergeneration;Waste;;Location,fueltype;Fuelconsumption;tCO2e/MWh;2;1.4345724614901;0;0
Africa;Niger(the);;;;Electricity;Electricityusage;;Location;Electricityconsumption;tCO2e/MWh;2;0;0.62222;0
Africa;Nigeria;;;;Electricity;Electricityusage;;Location;Electricityconsumption;tCO2e/MWh;2;0;0.48329;0
Africa;Nigeria;;;;Powergeneration;Coal;;Location,fueltype;Fuelconsumption;tCO2e/MWh;2;0.936336126312696;0;0
Africa;Nigeria;;;;Powergeneration;Gas;;Location,fueltype;Fuelconsumption;tCO2e/MWh;2;0.530796134922046;0;0
Africa;Nigeria;;;;Powergeneration;Oil;;Location,fueltype;Fuelconsumption;tCO2e/MWh;2;0.809381397776083;0;0
Africa;Nigeria;;;;Powergeneration;Otherfossil;;Location,fueltype;Fuelconsumption;tCO2e/MWh;2;1;0;0
Africa;Nigeria;;;;Powergeneration;Waste;;Location,fueltype;Fuelconsumption;tCO2e/MWh;2;1.4345724614901;0;0
Africa;Reunion;;;;Electricity;Electricityusage;;Location;Electricityconsumption;tCO2e/MWh;2;0;0.60841;0
Africa;Rwanda;;;;Electricity;Electricityusage;;Location;Electricityconsumption;tCO2e/MWh;2;0;0.29412;0
Africa;Rwanda;;;;Powergeneration;Coal;;Location,fueltype;Fuelconsumption;tCO2e/MWh;2;0.936336126312696;0;0
Africa;Rwanda;;;;Powergeneration;Gas;;Location,fueltype;Fuelconsumption;tCO2e/MWh;2;0.463442156712578;0;0
Africa;Rwanda;;;;Powergeneration;Oil;;Location,fueltype;Fuelconsumption;tCO2e/MWh;2;0.809381397776083;0;0
Africa;Rwanda;;;;Powergeneration;Otherfossil;;Location,fueltype;Fuelconsumption;tCO2e/MWh;2;1;0;0
Africa;Rwanda;;;;Powergeneration;Waste;;Location,fueltype;Fuelconsumption;tCO2e/MWh;2;1.4345724614901;0;0
Africa;SaoTomeandPrincipe;;;;Electricity;Electricityusage;;Location;Electricityconsumption;tCO2e/MWh;2;0;0.6;0
Africa;Senegal;;;;Electricity;Electricityusage;;Location;Electricityconsumption;tCO2e/MWh;2;0;0.68505;0
Africa;Senegal;;;;Powergeneration;Coal;;Location,fueltype;Fuelconsumption;tCO2e/MWh;2;0.936336126312696;0;0
Africa;Senegal;;;;Powergeneration;Gas;;Location,fueltype;Fuelconsumption;tCO2e/MWh;2;0.463442156712578;0;0
Africa;Senegal;;;;Powergeneration;Oil;;Location,fueltype;Fuelconsumption;tCO2e/MWh;2;0.809381397776083;0;0
Africa;Senegal;;;;Powergeneration;Otherfossil;;Location,fueltype;Fuelconsumption;tCO2e/MWh;2;1;0;0
Africa;Senegal;;;;Powergeneration;Waste;;Location,fueltype;Fuelconsumption;tCO2e/MWh;2;1.4345724614901;0;0
Africa;Seychelles;;;;Electricity;Electricityusage;;Location;Electricityconsumption;tCO2e/MWh;2;0;0.61539;0
Africa;SierraLeone;;;;Electricity;Electricityusage;;Location;Electricityconsumption;tCO2e/MWh;2;0;0.04762;0
Africa;SierraLeone;;;;Powergeneration;Coal;;Location,fueltype;Fuelconsumption;tCO2e/MWh;2;0.936336126312696;0;0
Africa;SierraLeone;;;;Powergeneration;Gas;;Location,fueltype;Fuelconsumption;tCO2e/MWh;2;0.463442156712578;0;0
Africa;SierraLeone;;;;Powergeneration;Oil;;Location,fueltype;Fuelconsumption;tCO2e/MWh;2;0.809381397776083;0;0
Africa;SierraLeone;;;;Powergeneration;Otherfossil;;Location,fueltype;Fuelconsumption;tCO2e/MWh;2;1;0;0
Africa;SierraLeone;;;;Powergeneration;Waste;;Location,fueltype;Fuelconsumption;tCO2e/MWh;2;1.4345724614901;0;0
Africa;Somalia;;;;Electricity;Electricityusage;;Location;Electricityconsumption;tCO2e/MWh;2;0;0.63415;0
Africa;SouthAfrica;;;;Electricity;Electricityusage;;Location;Electricityconsumption;tCO2e/MWh;2;0;0.72967;0
Africa;SouthAfrica;;;;Powergeneration;Coal;;Location,fueltype;Fuelconsumption;tCO2e/MWh;2;1.0132241813602;0;0
Africa;SouthAfrica;;;;Powergeneration;Gas;;Location,fueltype;Fuelconsumption;tCO2e/MWh;2;0.463442156712578;0;0
Africa;SouthAfrica;;;;Powergeneration;Oil;;Location,fueltype;Fuelconsumption;tCO2e/MWh;2;0.763948497854077;0;0
Africa;SouthAfrica;;;;Powergeneration;Otherfossil;;Location,fueltype;Fuelconsumption;tCO2e/MWh;2;1;0;0
Africa;SouthAfrica;;;;Powergeneration;Waste;;Location,fueltype;Fuelconsumption;tCO2e/MWh;2;1.4345724614901;0;0
Africa;SouthSudan;;;;Electricity;Electricityusage;;Location;Electricityconsumption;tCO2e/MWh;2;0;0.68421;0
Africa;Sudan;;;;Powergeneration;Coal;;Location,fueltype;Fuelconsumption;tCO2e/MWh;2;0.936336126312696;0;0
Africa;Sudan;;;;Powergeneration;Gas;;Location,fueltype;Fuelconsumption;tCO2e/MWh;2;0.463442156712578;0;0
Africa;Sudan;;;;Powergeneration;Oil;;Location,fueltype;Fuelconsumption;tCO2e/MWh;2;0.810111464968153;0;0
Africa;Sudan;;;;Powergeneration;Otherfossil;;Location,fueltype;Fuelconsumption;tCO2e/MWh;2;1;0;0
Africa;Sudan;;;;Powergeneration;Waste;;Location,fueltype;Fuelconsumption;tCO2e/MWh;2;1.4345724614901;0;0
Africa;Sudan(the);;;;Electricity;Electricityusage;;Location;Electricityconsumption;tCO2e/MWh;2;0;0.28813;0
Africa;Suriname;;;;Powergeneration;Coal;;Location,fueltype;Fuelconsumption;tCO2e/MWh;2;0.936336126312696;0;0
Africa;Suriname;;;;Powergeneration;Gas;;Location,fueltype;Fuelconsumption;tCO2e/MWh;2;0.463442156712578;0;0
Africa;Suriname;;;;Powergeneration;Oil;;Location,fueltype;Fuelconsumption;tCO2e/MWh;2;0.809381397776083;0;0
Africa;Suriname;;;;Powergeneration;Otherfossil;;Location,fueltype;Fuelconsumption;tCO2e/MWh;2;1;0;0
Africa;Suriname;;;;Powergeneration;Waste;;Location,fueltype;Fuelconsumption;tCO2e/MWh;2;1.4345724614901;0;0
Africa;Tanzania;;;;Powergeneration;Coal;;Location,fueltype;Fuelconsumption;tCO2e/MWh;2;0.936336126312696;0;0
Africa;Tanzania;;;;Powergeneration;Gas;;Location,fueltype;Fuelconsumption;tCO2e/MWh;2;0.463442156712578;0;0
Africa;Tanzania;;;;Powergeneration;Oil;;Location,fueltype;Fuelconsumption;tCO2e/MWh;2;0.809381397776083;0;0
Africa;Tanzania;;;;Powergeneration;Otherfossil;;Location,fueltype;Fuelconsumption;tCO2e/MWh;2;1;0;0
Africa;Tanzania;;;;Powergeneration;Waste;;Location,fueltype;Fuelconsumption;tCO2e/MWh;2;1.4345724614901;0;0
Africa;Tanzania,theUnitedRepublicof;;;;Electricity;Electricityusage;;Location;Electricityconsumption;tCO2e/MWh;2;0;0.31368;0
Africa;Togo;;;;Electricity;Electricityusage;;Location;Electricityconsumption;tCO2e/MWh;2;0;0.49206;0
Africa;Togo;;;;Powergeneration;Coal;;Location,fueltype;Fuelconsumption;tCO2e/MWh;2;0.936336126312696;0;0
Africa;Togo;;;;Powergeneration;Gas;;Location,fueltype;Fuelconsumption;tCO2e/MWh;2;0.463442156712578;0;0
Africa;Togo;;;;Powergeneration;Oil;;Location,fueltype;Fuelconsumption;tCO2e/MWh;2;0.809381397776083;0;0
Africa;Togo;;;;Powergeneration;Otherfossil;;Location,fueltype;Fuelconsumption;tCO2e/MWh;2;1;0;0
Africa;Togo;;;;Powergeneration;Waste;;Location,fueltype;Fuelconsumption;tCO2e/MWh;2;1.4345724614901;0;0
Africa;Tunisia;;;;Electricity;Electricityusage;;Location;Electricityconsumption;tCO2e/MWh;2;0;0.56762;0
Africa;Tunisia;;;;Powergeneration;Coal;;Location,fueltype;Fuelconsumption;tCO2e/MWh;2;0.936336126312696;0;0
Africa;Tunisia;;;;Powergeneration;Gas;;Location,fueltype;Fuelconsumption;tCO2e/MWh;2;0.53632504548211;0;0
Africa;Tunisia;;;;Powergeneration;Oil;;Location,fueltype;Fuelconsumption;tCO2e/MWh;2;0.809381397776083;0;0
Africa;Tunisia;;;;Powergeneration;Otherfossil;;Location,fueltype;Fuelconsumption;tCO2e/MWh;2;1;0;0
Africa;Tunisia;;;;Powergeneration;Waste;;Location,fueltype;Fuelconsumption;tCO2e/MWh;2;1.4345724614901;0;0
Africa;Uganda;;;;Electricity;Electricityusage;;Location;Electricityconsumption;tCO2e/MWh;2;0;0.05227;0
Africa;Uganda;;;;Powergeneration;Coal;;Location,fueltype;Fuelconsumption;tCO2e/MWh;2;0.936336126312696;0;0
Africa;Uganda;;;;Powergeneration;Gas;;Location,fueltype;Fuelconsumption;tCO2e/MWh;2;0.463442156712578;0;0
Africa;Uganda;;;;Powergeneration;Oil;;Location,fueltype;Fuelconsumption;tCO2e/MWh;2;0.809381397776083;0;0
Africa;Uganda;;;;Powergeneration;Otherfossil;;Location,fueltype;Fuelconsumption;tCO2e/MWh;2;1;0;0
Africa;Uganda;;;;Powergeneration;Waste;;Location,fueltype;Fuelconsumption;tCO2e/MWh;2;1.4345724614901;0;0
Africa;WesternSahara;;;;Powergeneration;Coal;;Location,fueltype;Fuelconsumption;tCO2e/MWh;2;0.936336126312696;0;0
Africa;WesternSahara;;;;Powergeneration;Gas;;Location,fueltype;Fuelconsumption;tCO2e/MWh;2;0.463442156712578;0;0
Africa;WesternSahara;;;;Powergeneration;Oil;;Location,fueltype;Fuelconsumption;tCO2e/MWh;2;0.809381397776083;0;0
Africa;WesternSahara;;;;Powergeneration;Otherfossil;;Location,fueltype;Fuelconsumption;tCO2e/MWh;2;1;0;0
Africa;WesternSahara;;;;Powergeneration;Waste;;Location,fueltype;Fuelconsumption;tCO2e/MWh;2;1.4345724614901;0;0
Africa;Zambia;;;;Electricity;Electricityusage;;Location;Electricityconsumption;tCO2e/MWh;2;0;0.08639;0
Africa;Zambia;;;;Powergeneration;Coal;;Location,fueltype;Fuelconsumption;tCO2e/MWh;2;0.936336126312696;0;0
Africa;Zambia;;;;Powergeneration;Gas;;Location,fueltype;Fuelconsumption;tCO2e/MWh;2;0.463442156712578;0;0
Africa;Zambia;;;;Powergeneration;Oil;;Location,fueltype;Fuelconsumption;tCO2e/MWh;2;0.69017094017094;0;0
Africa;Zambia;;;;Powergeneration;Otherfossil;;Location,fueltype;Fuelconsumption;tCO2e/MWh;2;1;0;0
Africa;Zambia;;;;Powergeneration;Waste;;Location,fueltype;Fuelconsumption;tCO2e/MWh;2;1.4345724614901;0;0
Africa;Zimbabwe;;;;Electricity;Electricityusage;;Location;Electricityconsumption;tCO2e/MWh;2;0;0.43338;0
Africa;Zimbabwe;;;;Powergeneration;Coal;;Location,fueltype;Fuelconsumption;tCO2e/MWh;2;0.936336126312696;0;0
Africa;Zimbabwe;;;;Powergeneration;Gas;;Location,fueltype;Fuelconsumption;tCO2e/MWh;2;0.463442156712578;0;0
Africa;Zimbabwe;;;;Powergeneration;Oil;;Location,fueltype;Fuelconsumption;tCO2e/MWh;2;0.809381397776083;0;0
Africa;Zimbabwe;;;;Powergeneration;Otherfossil;;Location,fueltype;Fuelconsumption;tCO2e/MWh;2;1;0;0
Africa;Zimbabwe;;;;Powergeneration;Waste;;Location,fueltype;Fuelconsumption;tCO2e/MWh;2;1.4345724614901;0;0
Africa;;;;;Electricity;Electricityusage;;Location;Electricityconsumption;tCO2e/MWh;2;0;0.569;0
ASEAN;;;;;Electricity;Electricityusage;;Location;Electricityconsumption;tCO2e/MWh;2;0;0.56369;0
Asia;;;;;Electricity;Electricityusage;;Location;Electricityconsumption;tCO2e/MWh;2;0;0.59137;0
Asia-Pacific;Afghanistan;;;;Electricity;Electricityusage;;Location;Electricityconsumption;tCO2e/MWh;2;0;0.12048;0
Asia-Pacific;AmericanSamoa;;;;Electricity;Electricityusage;;Location;Electricityconsumption;tCO2e/MWh;2;0;0.6875;0
Asia-Pacific;Armenia;;;;Electricity;Electricityusage;;Location;Electricityconsumption;tCO2e/MWh;2;0;0.28006;0
Asia-Pacific;Australia;;;;Powergeneration;Gas;;Location,fueltype;Fuelconsumption;tCO2e/MWh;2;0.564612385665017;0;0
Asia-Pacific;Australia;;;;Electricity;Electricityusage;;Location;Electricityconsumption;tCO2e/MWh;2;0;0.57035;0
Asia-Pacific;Australia;;;;Powergeneration;Coal;;Location,fueltype;Fuelconsumption;tCO2e/MWh;2;0.986339790611587;0;0
Asia-Pacific;Australia;;;;Powergeneration;Oil;;Location,fueltype;Fuelconsumption;tCO2e/MWh;2;0.688906752411576;0;0
Asia-Pacific;Australia;;;;Powergeneration;Otherfossil;;Location,fueltype;Fuelconsumption;tCO2e/MWh;2;1;0;0
Asia-Pacific;Australia;;;;Powergeneration;Waste;;Location,fueltype;Fuelconsumption;tCO2e/MWh;2;1.4345724614901;0;0
Asia-Pacific;Azerbaijan;;;;Electricity;Electricityusage;;Location;Electricityconsumption;tCO2e/MWh;2;0;0.71939;0
Asia-Pacific;Bangladesh;;;;Powergeneration;Gas;;Location,fueltype;Fuelconsumption;tCO2e/MWh;2;0.601089706168515;0;0
Asia-Pacific;Bangladesh;;;;Electricity;Electricityusage;;Location;Electricityconsumption;tCO2e/MWh;2;0;0.67738;0
Asia-Pacific;Bangladesh;;;;Powergeneration;Coal;;Location,fueltype;Fuelconsumption;tCO2e/MWh;2;0.936336126312696;0;0
Asia-Pacific;Bangladesh;;;;Powergeneration;Oil;;Location,fueltype;Fuelconsumption;tCO2e/MWh;2;0.374545754872811;0;0
Asia-Pacific;Bangladesh;;;;Powergeneration;Otherfossil;;Location,fueltype;Fuelconsumption;tCO2e/MWh;2;1;0;0
Asia-Pacific;Bangladesh;;;;Powergeneration;Waste;;Location,fueltype;Fuelconsumption;tCO2e/MWh;2;1.4345724614901;0;0
Asia-Pacific;Bhutan;;;;Electricity;Electricityusage;;Location;Electricityconsumption;tCO2e/MWh;2;0;0.02444;0
Asia-Pacific;BruneiDarussalam;;;;Powergeneration;Gas;;Location,fueltype;Fuelconsumption;tCO2e/MWh;2;0.463442156712578;0;0
Asia-Pacific;BruneiDarussalam;;;;Electricity;Electricityusage;;Location;Electricityconsumption;tCO2e/MWh;2;0;0.96154;0
Asia-Pacific;BruneiDarussalam;;;;Powergeneration;Coal;;Location,fueltype;Fuelconsumption;tCO2e/MWh;2;0.936336126312696;0;0
Asia-Pacific;BruneiDarussalam;;;;Powergeneration;Oil;;Location,fueltype;Fuelconsumption;tCO2e/MWh;2;0.809381397776083;0;0
Asia-Pacific;BruneiDarussalam;;;;Powergeneration;Otherfossil;;Location,fueltype;Fuelconsumption;tCO2e/MWh;2;1;0;0
Asia-Pacific;BruneiDarussalam;;;;Powergeneration;Waste;;Location,fueltype;Fuelconsumption;tCO2e/MWh;2;1.4345724614901;0;0
Asia-Pacific;Cambodia;;;;Electricity;Electricityusage;;Location;Electricityconsumption;tCO2e/MWh;2;0;0.43613;0
Asia-Pacific;Cambodia;;;;Powergeneration;Coal;;Location,fueltype;Fuelconsumption;tCO2e/MWh;2;0.936336126312696;0;0
Asia-Pacific;Cambodia;;;;Powergeneration;Gas;;Location,fueltype;Fuelconsumption;tCO2e/MWh;2;0.463442156712578;0;0
Asia-Pacific;Cambodia;;;;Powergeneration;Oil;;Location,fueltype;Fuelconsumption;tCO2e/MWh;2;0.809381397776083;0;0
Asia-Pacific;Cambodia;;;;Powergeneration;Otherfossil;;Location,fueltype;Fuelconsumption;tCO2e/MWh;2;1;0;0
Asia-Pacific;Cambodia;;;;Powergeneration;Waste;;Location,fueltype;Fuelconsumption;tCO2e/MWh;2;1.4345724614901;0;0
Asia-Pacific;China;;;;Electricity;Electricityusage;;Location;Electricityconsumption;tCO2e/MWh;2;0;0.58582;0
Asia-Pacific;China;;;;Powergeneration;Coal;;Location,fueltype;Fuelconsumption;tCO2e/MWh;2;0.89738308386569;0;0
Asia-Pacific;China;;;;Powergeneration;Gas;;Location,fueltype;Fuelconsumption;tCO2e/MWh;2;0.364582976537078;0;0
Asia-Pacific;China;;;;Powergeneration;Oil;;Location,fueltype;Fuelconsumption;tCO2e/MWh;2;0.809381397776083;0;0
Asia-Pacific;China;;;;Powergeneration;Otherfossil;;Location,fueltype;Fuelconsumption;tCO2e/MWh;2;1;0;0
Asia-Pacific;China;;;;Powergeneration;Waste;;Location,fueltype;Fuelconsumption;tCO2e/MWh;2;1.4345724614901;0;0
Asia-Pacific;CookIslands(the);;;;Electricity;Electricityusage;;Location;Electricityconsumption;tCO2e/MWh;2;0;0.4;0
Asia-Pacific;Fiji;;;;Electricity;Electricityusage;;Location;Electricityconsumption;tCO2e/MWh;2;0;0.28947;0
Asia-Pacific;Fiji;;;;Powergeneration;Coal;;Location,fueltype;Fuelconsumption;tCO2e/MWh;2;0.936336126312696;0;0
Asia-Pacific;Fiji;;;;Powergeneration;Gas;;Location,fueltype;Fuelconsumption;tCO2e/MWh;2;0.463442156712578;0;0
Asia-Pacific;Fiji;;;;Powergeneration;Oil;;Location,fueltype;Fuelconsumption;tCO2e/MWh;2;0.809381397776083;0;0
Asia-Pacific;Fiji;;;;Powergeneration;Otherfossil;;Location,fueltype;Fuelconsumption;tCO2e/MWh;2;1;0;0
Asia-Pacific;Fiji;;;;Powergeneration;Waste;;Location,fueltype;Fuelconsumption;tCO2e/MWh;2;1.4345724614901;0;0
Asia-Pacific;FrenchPolynesia;;;;Electricity;Electricityusage;;Location;Electricityconsumption;tCO2e/MWh;2;0;0.47143;0
Asia-Pacific;Georgia;;;;Electricity;Electricityusage;;Location;Electricityconsumption;tCO2e/MWh;2;0;0.17697;0
Asia-Pacific;Guam;;;;Electricity;Electricityusage;;Location;Electricityconsumption;tCO2e/MWh;2;0;0.67033;0
Asia-Pacific;HongKong;;;;Electricity;Electricityusage;;Location;Electricityconsumption;tCO2e/MWh;2;0;0.73305;0
Asia-Pacific;India;;;;Electricity;Electricityusage;;Location;Electricityconsumption;tCO2e/MWh;2;0;0.70513;0
Asia-Pacific;India;;;;Powergeneration;Coal;;Location,fueltype;Fuelconsumption;tCO2e/MWh;2;0.937173242958926;0;0
Asia-Pacific;India;;;;Powergeneration;Gas;;Location,fueltype;Fuelconsumption;tCO2e/MWh;2;0.456727030329963;0;0
Asia-Pacific;India;;;;Powergeneration;Oil;;Location,fueltype;Fuelconsumption;tCO2e/MWh;2;0.974358974358974;0;0
Asia-Pacific;India;;;;Powergeneration;Otherfossil;;Location,fueltype;Fuelconsumption;tCO2e/MWh;2;1;0;0
Asia-Pacific;India;;;;Powergeneration;Waste;;Location,fueltype;Fuelconsumption;tCO2e/MWh;2;1.4345724614901;0;0
Asia-Pacific;Indonesia;;;;Electricity;Electricityusage;;Location;Electricityconsumption;tCO2e/MWh;2;0;0.67593;0
Asia-Pacific;Indonesia;;;;Powergeneration;Coal;;Location,fueltype;Fuelconsumption;tCO2e/MWh;2;0.995690988895128;0;0
Asia-Pacific;Indonesia;;;;Powergeneration;Gas;;Location,fueltype;Fuelconsumption;tCO2e/MWh;2;0.568685244730261;0;0
Asia-Pacific;Indonesia;;;;Powergeneration;Oil;;Location,fueltype;Fuelconsumption;tCO2e/MWh;2;0.770083102493075;0;0
Asia-Pacific;Indonesia;;;;Powergeneration;Otherfossil;;Location,fueltype;Fuelconsumption;tCO2e/MWh;2;1;0;0
Asia-Pacific;Indonesia;;;;Powergeneration;Waste;;Location,fueltype;Fuelconsumption;tCO2e/MWh;2;1.4345724614901;0;0
Asia-Pacific;Japan;;;;Electricity;Electricityusage;;Location;Electricityconsumption;tCO2e/MWh;2;0;0.51281;0
Asia-Pacific;Japan;;;;Powergeneration;Coal;;Location,fueltype;Fuelconsumption;tCO2e/MWh;2;0.950053167649463;0;0
Asia-Pacific;Japan;;;;Powergeneration;Gas;;Location,fueltype;Fuelconsumption;tCO2e/MWh;2;0.440252446245355;0;0
Asia-Pacific;Japan;;;;Powergeneration;Oil;;Location,fueltype;Fuelconsumption;tCO2e/MWh;2;0.652808746313745;0;0
Asia-Pacific;Japan;;;;Powergeneration;Otherfossil;;Location,fueltype;Fuelconsumption;tCO2e/MWh;2;1;0;0
Asia-Pacific;Japan;;;;Powergeneration;Waste;;Location,fueltype;Fuelconsumption;tCO2e/MWh;2;1.4345724614901;0;0
Asia-Pacific;Kazakhstan;;;;Electricity;Electricityusage;;Location;Electricityconsumption;tCO2e/MWh;2;0;0.83041;0
Asia-Pacific;Kazakhstan;;;;Powergeneration;Coal;;Location,fueltype;Fuelconsumption;tCO2e/MWh;2;0.690307765808251;0;0
Asia-Pacific;Kazakhstan;;;;Powergeneration;Gas;;Location,fueltype;Fuelconsumption;tCO2e/MWh;2;0.692562481180367;0;0
Asia-Pacific;Kazakhstan;;;;Powergeneration;Oil;;Location,fueltype;Fuelconsumption;tCO2e/MWh;2;0.809381397776083;0;0
Asia-Pacific;Kazakhstan;;;;Powergeneration;Otherfossil;;Location,fueltype;Fuelconsumption;tCO2e/MWh;2;1;0;0
Asia-Pacific;Kazakhstan;;;;Powergeneration;Waste;;Location,fueltype;Fuelconsumption;tCO2e/MWh;2;1.4345724614901;0;0
Asia-Pacific;Kiribati;;;;Electricity;Electricityusage;;Location;Electricityconsumption;tCO2e/MWh;2;0;0.66667;0
Asia-Pacific;Korea(theDemocraticPeople'sRepublicof);;;;Electricity;Electricityusage;;Location;Electricityconsumption;tCO2e/MWh;2;0;0.18201;0
Asia-Pacific;Kyrgyzstan;;;;Electricity;Electricityusage;;Location;Electricityconsumption;tCO2e/MWh;2;0;0.12448;0
Asia-Pacific;Kyrgyzstan;;;;Powergeneration;Coal;;Location,fueltype;Fuelconsumption;tCO2e/MWh;2;0.936336126312696;0;0
Asia-Pacific;Kyrgyzstan;;;;Powergeneration;Gas;;Location,fueltype;Fuelconsumption;tCO2e/MWh;2;0.463442156712578;0;0
Asia-Pacific;Kyrgyzstan;;;;Powergeneration;Oil;;Location,fueltype;Fuelconsumption;tCO2e/MWh;2;0.809381397776083;0;0
Asia-Pacific;Kyrgyzstan;;;;Powergeneration;Otherfossil;;Location,fueltype;Fuelconsumption;tCO2e/MWh;2;1;0;0
Asia-Pacific;Kyrgyzstan;;;;Powergeneration;Waste;;Location,fueltype;Fuelconsumption;tCO2e/MWh;2;1.4345724614901;0;0
Asia-Pacific;LaoPeople'sDemocraticRepublic(the);;;;Electricity;Electricityusage;;Location;Electricityconsumption;tCO2e/MWh;2;0;0.28421;0
Asia-Pacific;Laos;;;;Powergeneration;Coal;;Location,fueltype;Fuelconsumption;tCO2e/MWh;2;0.936336126312696;0;0
Asia-Pacific;Laos;;;;Powergeneration;Gas;;Location,fueltype;Fuelconsumption;tCO2e/MWh;2;0.463442156712578;0;0
Asia-Pacific;Laos;;;;Powergeneration;Oil;;Location,fueltype;Fuelconsumption;tCO2e/MWh;2;0.809381397776083;0;0
Asia-Pacific;Laos;;;;Powergeneration;Otherfossil;;Location,fueltype;Fuelconsumption;tCO2e/MWh;2;1;0;0
Asia-Pacific;Laos;;;;Powergeneration;Waste;;Location,fueltype;Fuelconsumption;tCO2e/MWh;2;1.4345724614901;0;0
Asia-Pacific;Macao;;;;Electricity;Electricityusage;;Location;Electricityconsumption;tCO2e/MWh;2;0;0.62712;0
Asia-Pacific;Malaysia;;;;Electricity;Electricityusage;;Location;Electricityconsumption;tCO2e/MWh;2;0;0.60583;0
Asia-Pacific;Malaysia;;;;Powergeneration;Coal;;Location,fueltype;Fuelconsumption;tCO2e/MWh;2;0.999195519193698;0;0
Asia-Pacific;Malaysia;;;;Powergeneration;Gas;;Location,fueltype;Fuelconsumption;tCO2e/MWh;2;0.472998876330227;0;0
Asia-Pacific;Malaysia;;;;Powergeneration;Oil;;Location,fueltype;Fuelconsumption;tCO2e/MWh;2;0.809381397776083;0;0
Asia-Pacific;Malaysia;;;;Powergeneration;Otherfossil;;Location,fueltype;Fuelconsumption;tCO2e/MWh;2;1;0;0
Asia-Pacific;Malaysia;;;;Powergeneration;Waste;;Location,fueltype;Fuelconsumption;tCO2e/MWh;2;1.4345724614901;0;0
Asia-Pacific;Maldives;;;;Electricity;Electricityusage;;Location;Electricityconsumption;tCO2e/MWh;2;0;0.65152;0
Asia-Pacific;Mongolia;;;;Electricity;Electricityusage;;Location;Electricityconsumption;tCO2e/MWh;2;0;0.85282;0
Asia-Pacific;Mongolia;;;;Powergeneration;Coal;;Location,fueltype;Fuelconsumption;tCO2e/MWh;2;0.936336126312696;0;0
Asia-Pacific;Mongolia;;;;Powergeneration;Gas;;Location,fueltype;Fuelconsumption;tCO2e/MWh;2;0.463442156712578;0;0
Asia-Pacific;Mongolia;;;;Powergeneration;Oil;;Location,fueltype;Fuelconsumption;tCO2e/MWh;2;0.809381397776083;0;0
Asia-Pacific;Mongolia;;;;Powergeneration;Otherfossil;;Location,fueltype;Fuelconsumption;tCO2e/MWh;2;1;0;0
Asia-Pacific;Mongolia;;;;Powergeneration;Waste;;Location,fueltype;Fuelconsumption;tCO2e/MWh;2;1.4345724614901;0;0
Asia-Pacific;Myanmar;;;;Electricity;Electricityusage;;Location;Electricityconsumption;tCO2e/MWh;2;0;0.57577;0
Asia-Pacific;Myanmar;;;;Powergeneration;Coal;;Location,fueltype;Fuelconsumption;tCO2e/MWh;2;0.936336126312696;0;0
Asia-Pacific;Myanmar;;;;Powergeneration;Gas;;Location,fueltype;Fuelconsumption;tCO2e/MWh;2;0.804006677796327;0;0
Asia-Pacific;Myanmar;;;;Powergeneration;Oil;;Location,fueltype;Fuelconsumption;tCO2e/MWh;2;0.809381397776083;0;0
Asia-Pacific;Myanmar;;;;Powergeneration;Otherfossil;;Location,fueltype;Fuelconsumption;tCO2e/MWh;2;1;0;0
Asia-Pacific;Myanmar;;;;Powergeneration;Waste;;Location,fueltype;Fuelconsumption;tCO2e/MWh;2;1.4345724614901;0;0
Asia-Pacific;Nauru;;;;Electricity;Electricityusage;;Location;Electricityconsumption;tCO2e/MWh;2;0;0.75;0
Asia-Pacific;Nepal;;;;Electricity;Electricityusage;;Location;Electricityconsumption;tCO2e/MWh;2;0;0.02343;0
Asia-Pacific;NewCaledonia;;;;Electricity;Electricityusage;;Location;Electricityconsumption;tCO2e/MWh;2;0;0.61012;0
Asia-Pacific;NewZealand;;;;Electricity;Electricityusage;;Location;Electricityconsumption;tCO2e/MWh;2;0;0.11327;0
Asia-Pacific;NewZealand;;;;Powergeneration;Coal;;Location,fueltype;Fuelconsumption;tCO2e/MWh;2;0.936336126312696;0;0
Asia-Pacific;NewZealand;;;;Powergeneration;Gas;;Location,fueltype;Fuelconsumption;tCO2e/MWh;2;0.463442156712578;0;0
Asia-Pacific;NewZealand;;;;Powergeneration;Oil;;Location,fueltype;Fuelconsumption;tCO2e/MWh;2;0.809381397776083;0;0
Asia-Pacific;NewZealand;;;;Powergeneration;Otherfossil;;Location,fueltype;Fuelconsumption;tCO2e/MWh;2;1;0;0
Asia-Pacific;NewZealand;;;;Powergeneration;Waste;;Location,fueltype;Fuelconsumption;tCO2e/MWh;2;1.4345724614901;0;0
Asia-Pacific;NorthKorea;;;;Powergeneration;Coal;;Location,fueltype;Fuelconsumption;tCO2e/MWh;2;0.865859338612017;0;0
Asia-Pacific;NorthKorea;;;;Powergeneration;Gas;;Location,fueltype;Fuelconsumption;tCO2e/MWh;2;0.463442156712578;0;0
Asia-Pacific;NorthKorea;;;;Powergeneration;Oil;;Location,fueltype;Fuelconsumption;tCO2e/MWh;2;0.809381397776083;0;0
Asia-Pacific;NorthKorea;;;;Powergeneration;Otherfossil;;Location,fueltype;Fuelconsumption;tCO2e/MWh;2;1;0;0
Asia-Pacific;NorthKorea;;;;Powergeneration;Waste;;Location,fueltype;Fuelconsumption;tCO2e/MWh;2;1.4345724614901;0;0
Asia-Pacific;Pakistan;;;;Electricity;Electricityusage;;Location;Electricityconsumption;tCO2e/MWh;2;0;0.43589;0
Asia-Pacific;Pakistan;;;;Powergeneration;Coal;;Location,fueltype;Fuelconsumption;tCO2e/MWh;2;2.43152748945289;0;0
Asia-Pacific;Pakistan;;;;Powergeneration;Gas;;Location,fueltype;Fuelconsumption;tCO2e/MWh;2;0.463442156712578;0;0
Asia-Pacific;Pakistan;;;;Powergeneration;Oil;;Location,fueltype;Fuelconsumption;tCO2e/MWh;2;0.703039927404719;0;0
Asia-Pacific;Pakistan;;;;Powergeneration;Otherfossil;;Location,fueltype;Fuelconsumption;tCO2e/MWh;2;1;0;0
Asia-Pacific;Pakistan;;;;Powergeneration;Waste;;Location,fueltype;Fuelconsumption;tCO2e/MWh;2;1.4345724614901;0;0
Asia-Pacific;PapuaNewGuinea;;;;Electricity;Electricityusage;;Location;Electricityconsumption;tCO2e/MWh;2;0;0.52675;0
Asia-Pacific;PapuaNewGuinea;;;;Powergeneration;Coal;;Location,fueltype;Fuelconsumption;tCO2e/MWh;2;0.936336126312696;0;0
Asia-Pacific;PapuaNewGuinea;;;;Powergeneration;Gas;;Location,fueltype;Fuelconsumption;tCO2e/MWh;2;0.463442156712578;0;0
Asia-Pacific;PapuaNewGuinea;;;;Powergeneration;Oil;;Location,fueltype;Fuelconsumption;tCO2e/MWh;2;0.809381397776083;0;0
Asia-Pacific;PapuaNewGuinea;;;;Powergeneration;Otherfossil;;Location,fueltype;Fuelconsumption;tCO2e/MWh;2;1;0;0
Asia-Pacific;PapuaNewGuinea;;;;Powergeneration;Waste;;Location,fueltype;Fuelconsumption;tCO2e/MWh;2;1.4345724614901;0;0
Asia-Pacific;Philippines;;;;Powergeneration;Coal;;Location,fueltype;Fuelconsumption;tCO2e/MWh;2;1.07293135758583;0;0
Asia-Pacific;Philippines;;;;Powergeneration;Gas;;Location,fueltype;Fuelconsumption;tCO2e/MWh;2;0.463442156712578;0;0
Asia-Pacific;Philippines;;;;Powergeneration;Oil;;Location,fueltype;Fuelconsumption;tCO2e/MWh;2;0.771344758375791;0;0
Asia-Pacific;Philippines;;;;Powergeneration;Otherfossil;;Location,fueltype;Fuelconsumption;tCO2e/MWh;2;1;0;0
Asia-Pacific;Philippines;;;;Powergeneration;Waste;;Location,fueltype;Fuelconsumption;tCO2e/MWh;2;1.4345724614901;0;0
Asia-Pacific;Philippines(the);;;;Electricity;Electricityusage;;Location;Electricityconsumption;tCO2e/MWh;2;0;0.64196;0
Asia-Pacific;Russia;;;;Powergeneration;Coal;;Location,fueltype;Fuelconsumption;tCO2e/MWh;2;1.22149078562823;0;0
Asia-Pacific;Russia;;;;Powergeneration;Gas;;Location,fueltype;Fuelconsumption;tCO2e/MWh;2;0.694879754525288;0;0
Asia-Pacific;Russia;;;;Powergeneration;Oil;;Location,fueltype;Fuelconsumption;tCO2e/MWh;2;0.916235780765253;0;0
Asia-Pacific;Russia;;;;Powergeneration;Otherfossil;;Location,fueltype;Fuelconsumption;tCO2e/MWh;2;1;0;0
Asia-Pacific;Russia;;;;Powergeneration;Waste;;Location,fueltype;Fuelconsumption;tCO2e/MWh;2;1.4345724614901;0;0
Asia-Pacific;RussianFederation(the);;;;Electricity;Electricityusage;;Location;Electricityconsumption;tCO2e/MWh;2;0;0.43628;0
Asia-Pacific;Samoa;;;;Electricity;Electricityusage;;Location;Electricityconsumption;tCO2e/MWh;2;0;0.47059;0
Asia-Pacific;Singapore;;;;Electricity;Electricityusage;;Location;Electricityconsumption;tCO2e/MWh;2;0;0.51528;0
Asia-Pacific;Singapore;;;;Powergeneration;Coal;;Location,fueltype;Fuelconsumption;tCO2e/MWh;2;0.936336126312696;0;0
Asia-Pacific;Singapore;;;;Powergeneration;Gas;;Location,fueltype;Fuelconsumption;tCO2e/MWh;2;0.463442156712578;0;0
Asia-Pacific;Singapore;;;;Powergeneration;Oil;;Location,fueltype;Fuelconsumption;tCO2e/MWh;2;0.809381397776083;0;0
Asia-Pacific;Singapore;;;;Powergeneration;Otherfossil;;Location,fueltype;Fuelconsumption;tCO2e/MWh;2;1;0;0
Asia-Pacific;Singapore;;;;Powergeneration;Waste;;Location,fueltype;Fuelconsumption;tCO2e/MWh;2;1.4345724614901;0;0
Asia-Pacific;SolomonIslands;;;;Electricity;Electricityusage;;Location;Electricityconsumption;tCO2e/MWh;2;0;0.72727;0
Asia-Pacific;SouthKorea;;;;Electricity;Electricityusage;;Location;Electricityconsumption;tCO2e/MWh;2;0;0.44165;0
Asia-Pacific;SouthKorea;;;;Powergeneration;Coal;;Location,fueltype;Fuelconsumption;tCO2e/MWh;2;0.988677841582777;0;0
Asia-Pacific;SouthKorea;;;;Powergeneration;Gas;;Location,fueltype;Fuelconsumption;tCO2e/MWh;2;0.462142836123944;0;0
Asia-Pacific;SouthKorea;;;;Powergeneration;Oil;;Location,fueltype;Fuelconsumption;tCO2e/MWh;2;0.809381397776083;0;0
Asia-Pacific;SouthKorea;;;;Powergeneration;Otherfossil;;Location,fueltype;Fuelconsumption;tCO2e/MWh;2;1;0;0
Asia-Pacific;SouthKorea;;;;Powergeneration;Waste;;Location,fueltype;Fuelconsumption;tCO2e/MWh;2;1.4345724614901;0;0
Asia-Pacific;SriLanka;;;;Electricity;Electricityusage;;Location;Electricityconsumption;tCO2e/MWh;2;0;0.54312;0
Asia-Pacific;SriLanka;;;;Powergeneration;Coal;;Location,fueltype;Fuelconsumption;tCO2e/MWh;2;0.936336126312696;0;0
Asia-Pacific;SriLanka;;;;Powergeneration;Gas;;Location,fueltype;Fuelconsumption;tCO2e/MWh;2;0.463442156712578;0;0
Asia-Pacific;SriLanka;;;;Powergeneration;Oil;;Location,fueltype;Fuelconsumption;tCO2e/MWh;2;0.809381397776083;0;0
Asia-Pacific;SriLanka;;;;Powergeneration;Otherfossil;;Location,fueltype;Fuelconsumption;tCO2e/MWh;2;1;0;0
Asia-Pacific;SriLanka;;;;Powergeneration;Waste;;Location,fueltype;Fuelconsumption;tCO2e/MWh;2;1.4345724614901;0;0
Asia-Pacific;Taiwan,China;;;;Electricity;Electricityusage;;Location;Electricityconsumption;tCO2e/MWh;2;0;0.63953;0
Asia-Pacific;Taiwan,China;;;;Powergeneration;Coal;;Location,fueltype;Fuelconsumption;tCO2e/MWh;2;0.91612924133908;0;0
Asia-Pacific;Taiwan,China;;;;Powergeneration;Gas;;Location,fueltype;Fuelconsumption;tCO2e/MWh;2;0.463442156712578;0;0
Asia-Pacific;Taiwan,China;;;;Powergeneration;Oil;;Location,fueltype;Fuelconsumption;tCO2e/MWh;2;0.793324775353017;0;0
Asia-Pacific;Taiwan,China;;;;Powergeneration;Otherfossil;;Location,fueltype;Fuelconsumption;tCO2e/MWh;2;1;0;0
Asia-Pacific;Taiwan,China;;;;Powergeneration;Waste;;Location,fueltype;Fuelconsumption;tCO2e/MWh;2;1.4345724614901;0;0
Asia-Pacific;Tajikistan;;;;Electricity;Electricityusage;;Location;Electricityconsumption;tCO2e/MWh;2;0;0.09934;0
Asia-Pacific;Tajikistan;;;;Powergeneration;Coal;;Location,fueltype;Fuelconsumption;tCO2e/MWh;2;0.936336126312696;0;0
Asia-Pacific;Tajikistan;;;;Powergeneration;Gas;;Location,fueltype;Fuelconsumption;tCO2e/MWh;2;0.463442156712578;0;0
Asia-Pacific;Tajikistan;;;;Powergeneration;Oil;;Location,fueltype;Fuelconsumption;tCO2e/MWh;2;0.809381397776083;0;0
Asia-Pacific;Tajikistan;;;;Powergeneration;Otherfossil;;Location,fueltype;Fuelconsumption;tCO2e/MWh;2;1;0;0
Asia-Pacific;Tajikistan;;;;Powergeneration;Waste;;Location,fueltype;Fuelconsumption;tCO2e/MWh;2;1.4345724614901;0;0
Asia-Pacific;Thailand;;;;Electricity;Electricityusage;;Location;Electricityconsumption;tCO2e/MWh;2;0;0.56074;0
Asia-Pacific;Thailand;;;;Powergeneration;Coal;;Location,fueltype;Fuelconsumption;tCO2e/MWh;2;1.02619625655885;0;0
Asia-Pacific;Thailand;;;;Powergeneration;Gas;;Location,fueltype;Fuelconsumption;tCO2e/MWh;2;0.442038113038885;0;0
Asia-Pacific;Thailand;;;;Powergeneration;Oil;;Location,fueltype;Fuelconsumption;tCO2e/MWh;2;0.809381397776083;0;0
Asia-Pacific;Thailand;;;;Powergeneration;Otherfossil;;Location,fueltype;Fuelconsumption;tCO2e/MWh;2;1;0;0
Asia-Pacific;Thailand;;;;Powergeneration;Waste;;Location,fueltype;Fuelconsumption;tCO2e/MWh;2;1.4345724614901;0;0
Asia-Pacific;Timor-Leste;;;;Electricity;Electricityusage;;Location;Electricityconsumption;tCO2e/MWh;2;0;0.69811;0
Asia-Pacific;Tonga;;;;Electricity;Electricityusage;;Location;Electricityconsumption;tCO2e/MWh;2;0;0.625;0
Asia-Pacific;Turkmenistan;;;;Electricity;Electricityusage;;Location;Electricityconsumption;tCO2e/MWh;2;0;1.30636;0
Asia-Pacific;Turkmenistan;;;;Powergeneration;Coal;;Location,fueltype;Fuelconsumption;tCO2e/MWh;2;0.936336126312696;0;0
Asia-Pacific;Turkmenistan;;;;Powergeneration;Gas;;Location,fueltype;Fuelconsumption;tCO2e/MWh;2;1.01905531816607;0;0
Asia-Pacific;Turkmenistan;;;;Powergeneration;Oil;;Location,fueltype;Fuelconsumption;tCO2e/MWh;2;0.809381397776083;0;0
Asia-Pacific;Turkmenistan;;;;Powergeneration;Otherfossil;;Location,fueltype;Fuelconsumption;tCO2e/MWh;2;1;0;0
Asia-Pacific;Turkmenistan;;;;Powergeneration;Waste;;Location,fueltype;Fuelconsumption;tCO2e/MWh;2;1.4345724614901;0;0
Asia-Pacific;Uzbekistan;;;;Electricity;Electricityusage;;Location;Electricityconsumption;tCO2e/MWh;2;0;1.17669;0
Asia-Pacific;Uzbekistan;;;;Powergeneration;Coal;;Location,fueltype;Fuelconsumption;tCO2e/MWh;2;0.936336126312696;0;0
Asia-Pacific;Uzbekistan;;;;Powergeneration;Gas;;Location,fueltype;Fuelconsumption;tCO2e/MWh;2;0.463442156712578;0;0
Asia-Pacific;Uzbekistan;;;;Powergeneration;Oil;;Location,fueltype;Fuelconsumption;tCO2e/MWh;2;0.809381397776083;0;0
Asia-Pacific;Uzbekistan;;;;Powergeneration;Otherfossil;;Location,fueltype;Fuelconsumption;tCO2e/MWh;2;1;0;0
Asia-Pacific;Uzbekistan;;;;Powergeneration;Waste;;Location,fueltype;Fuelconsumption;tCO2e/MWh;2;1.4345724614901;0;0
Asia-Pacific;Vanuatu;;;;Electricity;Electricityusage;;Location;Electricityconsumption;tCO2e/MWh;2;0;0.57143;0
Asia-Pacific;VietNam;;;;Electricity;Electricityusage;;Location;Electricityconsumption;tCO2e/MWh;2;0;0.4098;0
Asia-Pacific;Vietnam;;;;Powergeneration;Coal;;Location,fueltype;Fuelconsumption;tCO2e/MWh;2;0.872814480792955;0;0
Asia-Pacific;Vietnam;;;;Powergeneration;Gas;;Location,fueltype;Fuelconsumption;tCO2e/MWh;2;0.463442156712578;0;0
Asia-Pacific;Vietnam;;;;Powergeneration;Oil;;Location,fueltype;Fuelconsumption;tCO2e/MWh;2;0.809381397776083;0;0
Asia-Pacific;Vietnam;;;;Powergeneration;Otherfossil;;Location,fueltype;Fuelconsumption;tCO2e/MWh;2;1;0;0
Asia-Pacific;Vietnam;;;;Powergeneration;Waste;;Location,fueltype;Fuelconsumption;tCO2e/MWh;2;1.4345724614901;0;0
EU;;;;;Electricity;Electricityusage;;Location;Electricityconsumption;tCO2e/MWh;2;0;0.29185;0
Europe;Armenia;;;;Powergeneration;Gas;;Location,fueltype;Fuelconsumption;tCO2e/MWh;2;0.463442156712578;0;0
Europe;Armenia;;;;Powergeneration;Coal;;Location,fueltype;Fuelconsumption;tCO2e/MWh;2;0.936336126312696;0;0
Europe;Armenia;;;;Powergeneration;Oil;;Location,fueltype;Fuelconsumption;tCO2e/MWh;2;0.809381397776083;0;0
Europe;Armenia;;;;Powergeneration;Otherfossil;;Location,fueltype;Fuelconsumption;tCO2e/MWh;2;1;0;0
Europe;Armenia;;;;Powergeneration;Waste;;Location,fueltype;Fuelconsumption;tCO2e/MWh;2;1.4345724614901;0;0
Europe;Austria;;;;Powergeneration;Gas;;Location,fueltype;Fuelconsumption;tCO2e/MWh;2;0.463442156712578;0;0
Europe;Austria;;ExiobaseSectorClassification;p40.3;Electricity,gas&water;Steamandhotwatersupplyservices;;Location,Sector;Districtheatingenergysupply;tCO2e/MWh;2;0.10701562095716;0.00205962076062607;0.0427976700263242
Europe;Austria;;;;Electricity;Electricityusage;;Location;Electricityconsumption;tCO2e/MWh;2;0;0.11081;0
Europe;Austria;;;;Powergeneration;Coal;;Location,fueltype;Fuelconsumption;tCO2e/MWh;2;0.936336126312696;0;0
Europe;Austria;;;;Powergeneration;Oil;;Location,fueltype;Fuelconsumption;tCO2e/MWh;2;0.809381397776083;0;0
Europe;Austria;;;;Powergeneration;Otherfossil;;Location,fueltype;Fuelconsumption;tCO2e/MWh;2;1;0;0
Europe;Austria;;;;Powergeneration;Waste;;Location,fueltype;Fuelconsumption;tCO2e/MWh;2;1.4345724614901;0;0
Europe;Azerbaijan;;;;Powergeneration;Gas;;Location,fueltype;Fuelconsumption;tCO2e/MWh;2;0.617003127665624;0;0
Europe;Azerbaijan;;;;Powergeneration;Coal;;Location,fueltype;Fuelconsumption;tCO2e/MWh;2;0.936336126312696;0;0
Europe;Azerbaijan;;;;Powergeneration;Oil;;Location,fueltype;Fuelconsumption;tCO2e/MWh;2;0.809381397776083;0;0
Europe;Azerbaijan;;;;Powergeneration;Otherfossil;;Location,fueltype;Fuelconsumption;tCO2e/MWh;2;1;0;0
Europe;Azerbaijan;;;;Powergeneration;Waste;;Location,fueltype;Fuelconsumption;tCO2e/MWh;2;1.4345724614901;0;0
Europe;Belarus;;;;Powergeneration;Gas;;Location,fueltype;Fuelconsumption;tCO2e/MWh;2;0.301872798071574;0;0
Europe;Belarus;;;;Electricity;Electricityusage;;Location;Electricityconsumption;tCO2e/MWh;2;0;0.46534;0
Europe;Belarus;;;;Powergeneration;Coal;;Location,fueltype;Fuelconsumption;tCO2e/MWh;2;0.936336126312696;0;0
Europe;Belarus;;;;Powergeneration;Oil;;Location,fueltype;Fuelconsumption;tCO2e/MWh;2;0.809381397776083;0;0
Europe;Belarus;;;;Powergeneration;Otherfossil;;Location,fueltype;Fuelconsumption;tCO2e/MWh;2;1;0;0
Europe;Belarus;;;;Powergeneration;Waste;;Location,fueltype;Fuelconsumption;tCO2e/MWh;2;1.4345724614901;0;0
Europe;Belgium;;;;Powergeneration;Gas;;Location,fueltype;Fuelconsumption;tCO2e/MWh;2;0.380093131548312;0;0
Europe;Belgium;;;;Electricity;Electricityusage;;Location;Electricityconsumption;tCO2e/MWh;2;0;0.13811;0
Europe;Belgium;;;;Powergeneration;Coal;;Location,fueltype;Fuelconsumption;tCO2e/MWh;2;0.936336126312696;0;0
Europe;Belgium;;;;Powergeneration;Oil;;Location,fueltype;Fuelconsumption;tCO2e/MWh;2;0.305084745762712;0;0
Europe;Belgium;;;;Powergeneration;Otherfossil;;Location,fueltype;Fuelconsumption;tCO2e/MWh;2;1;0;0
Europe;Belgium;;;;Powergeneration;Waste;;Location,fueltype;Fuelconsumption;tCO2e/MWh;2;1.4345724614901;0;0
Europe;BosniaandHerzegovina;;;;Powergeneration;Gas;;Location,fueltype;Fuelconsumption;tCO2e/MWh;2;0.463442156712578;0;0
Europe;BosniaandHerzegovina;;;;Powergeneration;Coal;;Location,fueltype;Fuelconsumption;tCO2e/MWh;2;0.936336126312696;0;0
Europe;BosniaandHerzegovina;;;;Powergeneration;Oil;;Location,fueltype;Fuelconsumption;tCO2e/MWh;2;0.809381397776083;0;0
Europe;BosniaandHerzegovina;;;;Powergeneration;Otherfossil;;Location,fueltype;Fuelconsumption;tCO2e/MWh;2;1;0;0
Europe;BosniaandHerzegovina;;;;Powergeneration;Waste;;Location,fueltype;Fuelconsumption;tCO2e/MWh;2;1.4345724614901;0;0
Europe;BosniaHerzegovina;;;;Electricity;Electricityusage;;Location;Electricityconsumption;tCO2e/MWh;2;0;0.6;0
Europe;Bulgaria;;;;Powergeneration;Gas;;Location,fueltype;Fuelconsumption;tCO2e/MWh;2;0.463442156712578;0;0
Europe;Bulgaria;;;;Electricity;Electricityusage;;Location;Electricityconsumption;tCO2e/MWh;2;0;0.33533;0
Europe;Bulgaria;;;;Powergeneration;Coal;;Location,fueltype;Fuelconsumption;tCO2e/MWh;2;1.11275604310261;0;0
Europe;Bulgaria;;;;Powergeneration;Oil;;Location,fueltype;Fuelconsumption;tCO2e/MWh;2;0.809381397776083;0;0
Europe;Bulgaria;;;;Powergeneration;Otherfossil;;Location,fueltype;Fuelconsumption;tCO2e/MWh;2;1;0;0
Europe;Bulgaria;;;;Powergeneration;Waste;;Location,fueltype;Fuelconsumption;tCO2e/MWh;2;1.4345724614901;0;0
Europe;Croatia;;;;Electricity;Electricityusage;;Location;Electricityconsumption;tCO2e/MWh;2;0;0.20496;0
Europe;Croatia;;;;Powergeneration;Coal;;Location,fueltype;Fuelconsumption;tCO2e/MWh;2;0.936336126312696;0;0
Europe;Croatia;;;;Powergeneration;Gas;;Location,fueltype;Fuelconsumption;tCO2e/MWh;2;0.463442156712578;0;0
Europe;Croatia;;;;Powergeneration;Oil;;Location,fueltype;Fuelconsumption;tCO2e/MWh;2;0.809381397776083;0;0
Europe;Croatia;;;;Powergeneration;Otherfossil;;Location,fueltype;Fuelconsumption;tCO2e/MWh;2;1;0;0
Europe;Croatia;;;;Powergeneration;Waste;;Location,fueltype;Fuelconsumption;tCO2e/MWh;2;1.4345724614901;0;0
Europe;CzechRepublic;;;;Powergeneration;Coal;;Location,fueltype;Fuelconsumption;tCO2e/MWh;2;1.04012974591425;0;0
Europe;CzechRepublic;;;;Powergeneration;Gas;;Location,fueltype;Fuelconsumption;tCO2e/MWh;2;0.463442156712578;0;0
Europe;CzechRepublic;;;;Powergeneration;Oil;;Location,fueltype;Fuelconsumption;tCO2e/MWh;2;0.809381397776083;0;0
Europe;CzechRepublic;;;;Powergeneration;Otherfossil;;Location,fueltype;Fuelconsumption;tCO2e/MWh;2;1;0;0
Europe;CzechRepublic;;;;Powergeneration;Waste;;Location,fueltype;Fuelconsumption;tCO2e/MWh;2;1.4345724614901;0;0
Europe;Czechia;;;;Electricity;Electricityusage;;Location;Electricityconsumption;tCO2e/MWh;2;0;0.44972;0
Europe;Denmark;;;;Electricity;Electricityusage;;Location;Electricityconsumption;tCO2e/MWh;2;0;0.15165;0
Europe;Denmark;;;;Powergeneration;Coal;;Location,fueltype;Fuelconsumption;tCO2e/MWh;2;0.936336126312696;0;0
Europe;Denmark;;;;Powergeneration;Gas;;Location,fueltype;Fuelconsumption;tCO2e/MWh;2;0.463442156712578;0;0
Europe;Denmark;;;;Powergeneration;Oil;;Location,fueltype;Fuelconsumption;tCO2e/MWh;2;0.809381397776083;0;0
Europe;Denmark;;;;Powergeneration;Otherfossil;;Location,fueltype;Fuelconsumption;tCO2e/MWh;2;1;0;0
Europe;Denmark;;;;Powergeneration;Waste;;Location,fueltype;Fuelconsumption;tCO2e/MWh;2;1.4345724614901;0;0
Europe;Estonia;;;;Electricity;Electricityusage;;Location;Electricityconsumption;tCO2e/MWh;2;0;0.41667;0
Europe;Estonia;;;;Powergeneration;Coal;;Location,fueltype;Fuelconsumption;tCO2e/MWh;2;0.936336126312696;0;0
Europe;Estonia;;;;Powergeneration;Gas;;Location,fueltype;Fuelconsumption;tCO2e/MWh;2;0.463442156712578;0;0
Europe;Estonia;;;;Powergeneration;Oil;;Location,fueltype;Fuelconsumption;tCO2e/MWh;2;0.809381397776083;0;0
Europe;Estonia;;;;Powergeneration;Otherfossil;;Location,fueltype;Fuelconsumption;tCO2e/MWh;2;1;0;0
Europe;Estonia;;;;Powergeneration;Waste;;Location,fueltype;Fuelconsumption;tCO2e/MWh;2;1.4345724614901;0;0
Europe;FaroeIslands(the);;;;Electricity;Electricityusage;;Location;Electricityconsumption;tCO2e/MWh;2;0;0.42857;0
Europe;Finland;;;;Electricity;Electricityusage;;Location;Electricityconsumption;tCO2e/MWh;2;0;0.07916;0
Europe;Finland;;;;Powergeneration;Coal;;Location,fueltype;Fuelconsumption;tCO2e/MWh;2;0.936336126312696;0;0
Europe;Finland;;;;Powergeneration;Gas;;Location,fueltype;Fuelconsumption;tCO2e/MWh;2;0.463442156712578;0;0
Europe;Finland;;;;Powergeneration;Oil;;Location,fueltype;Fuelconsumption;tCO2e/MWh;2;0.835518474374255;0;0
Europe;Finland;;;;Powergeneration;Otherfossil;;Location,fueltype;Fuelconsumption;tCO2e/MWh;2;1;0;0
Europe;Finland;;;;Powergeneration;Waste;;Location,fueltype;Fuelconsumption;tCO2e/MWh;2;1.4345724614901;0;0
Europe;France;;;;Electricity;Electricityusage;;Location;Electricityconsumption;tCO2e/MWh;2;0;0.05604;0
Europe;France;;;;Powergeneration;Coal;;Location,fueltype;Fuelconsumption;tCO2e/MWh;2;0.936336126312696;0;0
Europe;France;;;;Powergeneration;Gas;;Location,fueltype;Fuelconsumption;tCO2e/MWh;2;0.394209518196552;0;0
Europe;France;;;;Powergeneration;Oil;;Location,fueltype;Fuelconsumption;tCO2e/MWh;2;0.821536600120992;0;0
Europe;France;;;;Powergeneration;Otherfossil;;Location,fueltype;Fuelconsumption;tCO2e/MWh;2;1;0;0
Europe;France;;;;Powergeneration;Waste;;Location,fueltype;Fuelconsumption;tCO2e/MWh;2;1.4345724614901;0;0
Europe;Georgia;;;;Powergeneration;Coal;;Location,fueltype;Fuelconsumption;tCO2e/MWh;2;0.936336126312696;0;0
Europe;Georgia;;;;Powergeneration;Gas;;Location,fueltype;Fuelconsumption;tCO2e/MWh;2;0.463442156712578;0;0
Europe;Georgia;;;;Powergeneration;Oil;;Location,fueltype;Fuelconsumption;tCO2e/MWh;2;0.809381397776083;0;0
Europe;Georgia;;;;Powergeneration;Otherfossil;;Location,fueltype;Fuelconsumption;tCO2e/MWh;2;1;0;0
Europe;Georgia;;;;Powergeneration;Waste;;Location,fueltype;Fuelconsumption;tCO2e/MWh;2;1.4345724614901;0;0
Europe;Germany;;ExiobaseSectorClassification;p40.3;Electricity,gas&water;Steamandhotwatersupplyservices;;Location,Sector;Districtheatingenergysupply;tCO2e/MWh;2;0.184266036579415;0.00230305298079128;0.0567517042684151
Europe;Germany;;;;Electricity;Electricityusage;;Location;Electricityconsumption;tCO2e/MWh;2;0;0.38095;0
Europe;Germany;;;;Powergeneration;Coal;;Location,fueltype;Fuelconsumption;tCO2e/MWh;2;1.06000554708085;0;0
Europe;Germany;;;;Powergeneration;Gas;;Location,fueltype;Fuelconsumption;tCO2e/MWh;2;0.477608335633453;0;0
Europe;Germany;;;;Powergeneration;Oil;;Location,fueltype;Fuelconsumption;tCO2e/MWh;2;1.20521739130435;0;0
Europe;Germany;;;;Powergeneration;Otherfossil;;Location,fueltype;Fuelconsumption;tCO2e/MWh;2;1;0;0
Europe;Germany;;;;Powergeneration;Waste;;Location,fueltype;Fuelconsumption;tCO2e/MWh;2;1.02088859416446;0;0
Europe;Greece;;;;Electricity;Electricityusage;;Location;Electricityconsumption;tCO2e/MWh;2;0;0.33657;0
Europe;Greece;;;;Powergeneration;Coal;;Location,fueltype;Fuelconsumption;tCO2e/MWh;2;0.936336126312696;0;0
Europe;Greece;;;;Powergeneration;Gas;;Location,fueltype;Fuelconsumption;tCO2e/MWh;2;0.418446601941748;0;0
Europe;Greece;;;;Powergeneration;Oil;;Location,fueltype;Fuelconsumption;tCO2e/MWh;2;0.809381397776083;0;0
Europe;Greece;;;;Powergeneration;Otherfossil;;Location,fueltype;Fuelconsumption;tCO2e/MWh;2;1;0;0
Europe;Greece;;;;Powergeneration;Waste;;Location,fueltype;Fuelconsumption;tCO2e/MWh;2;1.4345724614901;0;0
Europe;Hungary;;;;Electricity;Electricityusage;;Location;Electricityconsumption;tCO2e/MWh;2;0;0.20419;0
Europe;Hungary;;;;Powergeneration;Coal;;Location,fueltype;Fuelconsumption;tCO2e/MWh;2;0.936336126312696;0;0
Europe;Hungary;;;;Powergeneration;Gas;;Location,fueltype;Fuelconsumption;tCO2e/MWh;2;0.463442156712578;0;0
Europe;Hungary;;;;Powergeneration;Oil;;Location,fueltype;Fuelconsumption;tCO2e/MWh;2;0.809381397776083;0;0
Europe;Hungary;;;;Powergeneration;Otherfossil;;Location,fueltype;Fuelconsumption;tCO2e/MWh;2;1;0;0
Europe;Hungary;;;;Powergeneration;Waste;;Location,fueltype;Fuelconsumption;tCO2e/MWh;2;1.4345724614901;0;0
Europe;Ireland;;;;Electricity;Electricityusage;;Location;Electricityconsumption;tCO2e/MWh;2;0;0.29081;0
Europe;Ireland;;;;Powergeneration;Coal;;Location,fueltype;Fuelconsumption;tCO2e/MWh;2;0.936336126312696;0;0
Europe;Ireland;;;;Powergeneration;Gas;;Location,fueltype;Fuelconsumption;tCO2e/MWh;2;0.360223642172524;0;0
Europe;Ireland;;;;Powergeneration;Oil;;Location,fueltype;Fuelconsumption;tCO2e/MWh;2;0.809381397776083;0;0
Europe;Ireland;;;;Powergeneration;Otherfossil;;Location,fueltype;Fuelconsumption;tCO2e/MWh;2;1;0;0
Europe;Ireland;;;;Powergeneration;Waste;;Location,fueltype;Fuelconsumption;tCO2e/MWh;2;1.4345724614901;0;0
Europe;Italy;;;;Electricity;Electricityusage;;Location;Electricityconsumption;tCO2e/MWh;2;0;0.33072;0
Europe;Italy;;;;Powergeneration;Coal;;Location,fueltype;Fuelconsumption;tCO2e/MWh;2;0.911492636720195;0;0
Europe;Italy;;;;Powergeneration;Gas;;Location,fueltype;Fuelconsumption;tCO2e/MWh;2;0.364013755072958;0;0
Europe;Italy;;;;Powergeneration;Oil;;Location,fueltype;Fuelconsumption;tCO2e/MWh;2;0.937621832358674;0;0
Europe;Italy;;;;Powergeneration;Otherfossil;;Location,fueltype;Fuelconsumption;tCO2e/MWh;2;1;0;0
Europe;Italy;;;;Powergeneration;Waste;;Location,fueltype;Fuelconsumption;tCO2e/MWh;2;1.4345724614901;0;0
Europe;Kosovo;;;;Powergeneration;Coal;;Location,fueltype;Fuelconsumption;tCO2e/MWh;2;0.936336126312696;0;0
Europe;Kosovo;;;;Powergeneration;Gas;;Location,fueltype;Fuelconsumption;tCO2e/MWh;2;0.463442156712578;0;0
Europe;Kosovo;;;;Powergeneration;Oil;;Location,fueltype;Fuelconsumption;tCO2e/MWh;2;0.809381397776083;0;0
Europe;Kosovo;;;;Powergeneration;Otherfossil;;Location,fueltype;Fuelconsumption;tCO2e/MWh;2;1;0;0
Europe;Kosovo;;;;Powergeneration;Waste;;Location,fueltype;Fuelconsumption;tCO2e/MWh;2;1.4345724614901;0;0
Europe;Latvia;;;;Electricity;Electricityusage;;Location;Electricityconsumption;tCO2e/MWh;2;0;0.1232;0
Europe;Liechtenstein;;ExiobaseSectorClassification;p40.3;Electricity,gas&water;Steamandhotwatersupplyservices;;Location,Sector;Districtheatingenergysupply;tCO2e/MWh;2;0.165839834540967;5.48958831063485E-08;0.00885967926789896
Europe;Lithuania;;;;Electricity;Electricityusage;;Location;Electricityconsumption;tCO2e/MWh;2;0;0.16007;0
Europe;Lithuania;;;;Powergeneration;Coal;;Location,fueltype;Fuelconsumption;tCO2e/MWh;2;0.936336126312696;0;0
Europe;Lithuania;;;;Powergeneration;Gas;;Location,fueltype;Fuelconsumption;tCO2e/MWh;2;0.463442156712578;0;0
Europe;Lithuania;;;;Powergeneration;Oil;;Location,fueltype;Fuelconsumption;tCO2e/MWh;2;0.809381397776083;0;0
Europe;Lithuania;;;;Powergeneration;Otherfossil;;Location,fueltype;Fuelconsumption;tCO2e/MWh;2;1;0;0
Europe;Lithuania;;;;Powergeneration;Waste;;Location,fueltype;Fuelconsumption;tCO2e/MWh;2;1.4345724614901;0;0
Europe;Luxembourg;;;;Electricity;Electricityusage;;Location;Electricityconsumption;tCO2e/MWh;2;0;0.10526;0
Europe;Macedonia;;;;Powergeneration;Coal;;Location,fueltype;Fuelconsumption;tCO2e/MWh;2;0.936336126312696;0;0
Europe;Macedonia;;;;Powergeneration;Gas;;Location,fueltype;Fuelconsumption;tCO2e/MWh;2;0.463442156712578;0;0
Europe;Macedonia;;;;Powergeneration;Oil;;Location,fueltype;Fuelconsumption;tCO2e/MWh;2;0.809381397776083;0;0
Europe;Macedonia;;;;Powergeneration;Otherfossil;;Location,fueltype;Fuelconsumption;tCO2e/MWh;2;1;0;0
Europe;Macedonia;;;;Powergeneration;Waste;;Location,fueltype;Fuelconsumption;tCO2e/MWh;2;1.4345724614901;0;0
Europe;Malta;;;;Electricity;Electricityusage;;Location;Electricityconsumption;tCO2e/MWh;2;0;0.45914;0
Europe;Moldova;;;;Electricity;Electricityusage;;Location;Electricityconsumption;tCO2e/MWh;2;0;0.87166;0
Europe;Moldova;;;;Powergeneration;Coal;;Location,fueltype;Fuelconsumption;tCO2e/MWh;2;0.936336126312696;0;0
Europe;Moldova;;;;Powergeneration;Gas;;Location,fueltype;Fuelconsumption;tCO2e/MWh;2;0.463442156712578;0;0
Europe;Moldova;;;;Powergeneration;Oil;;Location,fueltype;Fuelconsumption;tCO2e/MWh;2;0.809381397776083;0;0
Europe;Moldova;;;;Powergeneration;Otherfossil;;Location,fueltype;Fuelconsumption;tCO2e/MWh;2;1;0;0
Europe;Moldova;;;;Powergeneration;Waste;;Location,fueltype;Fuelconsumption;tCO2e/MWh;2;1.4345724614901;0;0
Europe;Montenegro;;;;Electricity;Electricityusage;;Location;Electricityconsumption;tCO2e/MWh;2;0;0.41707;0
Europe;Montenegro;;;;Powergeneration;Coal;;Location,fueltype;Fuelconsumption;tCO2e/MWh;2;0.936336126312696;0;0
Europe;Montenegro;;;;Powergeneration;Gas;;Location,fueltype;Fuelconsumption;tCO2e/MWh;2;0.463442156712578;0;0
Europe;Montenegro;;;;Powergeneration;Oil;;Location,fueltype;Fuelconsumption;tCO2e/MWh;2;0.809381397776083;0;0
Europe;Montenegro;;;;Powergeneration;Otherfossil;;Location,fueltype;Fuelconsumption;tCO2e/MWh;2;1;0;0
Europe;Montenegro;;;;Powergeneration;Waste;;Location,fueltype;Fuelconsumption;tCO2e/MWh;2;1.4345724614901;0;0
Europe;Netherlands;;;;Electricity;Electricityusage;;Location;Electricityconsumption;tCO2e/MWh;2;0;0.26762;0
Europe;Netherlands;;;;Powergeneration;Coal;;Location,fueltype;Fuelconsumption;tCO2e/MWh;2;0.936336126312696;0;0
Europe;Netherlands;;;;Powergeneration;Gas;;Location,fueltype;Fuelconsumption;tCO2e/MWh;2;0.303032586174421;0;0
Europe;Netherlands;;;;Powergeneration;Oil;;Location,fueltype;Fuelconsumption;tCO2e/MWh;2;0.809381397776083;0;0
Europe;Netherlands;;;;Powergeneration;Otherfossil;;Location,fueltype;Fuelconsumption;tCO2e/MWh;2;1;0;0
Europe;Netherlands;;;;Powergeneration;Waste;;Location,fueltype;Fuelconsumption;tCO2e/MWh;2;1.4345724614901;0;0
Europe;NorthMacedonia;;;;Electricity;Electricityusage;;Location;Electricityconsumption;tCO2e/MWh;2;0;0.56535;0
Europe;Norway;;;;Electricity;Electricityusage;;Location;Electricityconsumption;tCO2e/MWh;2;0;0.03008;0
Europe;Norway;;;;Powergeneration;Coal;;Location,fueltype;Fuelconsumption;tCO2e/MWh;2;0.936336126312696;0;0
Europe;Norway;;;;Powergeneration;Gas;;Location,fueltype;Fuelconsumption;tCO2e/MWh;2;0.463442156712578;0;0
Europe;Norway;;;;Powergeneration;Oil;;Location,fueltype;Fuelconsumption;tCO2e/MWh;2;0.809381397776083;0;0
Europe;Norway;;;;Powergeneration;Otherfossil;;Location,fueltype;Fuelconsumption;tCO2e/MWh;2;1;0;0
Europe;Norway;;;;Powergeneration;Waste;;Location,fueltype;Fuelconsumption;tCO2e/MWh;2;1.4345724614901;0;0
Europe;Poland;;;;Electricity;Electricityusage;;Location;Electricityconsumption;tCO2e/MWh;2;0;0.66193;0
Europe;Poland;;;;Powergeneration;Coal;;Location,fueltype;Fuelconsumption;tCO2e/MWh;2;1.06817859799511;0;0
Europe;Poland;;;;Powergeneration;Gas;;Location,fueltype;Fuelconsumption;tCO2e/MWh;2;0.463442156712578;0;0
Europe;Poland;;;;Powergeneration;Oil;;Location,fueltype;Fuelconsumption;tCO2e/MWh;2;0.809381397776083;0;0
Europe;Poland;;;;Powergeneration;Otherfossil;;Location,fueltype;Fuelconsumption;tCO2e/MWh;2;1;0;0
Europe;Poland;;;;Powergeneration;Waste;;Location,fueltype;Fuelconsumption;tCO2e/MWh;2;1.4345724614901;0;0
Europe;Portugal;;;;Electricity;Electricityusage;;Location;Electricityconsumption;tCO2e/MWh;2;0;0.16555;0
Europe;Portugal;;;;Powergeneration;Coal;;Location,fueltype;Fuelconsumption;tCO2e/MWh;2;0.936336126312696;0;0
Europe;Portugal;;;;Powergeneration;Gas;;Location,fueltype;Fuelconsumption;tCO2e/MWh;2;0.463442156712578;0;0
Europe;Portugal;;;;Powergeneration;Oil;;Location,fueltype;Fuelconsumption;tCO2e/MWh;2;0.809381397776083;0;0
Europe;Portugal;;;;Powergeneration;Otherfossil;;Location,fueltype;Fuelconsumption;tCO2e/MWh;2;1;0;0
Europe;Portugal;;;;Powergeneration;Waste;;Location,fueltype;Fuelconsumption;tCO2e/MWh;2;1.4345724614901;0;0
Europe;Romania;;;;Electricity;Electricityusage;;Location;Electricityconsumption;tCO2e/MWh;2;0;0.24058;0
Europe;Romania;;;;Powergeneration;Coal;;Location,fueltype;Fuelconsumption;tCO2e/MWh;2;1.06560465912984;0;0
Europe;Romania;;;;Powergeneration;Gas;;Location,fueltype;Fuelconsumption;tCO2e/MWh;2;0.423753243009513;0;0
Europe;Romania;;;;Powergeneration;Oil;;Location,fueltype;Fuelconsumption;tCO2e/MWh;2;0.809381397776083;0;0
Europe;Romania;;;;Powergeneration;Otherfossil;;Location,fueltype;Fuelconsumption;tCO2e/MWh;2;1;0;0
Europe;Romania;;;;Powergeneration;Waste;;Location,fueltype;Fuelconsumption;tCO2e/MWh;2;1.4345724614901;0;0
Europe;Serbia;;;;Electricity;Electricityusage;;Location;Electricityconsumption;tCO2e/MWh;2;0;0.63606;0
Europe;Serbia;;;;Powergeneration;Coal;;Location,fueltype;Fuelconsumption;tCO2e/MWh;2;0.936336126312696;0;0
Europe;Serbia;;;;Powergeneration;Gas;;Location,fueltype;Fuelconsumption;tCO2e/MWh;2;0.463442156712578;0;0
Europe;Serbia;;;;Powergeneration;Oil;;Location,fueltype;Fuelconsumption;tCO2e/MWh;2;0.809381397776083;0;0
Europe;Serbia;;;;Powergeneration;Otherfossil;;Location,fueltype;Fuelconsumption;tCO2e/MWh;2;1;0;0
Europe;Serbia;;;;Powergeneration;Waste;;Location,fueltype;Fuelconsumption;tCO2e/MWh;2;1.4345724614901;0;0
Europe;Slovakia;;;;Electricity;Electricityusage;;Location;Electricityconsumption;tCO2e/MWh;2;0;0.11677;0
Europe;Slovakia;;;;Powergeneration;Coal;;Location,fueltype;Fuelconsumption;tCO2e/MWh;2;0.936336126312696;0;0
Europe;Slovakia;;;;Powergeneration;Gas;;Location,fueltype;Fuelconsumption;tCO2e/MWh;2;0.463442156712578;0;0
Europe;Slovakia;;;;Powergeneration;Oil;;Location,fueltype;Fuelconsumption;tCO2e/MWh;2;0.809381397776083;0;0
Europe;Slovakia;;;;Powergeneration;Otherfossil;;Location,fueltype;Fuelconsumption;tCO2e/MWh;2;1;0;0
Europe;Slovakia;;;;Powergeneration;Waste;;Location,fueltype;Fuelconsumption;tCO2e/MWh;2;1.4345724614901;0;0
Europe;Slovenia;;;;Electricity;Electricityusage;;Location;Electricityconsumption;tCO2e/MWh;2;0;0.23128;0
Europe;Slovenia;;;;Powergeneration;Coal;;Location,fueltype;Fuelconsumption;tCO2e/MWh;2;0.936336126312696;0;0
Europe;Slovenia;;;;Powergeneration;Gas;;Location,fueltype;Fuelconsumption;tCO2e/MWh;2;0.463442156712578;0;0
Europe;Slovenia;;;;Powergeneration;Oil;;Location,fueltype;Fuelconsumption;tCO2e/MWh;2;0.809381397776083;0;0
Europe;Slovenia;;;;Powergeneration;Otherfossil;;Location,fueltype;Fuelconsumption;tCO2e/MWh;2;1;0;0
Europe;Slovenia;;;;Powergeneration;Waste;;Location,fueltype;Fuelconsumption;tCO2e/MWh;2;1.4345724614901;0;0
Europe;Spain;;;;Electricity;Electricityusage;;Location;Electricityconsumption;tCO2e/MWh;2;0;0.17405;0
Europe;Spain;;;;Powergeneration;Coal;;Location,fueltype;Fuelconsumption;tCO2e/MWh;2;0.936336126312696;0;0
Europe;Spain;;;;Powergeneration;Gas;;Location,fueltype;Fuelconsumption;tCO2e/MWh;2;0.356141374081418;0;0
Europe;Spain;;;;Powergeneration;Oil;;Location,fueltype;Fuelconsumption;tCO2e/MWh;2;0.702346041055719;0;0
Europe;Spain;;;;Powergeneration;Otherfossil;;Location,fueltype;Fuelconsumption;tCO2e/MWh;2;1;0;0
Europe;Spain;;;;Powergeneration;Waste;;Location,fueltype;Fuelconsumption;tCO2e/MWh;2;1.4345724614901;0;0
Europe;Sweden;;;;Electricity;Electricityusage;;Location;Electricityconsumption;tCO2e/MWh;2;0;0.0407;0
Europe;Sweden;;;;Powergeneration;Coal;;Location,fueltype;Fuelconsumption;tCO2e/MWh;2;0.936336126312696;0;0
Europe;Sweden;;;;Powergeneration;Gas;;Location,fueltype;Fuelconsumption;tCO2e/MWh;2;0.463442156712578;0;0
Europe;Sweden;;;;Powergeneration;Oil;;Location,fueltype;Fuelconsumption;tCO2e/MWh;2;0.414212548015365;0;0
Europe;Sweden;;;;Powergeneration;Otherfossil;;Location,fueltype;Fuelconsumption;tCO2e/MWh;2;1;0;0
Europe;Sweden;;;;Powergeneration;Waste;;Location,fueltype;Fuelconsumption;tCO2e/MWh;2;1.4345724614901;0;0
Europe;Switzerland;;ExiobaseSectorClassification;p40.3;Electricity,gas&water;Steamandhotwatersupplyservices;;Location,Sector;Districtheatingenergysupply;tCO2e/MWh;2;0.148938563789994;0.00070893837804264;0.0529186018939931
Europe;Switzerland;;;;Electricity;Electricityusage;;Location;Electricityconsumption;tCO2e/MWh;2;0;0.03484;0
Europe;Ukraine;;;;Electricity;Electricityusage;;Location;Electricityconsumption;tCO2e/MWh;2;0;0.25969;0
Europe;Ukraine;;;;Powergeneration;Coal;;Location,fueltype;Fuelconsumption;tCO2e/MWh;2;1.06231294145816;0;0
Europe;Ukraine;;;;Powergeneration;Gas;;Location,fueltype;Fuelconsumption;tCO2e/MWh;2;0.463442156712578;0;0
Europe;Ukraine;;;;Powergeneration;Oil;;Location,fueltype;Fuelconsumption;tCO2e/MWh;2;0.809381397776083;0;0
Europe;Ukraine;;;;Powergeneration;Otherfossil;;Location,fueltype;Fuelconsumption;tCO2e/MWh;2;1;0;0
Europe;Ukraine;;;;Powergeneration;Waste;;Location,fueltype;Fuelconsumption;tCO2e/MWh;2;1.4345724614901;0;0
Europe;UnitedKingdom;;;;Electricity;Electricityusage;;Location;Electricityconsumption;tCO2e/MWh;2;0;0.23774;0
Europe;UnitedKingdom;;;;Powergeneration;Coal;;Location,fueltype;Fuelconsumption;tCO2e/MWh;2;0.936336126312696;0;0
Europe;UnitedKingdom;;;;Powergeneration;Gas;;Location,fueltype;Fuelconsumption;tCO2e/MWh;2;0.391821017232667;0;0
Europe;UnitedKingdom;;;;Powergeneration;Oil;;Location,fueltype;Fuelconsumption;tCO2e/MWh;2;0.731369150779896;0;0
Europe;UnitedKingdom;;;;Powergeneration;Otherfossil;;Location,fueltype;Fuelconsumption;tCO2e/MWh;2;1;0;0
Europe;UnitedKingdom;;;;Powergeneration;Waste;;Location,fueltype;Fuelconsumption;tCO2e/MWh;2;1.4345724614901;0;0
Europe;;;;;Electricity;Electricityusage;;Location;Electricityconsumption;tCO2e/MWh;2;0;0.32837;0
G20;;;;;Electricity;Electricityusage;;Location;Electricityconsumption;tCO2e/MWh;2;0;0.48722;0
G7;;;;;Electricity;Electricityusage;;Location;Electricityconsumption;tCO2e/MWh;2;0;0.37524;0
Global;Global;;;;Powergeneration;Off-shorewindpower;;Fueltype;Fuelconsumption;tCO2e/MWh;2;0;0;0.00447
Global;Global;;;;Powergeneration;On-shorewindpower;;Fueltype;Fuelconsumption;tCO2e/MWh;2;0;0;0.00868
Global;Global;;;;Powergeneration;Photovoltaics;;Fueltype;Fuelconsumption;tCO2e/MWh;2;0;0;0.0269
LatinAmericaandCaribbean;AntiguaandBarbuda;;;;Electricity;Electricityusage;;Location;Electricityconsumption;tCO2e/MWh;2;0;0.65714;0
LatinAmericaandCaribbean;Argentina;;;;Powergeneration;Gas;;Location,fueltype;Fuelconsumption;tCO2e/MWh;2;0.533733190709046;0;0
LatinAmericaandCaribbean;Argentina;;;;Electricity;Electricityusage;;Location;Electricityconsumption;tCO2e/MWh;2;0;0.39462;0
LatinAmericaandCaribbean;Argentina;;;;Powergeneration;Coal;;Location,fueltype;Fuelconsumption;tCO2e/MWh;2;0.936336126312696;0;0
LatinAmericaandCaribbean;Argentina;;;;Powergeneration;Oil;;Location,fueltype;Fuelconsumption;tCO2e/MWh;2;0.809381397776083;0;0
LatinAmericaandCaribbean;Argentina;;;;Powergeneration;Otherfossil;;Location,fueltype;Fuelconsumption;tCO2e/MWh;2;1;0;0
LatinAmericaandCaribbean;Argentina;;;;Powergeneration;Waste;;Location,fueltype;Fuelconsumption;tCO2e/MWh;2;1.4345724614901;0;0
LatinAmericaandCaribbean;Aruba;;;;Electricity;Electricityusage;;Location;Electricityconsumption;tCO2e/MWh;2;0;0.5914;0
LatinAmericaandCaribbean;Bahamas(the);;;;Electricity;Electricityusage;;Location;Electricityconsumption;tCO2e/MWh;2;0;0.69811;0
LatinAmericaandCaribbean;Barbados;;;;Electricity;Electricityusage;;Location;Electricityconsumption;tCO2e/MWh;2;0;0.64486;0
LatinAmericaandCaribbean;Belize;;;;Electricity;Electricityusage;;Location;Electricityconsumption;tCO2e/MWh;2;0;0.48438;0
LatinAmericaandCaribbean;Bolivia;;;;Powergeneration;Gas;;Location,fueltype;Fuelconsumption;tCO2e/MWh;2;0.660855126608551;0;0
LatinAmericaandCaribbean;Bolivia;;;;Electricity;Electricityusage;;Location;Electricityconsumption;tCO2e/MWh;2;0;0.48183;0
LatinAmericaandCaribbean;Bolivia;;;;Powergeneration;Coal;;Location,fueltype;Fuelconsumption;tCO2e/MWh;2;0.936336126312696;0;0
LatinAmericaandCaribbean;Bolivia;;;;Powergeneration;Oil;;Location,fueltype;Fuelconsumption;tCO2e/MWh;2;0.809381397776083;0;0
LatinAmericaandCaribbean;Bolivia;;;;Powergeneration;Otherfossil;;Location,fueltype;Fuelconsumption;tCO2e/MWh;2;1;0;0
LatinAmericaandCaribbean;Bolivia;;;;Powergeneration;Waste;;Location,fueltype;Fuelconsumption;tCO2e/MWh;2;1.4345724614901;0;0
LatinAmericaandCaribbean;Brazil;;;;Powergeneration;Gas;;Location,fueltype;Fuelconsumption;tCO2e/MWh;2;0.463442156712578;0;0
LatinAmericaandCaribbean;Brazil;;;;Electricity;Electricityusage;;Location;Electricityconsumption;tCO2e/MWh;2;0;0.10551;0
LatinAmericaandCaribbean;Brazil;;;;Powergeneration;Coal;;Location,fueltype;Fuelconsumption;tCO2e/MWh;2;1.22140118508191;0;0
LatinAmericaandCaribbean;Brazil;;;;Powergeneration;Oil;;Location,fueltype;Fuelconsumption;tCO2e/MWh;2;0.809381397776083;0;0
LatinAmericaandCaribbean;Brazil;;;;Powergeneration;Otherfossil;;Location,fueltype;Fuelconsumption;tCO2e/MWh;2;1;0;0
LatinAmericaandCaribbean;Brazil;;;;Powergeneration;Waste;;Location,fueltype;Fuelconsumption;tCO2e/MWh;2;1.4345724614901;0;0
LatinAmericaandCaribbean;CaymanIslands(the);;;;Electricity;Electricityusage;;Location;Electricityconsumption;tCO2e/MWh;2;0;0.68493;0
LatinAmericaandCaribbean;Chile;;;;Electricity;Electricityusage;;Location;Electricityconsumption;tCO2e/MWh;2;0;0.35352;0
LatinAmericaandCaribbean;Chile;;;;Powergeneration;Coal;;Location,fueltype;Fuelconsumption;tCO2e/MWh;2;0.927957326639473;0;0
LatinAmericaandCaribbean;Chile;;;;Powergeneration;Gas;;Location,fueltype;Fuelconsumption;tCO2e/MWh;2;0.500128106584678;0;0
LatinAmericaandCaribbean;Chile;;;;Powergeneration;Oil;;Location,fueltype;Fuelconsumption;tCO2e/MWh;2;0.911975435005118;0;0
LatinAmericaandCaribbean;Chile;;;;Powergeneration;Otherfossil;;Location,fueltype;Fuelconsumption;tCO2e/MWh;2;1;0;0
LatinAmericaandCaribbean;Chile;;;;Powergeneration;Waste;;Location,fueltype;Fuelconsumption;tCO2e/MWh;2;1.4345724614901;0;0
LatinAmericaandCaribbean;Colombia;;;;Electricity;Electricityusage;;Location;Electricityconsumption;tCO2e/MWh;2;0;0.19853;0
LatinAmericaandCaribbean;Colombia;;;;Powergeneration;Coal;;Location,fueltype;Fuelconsumption;tCO2e/MWh;2;0.936336126312696;0;0
LatinAmericaandCaribbean;Colombia;;;;Powergeneration;Gas;;Location,fueltype;Fuelconsumption;tCO2e/MWh;2;0.55748031496063;0;0
LatinAmericaandCaribbean;Colombia;;;;Powergeneration;Oil;;Location,fueltype;Fuelconsumption;tCO2e/MWh;2;0.809381397776083;0;0
LatinAmericaandCaribbean;Colombia;;;;Powergeneration;Otherfossil;;Location,fueltype;Fuelconsumption;tCO2e/MWh;2;1;0;0
LatinAmericaandCaribbean;Colombia;;;;Powergeneration;Waste;;Location,fueltype;Fuelconsumption;tCO2e/MWh;2;1.4345724614901;0;0
LatinAmericaandCaribbean;CostaRica;;;;Electricity;Electricityusage;;Location;Electricityconsumption;tCO2e/MWh;2;0;0.03721;0
LatinAmericaandCaribbean;CostaRica;;;;Powergeneration;Coal;;Location,fueltype;Fuelconsumption;tCO2e/MWh;2;0.936336126312696;0;0
LatinAmericaandCaribbean;CostaRica;;;;Powergeneration;Gas;;Location,fueltype;Fuelconsumption;tCO2e/MWh;2;0.463442156712578;0;0
LatinAmericaandCaribbean;CostaRica;;;;Powergeneration;Oil;;Location,fueltype;Fuelconsumption;tCO2e/MWh;2;0.809381397776083;0;0
LatinAmericaandCaribbean;CostaRica;;;;Powergeneration;Otherfossil;;Location,fueltype;Fuelconsumption;tCO2e/MWh;2;1;0;0
LatinAmericaandCaribbean;CostaRica;;;;Powergeneration;Waste;;Location,fueltype;Fuelconsumption;tCO2e/MWh;2;1.4345724614901;0;0
LatinAmericaandCaribbean;Cuba;;;;Electricity;Electricityusage;;Location;Electricityconsumption;tCO2e/MWh;2;0;0.67747;0
LatinAmericaandCaribbean;Cuba;;;;Powergeneration;Coal;;Location,fueltype;Fuelconsumption;tCO2e/MWh;2;0.936336126312696;0;0
LatinAmericaandCaribbean;Cuba;;;;Powergeneration;Gas;;Location,fueltype;Fuelconsumption;tCO2e/MWh;2;0.463442156712578;0;0
LatinAmericaandCaribbean;Cuba;;;;Powergeneration;Oil;;Location,fueltype;Fuelconsumption;tCO2e/MWh;2;0.609591795696762;0;0
LatinAmericaandCaribbean;Cuba;;;;Powergeneration;Otherfossil;;Location,fueltype;Fuelconsumption;tCO2e/MWh;2;1;0;0
LatinAmericaandCaribbean;Cuba;;;;Powergeneration;Waste;;Location,fueltype;Fuelconsumption;tCO2e/MWh;2;1.4345724614901;0;0
LatinAmericaandCaribbean;Dominica;;;;Electricity;Electricityusage;;Location;Electricityconsumption;tCO2e/MWh;2;0;0.52941;0
LatinAmericaandCaribbean;DominicanRepublic;;;;Powergeneration;Coal;;Location,fueltype;Fuelconsumption;tCO2e/MWh;2;0.936336126312696;0;0
LatinAmericaandCaribbean;DominicanRepublic;;;;Powergeneration;Gas;;Location,fueltype;Fuelconsumption;tCO2e/MWh;2;0.463442156712578;0;0
LatinAmericaandCaribbean;DominicanRepublic;;;;Powergeneration;Oil;;Location,fueltype;Fuelconsumption;tCO2e/MWh;2;0.625563063063063;0;0
LatinAmericaandCaribbean;DominicanRepublic;;;;Powergeneration;Otherfossil;;Location,fueltype;Fuelconsumption;tCO2e/MWh;2;1;0;0
LatinAmericaandCaribbean;DominicanRepublic;;;;Powergeneration;Waste;;Location,fueltype;Fuelconsumption;tCO2e/MWh;2;1.4345724614901;0;0
LatinAmericaandCaribbean;DominicanRepublic(the);;;;Electricity;Electricityusage;;Location;Electricityconsumption;tCO2e/MWh;2;0;0.59249;0
LatinAmericaandCaribbean;Ecuador;;;;Electricity;Electricityusage;;Location;Electricityconsumption;tCO2e/MWh;2;0;0.19239;0
LatinAmericaandCaribbean;Ecuador;;;;Powergeneration;Coal;;Location,fueltype;Fuelconsumption;tCO2e/MWh;2;0.936336126312696;0;0
LatinAmericaandCaribbean;Ecuador;;;;Powergeneration;Gas;;Location,fueltype;Fuelconsumption;tCO2e/MWh;2;0.463442156712578;0;0
LatinAmericaandCaribbean;Ecuador;;;;Powergeneration;Oil;;Location,fueltype;Fuelconsumption;tCO2e/MWh;2;0.771788250484183;0;0
LatinAmericaandCaribbean;Ecuador;;;;Powergeneration;Otherfossil;;Location,fueltype;Fuelconsumption;tCO2e/MWh;2;1;0;0
LatinAmericaandCaribbean;Ecuador;;;;Powergeneration;Waste;;Location,fueltype;Fuelconsumption;tCO2e/MWh;2;1.4345724614901;0;0
LatinAmericaandCaribbean;ElSalvador;;;;Electricity;Electricityusage;;Location;Electricityconsumption;tCO2e/MWh;2;0;0.19976;0
LatinAmericaandCaribbean;ElSalvador;;;;Powergeneration;Coal;;Location,fueltype;Fuelconsumption;tCO2e/MWh;2;0.936336126312696;0;0
LatinAmericaandCaribbean;ElSalvador;;;;Powergeneration;Gas;;Location,fueltype;Fuelconsumption;tCO2e/MWh;2;0.463442156712578;0;0
LatinAmericaandCaribbean;ElSalvador;;;;Powergeneration;Oil;;Location,fueltype;Fuelconsumption;tCO2e/MWh;2;0.809381397776083;0;0
LatinAmericaandCaribbean;ElSalvador;;;;Powergeneration;Otherfossil;;Location,fueltype;Fuelconsumption;tCO2e/MWh;2;1;0;0
LatinAmericaandCaribbean;ElSalvador;;;;Powergeneration;Waste;;Location,fueltype;Fuelconsumption;tCO2e/MWh;2;1.4345724614901;0;0
LatinAmericaandCaribbean;FalklandIslands(the)[Malvinas];;;;Electricity;Electricityusage;;Location;Electricityconsumption;tCO2e/MWh;2;0;0.5;0
LatinAmericaandCaribbean;FrenchGuiana;;;;Electricity;Electricityusage;;Location;Electricityconsumption;tCO2e/MWh;2;0;0.23762;0
LatinAmericaandCaribbean;FrenchGuiana;;;;Powergeneration;Coal;;Location,fueltype;Fuelconsumption;tCO2e/MWh;2;0.936336126312696;0;0
LatinAmericaandCaribbean;FrenchGuiana;;;;Powergeneration;Gas;;Location,fueltype;Fuelconsumption;tCO2e/MWh;2;0.463442156712578;0;0
LatinAmericaandCaribbean;FrenchGuiana;;;;Powergeneration;Oil;;Location,fueltype;Fuelconsumption;tCO2e/MWh;2;0.809381397776083;0;0
LatinAmericaandCaribbean;FrenchGuiana;;;;Powergeneration;Otherfossil;;Location,fueltype;Fuelconsumption;tCO2e/MWh;2;1;0;0
LatinAmericaandCaribbean;FrenchGuiana;;;;Powergeneration;Waste;;Location,fueltype;Fuelconsumption;tCO2e/MWh;2;1.4345724614901;0;0
LatinAmericaandCaribbean;Grenada;;;;Electricity;Electricityusage;;Location;Electricityconsumption;tCO2e/MWh;2;0;0.71429;0
LatinAmericaandCaribbean;Guadeloupe;;;;Electricity;Electricityusage;;Location;Electricityconsumption;tCO2e/MWh;2;0;0.53615;0
LatinAmericaandCaribbean;Guatemala;;;;Electricity;Electricityusage;;Location;Electricityconsumption;tCO2e/MWh;2;0;0.33172;0
LatinAmericaandCaribbean;Guatemala;;;;Powergeneration;Coal;;Location,fueltype;Fuelconsumption;tCO2e/MWh;2;0.936336126312696;0;0
LatinAmericaandCaribbean;Guatemala;;;;Powergeneration;Gas;;Location,fueltype;Fuelconsumption;tCO2e/MWh;2;0.463442156712578;0;0
LatinAmericaandCaribbean;Guatemala;;;;Powergeneration;Oil;;Location,fueltype;Fuelconsumption;tCO2e/MWh;2;0.673988439306358;0;0
LatinAmericaandCaribbean;Guatemala;;;;Powergeneration;Otherfossil;;Location,fueltype;Fuelconsumption;tCO2e/MWh;2;1;0;0
LatinAmericaandCaribbean;Guatemala;;;;Powergeneration;Waste;;Location,fueltype;Fuelconsumption;tCO2e/MWh;2;1.4345724614901;0;0
LatinAmericaandCaribbean;Guyana;;;;Electricity;Electricityusage;;Location;Electricityconsumption;tCO2e/MWh;2;0;0.64228;0
LatinAmericaandCaribbean;Guyana;;;;Powergeneration;Coal;;Location,fueltype;Fuelconsumption;tCO2e/MWh;2;0.936336126312696;0;0
LatinAmericaandCaribbean;Guyana;;;;Powergeneration;Gas;;Location,fueltype;Fuelconsumption;tCO2e/MWh;2;0.463442156712578;0;0
LatinAmericaandCaribbean;Guyana;;;;Powergeneration;Oil;;Location,fueltype;Fuelconsumption;tCO2e/MWh;2;0.809381397776083;0;0
LatinAmericaandCaribbean;Guyana;;;;Powergeneration;Otherfossil;;Location,fueltype;Fuelconsumption;tCO2e/MWh;2;1;0;0
LatinAmericaandCaribbean;Guyana;;;;Powergeneration;Waste;;Location,fueltype;Fuelconsumption;tCO2e/MWh;2;1.4345724614901;0;0
LatinAmericaandCaribbean;Haiti;;;;Electricity;Electricityusage;;Location;Electricityconsumption;tCO2e/MWh;2;0;0.60606;0
LatinAmericaandCaribbean;Honduras;;;;Electricity;Electricityusage;;Location;Electricityconsumption;tCO2e/MWh;2;0;0.37897;0
LatinAmericaandCaribbean;Honduras;;;;Powergeneration;Coal;;Location,fueltype;Fuelconsumption;tCO2e/MWh;2;0.936336126312696;0;0
LatinAmericaandCaribbean;Honduras;;;;Powergeneration;Gas;;Location,fueltype;Fuelconsumption;tCO2e/MWh;2;0.463442156712578;0;0
LatinAmericaandCaribbean;Honduras;;;;Powergeneration;Oil;;Location,fueltype;Fuelconsumption;tCO2e/MWh;2;0.809381397776083;0;0
LatinAmericaandCaribbean;Honduras;;;;Powergeneration;Otherfossil;;Location,fueltype;Fuelconsumption;tCO2e/MWh;2;1;0;0
LatinAmericaandCaribbean;Honduras;;;;Powergeneration;Waste;;Location,fueltype;Fuelconsumption;tCO2e/MWh;2;1.4345724614901;0;0
LatinAmericaandCaribbean;Jamaica;;;;Electricity;Electricityusage;;Location;Electricityconsumption;tCO2e/MWh;2;0;0.58851;0
LatinAmericaandCaribbean;Jamaica;;;;Powergeneration;Coal;;Location,fueltype;Fuelconsumption;tCO2e/MWh;2;0.936336126312696;0;0
LatinAmericaandCaribbean;Jamaica;;;;Powergeneration;Gas;;Location,fueltype;Fuelconsumption;tCO2e/MWh;2;0.463442156712578;0;0
LatinAmericaandCaribbean;Jamaica;;;;Powergeneration;Oil;;Location,fueltype;Fuelconsumption;tCO2e/MWh;2;0.740740740740741;0;0
LatinAmericaandCaribbean;Jamaica;;;;Powergeneration;Otherfossil;;Location,fueltype;Fuelconsumption;tCO2e/MWh;2;1;0;0
LatinAmericaandCaribbean;Jamaica;;;;Powergeneration;Waste;;Location,fueltype;Fuelconsumption;tCO2e/MWh;2;1.4345724614901;0;0
LatinAmericaandCaribbean;Martinique;;;;Electricity;Electricityusage;;Location;Electricityconsumption;tCO2e/MWh;2;0;0.55629;0
LatinAmericaandCaribbean;Mexico;;;;Electricity;Electricityusage;;Location;Electricityconsumption;tCO2e/MWh;2;0;0.47536;0
LatinAmericaandCaribbean;Mexico;;;;Powergeneration;Coal;;Location,fueltype;Fuelconsumption;tCO2e/MWh;2;0.936336126312696;0;0
LatinAmericaandCaribbean;Mexico;;;;Powergeneration;Gas;;Location,fueltype;Fuelconsumption;tCO2e/MWh;2;0.533651975768354;0;0
LatinAmericaandCaribbean;Mexico;;;;Powergeneration;Oil;;Location,fueltype;Fuelconsumption;tCO2e/MWh;2;0.780242676798627;0;0
LatinAmericaandCaribbean;Mexico;;;;Powergeneration;Otherfossil;;Location,fueltype;Fuelconsumption;tCO2e/MWh;2;1;0;0
LatinAmericaandCaribbean;Mexico;;;;Powergeneration;Waste;;Location,fueltype;Fuelconsumption;tCO2e/MWh;2;1.4345724614901;0;0
LatinAmericaandCaribbean;Montserrat;;;;Electricity;Electricityusage;;Location;Electricityconsumption;tCO2e/MWh;2;0;1;0
LatinAmericaandCaribbean;Nicaragua;;;;Electricity;Electricityusage;;Location;Electricityconsumption;tCO2e/MWh;2;0;0.2766;0
LatinAmericaandCaribbean;Nicaragua;;;;Powergeneration;Coal;;Location,fueltype;Fuelconsumption;tCO2e/MWh;2;0.936336126312696;0;0
LatinAmericaandCaribbean;Nicaragua;;;;Powergeneration;Gas;;Location,fueltype;Fuelconsumption;tCO2e/MWh;2;0.463442156712578;0;0
LatinAmericaandCaribbean;Nicaragua;;;;Powergeneration;Oil;;Location,fueltype;Fuelconsumption;tCO2e/MWh;2;0.708619374523265;0;0
LatinAmericaandCaribbean;Nicaragua;;;;Powergeneration;Otherfossil;;Location,fueltype;Fuelconsumption;tCO2e/MWh;2;1;0;0
LatinAmericaandCaribbean;Nicaragua;;;;Powergeneration;Waste;;Location,fueltype;Fuelconsumption;tCO2e/MWh;2;1.4345724614901;0;0
LatinAmericaandCaribbean;Panama;;;;Electricity;Electricityusage;;Location;Electricityconsumption;tCO2e/MWh;2;0;0.175;0
LatinAmericaandCaribbean;Panama;;;;Powergeneration;Coal;;Location,fueltype;Fuelconsumption;tCO2e/MWh;2;0.936336126312696;0;0
LatinAmericaandCaribbean;Panama;;;;Powergeneration;Gas;;Location,fueltype;Fuelconsumption;tCO2e/MWh;2;0.463442156712578;0;0
LatinAmericaandCaribbean;Panama;;;;Powergeneration;Oil;;Location,fueltype;Fuelconsumption;tCO2e/MWh;2;0.809381397776083;0;0
LatinAmericaandCaribbean;Panama;;;;Powergeneration;Otherfossil;;Location,fueltype;Fuelconsumption;tCO2e/MWh;2;1;0;0
LatinAmericaandCaribbean;Panama;;;;Powergeneration;Waste;;Location,fueltype;Fuelconsumption;tCO2e/MWh;2;1.4345724614901;0;0
LatinAmericaandCaribbean;Paraguay;;;;Electricity;Electricityusage;;Location;Electricityconsumption;tCO2e/MWh;2;0;0.02539;0
LatinAmericaandCaribbean;Peru;;;;Electricity;Electricityusage;;Location;Electricityconsumption;tCO2e/MWh;2;0;0.30125;0
LatinAmericaandCaribbean;Peru;;;;Powergeneration;Coal;;Location,fueltype;Fuelconsumption;tCO2e/MWh;2;0.936336126312696;0;0
LatinAmericaandCaribbean;Peru;;;;Powergeneration;Gas;;Location,fueltype;Fuelconsumption;tCO2e/MWh;2;0.560794044665012;0;0
LatinAmericaandCaribbean;Peru;;;;Powergeneration;Oil;;Location,fueltype;Fuelconsumption;tCO2e/MWh;2;0.809381397776083;0;0
LatinAmericaandCaribbean;Peru;;;;Powergeneration;Otherfossil;;Location,fueltype;Fuelconsumption;tCO2e/MWh;2;1;0;0
LatinAmericaandCaribbean;Peru;;;;Powergeneration;Waste;;Location,fueltype;Fuelconsumption;tCO2e/MWh;2;1.4345724614901;0;0
LatinAmericaandCaribbean;PuertoRico;;;;Electricity;Electricityusage;;Location;Electricityconsumption;tCO2e/MWh;2;0;0.71985;0
LatinAmericaandCaribbean;SaintKittsandNevis;;;;Electricity;Electricityusage;;Location;Electricityconsumption;tCO2e/MWh;2;0;0.68182;0
LatinAmericaandCaribbean;SaintLucia;;;;Electricity;Electricityusage;;Location;Electricityconsumption;tCO2e/MWh;2;0;0.68571;0
LatinAmericaandCaribbean;SaintPierreandMiquelon;;;;Electricity;Electricityusage;;Location;Electricityconsumption;tCO2e/MWh;2;0;0.8;0
LatinAmericaandCaribbean;SaintVincentandtheGrenadines;;;;Electricity;Electricityusage;;Location;Electricityconsumption;tCO2e/MWh;2;0;0.5;0
LatinAmericaandCaribbean;Suriname;;;;Electricity;Electricityusage;;Location;Electricityconsumption;tCO2e/MWh;2;0;0.35644;0
LatinAmericaandCaribbean;TrinidadandTobago;;;;Electricity;Electricityusage;;Location;Electricityconsumption;tCO2e/MWh;2;0;0.72414;0
LatinAmericaandCaribbean;TrinidadandTobago;;;;Powergeneration;Coal;;Location,fueltype;Fuelconsumption;tCO2e/MWh;2;0.936336126312696;0;0
LatinAmericaandCaribbean;TrinidadandTobago;;;;Powergeneration;Gas;;Location,fueltype;Fuelconsumption;tCO2e/MWh;2;0.463442156712578;0;0
LatinAmericaandCaribbean;TrinidadandTobago;;;;Powergeneration;Oil;;Location,fueltype;Fuelconsumption;tCO2e/MWh;2;0.809381397776083;0;0
LatinAmericaandCaribbean;TrinidadandTobago;;;;Powergeneration;Otherfossil;;Location,fueltype;Fuelconsumption;tCO2e/MWh;2;1;0;0
LatinAmericaandCaribbean;TrinidadandTobago;;;;Powergeneration;Waste;;Location,fueltype;Fuelconsumption;tCO2e/MWh;2;1.4345724614901;0;0
LatinAmericaandCaribbean;TurksandCaicosIslands(the);;;;Electricity;Electricityusage;;Location;Electricityconsumption;tCO2e/MWh;2;0;0.7037;0
LatinAmericaandCaribbean;Uruguay;;;;Electricity;Electricityusage;;Location;Electricityconsumption;tCO2e/MWh;2;0;0.14949;0
LatinAmericaandCaribbean;Uruguay;;;;Powergeneration;Coal;;Location,fueltype;Fuelconsumption;tCO2e/MWh;2;0.936336126312696;0;0
LatinAmericaandCaribbean;Uruguay;;;;Powergeneration;Gas;;Location,fueltype;Fuelconsumption;tCO2e/MWh;2;0.463442156712578;0;0
LatinAmericaandCaribbean;Uruguay;;;;Powergeneration;Oil;;Location,fueltype;Fuelconsumption;tCO2e/MWh;2;0.809381397776083;0;0
LatinAmericaandCaribbean;Uruguay;;;;Powergeneration;Otherfossil;;Location,fueltype;Fuelconsumption;tCO2e/MWh;2;1;0;0
LatinAmericaandCaribbean;Uruguay;;;;Powergeneration;Waste;;Location,fueltype;Fuelconsumption;tCO2e/MWh;2;1.4345724614901;0;0
LatinAmericaandCaribbean;Venezuela;;;;Powergeneration;Coal;;Location,fueltype;Fuelconsumption;tCO2e/MWh;2;0.936336126312696;0;0
LatinAmericaandCaribbean;Venezuela;;;;Powergeneration;Gas;;Location,fueltype;Fuelconsumption;tCO2e/MWh;2;0.650466950766162;0;0
LatinAmericaandCaribbean;Venezuela;;;;Powergeneration;Oil;;Location,fueltype;Fuelconsumption;tCO2e/MWh;2;0.809381397776083;0;0
LatinAmericaandCaribbean;Venezuela;;;;Powergeneration;Otherfossil;;Location,fueltype;Fuelconsumption;tCO2e/MWh;2;1;0;0
LatinAmericaandCaribbean;Venezuela;;;;Powergeneration;Waste;;Location,fueltype;Fuelconsumption;tCO2e/MWh;2;1.4345724614901;0;0
LatinAmericaandCaribbean;Venezuela(BolivarianRepublicof);;;;Electricity;Electricityusage;;Location;Electricityconsumption;tCO2e/MWh;2;0;0.2985;0
LatinAmericaandCaribbean;VirginIslands(British);;;;Electricity;Electricityusage;;Location;Electricityconsumption;tCO2e/MWh;2;0;0.71429;0
LatinAmericaandCaribbean;VirginIslands(U.S.);;;;Electricity;Electricityusage;;Location;Electricityconsumption;tCO2e/MWh;2;0;0.68571;0
LatinAmericaandCaribbean;;;;;Electricity;Electricityusage;;Location;Electricityconsumption;tCO2e/MWh;2;0;0.26576;0
MiddleEast;Bahrain;;;;Powergeneration;Gas;;Location,fueltype;Fuelconsumption;tCO2e/MWh;2;0.463442156712578;0;0
MiddleEast;Bahrain;;;;Electricity;Electricityusage;;Location;Electricityconsumption;tCO2e/MWh;2;0;0.95655;0
MiddleEast;Bahrain;;;;Powergeneration;Coal;;Location,fueltype;Fuelconsumption;tCO2e/MWh;2;0.936336126312696;0;0
MiddleEast;Bahrain;;;;Powergeneration;Oil;;Location,fueltype;Fuelconsumption;tCO2e/MWh;2;0.809381397776083;0;0
MiddleEast;Bahrain;;;;Powergeneration;Otherfossil;;Location,fueltype;Fuelconsumption;tCO2e/MWh;2;1;0;0
MiddleEast;Bahrain;;;;Powergeneration;Waste;;Location,fueltype;Fuelconsumption;tCO2e/MWh;2;1.4345724614901;0;0
MiddleEast;Cyprus;;;;Electricity;Electricityusage;;Location;Electricityconsumption;tCO2e/MWh;2;0;0.53432;0
MiddleEast;Cyprus;;;;Powergeneration;Coal;;Location,fueltype;Fuelconsumption;tCO2e/MWh;2;0.936336126312696;0;0
MiddleEast;Cyprus;;;;Powergeneration;Gas;;Location,fueltype;Fuelconsumption;tCO2e/MWh;2;0.463442156712578;0;0
MiddleEast;Cyprus;;;;Powergeneration;Oil;;Location,fueltype;Fuelconsumption;tCO2e/MWh;2;0.809381397776083;0;0
MiddleEast;Cyprus;;;;Powergeneration;Otherfossil;;Location,fueltype;Fuelconsumption;tCO2e/MWh;2;1;0;0
MiddleEast;Cyprus;;;;Powergeneration;Waste;;Location,fueltype;Fuelconsumption;tCO2e/MWh;2;1.4345724614901;0;0
MiddleEast;Iran;;;;Powergeneration;Coal;;Location,fueltype;Fuelconsumption;tCO2e/MWh;2;0.936336126312696;0;0
MiddleEast;Iran;;;;Powergeneration;Gas;;Location,fueltype;Fuelconsumption;tCO2e/MWh;2;0.609290851043246;0;0
MiddleEast;Iran;;;;Powergeneration;Oil;;Location,fueltype;Fuelconsumption;tCO2e/MWh;2;0.922547332185886;0;0
MiddleEast;Iran;;;;Powergeneration;Otherfossil;;Location,fueltype;Fuelconsumption;tCO2e/MWh;2;1;0;0
MiddleEast;Iran;;;;Powergeneration;Waste;;Location,fueltype;Fuelconsumption;tCO2e/MWh;2;1.4345724614901;0;0
MiddleEast;Iran(IslamicRepublicof);;;;Electricity;Electricityusage;;Location;Electricityconsumption;tCO2e/MWh;2;0;0.66515;0
MiddleEast;Iraq;;;;Electricity;Electricityusage;;Location;Electricityconsumption;tCO2e/MWh;2;0;0.7081;0
MiddleEast;Iraq;;;;Powergeneration;Coal;;Location,fueltype;Fuelconsumption;tCO2e/MWh;2;0.936336126312696;0;0
MiddleEast;Iraq;;;;Powergeneration;Gas;;Location,fueltype;Fuelconsumption;tCO2e/MWh;2;0.567812528494575;0;0
MiddleEast;Iraq;;;;Powergeneration;Oil;;Location,fueltype;Fuelconsumption;tCO2e/MWh;2;1.32287728619597;0;0
MiddleEast;Iraq;;;;Powergeneration;Otherfossil;;Location,fueltype;Fuelconsumption;tCO2e/MWh;2;1;0;0
MiddleEast;Iraq;;;;Powergeneration;Waste;;Location,fueltype;Fuelconsumption;tCO2e/MWh;2;1.4345724614901;0;0
MiddleEast;Israel;;;;Electricity;Electricityusage;;Location;Electricityconsumption;tCO2e/MWh;2;0;0.64117;0
MiddleEast;Israel;;;;Powergeneration;Coal;;Location,fueltype;Fuelconsumption;tCO2e/MWh;2;0.936336126312696;0;0
MiddleEast;Israel;;;;Powergeneration;Gas;;Location,fueltype;Fuelconsumption;tCO2e/MWh;2;0.396116827082642;0;0
MiddleEast;Israel;;;;Powergeneration;Oil;;Location,fueltype;Fuelconsumption;tCO2e/MWh;2;0.809381397776083;0;0
MiddleEast;Israel;;;;Powergeneration;Otherfossil;;Location,fueltype;Fuelconsumption;tCO2e/MWh;2;1;0;0
MiddleEast;Israel;;;;Powergeneration;Waste;;Location,fueltype;Fuelconsumption;tCO2e/MWh;2;1.4345724614901;0;0
MiddleEast;Jordan;;;;Electricity;Electricityusage;;Location;Electricityconsumption;tCO2e/MWh;2;0;0.57274;0
MiddleEast;Jordan;;;;Powergeneration;Coal;;Location,fueltype;Fuelconsumption;tCO2e/MWh;2;0.936336126312696;0;0
MiddleEast;Jordan;;;;Powergeneration;Gas;;Location,fueltype;Fuelconsumption;tCO2e/MWh;2;0.463442156712578;0;0
MiddleEast;Jordan;;;;Powergeneration;Oil;;Location,fueltype;Fuelconsumption;tCO2e/MWh;2;0.809381397776083;0;0
MiddleEast;Jordan;;;;Powergeneration;Otherfossil;;Location,fueltype;Fuelconsumption;tCO2e/MWh;2;1;0;0
MiddleEast;Jordan;;;;Powergeneration;Waste;;Location,fueltype;Fuelconsumption;tCO2e/MWh;2;1.4345724614901;0;0
MiddleEast;Kuwait;;;;Electricity;Electricityusage;;Location;Electricityconsumption;tCO2e/MWh;2;0;0.64872;0
MiddleEast;Kuwait;;;;Powergeneration;Coal;;Location,fueltype;Fuelconsumption;tCO2e/MWh;2;0.936336126312696;0;0
MiddleEast;Kuwait;;;;Powergeneration;Gas;;Location,fueltype;Fuelconsumption;tCO2e/MWh;2;0.463442156712578;0;0
MiddleEast;Kuwait;;;;Powergeneration;Oil;;Location,fueltype;Fuelconsumption;tCO2e/MWh;2;0.809381397776083;0;0
MiddleEast;Kuwait;;;;Powergeneration;Otherfossil;;Location,fueltype;Fuelconsumption;tCO2e/MWh;2;1;0;0
MiddleEast;Kuwait;;;;Powergeneration;Waste;;Location,fueltype;Fuelconsumption;tCO2e/MWh;2;1.4345724614901;0;0
MiddleEast;Lebanon;;;;Electricity;Electricityusage;;Location;Electricityconsumption;tCO2e/MWh;2;0;0.6631;0
MiddleEast;Lebanon;;;;Powergeneration;Coal;;Location,fueltype;Fuelconsumption;tCO2e/MWh;2;0.936336126312696;0;0
MiddleEast;Lebanon;;;;Powergeneration;Gas;;Location,fueltype;Fuelconsumption;tCO2e/MWh;2;0.463442156712578;0;0
MiddleEast;Lebanon;;;;Powergeneration;Oil;;Location,fueltype;Fuelconsumption;tCO2e/MWh;2;0.809381397776083;0;0
MiddleEast;Lebanon;;;;Powergeneration;Otherfossil;;Location,fueltype;Fuelconsumption;tCO2e/MWh;2;1;0;0
MiddleEast;Lebanon;;;;Powergeneration;Waste;;Location,fueltype;Fuelconsumption;tCO2e/MWh;2;1.4345724614901;0;0
MiddleEast;Oman;;;;Electricity;Electricityusage;;Location;Electricityconsumption;tCO2e/MWh;2;0;0.556;0
MiddleEast;Oman;;;;Powergeneration;Coal;;Location,fueltype;Fuelconsumption;tCO2e/MWh;2;0.936336126312696;0;0
MiddleEast;Oman;;;;Powergeneration;Gas;;Location,fueltype;Fuelconsumption;tCO2e/MWh;2;0.541404042599435;0;0
MiddleEast;Oman;;;;Powergeneration;Oil;;Location,fueltype;Fuelconsumption;tCO2e/MWh;2;0.809381397776083;0;0
MiddleEast;Oman;;;;Powergeneration;Otherfossil;;Location,fueltype;Fuelconsumption;tCO2e/MWh;2;1;0;0
MiddleEast;Oman;;;;Powergeneration;Waste;;Location,fueltype;Fuelconsumption;tCO2e/MWh;2;1.4345724614901;0;0
MiddleEast;Palestine,Stateof;;;;Electricity;Electricityusage;;Location;Electricityconsumption;tCO2e/MWh;2;0;0.51163;0
MiddleEast;Qatar;;;;Electricity;Electricityusage;;Location;Electricityconsumption;tCO2e/MWh;2;0;0.60239;0
MiddleEast;Qatar;;;;Powergeneration;Coal;;Location,fueltype;Fuelconsumption;tCO2e/MWh;2;0.936336126312696;0;0
MiddleEast;Qatar;;;;Powergeneration;Gas;;Location,fueltype;Fuelconsumption;tCO2e/MWh;2;0.502874331550802;0;0
MiddleEast;Qatar;;;;Powergeneration;Oil;;Location,fueltype;Fuelconsumption;tCO2e/MWh;2;0.809381397776083;0;0
MiddleEast;Qatar;;;;Powergeneration;Otherfossil;;Location,fueltype;Fuelconsumption;tCO2e/MWh;2;1;0;0
MiddleEast;Qatar;;;;Powergeneration;Waste;;Location,fueltype;Fuelconsumption;tCO2e/MWh;2;1.4345724614901;0;0
MiddleEast;SaudiArabia;;;;Electricity;Electricityusage;;Location;Electricityconsumption;tCO2e/MWh;2;0;0.70679;0
MiddleEast;SaudiArabia;;;;Powergeneration;Coal;;Location,fueltype;Fuelconsumption;tCO2e/MWh;2;0.936336126312696;0;0
MiddleEast;SaudiArabia;;;;Powergeneration;Gas;;Location,fueltype;Fuelconsumption;tCO2e/MWh;2;0.637970228857461;0;0
MiddleEast;SaudiArabia;;;;Powergeneration;Oil;;Location,fueltype;Fuelconsumption;tCO2e/MWh;2;0.919009864478658;0;0
MiddleEast;SaudiArabia;;;;Powergeneration;Otherfossil;;Location,fueltype;Fuelconsumption;tCO2e/MWh;2;1;0;0
MiddleEast;SaudiArabia;;;;Powergeneration;Waste;;Location,fueltype;Fuelconsumption;tCO2e/MWh;2;1.4345724614901;0;0
MiddleEast;SyrianArabRepublic;;;;Powergeneration;Coal;;Location,fueltype;Fuelconsumption;tCO2e/MWh;2;0.936336126312696;0;0
MiddleEast;SyrianArabRepublic;;;;Powergeneration;Gas;;Location,fueltype;Fuelconsumption;tCO2e/MWh;2;0.463442156712578;0;0
MiddleEast;SyrianArabRepublic;;;;Powergeneration;Oil;;Location,fueltype;Fuelconsumption;tCO2e/MWh;2;0.809381397776083;0;0
MiddleEast;SyrianArabRepublic;;;;Powergeneration;Otherfossil;;Location,fueltype;Fuelconsumption;tCO2e/MWh;2;1;0;0
MiddleEast;SyrianArabRepublic;;;;Powergeneration;Waste;;Location,fueltype;Fuelconsumption;tCO2e/MWh;2;1.4345724614901;0;0
MiddleEast;SyrianArabRepublic(the);;;;Electricity;Electricityusage;;Location;Electricityconsumption;tCO2e/MWh;2;0;0.75835;0
MiddleEast;Turkey;;;;Electricity;Electricityusage;;Location;Electricityconsumption;tCO2e/MWh;2;0;0.46459;0
MiddleEast;Turkey;;;;Powergeneration;Coal;;Location,fueltype;Fuelconsumption;tCO2e/MWh;2;1.00971254580172;0;0
MiddleEast;Turkey;;;;Powergeneration;Gas;;Location,fueltype;Fuelconsumption;tCO2e/MWh;2;0.355401145210062;0;0
MiddleEast;Turkey;;;;Powergeneration;Oil;;Location,fueltype;Fuelconsumption;tCO2e/MWh;2;0.809381397776083;0;0
MiddleEast;Turkey;;;;Powergeneration;Otherfossil;;Location,fueltype;Fuelconsumption;tCO2e/MWh;2;1;0;0
MiddleEast;Turkey;;;;Powergeneration;Waste;;Location,fueltype;Fuelconsumption;tCO2e/MWh;2;1.4345724614901;0;0
MiddleEast;UnitedArabEmirates;;;;Powergeneration;Gas;;Location,fueltype;Fuelconsumption;tCO2e/MWh;2;0.79355841670985;0;0
MiddleEast;UnitedArabEmirates;;;;Electricity;Electricityusage;;Location;Electricityconsumption;tCO2e/MWh;2;0;0.56114;0
MiddleEast;UnitedArabEmirates;;;;Powergeneration;Coal;;Location,fueltype;Fuelconsumption;tCO2e/MWh;2;0.936336126312696;0;0
MiddleEast;UnitedArabEmirates;;;;Powergeneration;Oil;;Location,fueltype;Fuelconsumption;tCO2e/MWh;2;0.809381397776083;0;0
MiddleEast;UnitedArabEmirates;;;;Powergeneration;Otherfossil;;Location,fueltype;Fuelconsumption;tCO2e/MWh;2;1;0;0
MiddleEast;UnitedArabEmirates;;;;Powergeneration;Waste;;Location,fueltype;Fuelconsumption;tCO2e/MWh;2;1.4345724614901;0;0
MiddleEast;Yemen;;;;Electricity;Electricityusage;;Location;Electricityconsumption;tCO2e/MWh;2;0;0.61364;0
MiddleEast;Yemen;;;;Powergeneration;Coal;;Location,fueltype;Fuelconsumption;tCO2e/MWh;2;0.936336126312696;0;0
MiddleEast;Yemen;;;;Powergeneration;Gas;;Location,fueltype;Fuelconsumption;tCO2e/MWh;2;0.463442156712578;0;0
MiddleEast;Yemen;;;;Powergeneration;Oil;;Location,fueltype;Fuelconsumption;tCO2e/MWh;2;0.781372549019608;0;0
MiddleEast;Yemen;;;;Powergeneration;Otherfossil;;Location,fueltype;Fuelconsumption;tCO2e/MWh;2;1;0;0
MiddleEast;Yemen;;;;Powergeneration;Waste;;Location,fueltype;Fuelconsumption;tCO2e/MWh;2;1.4345724614901;0;0
MiddleEast;;;;;Electricity;Electricityusage;;Location;Electricityconsumption;tCO2e/MWh;2;0;0.66783;0
NorthAmerica;Canada;;;;Energy;Electricityuse;Electricitygridmix;Location;Electricity(kWh);gCO2e/kWh;2;0;120;0
NorthAmerica;Canada;Atlanticprovinces;;;Energy;Electricityuse;Electricitygridmix;Location;Electricity(kWh);gCO2e/kWh;2;0;184.46;0
NorthAmerica;Canada;Quebec;;;Energy;Electricityuse;Electricitygridmix;Location;Electricity(kWh);gCO2e/kWh;2;0;1.5;0
NorthAmerica;Canada;Ontario;;;Energy;Electricityuse;Electricitygridmix;Location;Electricity(kWh);gCO2e/kWh;2;0;29;0
NorthAmerica;Canada;Manitoba;;;Energy;Electricityuse;Electricitygridmix;Location;Electricity(kWh);gCO2e/kWh;2;0;1.2;0
NorthAmerica;Canada;Saskatchewan;;;Energy;Electricityuse;Electricitygridmix;Location;Electricity(kWh);gCO2e/kWh;2;0;730;0
NorthAmerica;Canada;Alberta;;;Energy;Electricityuse;Electricitygridmix;Location;Electricity(kWh);gCO2e/kWh;2;0;680;0
NorthAmerica;Canada;BritishColumbiaandTerritories;;;Energy;Electricityuse;Electricitygridmix;Location;Electricity(kWh);gCO2e/kWh;2;0;28.81;0
NorthAmerica;Canada;;;;Powergeneration;Coal;;Location,fueltype;Fuelconsumption;tCO2e/MWh;2;0.939553614361276;0;0
NorthAmerica;Canada;;;;Powergeneration;Gas;;Location,fueltype;Fuelconsumption;tCO2e/MWh;2;0.553901868127015;0;0
NorthAmerica;Canada;;;;Powergeneration;Oil;;Location,fueltype;Fuelconsumption;tCO2e/MWh;2;0.863347457627119;0;0
NorthAmerica;Canada;;;;Powergeneration;Otherfossil;;Location,fueltype;Fuelconsumption;tCO2e/MWh;2;1;0;0
NorthAmerica;Canada;;;;Powergeneration;Waste;;Location,fueltype;Fuelconsumption;tCO2e/MWh;2;1.4345724614901;0;0
NorthAmerica;Greenland;;;;Electricity;Electricityusage;;Location;Electricityconsumption;tCO2e/MWh;2;0;0.13333;0
NorthAmerica;UnitedStatesofAmerica;;;;Electricity;Electricityusage;;Location;Electricityconsumption;tCO2e/MWh;2;0;0.41037;0
NorthAmerica;UnitedStatesofAmerica;Alaska;;;Energy;Electricityuse;Electricitygridmix;Location;Electricity(MWh);lbCO2e/MWh;2;0;966.1;0
NorthAmerica;UnitedStatesofAmerica;Alabama;;;Energy;Electricityuse;Electricitygridmix;Location;Electricity(MWh);lbCO2e/MWh;2;0;721.1;0
NorthAmerica;UnitedStatesofAmerica;Arkansas;;;Energy;Electricityuse;Electricitygridmix;Location;Electricity(MWh);lbCO2e/MWh;2;0;951.3;0
NorthAmerica;UnitedStatesofAmerica;Arizona;;;Energy;Electricityuse;Electricitygridmix;Location;Electricity(MWh);lbCO2e/MWh;2;0;737;0
NorthAmerica;UnitedStatesofAmerica;California;;;Energy;Electricityuse;Electricitygridmix;Location;Electricity(MWh);lbCO2e/MWh;2;0;453.1;0
NorthAmerica;UnitedStatesofAmerica;Colorado;;;Energy;Electricityuse;Electricitygridmix;Location;Electricity(MWh);lbCO2e/MWh;2;0;1219.2;0
NorthAmerica;UnitedStatesofAmerica;Connecticut;;;Energy;Electricityuse;Electricitygridmix;Location;Electricity(MWh);lbCO2e/MWh;2;0;529.8;0
NorthAmerica;UnitedStatesofAmerica;DistrictofColumbia;;;Energy;Electricityuse;Electricitygridmix;Location;Electricity(MWh);lbCO2e/MWh;2;0;801.1;0
NorthAmerica;UnitedStatesofAmerica;Delaware;;;Energy;Electricityuse;Electricitygridmix;Location;Electricity(MWh);lbCO2e/MWh;2;0;755;0
NorthAmerica;UnitedStatesofAmerica;Florida;;;Energy;Electricityuse;Electricitygridmix;Location;Electricity(MWh);lbCO2e/MWh;2;0;842.2;0
NorthAmerica;UnitedStatesofAmerica;Georgia;;;Energy;Electricityuse;Electricitygridmix;Location;Electricity(MWh);lbCO2e/MWh;2;0;723.5;0
NorthAmerica;UnitedStatesofAmerica;Hawaii;;;Energy;Electricityuse;Electricitygridmix;Location;Electricity(MWh);lbCO2e/MWh;2;0;1526.5;0
NorthAmerica;UnitedStatesofAmerica;Iowa;;;Energy;Electricityuse;Electricitygridmix;Location;Electricity(MWh);lbCO2e/MWh;2;0;615.2;0
NorthAmerica;UnitedStatesofAmerica;Idaho;;;Energy;Electricityuse;Electricitygridmix;Location;Electricity(MWh);lbCO2e/MWh;2;0;213.4;0
NorthAmerica;UnitedStatesofAmerica;Illinois;;;Energy;Electricityuse;Electricitygridmix;Location;Electricity(MWh);lbCO2e/MWh;2;0;556.4;0
NorthAmerica;UnitedStatesofAmerica;Indiana;;;Energy;Electricityuse;Electricitygridmix;Location;Electricity(MWh);lbCO2e/MWh;2;0;1549.5;0
NorthAmerica;UnitedStatesofAmerica;Kansas;;;Energy;Electricityuse;Electricitygridmix;Location;Electricity(MWh);lbCO2e/MWh;2;0;804.2;0
NorthAmerica;UnitedStatesofAmerica;Kentucky;;;Energy;Electricityuse;Electricitygridmix;Location;Electricity(MWh);lbCO2e/MWh;2;0;1684.9;0
NorthAmerica;UnitedStatesofAmerica;Louisiana;;;Energy;Electricityuse;Electricitygridmix;Location;Electricity(MWh);lbCO2e/MWh;2;0;761.7;0
NorthAmerica;UnitedStatesofAmerica;Massachusetts;;;Energy;Electricityuse;Electricitygridmix;Location;Electricity(MWh);lbCO2e/MWh;2;0;879.9;0
NorthAmerica;UnitedStatesofAmerica;Maryland;;;Energy;Electricityuse;Electricitygridmix;Location;Electricity(MWh);lbCO2e/MWh;2;0;645.3;0
NorthAmerica;UnitedStatesofAmerica;Maine;;;Energy;Electricityuse;Electricitygridmix;Location;Electricity(MWh);lbCO2e/MWh;2;0;228.2;0
NorthAmerica;UnitedStatesofAmerica;Michigan;;;Energy;Electricityuse;Electricitygridmix;Location;Electricity(MWh);lbCO2e/MWh;2;0;938;0
NorthAmerica;UnitedStatesofAmerica;Minnesota;;;Energy;Electricityuse;Electricitygridmix;Location;Electricity(MWh);lbCO2e/MWh;2;0;770.4;0
NorthAmerica;UnitedStatesofAmerica;Missouri;;;Energy;Electricityuse;Electricitygridmix;Location;Electricity(MWh);lbCO2e/MWh;2;0;1618.4;0
NorthAmerica;UnitedStatesofAmerica;Mississippi;;;Energy;Electricityuse;Electricitygridmix;Location;Electricity(MWh);lbCO2e/MWh;2;0;894.1;0
NorthAmerica;UnitedStatesofAmerica;Montana;;;Energy;Electricityuse;Electricitygridmix;Location;Electricity(MWh);lbCO2e/MWh;2;0;912.6;0
NorthAmerica;UnitedStatesofAmerica;NorthCarolina;;;Energy;Electricityuse;Electricitygridmix;Location;Electricity(MWh);lbCO2e/MWh;2;0;648.4;0
NorthAmerica;UnitedStatesofAmerica;NorthDakota;;;Energy;Electricityuse;Electricitygridmix;Location;Electricity(MWh);lbCO2e/MWh;2;0;1388.1;0
NorthAmerica;UnitedStatesofAmerica;Nebraska;;;Energy;Electricityuse;Electricitygridmix;Location;Electricity(MWh);lbCO2e/MWh;2;0;1200.7;0
NorthAmerica;UnitedStatesofAmerica;NewHampshire;;;Energy;Electricityuse;Electricitygridmix;Location;Electricity(MWh);lbCO2e/MWh;2;0;247.9;0
NorthAmerica;UnitedStatesofAmerica;NewJersey;;;Energy;Electricityuse;Electricitygridmix;Location;Electricity(MWh);lbCO2e/MWh;2;0;492.3;0
NorthAmerica;UnitedStatesofAmerica;NewMexico;;;Energy;Electricityuse;Electricitygridmix;Location;Electricity(MWh);lbCO2e/MWh;2;0;1259.9;0
NorthAmerica;UnitedStatesofAmerica;Nevada;;;Energy;Electricityuse;Electricitygridmix;Location;Electricity(MWh);lbCO2e/MWh;2;0;716.6;0
NorthAmerica;UnitedStatesofAmerica;NewYork;;;Energy;Electricityuse;Electricitygridmix;Location;Electricity(MWh);lbCO2e/MWh;2;0;416.7;0
NorthAmerica;UnitedStatesofAmerica;Ohio;;;Energy;Electricityuse;Electricitygridmix;Location;Electricity(MWh);lbCO2e/MWh;2;0;1253.3;0
NorthAmerica;UnitedStatesofAmerica;Oklahoma;;;Energy;Electricityuse;Electricitygridmix;Location;Electricity(MWh);lbCO2e/MWh;2;0;708.7;0
NorthAmerica;UnitedStatesofAmerica;Oregon;;;Energy;Electricityuse;Electricitygridmix;Location;Electricity(MWh);lbCO2e/MWh;2;0;341.6;0
NorthAmerica;UnitedStatesofAmerica;Pennsylvania;;;Energy;Electricityuse;Electricitygridmix;Location;Electricity(MWh);lbCO2e/MWh;2;0;697.5;0
NorthAmerica;UnitedStatesofAmerica;PuertoRico;;;Energy;Electricityuse;Electricitygridmix;Location;Electricity(MWh);lbCO2e/MWh;2;0;1608.5;0
NorthAmerica;UnitedStatesofAmerica;RhodeIsland;;;Energy;Electricityuse;Electricitygridmix;Location;Electricity(MWh);lbCO2e/MWh;2;0;827.6;0
NorthAmerica;UnitedStatesofAmerica;SouthCarolina;;;Energy;Electricityuse;Electricitygridmix;Location;Electricity(MWh);lbCO2e/MWh;2;0;513.9;0
NorthAmerica;UnitedStatesofAmerica;SouthDakota;;;Energy;Electricityuse;Electricitygridmix;Location;Electricity(MWh);lbCO2e/MWh;2;0;340.6;0
NorthAmerica;UnitedStatesofAmerica;Tennessee;;;Energy;Electricityuse;Electricitygridmix;Location;Electricity(MWh);lbCO2e/MWh;2;0;571.4;0
NorthAmerica;UnitedStatesofAmerica;Texas;;;Energy;Electricityuse;Electricitygridmix;Location;Electricity(MWh);lbCO2e/MWh;2;0;857.5;0
NorthAmerica;UnitedStatesofAmerica;Utah;;;Energy;Electricityuse;Electricitygridmix;Location;Electricity(MWh);lbCO2e/MWh;2;0;1565.8;0
NorthAmerica;UnitedStatesofAmerica;Virginia;;;Energy;Electricityuse;Electricitygridmix;Location;Electricity(MWh);lbCO2e/MWh;2;0;644.8;0
NorthAmerica;UnitedStatesofAmerica;Vermont;;;Energy;Electricityuse;Electricitygridmix;Location;Electricity(MWh);lbCO2e/MWh;2;0;30.3;0
NorthAmerica;UnitedStatesofAmerica;Washington;;;Energy;Electricityuse;Electricitygridmix;Location;Electricity(MWh);lbCO2e/MWh;2;0;213.3;0
NorthAmerica;UnitedStatesofAmerica;Wisconsin;;;Energy;Electricityuse;Electricitygridmix;Location;Electricity(MWh);lbCO2e/MWh;2;0;1192;0
NorthAmerica;UnitedStatesofAmerica;WestVirginia;;;Energy;Electricityuse;Electricitygridmix;Location;Electricity(MWh);lbCO2e/MWh;2;0;1924.7;0
NorthAmerica;UnitedStatesofAmerica;Wyoming;;;Energy;Electricityuse;Electricitygridmix;Location;Electricity(MWh);lbCO2e/MWh;2;0;1990.1;0
NorthAmerica;UnitedStatesofAmerica;;;;Powergeneration;Coal;;Location,fueltype;Fuelconsumption;tCO2e/MWh;2;0.933663169033925;0;0
NorthAmerica;UnitedStatesofAmerica;;;;Powergeneration;Gas;;Location,fueltype;Fuelconsumption;tCO2e/MWh;2;0.380722399791964;0;0
NorthAmerica;UnitedStatesofAmerica;;;;Powergeneration;Oil;;Location,fueltype;Fuelconsumption;tCO2e/MWh;2;0.680022070370528;0;0
NorthAmerica;UnitedStatesofAmerica;;;;Powergeneration;Otherfossil;;Location,fueltype;Fuelconsumption;tCO2e/MWh;2;1;0;0
NorthAmerica;UnitedStatesofAmerica;;;;Powergeneration;Waste;;Location,fueltype;Fuelconsumption;tCO2e/MWh;2;1.4345724614901;0;0
NorthAmerica;;;;;Electricity;Electricityusage;;Location;Electricityconsumption;tCO2e/MWh;2;0;0.37714;0
Oceania;;;;;Electricity;Electricityusage;;Location;Electricityconsumption;tCO2e/MWh;2;0;0.50709;0
OECD;;;;;Electricity;Electricityusage;;Location;Electricityconsumption;tCO2e/MWh;2;0;0.37028;0
World;;;;;Electricity;Electricityusage;;Location;Electricityconsumption;tCO2e/MWh;2;0;0.49033;0
;;;DEFRAmaterials;;Construction;Aggregates;Closed-loop;Materialtype,disposaltype;Amountofmaterialdisposed;kgCO2e/t;3;0;0;0.984911723241611
;;;DEFRAmaterials;;Construction;Aggregates;Closed-loopsource;Materialtype,productiontype;Amountofmaterialproduced;kgCO2e/t;3;0;0;3.19491172324161
;;;DEFRAmaterials;;Construction;Aggregates;Landfill;Materialtype,disposaltype;Amountofmaterialdisposed;kgCO2e/t;3;0;0;1.23401391005369
;;;DEFRAmaterials;;Construction;Aggregates;Open-loop;Materialtype,disposaltype;Amountofmaterialdisposed;kgCO2e/t;3;0;0;0.984911723241611
;;;DEFRAmaterials;;Construction;Aggregates;PrimarymaterialProduction;Materialtype,productiontype;Amountofmaterialproduced;kgCO2e/t;3;0;0;7.75137999035571
;;;DEFRAmaterials;;Construction;Aggregates;Re-used;Materialtype,productiontype;Amountofmaterialproduced;kgCO2e/t;3;0;0;2.21
;;;DEFRAmaterials;;Construction;Asbestos;Landfill;Materialtype,disposaltype;Amountofmaterialdisposed;kgCO2e/t;3;0;0;5.91332289475053
;;;DEFRAmaterials;;Construction;Asbestos;PrimarymaterialProduction;Materialtype,productiontype;Amountofmaterialproduced;kgCO2e/t;3;0;0;27
;;;DEFRAmaterials;;Construction;Asphalt;Closed-loop;Materialtype,disposaltype;Amountofmaterialdisposed;kgCO2e/t;3;0;0;0.984911723241611
;;;DEFRAmaterials;;Construction;Asphalt;Closed-loopsource;Materialtype,productiontype;Amountofmaterialproduced;kgCO2e/t;3;0;0;28.6549117232416
;;;DEFRAmaterials;;Construction;Asphalt;Landfill;Materialtype,disposaltype;Amountofmaterialdisposed;kgCO2e/t;3;0;0;1.23401391005369
;;;DEFRAmaterials;;Construction;Asphalt;Open-loop;Materialtype,disposaltype;Amountofmaterialdisposed;kgCO2e/t;3;0;0;0.984911723241611
;;;DEFRAmaterials;;Construction;Asphalt;PrimarymaterialProduction;Materialtype,productiontype;Amountofmaterialproduced;kgCO2e/t;3;0;0;39.212491828578
;;;DEFRAmaterials;;Construction;Asphalt;Re-used;Materialtype,productiontype;Amountofmaterialproduced;kgCO2e/t;3;0;0;1.73826086956522
;;;DEFRAmaterials;;Construction;Averageconstruction;Closed-loop;Materialtype,disposaltype;Amountofmaterialdisposed;kgCO2e/t;3;0;0;0.984911723241611
;;;DEFRAmaterials;;Construction;Averageconstruction;Combustion;Materialtype,disposaltype;Amountofmaterialdisposed;kgCO2e/t;3;0;0;21.2808072368763
;;;DEFRAmaterials;;Construction;Averageconstruction;Open-loop;Materialtype,disposaltype;Amountofmaterialdisposed;kgCO2e/t;3;0;0;0.984911723241611
;;;DEFRAmaterials;;Construction;Averageconstruction;PrimarymaterialProduction;Materialtype,productiontype;Amountofmaterialproduced;kgCO2e/t;3;0;0;80.2128180645218
;;;DEFRAmaterials;;Construction;Bricks;Landfill;Materialtype,disposaltype;Amountofmaterialdisposed;kgCO2e/t;3;0;0;1.23401391005369
;;;DEFRAmaterials;;Construction;Bricks;Open-loop;Materialtype,disposaltype;Amountofmaterialdisposed;kgCO2e/t;3;0;0;0.984911723241611
;;;DEFRAmaterials;;Construction;Bricks;PrimarymaterialProduction;Materialtype,productiontype;Amountofmaterialproduced;kgCO2e/t;3;0;0;241.751379990356
;;;DEFRAmaterials;;Construction;Concrete;Closed-loop;Materialtype,disposaltype;Amountofmaterialdisposed;kgCO2e/t;3;0;0;0.984911723241611
;;;DEFRAmaterials;;Construction;Concrete;Closed-loopsource;Materialtype,productiontype;Amountofmaterialproduced;kgCO2e/t;3;0;0;3.19491172324161
;;;DEFRAmaterials;;Construction;Concrete;Landfill;Materialtype,disposaltype;Amountofmaterialdisposed;kgCO2e/t;3;0;0;1.23401391005369
;;;DEFRAmaterials;;Construction;Concrete;Open-loop;Materialtype,disposaltype;Amountofmaterialdisposed;kgCO2e/t;3;0;0;0.984911723241611
;;;DEFRAmaterials;;Construction;Concrete;PrimarymaterialProduction;Materialtype,productiontype;Amountofmaterialproduced;kgCO2e/t;3;0;0;131.751379990356
;;;DEFRAmaterials;;Construction;Insulation;Closed-loop;Materialtype,disposaltype;Amountofmaterialdisposed;kgCO2e/t;3;0;0;0.984911723241611
;;;DEFRAmaterials;;Construction;Insulation;Closed-loopsource;Materialtype,productiontype;Amountofmaterialproduced;kgCO2e/t;3;0;0;1852.08125316178
;;;DEFRAmaterials;;Construction;Insulation;Landfill;Materialtype,disposaltype;Amountofmaterialdisposed;kgCO2e/t;3;0;0;1.23401391005369
;;;DEFRAmaterials;;Construction;Insulation;PrimarymaterialProduction;Materialtype,productiontype;Amountofmaterialproduced;kgCO2e/t;3;0;0;1861.75137999036
;;;DEFRAmaterials;;Construction;Metals;Closed-loop;Materialtype,disposaltype;Amountofmaterialdisposed;kgCO2e/t;3;0;0;0.984911723241611
;;;DEFRAmaterials;;Construction;Metals;Closed-loopsource;Materialtype,productiontype;Amountofmaterialproduced;kgCO2e/t;3;0;0;1558.94893966345
;;;DEFRAmaterials;;Construction;Metals;Landfill;Materialtype,disposaltype;Amountofmaterialdisposed;kgCO2e/t;3;0;0;1.2643491
;;;DEFRAmaterials;;Construction;Metals;PrimarymaterialProduction;Materialtype,productiontype;Amountofmaterialproduced;kgCO2e/t;3;0;0;4005.137774724
;;;DEFRAmaterials;;Construction;Mineraloil;Closed-loop;Materialtype,disposaltype;Amountofmaterialdisposed;kgCO2e/t;3;0;0;21.2808072368763
;;;DEFRAmaterials;;Construction;Mineraloil;Closed-loopsource;Materialtype,productiontype;Amountofmaterialproduced;kgCO2e/t;3;0;0;676
;;;DEFRAmaterials;;Construction;Mineraloil;Combustion;Materialtype,disposaltype;Amountofmaterialdisposed;kgCO2e/t;3;0;0;21.2808072368763
;;;DEFRAmaterials;;Construction;Mineraloil;PrimarymaterialProduction;Materialtype,productiontype;Amountofmaterialproduced;kgCO2e/t;3;0;0;1401
;;;DEFRAmaterials;;Construction;Plasterboard;Closed-loop;Materialtype,disposaltype;Amountofmaterialdisposed;kgCO2e/t;3;0;0;21.2808072368763
;;;DEFRAmaterials;;Construction;Plasterboard;Closed-loopsource;Materialtype,productiontype;Amountofmaterialproduced;kgCO2e/t;3;0;0;32.17
;;;DEFRAmaterials;;Construction;Plasterboard;Landfill;Materialtype,disposaltype;Amountofmaterialdisposed;kgCO2e/t;3;0;0;71.95
;;;DEFRAmaterials;;Construction;Plasterboard;PrimarymaterialProduction;Materialtype,productiontype;Amountofmaterialproduced;kgCO2e/t;3;0;0;120.05
;;;DEFRAmaterials;;Construction;Soils;Closed-loop;Materialtype,disposaltype;Amountofmaterialdisposed;kgCO2e/t;3;0;0;0.984911723241611
;;;DEFRAmaterials;;Construction;Soils;Closed-loopsource;Materialtype,productiontype;Amountofmaterialproduced;kgCO2e/t;3;0;0;0.984911723241611
;;;DEFRAmaterials;;Construction;Soils;Landfill;Materialtype,disposaltype;Amountofmaterialdisposed;kgCO2e/t;3;0;0;19.5173413381984
;;;DEFRAmaterials;;Construction;Tyres;Closed-loop;Materialtype,disposaltype;Amountofmaterialdisposed;kgCO2e/t;3;0;0;21.2808072368763
;;;DEFRAmaterials;;Construction;Tyres;PrimarymaterialProduction;Materialtype,productiontype;Amountofmaterialproduced;kgCO2e/t;3;0;0;3335.57189971429
;;;DEFRAmaterials;;Construction;Tyres;Re-used;Materialtype,productiontype;Amountofmaterialproduced;kgCO2e/t;3;0;0;731.217889848
;;;DEFRAmaterials;;Construction;Wood;Closed-loop;Materialtype,disposaltype;Amountofmaterialdisposed;kgCO2e/t;3;0;0;21.2808072368763
;;;DEFRAmaterials;;Construction;Wood;Closed-loopsource;Materialtype,productiontype;Amountofmaterialproduced;kgCO2e/t;3;0;0;112.969683723424
;;;DEFRAmaterials;;Construction;Wood;Combustion;Materialtype,disposaltype;Amountofmaterialdisposed;kgCO2e/t;3;0;0;21.2808072368763
;;;DEFRAmaterials;;Construction;Wood;Composting;Materialtype,disposaltype;Amountofmaterialdisposed;kgCO2e/t;3;0;0;8.912421710629
;;;DEFRAmaterials;;Construction;Wood;Landfill;Materialtype,disposaltype;Amountofmaterialdisposed;kgCO2e/t;3;0;0;925.244500830241
;;;DEFRAmaterials;;Construction;Wood;PrimarymaterialProduction;Materialtype,productiontype;Amountofmaterialproduced;kgCO2e/t;3;0;0;312.611780172903
;;;DEFRAmaterials;;Construction;Wood;Re-used;Materialtype,productiontype;Amountofmaterialproduced;kgCO2e/t;3;0;0;38.5428791107469
;;;DEFRAmaterials;;Electricalitems;Batteries;Landfill;Materialtype,disposaltype;Amountofmaterialdisposed;kgCO2e/t;3;0;0;8.88413013162686
;;;DEFRAmaterials;;Electricalitems;Batteries;Open-loop;Materialtype,disposaltype;Amountofmaterialdisposed;kgCO2e/t;3;0;0;21.2808072368763
;;;DEFRAmaterials;;Electricalitems;Batteries-Alkaline;PrimarymaterialProduction;Materialtype,productiontype;Amountofmaterialproduced;kgCO2e/t;3;0;0;4633.47826086957
;;;DEFRAmaterials;;Electricalitems;Batteries-Liion;PrimarymaterialProduction;Materialtype,productiontype;Amountofmaterialproduced;kgCO2e/t;3;0;0;6308
;;;DEFRAmaterials;;Electricalitems;Batteries-NiMh;PrimarymaterialProduction;Materialtype,productiontype;Amountofmaterialproduced;kgCO2e/t;3;0;0;28380
;;;DEFRAmaterials;;Electricalitems;Electricalitems-fridgesandfreezers;PrimarymaterialProduction;Materialtype,productiontype;Amountofmaterialproduced;kgCO2e/t;3;0;0;4363.33333333333
;;;DEFRAmaterials;;Electricalitems;Electricalitems-IT;PrimarymaterialProduction;Materialtype,productiontype;Amountofmaterialproduced;kgCO2e/t;3;0;0;24865.4755648975
;;;DEFRAmaterials;;Electricalitems;Electricalitems-large;PrimarymaterialProduction;Materialtype,productiontype;Amountofmaterialproduced;kgCO2e/t;3;0;0;3267
;;;DEFRAmaterials;;Electricalitems;Electricalitems-small;PrimarymaterialProduction;Materialtype,productiontype;Amountofmaterialproduced;kgCO2e/t;3;0;0;5647.94563399524
;;;DEFRAmaterials;;Electricalitems;WEEE-fridgesandfreezers;Landfill;Materialtype,disposaltype;Amountofmaterialdisposed;kgCO2e/t;3;0;0;8.88413013162686
;;;DEFRAmaterials;;Electricalitems;WEEE-fridgesandfreezers;Open-loop;Materialtype,disposaltype;Amountofmaterialdisposed;kgCO2e/t;3;0;0;21.2808072368763
;;;DEFRAmaterials;;Electricalitems;WEEE-large;Combustion;Materialtype,disposaltype;Amountofmaterialdisposed;kgCO2e/t;3;0;0;21.2808072368763
;;;DEFRAmaterials;;Electricalitems;WEEE-large;Landfill;Materialtype,disposaltype;Amountofmaterialdisposed;kgCO2e/t;3;0;0;8.88413013162686
;;;DEFRAmaterials;;Electricalitems;WEEE-large;Open-loop;Materialtype,disposaltype;Amountofmaterialdisposed;kgCO2e/t;3;0;0;21.2808072368763
;;;DEFRAmaterials;;Electricalitems;WEEE-mixed;Combustion;Materialtype,disposaltype;Amountofmaterialdisposed;kgCO2e/t;3;0;0;21.2808072368763
;;;DEFRAmaterials;;Electricalitems;WEEE-mixed;Landfill;Materialtype,disposaltype;Amountofmaterialdisposed;kgCO2e/t;3;0;0;8.88413013162686
;;;DEFRAmaterials;;Electricalitems;WEEE-mixed;Open-loop;Materialtype,disposaltype;Amountofmaterialdisposed;kgCO2e/t;3;0;0;21.2808072368763
;;;DEFRAmaterials;;Electricalitems;WEEE-small;Combustion;Materialtype,disposaltype;Amountofmaterialdisposed;kgCO2e/t;3;0;0;21.2808072368763
;;;DEFRAmaterials;;Electricalitems;WEEE-small;Landfill;Materialtype,disposaltype;Amountofmaterialdisposed;kgCO2e/t;3;0;0;8.88413013162686
;;;DEFRAmaterials;;Electricalitems;WEEE-small;Open-loop;Materialtype,disposaltype;Amountofmaterialdisposed;kgCO2e/t;3;0;0;21.2808072368763
;;;DEFRAmaterials;;Metal;Metal:aluminiumcansandfoil(excl.forming);Closed-loop;Materialtype,disposaltype;Amountofmaterialdisposed;kgCO2e/t;3;0;0;21.2808072368763
;;;DEFRAmaterials;;Metal;Metal:aluminiumcansandfoil(excl.forming);Closed-loopsource;Materialtype,productiontype;Amountofmaterialproduced;kgCO2e/t;3;0;0;990.478097809396
;;;DEFRAmaterials;;Metal;Metal:aluminiumcansandfoil(excl.forming);Combustion;Materialtype,disposaltype;Amountofmaterialdisposed;kgCO2e/t;3;0;0;21.2808072368763
;;;DEFRAmaterials;;Metal;Metal:aluminiumcansandfoil(excl.forming);Landfill;Materialtype,disposaltype;Amountofmaterialdisposed;kgCO2e/t;3;0;0;8.88413013162686
;;;DEFRAmaterials;;Metal;Metal:aluminiumcansandfoil(excl.forming);Open-loop;Materialtype,disposaltype;Amountofmaterialdisposed;kgCO2e/t;3;0;0;21.2808072368763
;;;DEFRAmaterials;;Metal;Metal:aluminiumcansandfoil(excl.forming);PrimarymaterialProduction;Materialtype,productiontype;Amountofmaterialproduced;kgCO2e/t;3;0;0;9108.72730851007
;;;DEFRAmaterials;;Metal;Metal:mixedcans;Closed-loop;Materialtype,disposaltype;Amountofmaterialdisposed;kgCO2e/t;3;0;0;21.2808072368763
;;;DEFRAmaterials;;Metal;Metal:mixedcans;Closed-loopsource;Materialtype,productiontype;Amountofmaterialproduced;kgCO2e/t;3;0;0;1461.67759265783
;;;DEFRAmaterials;;Metal;Metal:mixedcans;Combustion;Materialtype,disposaltype;Amountofmaterialdisposed;kgCO2e/t;3;0;0;21.2808072368763
;;;DEFRAmaterials;;Metal;Metal:mixedcans;Landfill;Materialtype,disposaltype;Amountofmaterialdisposed;kgCO2e/t;3;0;0;8.88413013162686
;;;DEFRAmaterials;;Metal;Metal:mixedcans;Open-loop;Materialtype,disposaltype;Amountofmaterialdisposed;kgCO2e/t;3;0;0;21.2808072368763
;;;DEFRAmaterials;;Metal;Metal:mixedcans;PrimarymaterialProduction;Materialtype,productiontype;Amountofmaterialproduced;kgCO2e/t;3;0;0;5254.64730851007
;;;DEFRAmaterials;;Metal;Metal:scrapmetal;Closed-loop;Materialtype,disposaltype;Amountofmaterialdisposed;kgCO2e/t;3;0;0;21.2808072368763
;;;DEFRAmaterials;;Metal;Metal:scrapmetal;Closed-loopsource;Materialtype,productiontype;Amountofmaterialproduced;kgCO2e/t;3;0;0;1620.27606266469
;;;DEFRAmaterials;;Metal;Metal:scrapmetal;Combustion;Materialtype,disposaltype;Amountofmaterialdisposed;kgCO2e/t;3;0;0;21.2808072368763
;;;DEFRAmaterials;;Metal;Metal:scrapmetal;Landfill;Materialtype,disposaltype;Amountofmaterialdisposed;kgCO2e/t;3;0;0;8.88413013162686
;;;DEFRAmaterials;;Metal;Metal:scrapmetal;Open-loop;Materialtype,disposaltype;Amountofmaterialdisposed;kgCO2e/t;3;0;0;21.2808072368763
;;;DEFRAmaterials;;Metal;Metal:scrapmetal;PrimarymaterialProduction;Materialtype,productiontype;Amountofmaterialproduced;kgCO2e/t;3;0;0;3669.43614635367
;;;DEFRAmaterials;;Metal;Metal:steelcans;Closed-loop;Materialtype,disposaltype;Amountofmaterialdisposed;kgCO2e/t;3;0;0;21.2808072368763
;;;DEFRAmaterials;;Metal;Metal:steelcans;Closed-loopsource;Materialtype,productiontype;Amountofmaterialproduced;kgCO2e/t;3;0;0;1726.72730851007
;;;DEFRAmaterials;;Metal;Metal:steelcans;Combustion;Materialtype,disposaltype;Amountofmaterialdisposed;kgCO2e/t;3;0;0;21.2808072368763
;;;DEFRAmaterials;;Metal;Metal:steelcans;Landfill;Materialtype,disposaltype;Amountofmaterialdisposed;kgCO2e/t;3;0;0;8.88413013162686
;;;DEFRAmaterials;;Metal;Metal:steelcans;Open-loop;Materialtype,disposaltype;Amountofmaterialdisposed;kgCO2e/t;3;0;0;21.2808072368763
;;;DEFRAmaterials;;Metal;Metal:steelcans;PrimarymaterialProduction;Materialtype,productiontype;Amountofmaterialproduced;kgCO2e/t;3;0;0;3086.72730851007
;;;DEFRAmaterials;;Organic;Compostderivedfromfoodandgardenwaste;PrimarymaterialProduction;Materialtype,productiontype;Amountofmaterialproduced;kgCO2e/t;3;0;0;114.834046710629
;;;DEFRAmaterials;;Organic;Compostderivedfromgardenwaste;PrimarymaterialProduction;Materialtype,productiontype;Amountofmaterialproduced;kgCO2e/t;3;0;0;112.017421710629
;;;DEFRAmaterials;;Other;Books;Closed-loop;Materialtype,disposaltype;Amountofmaterialdisposed;kgCO2e/t;3;0;0;21.0731007751938
;;;DEFRAmaterials;;Other;Books;Combustion;Materialtype,disposaltype;Amountofmaterialdisposed;kgCO2e/t;3;0;0;21.0731007751938
;;;DEFRAmaterials;;Other;Books;Composting;Materialtype,disposaltype;Amountofmaterialdisposed;kgCO2e/t;3;0;0;8.2893023255814
;;;DEFRAmaterials;;Other;Books;Landfill;Materialtype,disposaltype;Amountofmaterialdisposed;kgCO2e/t;3;0;0;1164.09963454402
;;;DEFRAmaterials;;Other;Clothing;Closed-loop;Materialtype,disposaltype;Amountofmaterialdisposed;kgCO2e/t;3;0;0;21.2808072368763
;;;DEFRAmaterials;;Other;Clothing;Combustion;Materialtype,disposaltype;Amountofmaterialdisposed;kgCO2e/t;3;0;0;21.2808072368763
;;;DEFRAmaterials;;Other;Clothing;Landfill;Materialtype,disposaltype;Amountofmaterialdisposed;kgCO2e/t;3;0;0;496.683305914528
;;;DEFRAmaterials;;Other;Clothing;PrimarymaterialProduction;Materialtype,productiontype;Amountofmaterialproduced;kgCO2e/t;3;0;0;22310
;;;DEFRAmaterials;;Other;Clothing;Re-used;Materialtype,productiontype;Amountofmaterialproduced;kgCO2e/t;3;0;0;152.25
;;;DEFRAmaterials;;Other;Foodanddrink;PrimarymaterialProduction;Materialtype,productiontype;Amountofmaterialproduced;kgCO2e/t;3;0;0;3701.4035930512
;;;DEFRAmaterials;;Other;Glass;Closed-loop;Materialtype,disposaltype;Amountofmaterialdisposed;kgCO2e/t;3;0;0;21.2808072368763
;;;DEFRAmaterials;;Other;Glass;Closed-loopsource;Materialtype,productiontype;Amountofmaterialproduced;kgCO2e/t;3;0;0;823.189539185347
;;;DEFRAmaterials;;Other;Glass;Combustion;Materialtype,disposaltype;Amountofmaterialdisposed;kgCO2e/t;3;0;0;21.2808072368763
;;;DEFRAmaterials;;Other;Glass;Landfill;Materialtype,disposaltype;Amountofmaterialdisposed;kgCO2e/t;3;0;0;8.88413013162686
;;;DEFRAmaterials;;Other;Glass;Open-loop;Materialtype,disposaltype;Amountofmaterialdisposed;kgCO2e/t;3;0;0;21.2808072368763
;;;DEFRAmaterials;;Other;Glass;PrimarymaterialProduction;Materialtype,productiontype;Amountofmaterialproduced;kgCO2e/t;3;0;0;1402.76666666667
;;;DEFRAmaterials;;Paper;Paperandboard:board;Closed-loop;Materialtype,disposaltype;Amountofmaterialdisposed;kgCO2e/t;3;0;0;21.2808072368763
;;;DEFRAmaterials;;Paper;Paperandboard:board;Closed-loopsource;Materialtype,productiontype;Amountofmaterialproduced;kgCO2e/t;3;0;0;699.881836018945
;;;DEFRAmaterials;;Paper;Paperandboard:board;Combustion;Materialtype,disposaltype;Amountofmaterialdisposed;kgCO2e/t;3;0;0;21.2808072368763
;;;DEFRAmaterials;;Paper;Paperandboard:board;Composting;Materialtype,disposaltype;Amountofmaterialdisposed;kgCO2e/t;3;0;0;8.912421710629
;;;DEFRAmaterials;;Paper;Paperandboard:board;Landfill;Materialtype,disposaltype;Amountofmaterialdisposed;kgCO2e/t;3;0;0;1164.39042359037
;;;DEFRAmaterials;;Paper;Paperandboard:board;PrimarymaterialProduction;Materialtype,productiontype;Amountofmaterialproduced;kgCO2e/t;3;0;0;801.521765498105
;;;DEFRAmaterials;;Paper;Paperandboard:mixed;Closed-loop;Materialtype,disposaltype;Amountofmaterialdisposed;kgCO2e/t;3;0;0;21.2808072368763
;;;DEFRAmaterials;;Paper;Paperandboard:mixed;Closed-loopsource;Materialtype,productiontype;Amountofmaterialproduced;kgCO2e/t;3;0;0;718.569373160418
;;;DEFRAmaterials;;Paper;Paperandboard:mixed;Combustion;Materialtype,disposaltype;Amountofmaterialdisposed;kgCO2e/t;3;0;0;21.2808072368763
;;;DEFRAmaterials;;Paper;Paperandboard:mixed;Composting;Materialtype,disposaltype;Amountofmaterialdisposed;kgCO2e/t;3;0;0;8.912421710629
;;;DEFRAmaterials;;Paper;Paperandboard:mixed;Landfill;Materialtype,disposaltype;Amountofmaterialdisposed;kgCO2e/t;3;0;0;1164.39042359037
;;;DEFRAmaterials;;Paper;Paperandboard:mixed;PrimarymaterialProduction;Materialtype,productiontype;Amountofmaterialproduced;kgCO2e/t;3;0;0;868.069944514582
;;;DEFRAmaterials;;Paper;Paperandboard:paper;Closed-loop;Materialtype,disposaltype;Amountofmaterialdisposed;kgCO2e/t;3;0;0;21.2808072368763
;;;DEFRAmaterials;;Paper;Paperandboard:paper;Closed-loopsource;Materialtype,productiontype;Amountofmaterialproduced;kgCO2e/t;3;0;0;730.478097809396
;;;DEFRAmaterials;;Paper;Paperandboard:paper;Combustion;Materialtype,disposaltype;Amountofmaterialdisposed;kgCO2e/t;3;0;0;21.2808072368763
;;;DEFRAmaterials;;Paper;Paperandboard:paper;Composting;Materialtype,disposaltype;Amountofmaterialdisposed;kgCO2e/t;3;0;0;8.912421710629
;;;DEFRAmaterials;;Paper;Paperandboard:paper;Landfill;Materialtype,disposaltype;Amountofmaterialdisposed;kgCO2e/t;3;0;0;1164.39042359037
;;;DEFRAmaterials;;Paper;Paperandboard:paper;PrimarymaterialProduction;Materialtype,productiontype;Amountofmaterialproduced;kgCO2e/t;3;0;0;910.478097809396
;;;DEFRAmaterials;;Plastic;Plastics:averageplasticfilm;Closed-loop;Materialtype,disposaltype;Amountofmaterialdisposed;kgCO2e/t;3;0;0;21.2808072368763
;;;DEFRAmaterials;;Plastic;Plastics:averageplasticfilm;Closed-loopsource;Materialtype,productiontype;Amountofmaterialproduced;kgCO2e/t;3;0;0;1890.70135431747
;;;DEFRAmaterials;;Plastic;Plastics:averageplasticfilm;Combustion;Materialtype,disposaltype;Amountofmaterialdisposed;kgCO2e/t;3;0;0;21.2808072368763
;;;DEFRAmaterials;;Plastic;Plastics:averageplasticfilm;Landfill;Materialtype,disposaltype;Amountofmaterialdisposed;kgCO2e/t;3;0;0;8.88413013162686
;;;DEFRAmaterials;;Plastic;Plastics:averageplasticfilm;Open-loop;Materialtype,disposaltype;Amountofmaterialdisposed;kgCO2e/t;3;0;0;21.2808072368763
;;;DEFRAmaterials;;Plastic;Plastics:averageplasticfilm;PrimarymaterialProduction;Materialtype,productiontype;Amountofmaterialproduced;kgCO2e/t;3;0;0;2560.25566134535
;;;DEFRAmaterials;;Plastic;Plastics:averageplasticrigid;Closed-loop;Materialtype,disposaltype;Amountofmaterialdisposed;kgCO2e/t;3;0;0;21.2808072368763
;;;DEFRAmaterials;;Plastic;Plastics:averageplasticrigid;Closed-loopsource;Materialtype,productiontype;Amountofmaterialproduced;kgCO2e/t;3;0;0;2744.09247671862
;;;DEFRAmaterials;;Plastic;Plastics:averageplasticrigid;Combustion;Materialtype,disposaltype;Amountofmaterialdisposed;kgCO2e/t;3;0;0;21.2808072368763
;;;DEFRAmaterials;;Plastic;Plastics:averageplasticrigid;Landfill;Materialtype,disposaltype;Amountofmaterialdisposed;kgCO2e/t;3;0;0;8.88413013162686
;;;DEFRAmaterials;;Plastic;Plastics:averageplasticrigid;Open-loop;Materialtype,disposaltype;Amountofmaterialdisposed;kgCO2e/t;3;0;0;21.2808072368763
;;;DEFRAmaterials;;Plastic;Plastics:averageplasticrigid;PrimarymaterialProduction;Materialtype,productiontype;Amountofmaterialproduced;kgCO2e/t;3;0;0;3263.92201539022
;;;DEFRAmaterials;;Plastic;Plastics:averageplastics;Closed-loop;Materialtype,disposaltype;Amountofmaterialdisposed;kgCO2e/t;3;0;0;21.2808072368763
;;;DEFRAmaterials;;Plastic;Plastics:averageplastics;Closed-loopsource;Materialtype,productiontype;Amountofmaterialproduced;kgCO2e/t;3;0;0;2322.22424901884
;;;DEFRAmaterials;;Plastic;Plastics:averageplastics;Combustion;Materialtype,disposaltype;Amountofmaterialdisposed;kgCO2e/t;3;0;0;21.2808072368763
;;;DEFRAmaterials;;Plastic;Plastics:averageplastics;Landfill;Materialtype,disposaltype;Amountofmaterialdisposed;kgCO2e/t;3;0;0;8.88413013162686
;;;DEFRAmaterials;;Plastic;Plastics:averageplastics;Open-loop;Materialtype,disposaltype;Amountofmaterialdisposed;kgCO2e/t;3;0;0;21.2808072368763
;;;DEFRAmaterials;;Plastic;Plastics:averageplastics;PrimarymaterialProduction;Materialtype,productiontype;Amountofmaterialproduced;kgCO2e/t;3;0;0;3102.44850544029
;;;DEFRAmaterials;;Plastic;Plastics:HDPE(incl.forming);Closed-loop;Materialtype,disposaltype;Amountofmaterialdisposed;kgCO2e/t;3;0;0;21.2808072368763
;;;DEFRAmaterials;;Plastic;Plastics:HDPE(incl.forming);Closed-loopsource;Materialtype,productiontype;Amountofmaterialproduced;kgCO2e/t;3;0;0;2346.6890688089
;;;DEFRAmaterials;;Plastic;Plastics:HDPE(incl.forming);Combustion;Materialtype,disposaltype;Amountofmaterialdisposed;kgCO2e/t;3;0;0;21.2808072368763
;;;DEFRAmaterials;;Plastic;Plastics:HDPE(incl.forming);Landfill;Materialtype,disposaltype;Amountofmaterialdisposed;kgCO2e/t;3;0;0;8.88413013162686
;;;DEFRAmaterials;;Plastic;Plastics:HDPE(incl.forming);Open-loop;Materialtype,disposaltype;Amountofmaterialdisposed;kgCO2e/t;3;0;0;21.2808072368763
;;;DEFRAmaterials;;Plastic;Plastics:HDPE(incl.forming);PrimarymaterialProduction;Materialtype,productiontype;Amountofmaterialproduced;kgCO2e/t;3;0;0;3255.92980072191
;;;DEFRAmaterials;;Plastic;Plastics:LDPEandLLDPE(incl.forming);Closed-loop;Materialtype,disposaltype;Amountofmaterialdisposed;kgCO2e/t;3;0;0;21.2808072368763
;;;DEFRAmaterials;;Plastic;Plastics:LDPEandLLDPE(incl.forming);Closed-loopsource;Materialtype,productiontype;Amountofmaterialproduced;kgCO2e/t;3;0;0;1793.29540518552
;;;DEFRAmaterials;;Plastic;Plastics:LDPEandLLDPE(incl.forming);Combustion;Materialtype,disposaltype;Amountofmaterialdisposed;kgCO2e/t;3;0;0;21.2808072368763
;;;DEFRAmaterials;;Plastic;Plastics:LDPEandLLDPE(incl.forming);Landfill;Materialtype,disposaltype;Amountofmaterialdisposed;kgCO2e/t;3;0;0;8.88413013162686
;;;DEFRAmaterials;;Plastic;Plastics:LDPEandLLDPE(incl.forming);Open-loop;Materialtype,disposaltype;Amountofmaterialdisposed;kgCO2e/t;3;0;0;21.2808072368763
;;;DEFRAmaterials;;Plastic;Plastics:LDPEandLLDPE(incl.forming);PrimarymaterialProduction;Materialtype,productiontype;Amountofmaterialproduced;kgCO2e/t;3;0;0;2586.72730851007
;;;DEFRAmaterials;;Plastic;Plastics:PET(incl.forming);Closed-loop;Materialtype,disposaltype;Amountofmaterialdisposed;kgCO2e/t;3;0;0;21.2808072368763
;;;DEFRAmaterials;;Plastic;Plastics:PET(incl.forming);Closed-loopsource;Materialtype,productiontype;Amountofmaterialproduced;kgCO2e/t;3;0;0;3121.34429439762
;;;DEFRAmaterials;;Plastic;Plastics:PET(incl.forming);Combustion;Materialtype,disposaltype;Amountofmaterialdisposed;kgCO2e/t;3;0;0;21.2808072368763
;;;DEFRAmaterials;;Plastic;Plastics:PET(incl.forming);Landfill;Materialtype,disposaltype;Amountofmaterialdisposed;kgCO2e/t;3;0;0;8.88413013162686
;;;DEFRAmaterials;;Plastic;Plastics:PET(incl.forming);Open-loop;Materialtype,disposaltype;Amountofmaterialdisposed;kgCO2e/t;3;0;0;21.2808072368763
;;;DEFRAmaterials;;Plastic;Plastics:PET(incl.forming);PrimarymaterialProduction;Materialtype,productiontype;Amountofmaterialproduced;kgCO2e/t;3;0;0;4018.48340607104
;;;DEFRAmaterials;;Plastic;Plastics:PP(incl.forming);Closed-loop;Materialtype,disposaltype;Amountofmaterialdisposed;kgCO2e/t;3;0;0;21.2808072368763
;;;DEFRAmaterials;;Plastic;Plastics:PP(incl.forming);Closed-loopsource;Materialtype,productiontype;Amountofmaterialproduced;kgCO2e/t;3;0;0;2537.38599752002
;;;DEFRAmaterials;;Plastic;Plastics:PP(incl.forming);Combustion;Materialtype,disposaltype;Amountofmaterialdisposed;kgCO2e/t;3;0;0;21.2808072368763
;;;DEFRAmaterials;;Plastic;Plastics:PP(incl.forming);Landfill;Materialtype,disposaltype;Amountofmaterialdisposed;kgCO2e/t;3;0;0;8.88413013162686
;;;DEFRAmaterials;;Plastic;Plastics:PP(incl.forming);Open-loop;Materialtype,disposaltype;Amountofmaterialdisposed;kgCO2e/t;3;0;0;21.2808072368763
;;;DEFRAmaterials;;Plastic;Plastics:PP(incl.forming);PrimarymaterialProduction;Materialtype,productiontype;Amountofmaterialproduced;kgCO2e/t;3;0;0;3090.81790084456
;;;DEFRAmaterials;;Plastic;Plastics:PS(incl.forming);Closed-loop;Materialtype,disposaltype;Amountofmaterialdisposed;kgCO2e/t;3;0;0;21.2808072368763
;;;DEFRAmaterials;;Plastic;Plastics:PS(incl.forming);Closed-loopsource;Materialtype,productiontype;Amountofmaterialproduced;kgCO2e/t;3;0;0;3187.08199197162
;;;DEFRAmaterials;;Plastic;Plastics:PS(incl.forming);Combustion;Materialtype,disposaltype;Amountofmaterialdisposed;kgCO2e/t;3;0;0;21.2808072368763
;;;DEFRAmaterials;;Plastic;Plastics:PS(incl.forming);Landfill;Materialtype,disposaltype;Amountofmaterialdisposed;kgCO2e/t;3;0;0;8.88413013162686
;;;DEFRAmaterials;;Plastic;Plastics:PS(incl.forming);Open-loop;Materialtype,disposaltype;Amountofmaterialdisposed;kgCO2e/t;3;0;0;21.2808072368763
;;;DEFRAmaterials;;Plastic;Plastics:PS(incl.forming);PrimarymaterialProduction;Materialtype,productiontype;Amountofmaterialproduced;kgCO2e/t;3;0;0;3764.03980851007
;;;DEFRAmaterials;;Plastic;Plastics:PVC(incl.forming);Closed-loop;Materialtype,disposaltype;Amountofmaterialdisposed;kgCO2e/t;3;0;0;21.2808072368763
;;;DEFRAmaterials;;Plastic;Plastics:PVC(incl.forming);Closed-loopsource;Materialtype,productiontype;Amountofmaterialproduced;kgCO2e/t;3;0;0;2485.74316637955
;;;DEFRAmaterials;;Plastic;Plastics:PVC(incl.forming);Combustion;Materialtype,disposaltype;Amountofmaterialdisposed;kgCO2e/t;3;0;0;21.2808072368763
;;;DEFRAmaterials;;Plastic;Plastics:PVC(incl.forming);Landfill;Materialtype,disposaltype;Amountofmaterialdisposed;kgCO2e/t;3;0;0;8.88413013162686
;;;DEFRAmaterials;;Plastic;Plastics:PVC(incl.forming);Open-loop;Materialtype,disposaltype;Amountofmaterialdisposed;kgCO2e/t;3;0;0;21.2808072368763
;;;DEFRAmaterials;;Plastic;Plastics:PVC(incl.forming);PrimarymaterialProduction;Materialtype,productiontype;Amountofmaterialproduced;kgCO2e/t;3;0;0;3399.1750697041
;;;DEFRAmaterials;;Refuse;Commercialandindustrialwaste;Combustion;Materialtype,disposaltype;Amountofmaterialdisposed;kgCO2e/t;3;0;0;21.2808072368763
;;;DEFRAmaterials;;Refuse;Commercialandindustrialwaste;Landfill;Materialtype,disposaltype;Amountofmaterialdisposed;kgCO2e/t;3;0;0;520.334743462995
;;;DEFRAmaterials;;Refuse;Householdresidualwaste;Combustion;Materialtype,disposaltype;Amountofmaterialdisposed;kgCO2e/t;3;0;0;21.2808072368763
;;;DEFRAmaterials;;Refuse;Householdresidualwaste;Landfill;Materialtype,disposaltype;Amountofmaterialdisposed;kgCO2e/t;3;0;0;497.044706528032
;;;DEFRAmaterials;;Refuse;Organic:foodanddrinkwaste;Anaerobicdigestion;Materialtype,disposaltype;Amountofmaterialdisposed;kgCO2e/t;3;0;0;8.912421710629
;;;DEFRAmaterials;;Refuse;Organic:foodanddrinkwaste;Combustion;Materialtype,disposaltype;Amountofmaterialdisposed;kgCO2e/t;3;0;0;21.2808072368763
;;;DEFRAmaterials;;Refuse;Organic:foodanddrinkwaste;Composting;Materialtype,disposaltype;Amountofmaterialdisposed;kgCO2e/t;3;0;0;8.912421710629
;;;DEFRAmaterials;;Refuse;Organic:foodanddrinkwaste;Landfill;Materialtype,disposaltype;Amountofmaterialdisposed;kgCO2e/t;3;0;0;700.209881753428
;;;DEFRAmaterials;;Refuse;Organic:gardenwaste;Anaerobicdigestion;Materialtype,disposaltype;Amountofmaterialdisposed;kgCO2e/t;3;0;0;8.912421710629
;;;DEFRAmaterials;;Refuse;Organic:gardenwaste;Combustion;Materialtype,disposaltype;Amountofmaterialdisposed;kgCO2e/t;3;0;0;21.2808072368763
;;;DEFRAmaterials;;Refuse;Organic:gardenwaste;Composting;Materialtype,disposaltype;Amountofmaterialdisposed;kgCO2e/t;3;0;0;8.912421710629
;;;DEFRAmaterials;;Refuse;Organic:gardenwaste;Landfill;Materialtype,disposaltype;Amountofmaterialdisposed;kgCO2e/t;3;0;0;646.606590825315
;;;DEFRAmaterials;;Refuse;Organic:mixedfoodandgardenwaste;Anaerobicdigestion;Materialtype,disposaltype;Amountofmaterialdisposed;kgCO2e/t;3;0;0;8.912421710629
;;;DEFRAmaterials;;Refuse;Organic:mixedfoodandgardenwaste;Combustion;Materialtype,disposaltype;Amountofmaterialdisposed;kgCO2e/t;3;0;0;21.2808072368763
;;;DEFRAmaterials;;Refuse;Organic:mixedfoodandgardenwaste;Composting;Materialtype,disposaltype;Amountofmaterialdisposed;kgCO2e/t;3;0;0;8.912421710629
;;;DEFRAmaterials;;Refuse;Organic:mixedfoodandgardenwaste;Landfill;Materialtype,disposaltype;Amountofmaterialdisposed;kgCO2e/t;3;0;0;655.987166737735
;;;DEFRAvehicles;;Bus;Averagelocalbus;;Vehicletype,fueltype;Passengerdistancetravelled(land);kgCO2e/pkm;3;0.102150394630872;0;0.02493
;;;DEFRAvehicles;;Bus;Coach;;Vehicletype,fueltype;Passengerdistancetravelled(land);kgCO2e/pkm;3;0.0271814013422819;0;0.00656
;;;DEFRAvehicles;;Bus;Localbus(notLondon);;Vehicletype,fueltype;Passengerdistancetravelled(land);kgCO2e/pkm;3;0.118362769127517;0;0.02887
;;;DEFRAvehicles;;Bus;LocalLondonbus;;Vehicletype,fueltype;Passengerdistancetravelled(land);kgCO2e/pkm;3;0.0783225087248322;0;0.01916
;;;DEFRAvehicles;;Cars(bymarketsegment);Dualpurpose4X4;BatteryElectricVehicle;Vehicletype,fueltype;Passengerdistancetravelled(land);kgCO2e/km;3;0.0610424751677852;0;0.01218
;;;DEFRAvehicles;;Cars(bymarketsegment);Dualpurpose4X4;Diesel;Vehicletype,fueltype;Passengerdistancetravelled(land);kgCO2e/km;3;0.201946448880537;0;0.02509
;;;DEFRAvehicles;;Cars(bymarketsegment);Dualpurpose4X4;Petrol;Vehicletype,fueltype;Passengerdistancetravelled(land);kgCO2e/km;3;0.204048534228188;0;0.00983
;;;DEFRAvehicles;;Cars(bymarketsegment);Dualpurpose4X4;Plug-inHybridElectricVehicle;Vehicletype,fueltype;Passengerdistancetravelled(land);kgCO2e/km;3;0.103275582550336;0;0.01165
;;;DEFRAvehicles;;Cars(bymarketsegment);Dualpurpose4X4;Unknown;Vehicletype,fueltype;Passengerdistancetravelled(land);kgCO2e/km;3;0.20270690738255;0;0.01089
;;;DEFRAvehicles;;Cars(bymarketsegment);Dualpurpose4X5;BatteryElectricVehicle;Vehicletype,fueltype;Passengerdistancetravelled(land);kgCO2e/miles;3;0.0982405758389262;0;0.0196
;;;DEFRAvehicles;;Cars(bymarketsegment);Dualpurpose4X5;Diesel;Vehicletype,fueltype;Passengerdistancetravelled(land);kgCO2e/miles;3;0.325005663087248;0;0.04037
;;;DEFRAvehicles;;Cars(bymarketsegment);Dualpurpose4X5;Petrol;Vehicletype,fueltype;Passengerdistancetravelled(land);kgCO2e/miles;3;0.32838697181208;0;0.01582
;;;DEFRAvehicles;;Cars(bymarketsegment);Dualpurpose4X5;Plug-inHybridElectricVehicle;Vehicletype,fueltype;Passengerdistancetravelled(land);kgCO2e/miles;3;0.166212083221477;0;0.01875
;;;DEFRAvehicles;;Cars(bymarketsegment);Dualpurpose4X5;Unknown;Vehicletype,fueltype;Passengerdistancetravelled(land);kgCO2e/miles;3;0.32621324295302;0;0.01751
;;;DEFRAvehicles;;Cars(bymarketsegment);Executive;BatteryElectricVehicle;Vehicletype,fueltype;Passengerdistancetravelled(land);kgCO2e/km;3;0.0500662563758389;0;0.06195
;;;DEFRAvehicles;;Cars(bymarketsegment);Executive;BatteryElectricVehicle;Vehicletype,fueltype;Passengerdistancetravelled(land);kgCO2e/miles;3;0.0805785087248322;0;0.0997
;;;DEFRAvehicles;;Cars(bymarketsegment);Executive;Diesel;Vehicletype,fueltype;Passengerdistancetravelled(land);kgCO2e/km;3;0.173096448880537;0;0.04088
;;;DEFRAvehicles;;Cars(bymarketsegment);Executive;Diesel;Vehicletype,fueltype;Passengerdistancetravelled(land);kgCO2e/miles;3;0.278585663087248;0;0.06579
;;;DEFRAvehicles;;Cars(bymarketsegment);Executive;Petrol;Vehicletype,fueltype;Passengerdistancetravelled(land);kgCO2e/km;3;0.212318534228188;0;0.04249
;;;DEFRAvehicles;;Cars(bymarketsegment);Executive;Petrol;Vehicletype,fueltype;Passengerdistancetravelled(land);kgCO2e/miles;3;0.341686971812081;0;0.06837
;;;DEFRAvehicles;;Cars(bymarketsegment);Executive;Plug-inHybridElectricVehicle;Vehicletype,fueltype;Passengerdistancetravelled(land);kgCO2e/km;3;0.0888617973154363;0;0.06843
;;;DEFRAvehicles;;Cars(bymarketsegment);Executive;Plug-inHybridElectricVehicle;Vehicletype,fueltype;Passengerdistancetravelled(land);kgCO2e/miles;3;0.143005712751678;0;0.11013
;;;DEFRAvehicles;;Cars(bymarketsegment);Executive;Unknown;Vehicletype,fueltype;Passengerdistancetravelled(land);kgCO2e/km;3;0.182641277852349;0;0.04632
;;;DEFRAvehicles;;Cars(bymarketsegment);Executive;Unknown;Vehicletype,fueltype;Passengerdistancetravelled(land);kgCO2e/miles;3;0.293934291275168;0;0.07455
;;;DEFRAvehicles;;Cars(bymarketsegment);Lowermedium;BatteryElectricVehicle;Vehicletype,fueltype;Passengerdistancetravelled(land);kgCO2e/km;3;0.0525663489932886;0;0.0885
;;;DEFRAvehicles;;Cars(bymarketsegment);Lowermedium;BatteryElectricVehicle;Vehicletype,fueltype;Passengerdistancetravelled(land);kgCO2e/miles;3;0.0845786013422819;0;0.14243
;;;DEFRAvehicles;;Cars(bymarketsegment);Lowermedium;Diesel;Vehicletype,fueltype;Passengerdistancetravelled(land);kgCO2e/km;3;0.143456448880537;0;0.03932
;;;DEFRAvehicles;;Cars(bymarketsegment);Lowermedium;Diesel;Vehicletype,fueltype;Passengerdistancetravelled(land);kgCO2e/miles;3;0.230875663087248;0;0.06327
;;;DEFRAvehicles;;Cars(bymarketsegment);Lowermedium;Petrol;Vehicletype,fueltype;Passengerdistancetravelled(land);kgCO2e/km;3;0.164728534228188;0;0.04574
;;;DEFRAvehicles;;Cars(bymarketsegment);Lowermedium;Petrol;Vehicletype,fueltype;Passengerdistancetravelled(land);kgCO2e/miles;3;0.265096971812081;0;0.07361
;;;DEFRAvehicles;;Cars(bymarketsegment);Lowermedium;Plug-inHybridElectricVehicle;Vehicletype,fueltype;Passengerdistancetravelled(land);kgCO2e/km;3;0.0831183489932886;0;0.05901
;;;DEFRAvehicles;;Cars(bymarketsegment);Lowermedium;Plug-inHybridElectricVehicle;Vehicletype,fueltype;Passengerdistancetravelled(land);kgCO2e/miles;3;0.133756693959732;0;0.09497
;;;DEFRAvehicles;;Cars(bymarketsegment);Lowermedium;Unknown;Vehicletype,fueltype;Passengerdistancetravelled(land);kgCO2e/km;3;0.155205173154362;0;0.05338
;;;DEFRAvehicles;;Cars(bymarketsegment);Lowermedium;Unknown;Vehicletype,fueltype;Passengerdistancetravelled(land);kgCO2e/miles;3;0.24977187114094;0;0.0859
;;;DEFRAvehicles;;Cars(bymarketsegment);Luxury;BatteryElectricVehicle;Vehicletype,fueltype;Passengerdistancetravelled(land);kgCO2e/km;3;0.0583732120805369;0;0.02172
;;;DEFRAvehicles;;Cars(bymarketsegment);Luxury;BatteryElectricVehicle;Vehicletype,fueltype;Passengerdistancetravelled(land);kgCO2e/miles;3;0.0939445422818792;0;0.03496
;;;DEFRAvehicles;;Cars(bymarketsegment);Luxury;Diesel;Vehicletype,fueltype;Passengerdistancetravelled(land);kgCO2e/km;3;0.211196448880537;0;0.05177
;;;DEFRAvehicles;;Cars(bymarketsegment);Luxury;Diesel;Vehicletype,fueltype;Passengerdistancetravelled(land);kgCO2e/miles;3;0.339895663087248;0;0.08332
;;;DEFRAvehicles;;Cars(bymarketsegment);Luxury;Petrol;Vehicletype,fueltype;Passengerdistancetravelled(land);kgCO2e/km;3;0.318088534228188;0;0.04527
;;;DEFRAvehicles;;Cars(bymarketsegment);Luxury;Petrol;Vehicletype,fueltype;Passengerdistancetravelled(land);kgCO2e/miles;3;0.51189697181208;0;0.07285
;;;DEFRAvehicles;;Cars(bymarketsegment);Luxury;Plug-inHybridElectricVehicle;Vehicletype,fueltype;Passengerdistancetravelled(land);kgCO2e/km;3;0.115139275167785;0;0.01317
;;;DEFRAvehicles;;Cars(bymarketsegment);Luxury;Plug-inHybridElectricVehicle;Vehicletype,fueltype;Passengerdistancetravelled(land);kgCO2e/miles;3;0.185288175838926;0;0.02119
;;;DEFRAvehicles;;Cars(bymarketsegment);Luxury;Unknown;Vehicletype,fueltype;Passengerdistancetravelled(land);kgCO2e/km;3;0.259869543624161;0;0
;;;DEFRAvehicles;;Cars(bymarketsegment);Luxury;Unknown;Vehicletype,fueltype;Passengerdistancetravelled(land);kgCO2e/miles;3;0.418222919463087;0;0
;;;DEFRAvehicles;;Cars(bymarketsegment);Mini;BatteryElectricVehicle;Vehicletype,fueltype;Passengerdistancetravelled(land);kgCO2e/km;3;0.0443381932885906;0;0.04225
;;;DEFRAvehicles;;Cars(bymarketsegment);Mini;BatteryElectricVehicle;Vehicletype,fueltype;Passengerdistancetravelled(land);kgCO2e/miles;3;0.0713702604026846;0;0.068
;;;DEFRAvehicles;;Cars(bymarketsegment);Mini;Diesel;Vehicletype,fueltype;Passengerdistancetravelled(land);kgCO2e/km;3;0.107746448880537;0;0.02615
;;;DEFRAvehicles;;Cars(bymarketsegment);Mini;Diesel;Vehicletype,fueltype;Passengerdistancetravelled(land);kgCO2e/miles;3;0.173415663087248;0;0.04208
;;;DEFRAvehicles;;Cars(bymarketsegment);Mini;Petrol;Vehicletype,fueltype;Passengerdistancetravelled(land);kgCO2e/km;3;0.130298534228188;0;0.03216
;;;DEFRAvehicles;;Cars(bymarketsegment);Mini;Petrol;Vehicletype,fueltype;Passengerdistancetravelled(land);kgCO2e/miles;3;0.209686971812081;0;0.05175
;;;DEFRAvehicles;;Cars(bymarketsegment);Mini;Plug-inHybridElectricVehicle;Vehicletype,fueltype;Passengerdistancetravelled(land);kgCO2e/km;3;0;0;0.03915
;;;DEFRAvehicles;;Cars(bymarketsegment);Mini;Plug-inHybridElectricVehicle;Vehicletype,fueltype;Passengerdistancetravelled(land);kgCO2e/miles;3;0;0;0.063
;;;DEFRAvehicles;;Cars(bymarketsegment);Mini;Unknown;Vehicletype,fueltype;Passengerdistancetravelled(land);kgCO2e/km;3;0.130105119463087;0;0.03495
;;;DEFRAvehicles;;Cars(bymarketsegment);Mini;Unknown;Vehicletype,fueltype;Passengerdistancetravelled(land);kgCO2e/miles;3;0.20938244966443;0;0.05624
;;;DEFRAvehicles;;Cars(bymarketsegment);MPV;BatteryElectricVehicle;Vehicletype,fueltype;Passengerdistancetravelled(land);kgCO2e/km;3;0.0793324751677852;0;0.01761
;;;DEFRAvehicles;;Cars(bymarketsegment);MPV;BatteryElectricVehicle;Vehicletype,fueltype;Passengerdistancetravelled(land);kgCO2e/miles;3;0.127690668456376;0;0.02835
;;;DEFRAvehicles;;Cars(bymarketsegment);MPV;Diesel;Vehicletype,fueltype;Passengerdistancetravelled(land);kgCO2e/km;3;0.176596448880537;0;0.01109
;;;DEFRAvehicles;;Cars(bymarketsegment);MPV;Diesel;Vehicletype,fueltype;Passengerdistancetravelled(land);kgCO2e/miles;3;0.284215663087248;0;0.01786
;;;DEFRAvehicles;;Cars(bymarketsegment);MPV;Petrol;Vehicletype,fueltype;Passengerdistancetravelled(land);kgCO2e/km;3;0.184258534228188;0;0.01294
;;;DEFRAvehicles;;Cars(bymarketsegment);MPV;Petrol;Vehicletype,fueltype;Passengerdistancetravelled(land);kgCO2e/miles;3;0.29653697181208;0;0.02083
;;;DEFRAvehicles;;Cars(bymarketsegment);MPV;Plug-inHybridElectricVehicle;Vehicletype,fueltype;Passengerdistancetravelled(land);kgCO2e/km;3;0.0990220751677852;0;0.01352
;;;DEFRAvehicles;;Cars(bymarketsegment);MPV;Plug-inHybridElectricVehicle;Vehicletype,fueltype;Passengerdistancetravelled(land);kgCO2e/miles;3;0.159367375838926;0;0.02175
;;;DEFRAvehicles;;Cars(bymarketsegment);MPV;Unknown;Vehicletype,fueltype;Passengerdistancetravelled(land);kgCO2e/km;3;0.17864690738255;0;0.01852
;;;DEFRAvehicles;;Cars(bymarketsegment);MPV;Unknown;Vehicletype,fueltype;Passengerdistancetravelled(land);kgCO2e/miles;3;0.28750324295302;0;0.02981
;;;DEFRAvehicles;;Cars(bymarketsegment);Sports;BatteryElectricVehicle;Vehicletype,fueltype;Passengerdistancetravelled(land);kgCO2e/km;3;0.0834804456375839;0;0.02676
;;;DEFRAvehicles;;Cars(bymarketsegment);Sports;BatteryElectricVehicle;Vehicletype,fueltype;Passengerdistancetravelled(land);kgCO2e/miles;3;0.134338731543624;0;0.04306
;;;DEFRAvehicles;;Cars(bymarketsegment);Sports;Diesel;Vehicletype,fueltype;Passengerdistancetravelled(land);kgCO2e/km;3;0.169436448880537;0;0.02267
;;;DEFRAvehicles;;Cars(bymarketsegment);Sports;Diesel;Vehicletype,fueltype;Passengerdistancetravelled(land);kgCO2e/miles;3;0.272685663087248;0;0.03649
;;;DEFRAvehicles;;Cars(bymarketsegment);Sports;Petrol;Vehicletype,fueltype;Passengerdistancetravelled(land);kgCO2e/km;3;0.237158534228188;0;0.02309
;;;DEFRAvehicles;;Cars(bymarketsegment);Sports;Petrol;Vehicletype,fueltype;Passengerdistancetravelled(land);kgCO2e/miles;3;0.381656971812081;0;0.03718
;;;DEFRAvehicles;;Cars(bymarketsegment);Sports;Plug-inHybridElectricVehicle;Vehicletype,fueltype;Passengerdistancetravelled(land);kgCO2e/km;3;0.0996696416107383;0;0.02663
;;;DEFRAvehicles;;Cars(bymarketsegment);Sports;Plug-inHybridElectricVehicle;Vehicletype,fueltype;Passengerdistancetravelled(land);kgCO2e/miles;3;0.160389186577181;0;0.04285
;;;DEFRAvehicles;;Cars(bymarketsegment);Sports;Unknown;Vehicletype,fueltype;Passengerdistancetravelled(land);kgCO2e/km;3;0.22616595704698;0;0.03052
;;;DEFRAvehicles;;Cars(bymarketsegment);Sports;Unknown;Vehicletype,fueltype;Passengerdistancetravelled(land);kgCO2e/miles;3;0.363984183892617;0;0.04911
;;;DEFRAvehicles;;Cars(bymarketsegment);Supermini;BatteryElectricVehicle;Vehicletype,fueltype;Passengerdistancetravelled(land);kgCO2e/km;3;0.0490671785234899;0;0.03614
;;;DEFRAvehicles;;Cars(bymarketsegment);Supermini;BatteryElectricVehicle;Vehicletype,fueltype;Passengerdistancetravelled(land);kgCO2e/miles;3;0.0789604456375839;0;0.05816
;;;DEFRAvehicles;;Cars(bymarketsegment);Supermini;Diesel;Vehicletype,fueltype;Passengerdistancetravelled(land);kgCO2e/km;3;0.132146448880537;0;0.05164
;;;DEFRAvehicles;;Cars(bymarketsegment);Supermini;Diesel;Vehicletype,fueltype;Passengerdistancetravelled(land);kgCO2e/miles;3;0.212675663087248;0;0.08311
;;;DEFRAvehicles;;Cars(bymarketsegment);Supermini;Petrol;Vehicletype,fueltype;Passengerdistancetravelled(land);kgCO2e/km;3;0.141688534228188;0;0.04135
;;;DEFRAvehicles;;Cars(bymarketsegment);Supermini;Petrol;Vehicletype,fueltype;Passengerdistancetravelled(land);kgCO2e/miles;3;0.228026971812081;0;0.06655
;;;DEFRAvehicles;;Cars(bymarketsegment);Supermini;Plug-inHybridElectricVehicle;Vehicletype,fueltype;Passengerdistancetravelled(land);kgCO2e/km;3;0.0540229932885906;0;0.04312
;;;DEFRAvehicles;;Cars(bymarketsegment);Supermini;Plug-inHybridElectricVehicle;Vehicletype,fueltype;Passengerdistancetravelled(land);kgCO2e/miles;3;0.0869385677852349;0;0.06939
;;;DEFRAvehicles;;Cars(bymarketsegment);Supermini;Unknown;Vehicletype,fueltype;Passengerdistancetravelled(land);kgCO2e/km;3;0.14048706442953;0;0.04936
;;;DEFRAvehicles;;Cars(bymarketsegment);Supermini;Unknown;Vehicletype,fueltype;Passengerdistancetravelled(land);kgCO2e/miles;3;0.226096398657718;0;0.07944
;;;DEFRAvehicles;;Cars(bymarketsegment);Uppermedium;BatteryElectricVehicle;Vehicletype,fueltype;Passengerdistancetravelled(land);kgCO2e/km;3;0.0547703154362416;0;0.0384
;;;DEFRAvehicles;;Cars(bymarketsegment);Uppermedium;BatteryElectricVehicle;Vehicletype,fueltype;Passengerdistancetravelled(land);kgCO2e/miles;3;0.0881233046979866;0;0.0618
;;;DEFRAvehicles;;Cars(bymarketsegment);Uppermedium;Diesel;Vehicletype,fueltype;Passengerdistancetravelled(land);kgCO2e/km;3;0.160496448880537;0;0.06593
;;;DEFRAvehicles;;Cars(bymarketsegment);Uppermedium;Diesel;Vehicletype,fueltype;Passengerdistancetravelled(land);kgCO2e/miles;3;0.258295663087248;0;0.10611
;;;DEFRAvehicles;;Cars(bymarketsegment);Uppermedium;Petrol;Vehicletype,fueltype;Passengerdistancetravelled(land);kgCO2e/km;3;0.192108534228188;0;0.0567
;;;DEFRAvehicles;;Cars(bymarketsegment);Uppermedium;Petrol;Vehicletype,fueltype;Passengerdistancetravelled(land);kgCO2e/miles;3;0.309166971812081;0;0.09126
;;;DEFRAvehicles;;Cars(bymarketsegment);Uppermedium;Plug-inHybridElectricVehicle;Vehicletype,fueltype;Passengerdistancetravelled(land);kgCO2e/km;3;0.0868662268456376;0;0.03605
;;;DEFRAvehicles;;Cars(bymarketsegment);Uppermedium;Plug-inHybridElectricVehicle;Vehicletype,fueltype;Passengerdistancetravelled(land);kgCO2e/miles;3;0.13980355704698;0;0.05802
;;;DEFRAvehicles;;Cars(bymarketsegment);Uppermedium;Unknown;Vehicletype,fueltype;Passengerdistancetravelled(land);kgCO2e/km;3;0.167935648322148;0;0.05119
;;;DEFRAvehicles;;Cars(bymarketsegment);Uppermedium;Unknown;Vehicletype,fueltype;Passengerdistancetravelled(land);kgCO2e/miles;3;0.270256354362416;0;0.08238
;;;DEFRAvehicles;;Cars(bysize);Averagecar;BatteryElectricVehicle;Vehicletype,fueltype;Passengerdistancetravelled(land);kgCO2e/km;3;0.0547964416107383;0;0.01215
;;;DEFRAvehicles;;Cars(bysize);Averagecar;BatteryElectricVehicle;Vehicletype,fueltype;Passengerdistancetravelled(land);kgCO2e/miles;3;0.0881864791946309;0;0.01955
;;;DEFRAvehicles;;Cars(bysize);Averagecar;CNG;Vehicletype,fueltype;Passengerdistancetravelled(land);kgCO2e/km;3;0.175044197315436;0;0.03589
;;;DEFRAvehicles;;Cars(bysize);Averagecar;CNG;Vehicletype,fueltype;Passengerdistancetravelled(land);kgCO2e/miles;3;0.281704020134228;0;0.05775
;;;DEFRAvehicles;;Cars(bysize);Averagecar;Diesel;Vehicletype,fueltype;Passengerdistancetravelled(land);kgCO2e/km;3;0.169826448880537;0;0.01285
;;;DEFRAvehicles;;Cars(bysize);Averagecar;Diesel;Vehicletype,fueltype;Passengerdistancetravelled(land);kgCO2e/miles;3;0.273315663087248;0;0.02067
;;;DEFRAvehicles;;Cars(bysize);Averagecar;Hybrid;Vehicletype,fueltype;Passengerdistancetravelled(land);kgCO2e/km;3;0.118978587919463;0;0.03109
;;;DEFRAvehicles;;Cars(bysize);Averagecar;Hybrid;Vehicletype,fueltype;Passengerdistancetravelled(land);kgCO2e/miles;3;0.191467500671141;0;0.05003
;;;DEFRAvehicles;;Cars(bysize);Averagecar;LPG;Vehicletype,fueltype;Passengerdistancetravelled(land);kgCO2e/km;3;0.197040597315436;0;0.02339
;;;DEFRAvehicles;;Cars(bysize);Averagecar;LPG;Vehicletype,fueltype;Passengerdistancetravelled(land);kgCO2e/miles;3;0.317097620134228;0;0.03765
;;;DEFRAvehicles;;Cars(bysize);Averagecar;Petrol;Vehicletype,fueltype;Passengerdistancetravelled(land);kgCO2e/km;3;0.163908534228188;0;0.04551
;;;DEFRAvehicles;;Cars(bysize);Averagecar;Petrol;Vehicletype,fueltype;Passengerdistancetravelled(land);kgCO2e/miles;3;0.26378697181208;0;0.07325
;;;DEFRAvehicles;;Cars(bysize);Averagecar;Plug-inHybridElectricVehicle;Vehicletype,fueltype;Passengerdistancetravelled(land);kgCO2e/km;3;0.0939164120805369;0;0.0244
;;;DEFRAvehicles;;Cars(bysize);Averagecar;Plug-inHybridElectricVehicle;Vehicletype,fueltype;Passengerdistancetravelled(land);kgCO2e/miles;3;0.151133834899329;0;0.03927
;;;DEFRAvehicles;;Cars(bysize);Averagecar;Unknown;Vehicletype,fueltype;Passengerdistancetravelled(land);kgCO2e/km;3;0.166638587919463;0;0.04366
;;;DEFRAvehicles;;Cars(bysize);Averagecar;Unknown;Vehicletype,fueltype;Passengerdistancetravelled(land);kgCO2e/miles;3;0.268167500671141;0;0.07027
;;;DEFRAvehicles;;Cars(bysize);Largecar;BatteryElectricVehicle;Vehicletype,fueltype;Passengerdistancetravelled(land);kgCO2e/km;3;0.0579744120805369;0;0.02635
;;;DEFRAvehicles;;Cars(bysize);Largecar;BatteryElectricVehicle;Vehicletype,fueltype;Passengerdistancetravelled(land);kgCO2e/miles;3;0.0933046348993288;0;0.0424
;;;DEFRAvehicles;;Cars(bysize);Largecar;CNG;Vehicletype,fueltype;Passengerdistancetravelled(land);kgCO2e/km;3;0.238454197315436;0;0.03884
;;;DEFRAvehicles;;Cars(bysize);Largecar;CNG;Vehicletype,fueltype;Passengerdistancetravelled(land);kgCO2e/miles;3;0.383754020134228;0;0.06251
;;;DEFRAvehicles;;Cars(bysize);Largecar;Diesel;Vehicletype,fueltype;Passengerdistancetravelled(land);kgCO2e/km;3;0.208586448880537;0;0.01167
;;;DEFRAvehicles;;Cars(bysize);Largecar;Diesel;Vehicletype,fueltype;Passengerdistancetravelled(land);kgCO2e/miles;3;0.335695663087248;0;0.01879
;;;DEFRAvehicles;;Cars(bysize);Largecar;Hybrid;Vehicletype,fueltype;Passengerdistancetravelled(land);kgCO2e/km;3;0.1524358;0;0.07572
;;;DEFRAvehicles;;Cars(bysize);Largecar;Hybrid;Vehicletype,fueltype;Passengerdistancetravelled(land);kgCO2e/miles;3;0.24530213557047;0;0.12185
;;;DEFRAvehicles;;Cars(bysize);Largecar;LPG;Vehicletype,fueltype;Passengerdistancetravelled(land);kgCO2e/km;3;0.269140597315436;0;0.04904
;;;DEFRAvehicles;;Cars(bysize);Largecar;LPG;Vehicletype,fueltype;Passengerdistancetravelled(land);kgCO2e/miles;3;0.433137620134228;0;0.07893
;;;DEFRAvehicles;;Cars(bysize);Largecar;Petrol;Vehicletype,fueltype;Passengerdistancetravelled(land);kgCO2e/km;3;0.272238534228188;0;0.051
;;;DEFRAvehicles;;Cars(bysize);Largecar;Petrol;Vehicletype,fueltype;Passengerdistancetravelled(land);kgCO2e/miles;3;0.43811697181208;0;0.08208
;;;DEFRAvehicles;;Cars(bysize);Largecar;Plug-inHybridElectricVehicle;Vehicletype,fueltype;Passengerdistancetravelled(land);kgCO2e/km;3;0.101584382550336;0;0.0578
;;;DEFRAvehicles;;Cars(bysize);Largecar;Plug-inHybridElectricVehicle;Vehicletype,fueltype;Passengerdistancetravelled(land);kgCO2e/miles;3;0.163491990604027;0;0.09302
;;;DEFRAvehicles;;Cars(bysize);Largecar;Unknown;Vehicletype,fueltype;Passengerdistancetravelled(land);kgCO2e/km;3;0.2261158;0;0.03197
;;;DEFRAvehicles;;Cars(bysize);Largecar;Unknown;Vehicletype,fueltype;Passengerdistancetravelled(land);kgCO2e/miles;3;0.36389213557047;0;0.05145
;;;DEFRAvehicles;;Cars(bysize);Mediumcar;BatteryElectricVehicle;Vehicletype,fueltype;Passengerdistancetravelled(land);kgCO2e/km;3;0.0526663489932886;0;0.0222
;;;DEFRAvehicles;;Cars(bysize);Mediumcar;BatteryElectricVehicle;Vehicletype,fueltype;Passengerdistancetravelled(land);kgCO2e/miles;3;0.0847386013422819;0;0.03573
;;;DEFRAvehicles;;Cars(bysize);Mediumcar;CNG;Vehicletype,fueltype;Passengerdistancetravelled(land);kgCO2e/km;3;0.156604197315436;0;0.02831
;;;DEFRAvehicles;;Cars(bysize);Mediumcar;CNG;Vehicletype,fueltype;Passengerdistancetravelled(land);kgCO2e/miles;3;0.252034020134228;0;0.04556
;;;DEFRAvehicles;;Cars(bysize);Mediumcar;Diesel;Vehicletype,fueltype;Passengerdistancetravelled(land);kgCO2e/km;3;0.167156448880537;0;0.04079
;;;DEFRAvehicles;;Cars(bysize);Mediumcar;Diesel;Vehicletype,fueltype;Passengerdistancetravelled(land);kgCO2e/miles;3;0.269015663087248;0;0.06564
;;;DEFRAvehicles;;Cars(bysize);Mediumcar;Hybrid;Vehicletype,fueltype;Passengerdistancetravelled(land);kgCO2e/km;3;0.109038436241611;0;0.04949
;;;DEFRAvehicles;;Cars(bysize);Mediumcar;Hybrid;Vehicletype,fueltype;Passengerdistancetravelled(land);kgCO2e/miles;3;0.175489504697987;0;0.07965
;;;DEFRAvehicles;;Cars(bysize);Mediumcar;LPG;Vehicletype,fueltype;Passengerdistancetravelled(land);kgCO2e/km;3;0.176070597315436;0;0.03206
;;;DEFRAvehicles;;Cars(bysize);Mediumcar;LPG;Vehicletype,fueltype;Passengerdistancetravelled(land);kgCO2e/miles;3;0.283357620134228;0;0.05159
;;;DEFRAvehicles;;Cars(bysize);Mediumcar;Petrol;Vehicletype,fueltype;Passengerdistancetravelled(land);kgCO2e/km;3;0.178188534228188;0;0.04145
;;;DEFRAvehicles;;Cars(bysize);Mediumcar;Petrol;Vehicletype,fueltype;Passengerdistancetravelled(land);kgCO2e/miles;3;0.28675697181208;0;0.0667
;;;DEFRAvehicles;;Cars(bysize);Mediumcar;Plug-inHybridElectricVehicle;Vehicletype,fueltype;Passengerdistancetravelled(land);kgCO2e/km;3;0.0850073342281879;0;0.04496
;;;DEFRAvehicles;;Cars(bysize);Mediumcar;Plug-inHybridElectricVehicle;Vehicletype,fueltype;Passengerdistancetravelled(land);kgCO2e/miles;3;0.136804571812081;0;0.07236
;;;DEFRAvehicles;;Cars(bysize);Mediumcar;Unknown;Vehicletype,fueltype;Passengerdistancetravelled(land);kgCO2e/km;3;0.172458436241611;0;0.0209
;;;DEFRAvehicles;;Cars(bysize);Mediumcar;Unknown;Vehicletype,fueltype;Passengerdistancetravelled(land);kgCO2e/miles;3;0.277539504697987;0;0.03363
;;;DEFRAvehicles;;Cars(bysize);Smallcar;BatteryElectricVehicle;Vehicletype,fueltype;Passengerdistancetravelled(land);kgCO2e/km;3;0.0482282859060403;0;0.0107
;;;DEFRAvehicles;;Cars(bysize);Smallcar;BatteryElectricVehicle;Vehicletype,fueltype;Passengerdistancetravelled(land);kgCO2e/miles;3;0.0776315530201342;0;0.01722
;;;DEFRAvehicles;;Cars(bysize);Smallcar;Diesel;Vehicletype,fueltype;Passengerdistancetravelled(land);kgCO2e/km;3;0.139306448880537;0;0.03392
;;;DEFRAvehicles;;Cars(bysize);Smallcar;Diesel;Vehicletype,fueltype;Passengerdistancetravelled(land);kgCO2e/miles;3;0.224195663087248;0;0.0546
;;;DEFRAvehicles;;Cars(bysize);Smallcar;Hybrid;Vehicletype,fueltype;Passengerdistancetravelled(land);kgCO2e/km;3;0.101498857718121;0;0.02703
;;;DEFRAvehicles;;Cars(bysize);Smallcar;Hybrid;Vehicletype,fueltype;Passengerdistancetravelled(land);kgCO2e/miles;3;0.163355766442953;0;0.04351
;;;DEFRAvehicles;;Cars(bysize);Smallcar;Petrol;Vehicletype,fueltype;Passengerdistancetravelled(land);kgCO2e/km;3;0.140798534228188;0;0.03907
;;;DEFRAvehicles;;Cars(bysize);Smallcar;Petrol;Vehicletype,fueltype;Passengerdistancetravelled(land);kgCO2e/miles;3;0.226596971812081;0;0.06288
;;;DEFRAvehicles;;Cars(bysize);Smallcar;Plug-inHybridElectricVehicle;Vehicletype,fueltype;Passengerdistancetravelled(land);kgCO2e/km;3;0.0540229932885906;0;0.01317
;;;DEFRAvehicles;;Cars(bysize);Smallcar;Plug-inHybridElectricVehicle;Vehicletype,fueltype;Passengerdistancetravelled(land);kgCO2e/miles;3;0.0869385677852349;0;0.0212
;;;DEFRAvehicles;;Cars(bysize);Smallcar;Unknown;Vehicletype,fueltype;Passengerdistancetravelled(land);kgCO2e/km;3;0.140368857718121;0;0.03749
;;;DEFRAvehicles;;Cars(bysize);Smallcar;Unknown;Vehicletype,fueltype;Passengerdistancetravelled(land);kgCO2e/miles;3;0.225905766442953;0;0.06033
;;;DEFRAvehicles;;FreightRail;;;Vehicletype,fueltype;Freightdistancetravelled(land);kgCO2e/tkm;3;0.0277880711409396;0;0.00691167994686266
;;;DEFRAvehicles;;HGV(alldiesel);Allartics;0%Laden;Vehicletype,fueltype;Freightdistancetravelled(land);kgCO2e/km;3;0.631787143624161;0;0.15168
;;;DEFRAvehicles;;HGV(alldiesel);Allartics;0%Laden;Vehicletype,fueltype;Freightdistancetravelled(land);kgCO2e/miles;3;1.01675141610738;0;0.2441
;;;DEFRAvehicles;;HGV(alldiesel);Allartics;100%Laden;Vehicletype,fueltype;Freightdistancetravelled(land);kgCO2e/tkm;3;0.0579526429530201;0;0.01404
;;;DEFRAvehicles;;HGV(alldiesel);Allartics;100%Laden;Vehicletype,fueltype;Freightdistancetravelled(land);kgCO2e/km;3;1.03908714362416;0;0.25175
;;;DEFRAvehicles;;HGV(alldiesel);Allartics;100%Laden;Vehicletype,fueltype;Freightdistancetravelled(land);kgCO2e/miles;3;1.67224141610738;0;0.40515
;;;DEFRAvehicles;;HGV(alldiesel);Allartics;50%Laden;Vehicletype,fueltype;Freightdistancetravelled(land);kgCO2e/tkm;3;0.0931429785234899;0;0.02249
;;;DEFRAvehicles;;HGV(alldiesel);Allartics;50%Laden;Vehicletype,fueltype;Freightdistancetravelled(land);kgCO2e/km;3;0.835437143624161;0;0.20171
;;;DEFRAvehicles;;HGV(alldiesel);Allartics;50%Laden;Vehicletype,fueltype;Freightdistancetravelled(land);kgCO2e/miles;3;1.34449141610738;0;0.32463
;;;DEFRAvehicles;;HGV(alldiesel);Allartics;Averageladen;Vehicletype,fueltype;Freightdistancetravelled(land);kgCO2e/tkm;3;0.075182844295302;0;0.01816
;;;DEFRAvehicles;;HGV(alldiesel);Allartics;Averageladen;Vehicletype,fueltype;Freightdistancetravelled(land);kgCO2e/km;3;0.906437143624161;0;0.21916
;;;DEFRAvehicles;;HGV(alldiesel);Allartics;Averageladen;Vehicletype,fueltype;Freightdistancetravelled(land);kgCO2e/miles;3;1.45877141610738;0;0.3527
;;;DEFRAvehicles;;HGV(alldiesel);AllHGVs;0%Laden;Vehicletype,fueltype;Freightdistancetravelled(land);kgCO2e/km;3;0.642578477852349;0;0.15496
;;;DEFRAvehicles;;HGV(alldiesel);AllHGVs;0%Laden;Vehicletype,fueltype;Freightdistancetravelled(land);kgCO2e/miles;3;1.03412343892617;0;0.24938
;;;DEFRAvehicles;;HGV(alldiesel);AllHGVs;100%Laden;Vehicletype,fueltype;Freightdistancetravelled(land);kgCO2e/tkm;3;0.0721504617449664;0;0.01751
;;;DEFRAvehicles;;HGV(alldiesel);AllHGVs;100%Laden;Vehicletype,fueltype;Freightdistancetravelled(land);kgCO2e/km;3;0.984958477852349;0;0.2391
;;;DEFRAvehicles;;HGV(alldiesel);AllHGVs;100%Laden;Vehicletype,fueltype;Freightdistancetravelled(land);kgCO2e/miles;3;1.58514343892617;0;0.3848
;;;DEFRAvehicles;;HGV(alldiesel);AllHGVs;50%Laden;Vehicletype,fueltype;Freightdistancetravelled(land);kgCO2e/tkm;3;0.118820923489933;0;0.02876
;;;DEFRAvehicles;;HGV(alldiesel);AllHGVs;50%Laden;Vehicletype,fueltype;Freightdistancetravelled(land);kgCO2e/km;3;0.813768477852349;0;0.19703
;;;DEFRAvehicles;;HGV(alldiesel);AllHGVs;50%Laden;Vehicletype,fueltype;Freightdistancetravelled(land);kgCO2e/miles;3;1.30963343892617;0;0.31709
;;;DEFRAvehicles;;HGV(alldiesel);AllHGVs;Averageladen;Vehicletype,fueltype;Freightdistancetravelled(land);kgCO2e/tkm;3;0.096957467114094;0;0.02346
;;;DEFRAvehicles;;HGV(alldiesel);AllHGVs;Averageladen;Vehicletype,fueltype;Freightdistancetravelled(land);kgCO2e/km;3;0.872048477852349;0;0.21135
;;;DEFRAvehicles;;HGV(alldiesel);AllHGVs;Averageladen;Vehicletype,fueltype;Freightdistancetravelled(land);kgCO2e/miles;3;1.40341343892617;0;0.34014
;;;DEFRAvehicles;;HGV(alldiesel);Allrigids;0%Laden;Vehicletype,fueltype;Freightdistancetravelled(land);kgCO2e/km;3;0.658284124832215;0;0.15965
;;;DEFRAvehicles;;HGV(alldiesel);Allrigids;0%Laden;Vehicletype,fueltype;Freightdistancetravelled(land);kgCO2e/miles;3;1.05939283624161;0;0.25693
;;;DEFRAvehicles;;HGV(alldiesel);Allrigids;100%Laden;Vehicletype,fueltype;Freightdistancetravelled(land);kgCO2e/tkm;3;0.125087366442953;0;0.03045
;;;DEFRAvehicles;;HGV(alldiesel);Allrigids;100%Laden;Vehicletype,fueltype;Freightdistancetravelled(land);kgCO2e/km;3;0.907844124832215;0;0.22102
;;;DEFRAvehicles;;HGV(alldiesel);Allrigids;100%Laden;Vehicletype,fueltype;Freightdistancetravelled(land);kgCO2e/miles;3;1.46102283624161;0;0.3557
;;;DEFRAvehicles;;HGV(alldiesel);Allrigids;50%Laden;Vehicletype,fueltype;Freightdistancetravelled(land);kgCO2e/tkm;3;0.214575932885906;0;0.05214
;;;DEFRAvehicles;;HGV(alldiesel);Allrigids;50%Laden;Vehicletype,fueltype;Freightdistancetravelled(land);kgCO2e/km;3;0.783064124832215;0;0.19034
;;;DEFRAvehicles;;HGV(alldiesel);Allrigids;50%Laden;Vehicletype,fueltype;Freightdistancetravelled(land);kgCO2e/miles;3;1.26021283624161;0;0.30632
;;;DEFRAvehicles;;HGV(alldiesel);Allrigids;Averageladen;Vehicletype,fueltype;Freightdistancetravelled(land);kgCO2e/tkm;3;0.178189095302013;0;0.04324
;;;DEFRAvehicles;;HGV(alldiesel);Allrigids;Averageladen;Vehicletype,fueltype;Freightdistancetravelled(land);kgCO2e/km;3;0.823134124832215;0;0.20019
;;;DEFRAvehicles;;HGV(alldiesel);Allrigids;Averageladen;Vehicletype,fueltype;Freightdistancetravelled(land);kgCO2e/miles;3;1.32470283624161;0;0.32218
;;;DEFRAvehicles;;HGV(alldiesel);Articulated(>3.5-33t);0%Laden;Vehicletype,fueltype;Freightdistancetravelled(land);kgCO2e/km;3;0.615618267114094;0;0.14836
;;;DEFRAvehicles;;HGV(alldiesel);Articulated(>3.5-33t);0%Laden;Vehicletype,fueltype;Freightdistancetravelled(land);kgCO2e/miles;3;0.990719661744967;0;0.23875
;;;DEFRAvehicles;;HGV(alldiesel);Articulated(>3.5-33t);100%Laden;Vehicletype,fueltype;Freightdistancetravelled(land);kgCO2e/tkm;3;0.0692227100671141;0;0.01678
;;;DEFRAvehicles;;HGV(alldiesel);Articulated(>3.5-33t);100%Laden;Vehicletype,fueltype;Freightdistancetravelled(land);kgCO2e/km;3;0.917328267114094;0;0.22253
;;;DEFRAvehicles;;HGV(alldiesel);Articulated(>3.5-33t);100%Laden;Vehicletype,fueltype;Freightdistancetravelled(land);kgCO2e/miles;3;1.47626966174497;0;0.35813
;;;DEFRAvehicles;;HGV(alldiesel);Articulated(>3.5-33t);50%Laden;Vehicletype,fueltype;Freightdistancetravelled(land);kgCO2e/tkm;3;0.115695420134228;0;0.02797
;;;DEFRAvehicles;;HGV(alldiesel);Articulated(>3.5-33t);50%Laden;Vehicletype,fueltype;Freightdistancetravelled(land);kgCO2e/km;3;0.766468267114094;0;0.18544
;;;DEFRAvehicles;;HGV(alldiesel);Articulated(>3.5-33t);50%Laden;Vehicletype,fueltype;Freightdistancetravelled(land);kgCO2e/miles;3;1.23349966174497;0;0.29844
;;;DEFRAvehicles;;HGV(alldiesel);Articulated(>3.5-33t);Averageladen;Vehicletype,fueltype;Freightdistancetravelled(land);kgCO2e/tkm;3;0.115775453691275;0;0.02797
;;;DEFRAvehicles;;HGV(alldiesel);Articulated(>3.5-33t);Averageladen;Vehicletype,fueltype;Freightdistancetravelled(land);kgCO2e/km;3;0.766468267114094;0;0.18544
;;;DEFRAvehicles;;HGV(alldiesel);Articulated(>3.5-33t);Averageladen;Vehicletype,fueltype;Freightdistancetravelled(land);kgCO2e/miles;3;1.23349966174497;0;0.29844
;;;DEFRAvehicles;;HGV(alldiesel);Articulated(>33t);0%Laden;Vehicletype,fueltype;Freightdistancetravelled(land);kgCO2e/km;3;0.632504962416107;0;0.15183
;;;DEFRAvehicles;;HGV(alldiesel);Articulated(>33t);0%Laden;Vehicletype,fueltype;Freightdistancetravelled(land);kgCO2e/miles;3;1.01790259060403;0;0.24434
;;;DEFRAvehicles;;HGV(alldiesel);Articulated(>33t);100%Laden;Vehicletype,fueltype;Freightdistancetravelled(land);kgCO2e/tkm;3;0.0576826429530201;0;0.01397
;;;DEFRAvehicles;;HGV(alldiesel);Articulated(>33t);100%Laden;Vehicletype,fueltype;Freightdistancetravelled(land);kgCO2e/km;3;1.04448496241611;0;0.25304
;;;DEFRAvehicles;;HGV(alldiesel);Articulated(>33t);100%Laden;Vehicletype,fueltype;Freightdistancetravelled(land);kgCO2e/miles;3;1.68093259060403;0;0.40724
;;;DEFRAvehicles;;HGV(alldiesel);Articulated(>33t);50%Laden;Vehicletype,fueltype;Freightdistancetravelled(land);kgCO2e/tkm;3;0.0926040859060403;0;0.02236
;;;DEFRAvehicles;;HGV(alldiesel);Articulated(>33t);50%Laden;Vehicletype,fueltype;Freightdistancetravelled(land);kgCO2e/km;3;0.838494962416107;0;0.20244
;;;DEFRAvehicles;;HGV(alldiesel);Articulated(>33t);50%Laden;Vehicletype,fueltype;Freightdistancetravelled(land);kgCO2e/miles;3;1.34941259060403;0;0.32579
;;;DEFRAvehicles;;HGV(alldiesel);Articulated(>33t);Averageladen;Vehicletype,fueltype;Freightdistancetravelled(land);kgCO2e/tkm;3;0.0742050590604027;0;0.01792
;;;DEFRAvehicles;;HGV(alldiesel);Articulated(>33t);Averageladen;Vehicletype,fueltype;Freightdistancetravelled(land);kgCO2e/km;3;0.912654962416107;0;0.22065
;;;DEFRAvehicles;;HGV(alldiesel);Articulated(>33t);Averageladen;Vehicletype,fueltype;Freightdistancetravelled(land);kgCO2e/miles;3;1.46876259060403;0;0.35511
;;;DEFRAvehicles;;HGV(alldiesel);Rigid(>17t);0%Laden;Vehicletype,fueltype;Freightdistancetravelled(land);kgCO2e/km;3;0.74679510738255;0;0.181
;;;DEFRAvehicles;;HGV(alldiesel);Rigid(>17t);0%Laden;Vehicletype,fueltype;Freightdistancetravelled(land);kgCO2e/miles;3;1.20185785503356;0;0.29129
;;;DEFRAvehicles;;HGV(alldiesel);Rigid(>17t);100%Laden;Vehicletype,fueltype;Freightdistancetravelled(land);kgCO2e/tkm;3;0.118618440268456;0;0.02888
;;;DEFRAvehicles;;HGV(alldiesel);Rigid(>17t);100%Laden;Vehicletype,fueltype;Freightdistancetravelled(land);kgCO2e/km;3;1.06990510738255;0;0.26046
;;;DEFRAvehicles;;HGV(alldiesel);Rigid(>17t);100%Laden;Vehicletype,fueltype;Freightdistancetravelled(land);kgCO2e/miles;3;1.72185785503356;0;0.41917
;;;DEFRAvehicles;;HGV(alldiesel);Rigid(>17t);50%Laden;Vehicletype,fueltype;Freightdistancetravelled(land);kgCO2e/tkm;3;0.201415773154362;0;0.04895
;;;DEFRAvehicles;;HGV(alldiesel);Rigid(>17t);50%Laden;Vehicletype,fueltype;Freightdistancetravelled(land);kgCO2e/km;3;0.90835510738255;0;0.22073
;;;DEFRAvehicles;;HGV(alldiesel);Rigid(>17t);50%Laden;Vehicletype,fueltype;Freightdistancetravelled(land);kgCO2e/miles;3;1.46185785503356;0;0.35523
;;;DEFRAvehicles;;HGV(alldiesel);Rigid(>17t);Averageladen;Vehicletype,fueltype;Freightdistancetravelled(land);kgCO2e/tkm;3;0.153754531543624;0;0.03731
;;;DEFRAvehicles;;HGV(alldiesel);Rigid(>17t);Averageladen;Vehicletype,fueltype;Freightdistancetravelled(land);kgCO2e/km;3;0.97435510738255;0;0.23696
;;;DEFRAvehicles;;HGV(alldiesel);Rigid(>17t);Averageladen;Vehicletype,fueltype;Freightdistancetravelled(land);kgCO2e/miles;3;1.56807785503356;0;0.38135
;;;DEFRAvehicles;;HGV(alldiesel);Rigid(>3.5-7.5t);0%Laden;Vehicletype,fueltype;Freightdistancetravelled(land);kgCO2e/km;3;0.452209785234899;0;0.10989
;;;DEFRAvehicles;;HGV(alldiesel);Rigid(>3.5-7.5t);0%Laden;Vehicletype,fueltype;Freightdistancetravelled(land);kgCO2e/miles;3;0.727753897986577;0;0.17686
;;;DEFRAvehicles;;HGV(alldiesel);Rigid(>3.5-7.5t);100%Laden;Vehicletype,fueltype;Freightdistancetravelled(land);kgCO2e/tkm;3;0.240557040268456;0;0.05855
;;;DEFRAvehicles;;HGV(alldiesel);Rigid(>3.5-7.5t);100%Laden;Vehicletype,fueltype;Freightdistancetravelled(land);kgCO2e/km;3;0.529909785234899;0;0.12901
;;;DEFRAvehicles;;HGV(alldiesel);Rigid(>3.5-7.5t);100%Laden;Vehicletype,fueltype;Freightdistancetravelled(land);kgCO2e/miles;3;0.852803897986577;0;0.20761
;;;DEFRAvehicles;;HGV(alldiesel);Rigid(>3.5-7.5t);50%Laden;Vehicletype,fueltype;Freightdistancetravelled(land);kgCO2e/tkm;3;0.445833987919463;0;0.10842
;;;DEFRAvehicles;;HGV(alldiesel);Rigid(>3.5-7.5t);50%Laden;Vehicletype,fueltype;Freightdistancetravelled(land);kgCO2e/km;3;0.491059785234899;0;0.11945
;;;DEFRAvehicles;;HGV(alldiesel);Rigid(>3.5-7.5t);50%Laden;Vehicletype,fueltype;Freightdistancetravelled(land);kgCO2e/miles;3;0.790273897986577;0;0.19224
;;;DEFRAvehicles;;HGV(alldiesel);Rigid(>3.5-7.5t);Averageladen;Vehicletype,fueltype;Freightdistancetravelled(land);kgCO2e/tkm;3;0.512282033557047;0;0.12465
;;;DEFRAvehicles;;HGV(alldiesel);Rigid(>3.5-7.5t);Averageladen;Vehicletype,fueltype;Freightdistancetravelled(land);kgCO2e/km;3;0.485619785234899;0;0.11811
;;;DEFRAvehicles;;HGV(alldiesel);Rigid(>3.5-7.5t);Averageladen;Vehicletype,fueltype;Freightdistancetravelled(land);kgCO2e/miles;3;0.781523897986577;0;0.19008
;;;DEFRAvehicles;;HGV(alldiesel);Rigid(>7.5t-17t);0%Laden;Vehicletype,fueltype;Freightdistancetravelled(land);kgCO2e/km;3;0.540877118120805;0;0.13129
;;;DEFRAvehicles;;HGV(alldiesel);Rigid(>7.5t-17t);0%Laden;Vehicletype,fueltype;Freightdistancetravelled(land);kgCO2e/miles;3;0.870455040268456;0;0.21128
;;;DEFRAvehicles;;HGV(alldiesel);Rigid(>7.5t-17t);100%Laden;Vehicletype,fueltype;Freightdistancetravelled(land);kgCO2e/tkm;3;0.140872936912752;0;0.0343
;;;DEFRAvehicles;;HGV(alldiesel);Rigid(>7.5t-17t);100%Laden;Vehicletype,fueltype;Freightdistancetravelled(land);kgCO2e/km;3;0.693517118120805;0;0.1688
;;;DEFRAvehicles;;HGV(alldiesel);Rigid(>7.5t-17t);100%Laden;Vehicletype,fueltype;Freightdistancetravelled(land);kgCO2e/miles;3;1.11611504026846;0;0.27165
;;;DEFRAvehicles;;HGV(alldiesel);Rigid(>7.5t-17t);50%Laden;Vehicletype,fueltype;Freightdistancetravelled(land);kgCO2e/tkm;3;0.250728181208054;0;0.06097
;;;DEFRAvehicles;;HGV(alldiesel);Rigid(>7.5t-17t);50%Laden;Vehicletype,fueltype;Freightdistancetravelled(land);kgCO2e/km;3;0.617197118120805;0;0.15004
;;;DEFRAvehicles;;HGV(alldiesel);Rigid(>7.5t-17t);50%Laden;Vehicletype,fueltype;Freightdistancetravelled(land);kgCO2e/miles;3;0.993285040268456;0;0.24147
;;;DEFRAvehicles;;HGV(alldiesel);Rigid(>7.5t-17t);Averageladen;Vehicletype,fueltype;Freightdistancetravelled(land);kgCO2e/tkm;3;0.354121084563758;0;0.08608
;;;DEFRAvehicles;;HGV(alldiesel);Rigid(>7.5t-17t);Averageladen;Vehicletype,fueltype;Freightdistancetravelled(land);kgCO2e/km;3;0.592767118120805;0;0.14404
;;;DEFRAvehicles;;HGV(alldiesel);Rigid(>7.5t-17t);Averageladen;Vehicletype,fueltype;Freightdistancetravelled(land);kgCO2e/miles;3;0.953975040268456;0;0.23181
;;;DEFRAvehicles;;HGVrefrigerated(alldiesel);Allartics;0%Laden;Vehicletype,fueltype;Freightdistancetravelled(land);kgCO2e/km;3;0.730217143624161;0;0.17586
;;;DEFRAvehicles;;HGVrefrigerated(alldiesel);Allartics;0%Laden;Vehicletype,fueltype;Freightdistancetravelled(land);kgCO2e/miles;3;1.17517141610738;0;0.28302
;;;DEFRAvehicles;;HGVrefrigerated(alldiesel);Allartics;100%Laden;Vehicletype,fueltype;Freightdistancetravelled(land);kgCO2e/tkm;3;0.0670626429530201;0;0.01628
;;;DEFRAvehicles;;HGVrefrigerated(alldiesel);Allartics;100%Laden;Vehicletype,fueltype;Freightdistancetravelled(land);kgCO2e/km;3;1.20245714362416;0;0.29189
;;;DEFRAvehicles;;HGVrefrigerated(alldiesel);Allartics;100%Laden;Vehicletype,fueltype;Freightdistancetravelled(land);kgCO2e/miles;3;1.93516141610738;0;0.46975
;;;DEFRAvehicles;;HGVrefrigerated(alldiesel);Allartics;50%Laden;Vehicletype,fueltype;Freightdistancetravelled(land);kgCO2e/tkm;3;0.10774297852349;0;0.02608
;;;DEFRAvehicles;;HGVrefrigerated(alldiesel);Allartics;50%Laden;Vehicletype,fueltype;Freightdistancetravelled(land);kgCO2e/km;3;0.966337143624161;0;0.23387
;;;DEFRAvehicles;;HGVrefrigerated(alldiesel);Allartics;50%Laden;Vehicletype,fueltype;Freightdistancetravelled(land);kgCO2e/miles;3;1.55516141610738;0;0.37639
;;;DEFRAvehicles;;HGVrefrigerated(alldiesel);Allartics;Averageladen;Vehicletype,fueltype;Freightdistancetravelled(land);kgCO2e/tkm;3;0.086962844295302;0;0.02105
;;;DEFRAvehicles;;HGVrefrigerated(alldiesel);Allartics;Averageladen;Vehicletype,fueltype;Freightdistancetravelled(land);kgCO2e/km;3;1.04866714362416;0;0.2541
;;;DEFRAvehicles;;HGVrefrigerated(alldiesel);Allartics;Averageladen;Vehicletype,fueltype;Freightdistancetravelled(land);kgCO2e/miles;3;1.68766141610738;0;0.40894
;;;DEFRAvehicles;;HGVrefrigerated(alldiesel);AllHGVs;0%Laden;Vehicletype,fueltype;Freightdistancetravelled(land);kgCO2e/km;3;0.751768477852349;0;0.1818
;;;DEFRAvehicles;;HGVrefrigerated(alldiesel);AllHGVs;0%Laden;Vehicletype,fueltype;Freightdistancetravelled(land);kgCO2e/miles;3;1.20984343892617;0;0.29257
;;;DEFRAvehicles;;HGVrefrigerated(alldiesel);AllHGVs;100%Laden;Vehicletype,fueltype;Freightdistancetravelled(land);kgCO2e/tkm;3;0.0844904617449664;0;0.02054
;;;DEFRAvehicles;;HGVrefrigerated(alldiesel);AllHGVs;100%Laden;Vehicletype,fueltype;Freightdistancetravelled(land);kgCO2e/km;3;1.15345847785235;0;0.28051
;;;DEFRAvehicles;;HGVrefrigerated(alldiesel);AllHGVs;100%Laden;Vehicletype,fueltype;Freightdistancetravelled(land);kgCO2e/miles;3;1.85630343892617;0;0.45144
;;;DEFRAvehicles;;HGVrefrigerated(alldiesel);AllHGVs;50%Laden;Vehicletype,fueltype;Freightdistancetravelled(land);kgCO2e/tkm;3;0.139090923489933;0;0.03374
;;;DEFRAvehicles;;HGVrefrigerated(alldiesel);AllHGVs;50%Laden;Vehicletype,fueltype;Freightdistancetravelled(land);kgCO2e/km;3;0.952608477852349;0;0.23116
;;;DEFRAvehicles;;HGVrefrigerated(alldiesel);AllHGVs;50%Laden;Vehicletype,fueltype;Freightdistancetravelled(land);kgCO2e/miles;3;1.53307343892617;0;0.37201
;;;DEFRAvehicles;;HGVrefrigerated(alldiesel);AllHGVs;Averageladen;Vehicletype,fueltype;Freightdistancetravelled(land);kgCO2e/tkm;3;0.113497467114094;0;0.02752
;;;DEFRAvehicles;;HGVrefrigerated(alldiesel);AllHGVs;Averageladen;Vehicletype,fueltype;Freightdistancetravelled(land);kgCO2e/km;3;1.02097847785235;0;0.24796
;;;DEFRAvehicles;;HGVrefrigerated(alldiesel);AllHGVs;Averageladen;Vehicletype,fueltype;Freightdistancetravelled(land);kgCO2e/miles;3;1.64310343892617;0;0.39905
;;;DEFRAvehicles;;HGVrefrigerated(alldiesel);Allrigids;0%Laden;Vehicletype,fueltype;Freightdistancetravelled(land);kgCO2e/km;3;0.783584124832215;0;0.19046
;;;DEFRAvehicles;;HGVrefrigerated(alldiesel);Allrigids;0%Laden;Vehicletype,fueltype;Freightdistancetravelled(land);kgCO2e/miles;3;1.26104283624161;0;0.30652
;;;DEFRAvehicles;;HGVrefrigerated(alldiesel);Allrigids;100%Laden;Vehicletype,fueltype;Freightdistancetravelled(land);kgCO2e/tkm;3;0.148987366442953;0;0.03633
;;;DEFRAvehicles;;HGVrefrigerated(alldiesel);Allrigids;100%Laden;Vehicletype,fueltype;Freightdistancetravelled(land);kgCO2e/km;3;1.08130412483221;0;0.26368
;;;DEFRAvehicles;;HGVrefrigerated(alldiesel);Allrigids;100%Laden;Vehicletype,fueltype;Freightdistancetravelled(land);kgCO2e/miles;3;1.74018283624161;0;0.42435
;;;DEFRAvehicles;;HGVrefrigerated(alldiesel);Allrigids;50%Laden;Vehicletype,fueltype;Freightdistancetravelled(land);kgCO2e/tkm;3;0.255495932885906;0;0.06221
;;;DEFRAvehicles;;HGVrefrigerated(alldiesel);Allrigids;50%Laden;Vehicletype,fueltype;Freightdistancetravelled(land);kgCO2e/km;3;0.932444124832215;0;0.22707
;;;DEFRAvehicles;;HGVrefrigerated(alldiesel);Allrigids;50%Laden;Vehicletype,fueltype;Freightdistancetravelled(land);kgCO2e/miles;3;1.50061283624161;0;0.36544
;;;DEFRAvehicles;;HGVrefrigerated(alldiesel);Allrigids;Averageladen;Vehicletype,fueltype;Freightdistancetravelled(land);kgCO2e/tkm;3;0.212119095302013;0;0.05159
;;;DEFRAvehicles;;HGVrefrigerated(alldiesel);Allrigids;Averageladen;Vehicletype,fueltype;Freightdistancetravelled(land);kgCO2e/km;3;0.980254124832215;0;0.23883
;;;DEFRAvehicles;;HGVrefrigerated(alldiesel);Allrigids;Averageladen;Vehicletype,fueltype;Freightdistancetravelled(land);kgCO2e/miles;3;1.57754283624161;0;0.38436
;;;DEFRAvehicles;;HGVrefrigerated(alldiesel);Articulated(>3.5-33t);0%Laden;Vehicletype,fueltype;Freightdistancetravelled(land);kgCO2e/km;3;0.711828267114094;0;0.17201
;;;DEFRAvehicles;;HGVrefrigerated(alldiesel);Articulated(>3.5-33t);0%Laden;Vehicletype,fueltype;Freightdistancetravelled(land);kgCO2e/miles;3;1.14555966174497;0;0.27682
;;;DEFRAvehicles;;HGVrefrigerated(alldiesel);Articulated(>3.5-33t);100%Laden;Vehicletype,fueltype;Freightdistancetravelled(land);kgCO2e/tkm;3;0.0801127100671141;0;0.01946
;;;DEFRAvehicles;;HGVrefrigerated(alldiesel);Articulated(>3.5-33t);100%Laden;Vehicletype,fueltype;Freightdistancetravelled(land);kgCO2e/km;3;1.06163826711409;0;0.25801
;;;DEFRAvehicles;;HGVrefrigerated(alldiesel);Articulated(>3.5-33t);100%Laden;Vehicletype,fueltype;Freightdistancetravelled(land);kgCO2e/miles;3;1.70851966174497;0;0.41523
;;;DEFRAvehicles;;HGVrefrigerated(alldiesel);Articulated(>3.5-33t);50%Laden;Vehicletype,fueltype;Freightdistancetravelled(land);kgCO2e/tkm;3;0.133835420134228;0;0.03243
;;;DEFRAvehicles;;HGVrefrigerated(alldiesel);Articulated(>3.5-33t);50%Laden;Vehicletype,fueltype;Freightdistancetravelled(land);kgCO2e/km;3;0.886728267114094;0;0.21501
;;;DEFRAvehicles;;HGVrefrigerated(alldiesel);Articulated(>3.5-33t);50%Laden;Vehicletype,fueltype;Freightdistancetravelled(land);kgCO2e/miles;3;1.42703966174497;0;0.34603
;;;DEFRAvehicles;;HGVrefrigerated(alldiesel);Articulated(>3.5-33t);Averageladen;Vehicletype,fueltype;Freightdistancetravelled(land);kgCO2e/tkm;3;0.133915453691275;0;0.03243
;;;DEFRAvehicles;;HGVrefrigerated(alldiesel);Articulated(>3.5-33t);Averageladen;Vehicletype,fueltype;Freightdistancetravelled(land);kgCO2e/km;3;0.886728267114094;0;0.21501
;;;DEFRAvehicles;;HGVrefrigerated(alldiesel);Articulated(>3.5-33t);Averageladen;Vehicletype,fueltype;Freightdistancetravelled(land);kgCO2e/miles;3;1.42703966174497;0;0.34603
;;;DEFRAvehicles;;HGVrefrigerated(alldiesel);Articulated(>33t);0%Laden;Vehicletype,fueltype;Freightdistancetravelled(land);kgCO2e/km;3;0.731034962416107;0;0.17603
;;;DEFRAvehicles;;HGVrefrigerated(alldiesel);Articulated(>33t);0%Laden;Vehicletype,fueltype;Freightdistancetravelled(land);kgCO2e/miles;3;1.17647259060403;0;0.2833
;;;DEFRAvehicles;;HGVrefrigerated(alldiesel);Articulated(>33t);100%Laden;Vehicletype,fueltype;Freightdistancetravelled(land);kgCO2e/tkm;3;0.0667526429530201;0;0.0162
;;;DEFRAvehicles;;HGVrefrigerated(alldiesel);Articulated(>33t);100%Laden;Vehicletype,fueltype;Freightdistancetravelled(land);kgCO2e/km;3;1.20871496241611;0;0.29339
;;;DEFRAvehicles;;HGVrefrigerated(alldiesel);Articulated(>33t);100%Laden;Vehicletype,fueltype;Freightdistancetravelled(land);kgCO2e/miles;3;1.94522259060403;0;0.47217
;;;DEFRAvehicles;;HGVrefrigerated(alldiesel);Articulated(>33t);50%Laden;Vehicletype,fueltype;Freightdistancetravelled(land);kgCO2e/tkm;3;0.10711408590604;0;0.02593
;;;DEFRAvehicles;;HGVrefrigerated(alldiesel);Articulated(>33t);50%Laden;Vehicletype,fueltype;Freightdistancetravelled(land);kgCO2e/km;3;0.969874962416107;0;0.23471
;;;DEFRAvehicles;;HGVrefrigerated(alldiesel);Articulated(>33t);50%Laden;Vehicletype,fueltype;Freightdistancetravelled(land);kgCO2e/miles;3;1.56084259060403;0;0.37773
;;;DEFRAvehicles;;HGVrefrigerated(alldiesel);Articulated(>33t);Averageladen;Vehicletype,fueltype;Freightdistancetravelled(land);kgCO2e/tkm;3;0.0858350590604027;0;0.02078
;;;DEFRAvehicles;;HGVrefrigerated(alldiesel);Articulated(>33t);Averageladen;Vehicletype,fueltype;Freightdistancetravelled(land);kgCO2e/km;3;1.05585496241611;0;0.25584
;;;DEFRAvehicles;;HGVrefrigerated(alldiesel);Articulated(>33t);Averageladen;Vehicletype,fueltype;Freightdistancetravelled(land);kgCO2e/miles;3;1.69922259060403;0;0.41173
;;;DEFRAvehicles;;HGVrefrigerated(alldiesel);Rigid(>17t);0%Laden;Vehicletype,fueltype;Freightdistancetravelled(land);kgCO2e/km;3;0.88883510738255;0;0.21593
;;;DEFRAvehicles;;HGVrefrigerated(alldiesel);Rigid(>17t);0%Laden;Vehicletype,fueltype;Freightdistancetravelled(land);kgCO2e/miles;3;1.43044785503356;0;0.3475
;;;DEFRAvehicles;;HGVrefrigerated(alldiesel);Rigid(>17t);100%Laden;Vehicletype,fueltype;Freightdistancetravelled(land);kgCO2e/tkm;3;0.141278440268456;0;0.03445
;;;DEFRAvehicles;;HGVrefrigerated(alldiesel);Rigid(>17t);100%Laden;Vehicletype,fueltype;Freightdistancetravelled(land);kgCO2e/km;3;1.27431510738255;0;0.31073
;;;DEFRAvehicles;;HGVrefrigerated(alldiesel);Rigid(>17t);100%Laden;Vehicletype,fueltype;Freightdistancetravelled(land);kgCO2e/miles;3;2.05080785503356;0;0.50007
;;;DEFRAvehicles;;HGVrefrigerated(alldiesel);Rigid(>17t);50%Laden;Vehicletype,fueltype;Freightdistancetravelled(land);kgCO2e/tkm;3;0.239825773154362;0;0.0584
;;;DEFRAvehicles;;HGVrefrigerated(alldiesel);Rigid(>17t);50%Laden;Vehicletype,fueltype;Freightdistancetravelled(land);kgCO2e/km;3;1.08157510738255;0;0.26333
;;;DEFRAvehicles;;HGVrefrigerated(alldiesel);Rigid(>17t);50%Laden;Vehicletype,fueltype;Freightdistancetravelled(land);kgCO2e/miles;3;1.74062785503356;0;0.42379
;;;DEFRAvehicles;;HGVrefrigerated(alldiesel);Rigid(>17t);Averageladen;Vehicletype,fueltype;Freightdistancetravelled(land);kgCO2e/tkm;3;0.183034531543624;0;0.04451
;;;DEFRAvehicles;;HGVrefrigerated(alldiesel);Rigid(>17t);Averageladen;Vehicletype,fueltype;Freightdistancetravelled(land);kgCO2e/km;3;1.16031510738255;0;0.28269
;;;DEFRAvehicles;;HGVrefrigerated(alldiesel);Rigid(>17t);Averageladen;Vehicletype,fueltype;Freightdistancetravelled(land);kgCO2e/miles;3;1.86735785503356;0;0.45495
;;;DEFRAvehicles;;HGVrefrigerated(alldiesel);Rigid(>3.5-7.5t);0%Laden;Vehicletype,fueltype;Freightdistancetravelled(land);kgCO2e/km;3;0.538439785234899;0;0.1311
;;;DEFRAvehicles;;HGVrefrigerated(alldiesel);Rigid(>3.5-7.5t);0%Laden;Vehicletype,fueltype;Freightdistancetravelled(land);kgCO2e/miles;3;0.866523897986577;0;0.21099
;;;DEFRAvehicles;;HGVrefrigerated(alldiesel);Rigid(>3.5-7.5t);100%Laden;Vehicletype,fueltype;Freightdistancetravelled(land);kgCO2e/tkm;3;0.286497040268456;0;0.06984
;;;DEFRAvehicles;;HGVrefrigerated(alldiesel);Rigid(>3.5-7.5t);100%Laden;Vehicletype,fueltype;Freightdistancetravelled(land);kgCO2e/km;3;0.631129785234899;0;0.1539
;;;DEFRAvehicles;;HGVrefrigerated(alldiesel);Rigid(>3.5-7.5t);100%Laden;Vehicletype,fueltype;Freightdistancetravelled(land);kgCO2e/miles;3;1.01570389798658;0;0.24768
;;;DEFRAvehicles;;HGVrefrigerated(alldiesel);Rigid(>3.5-7.5t);50%Laden;Vehicletype,fueltype;Freightdistancetravelled(land);kgCO2e/tkm;3;0.530893987919463;0;0.12934
;;;DEFRAvehicles;;HGVrefrigerated(alldiesel);Rigid(>3.5-7.5t);50%Laden;Vehicletype,fueltype;Freightdistancetravelled(land);kgCO2e/km;3;0.584779785234899;0;0.1425
;;;DEFRAvehicles;;HGVrefrigerated(alldiesel);Rigid(>3.5-7.5t);50%Laden;Vehicletype,fueltype;Freightdistancetravelled(land);kgCO2e/miles;3;0.941113897986577;0;0.22934
;;;DEFRAvehicles;;HGVrefrigerated(alldiesel);Rigid(>3.5-7.5t);Averageladen;Vehicletype,fueltype;Freightdistancetravelled(land);kgCO2e/tkm;3;0.610092033557047;0;0.14871
;;;DEFRAvehicles;;HGVrefrigerated(alldiesel);Rigid(>3.5-7.5t);Averageladen;Vehicletype,fueltype;Freightdistancetravelled(land);kgCO2e/km;3;0.578299785234899;0;0.14091
;;;DEFRAvehicles;;HGVrefrigerated(alldiesel);Rigid(>3.5-7.5t);Averageladen;Vehicletype,fueltype;Freightdistancetravelled(land);kgCO2e/miles;3;0.930673897986577;0;0.22677
;;;DEFRAvehicles;;HGVrefrigerated(alldiesel);Rigid(>7.5t-17t);0%Laden;Vehicletype,fueltype;Freightdistancetravelled(land);kgCO2e/km;3;0.643987118120805;0;0.15662
;;;DEFRAvehicles;;HGVrefrigerated(alldiesel);Rigid(>7.5t-17t);0%Laden;Vehicletype,fueltype;Freightdistancetravelled(land);kgCO2e/miles;3;1.03639504026846;0;0.25206
;;;DEFRAvehicles;;HGVrefrigerated(alldiesel);Rigid(>7.5t-17t);100%Laden;Vehicletype,fueltype;Freightdistancetravelled(land);kgCO2e/tkm;3;0.167812936912752;0;0.04092
;;;DEFRAvehicles;;HGVrefrigerated(alldiesel);Rigid(>7.5t-17t);100%Laden;Vehicletype,fueltype;Freightdistancetravelled(land);kgCO2e/km;3;0.826087118120805;0;0.20137
;;;DEFRAvehicles;;HGVrefrigerated(alldiesel);Rigid(>7.5t-17t);100%Laden;Vehicletype,fueltype;Freightdistancetravelled(land);kgCO2e/miles;3;1.32946504026846;0;0.32408
;;;DEFRAvehicles;;HGVrefrigerated(alldiesel);Rigid(>7.5t-17t);50%Laden;Vehicletype,fueltype;Freightdistancetravelled(land);kgCO2e/tkm;3;0.298618181208054;0;0.07274
;;;DEFRAvehicles;;HGVrefrigerated(alldiesel);Rigid(>7.5t-17t);50%Laden;Vehicletype,fueltype;Freightdistancetravelled(land);kgCO2e/km;3;0.735037118120805;0;0.179
;;;DEFRAvehicles;;HGVrefrigerated(alldiesel);Rigid(>7.5t-17t);50%Laden;Vehicletype,fueltype;Freightdistancetravelled(land);kgCO2e/miles;3;1.18293504026846;0;0.28807
;;;DEFRAvehicles;;HGVrefrigerated(alldiesel);Rigid(>7.5t-17t);Averageladen;Vehicletype,fueltype;Freightdistancetravelled(land);kgCO2e/tkm;3;0.421731084563758;0;0.10269
;;;DEFRAvehicles;;HGVrefrigerated(alldiesel);Rigid(>7.5t-17t);Averageladen;Vehicletype,fueltype;Freightdistancetravelled(land);kgCO2e/km;3;0.705897118120805;0;0.17184
;;;DEFRAvehicles;;HGVrefrigerated(alldiesel);Rigid(>7.5t-17t);Averageladen;Vehicletype,fueltype;Freightdistancetravelled(land);kgCO2e/miles;3;1.13603504026846;0;0.27655
;;;DEFRAvehicles;;Motorbike;Average;;Vehicletype,fueltype;Passengerdistancetravelled(land);kgCO2e/km;3;0.11367426442953;0;0.0295607408576598
;;;DEFRAvehicles;;Motorbike;Average;;Vehicletype,fueltype;Passengerdistancetravelled(land);kgCO2e/miles;3;0.182939598657718;0;0.0475669483551942
;;;DEFRAvehicles;;Motorbike;Large;;Vehicletype,fueltype;Passengerdistancetravelled(land);kgCO2e/km;3;0.13251915704698;0;0.0346918968967686
;;;DEFRAvehicles;;Motorbike;Large;;Vehicletype,fueltype;Passengerdistancetravelled(land);kgCO2e/miles;3;0.213262091275168;0;0.0558296187417003
;;;DEFRAvehicles;;Motorbike;Medium;;Vehicletype,fueltype;Passengerdistancetravelled(land);kgCO2e/km;3;0.10107835704698;0;0.0260802324414261
;;;DEFRAvehicles;;Motorbike;Medium;;Vehicletype,fueltype;Passengerdistancetravelled(land);kgCO2e/miles;3;0.162657291275168;0;0.0419641787095497
;;;DEFRAvehicles;;Motorbike;Small;;Vehicletype,fueltype;Passengerdistancetravelled(land);kgCO2e/km;3;0.0831851865771812;0;0.0214772836416374
;;;DEFRAvehicles;;Motorbike;Small;;Vehicletype,fueltype;Passengerdistancetravelled(land);kgCO2e/miles;3;0.13389273557047;0;0.0345692773590693
;;;DEFRAvehicles;;Rail;Internationalrail;;Vehicletype,fueltype;Passengerdistancetravelled(land);kgCO2e/pkm;3;0.00445907785234899;0;0.00116600467961499
;;;DEFRAvehicles;;Rail;Lightrailandtram;;Vehicletype,fueltype;Passengerdistancetravelled(land);kgCO2e/pkm;3;0.028603267114094;0;0.00748856453718245
;;;DEFRAvehicles;;Rail;LondonUnderground;;Vehicletype,fueltype;Passengerdistancetravelled(land);kgCO2e/pkm;3;0.027802067114094;0;0.00727747748311422
;;;DEFRAvehicles;;Rail;Nationalrail;;Vehicletype,fueltype;Passengerdistancetravelled(land);kgCO2e/pkm;3;0.0354629637583893;0;0.00896617391566006
;;;DEFRAvehicles;;Taxis;Blackcab;;Vehicletype,fueltype;Passengerdistancetravelled(land);kgCO2e/pkm;3;0.204024668381208;0;0.0508960231727736
;;;DEFRAvehicles;;Taxis;Blackcab;;Vehicletype,fueltype;Passengerdistancetravelled(land);kgCO2e/km;3;0.306036448880537;0;0.0763440347591604
;;;DEFRAvehicles;;Taxis;Regulartaxi;;Vehicletype,fueltype;Passengerdistancetravelled(land);kgCO2e/pkm;3;0.148614925938255;0;0.0369708712327028
;;;DEFRAvehicles;;Taxis;Regulartaxi;;Vehicletype,fueltype;Passengerdistancetravelled(land);kgCO2e/km;3;0.208056448880537;0;0.0517612555667108
;;;DEFRAvehicles;;Vans;Average(upto3.5t);BatteryElectricVehicle;Vehicletype,fueltype;Freightdistancetravelled(land);kgCO2e/tkm;3;0.263415433557047;0;0.05844
;;;DEFRAvehicles;;Vans;Average(upto3.5t);BatteryElectricVehicle;Vehicletype,fueltype;Freightdistancetravelled(land);kgCO2e/km;3;0.0734552416107383;0;0.01633
;;;DEFRAvehicles;;Vans;Average(upto3.5t);BatteryElectricVehicle;Vehicletype,fueltype;Freightdistancetravelled(land);kgCO2e/miles;3;0.118236479194631;0;0.02628
;;;DEFRAvehicles;;Vans;Average(upto3.5t);CNG;Vehicletype,fueltype;Freightdistancetravelled(land);kgCO2e/tkm;3;0.575138966442953;0;0.11842
;;;DEFRAvehicles;;Vans;Average(upto3.5t);CNG;Vehicletype,fueltype;Freightdistancetravelled(land);kgCO2e/km;3;0.232089586577181;0;0.04779
;;;DEFRAvehicles;;Vans;Average(upto3.5t);CNG;Vehicletype,fueltype;Freightdistancetravelled(land);kgCO2e/miles;3;0.37349713557047;0;0.07691
;;;DEFRAvehicles;;Vans;Average(upto3.5t);Diesel;Vehicletype,fueltype;Freightdistancetravelled(land);kgCO2e/tkm;3;0.570596267114094;0;0.13962
;;;DEFRAvehicles;;Vans;Average(upto3.5t);Diesel;Vehicletype,fueltype;Freightdistancetravelled(land);kgCO2e/km;3;0.231284026845638;0;0.0566
;;;DEFRAvehicles;;Vans;Average(upto3.5t);Diesel;Vehicletype,fueltype;Freightdistancetravelled(land);kgCO2e/miles;3;0.372238985234899;0;0.09108
;;;DEFRAvehicles;;Vans;Average(upto3.5t);LPG;Vehicletype,fueltype;Freightdistancetravelled(land);kgCO2e/tkm;3;0.631995766442953;0;0.07503
;;;DEFRAvehicles;;Vans;Average(upto3.5t);LPG;Vehicletype,fueltype;Freightdistancetravelled(land);kgCO2e/km;3;0.255042786577181;0;0.03028
;;;DEFRAvehicles;;Vans;Average(upto3.5t);LPG;Vehicletype,fueltype;Freightdistancetravelled(land);kgCO2e/miles;3;0.41045753557047;0;0.04873
;;;DEFRAvehicles;;Vans;Average(upto3.5t);Petrol;Vehicletype,fueltype;Freightdistancetravelled(land);kgCO2e/tkm;3;0.719641159731544;0;0.19998
;;;DEFRAvehicles;;Vans;Average(upto3.5t);Petrol;Vehicletype,fueltype;Freightdistancetravelled(land);kgCO2e/km;3;0.201324538255034;0;0.05594
;;;DEFRAvehicles;;Vans;Average(upto3.5t);Petrol;Vehicletype,fueltype;Freightdistancetravelled(land);kgCO2e/miles;3;0.323998116778524;0;0.09003
;;;DEFRAvehicles;;Vans;Average(upto3.5t);Unknown;Vehicletype,fueltype;Freightdistancetravelled(land);kgCO2e/tkm;3;0.575139740939597;0;0.14147
;;;DEFRAvehicles;;Vans;Average(upto3.5t);Unknown;Vehicletype,fueltype;Freightdistancetravelled(land);kgCO2e/km;3;0.230369656375839;0;0.05658
;;;DEFRAvehicles;;Vans;Average(upto3.5t);Unknown;Vehicletype,fueltype;Freightdistancetravelled(land);kgCO2e/miles;3;0.370749044295302;0;0.09105
;;;DEFRAvehicles;;Vans;ClassI(upto1.305t);BatteryElectricVehicle;Vehicletype,fueltype;Freightdistancetravelled(land);kgCO2e/tkm;3;0.182780006711409;0;0.04051
;;;DEFRAvehicles;;Vans;ClassI(upto1.305t);BatteryElectricVehicle;Vehicletype,fueltype;Freightdistancetravelled(land);kgCO2e/km;3;0.0385003154362416;0;0.00853
;;;DEFRAvehicles;;Vans;ClassI(upto1.305t);BatteryElectricVehicle;Vehicletype,fueltype;Freightdistancetravelled(land);kgCO2e/miles;3;0.0619733973154362;0;0.01373
;;;DEFRAvehicles;;Vans;ClassI(upto1.305t);Diesel;Vehicletype,fueltype;Freightdistancetravelled(land);kgCO2e/tkm;3;0.790147366442953;0;0.19249
;;;DEFRAvehicles;;Vans;ClassI(upto1.305t);Diesel;Vehicletype,fueltype;Freightdistancetravelled(land);kgCO2e/km;3;0.142124026845638;0;0.03463
;;;DEFRAvehicles;;Vans;ClassI(upto1.305t);Diesel;Vehicletype,fueltype;Freightdistancetravelled(land);kgCO2e/miles;3;0.228748985234899;0;0.05572
;;;DEFRAvehicles;;Vans;ClassI(upto1.305t);Petrol;Vehicletype,fueltype;Freightdistancetravelled(land);kgCO2e/tkm;3;1.05880125100671;0;0.29416
;;;DEFRAvehicles;;Vans;ClassI(upto1.305t);Petrol;Vehicletype,fueltype;Freightdistancetravelled(land);kgCO2e/km;3;0.182174538255034;0;0.0506
;;;DEFRAvehicles;;Vans;ClassI(upto1.305t);Petrol;Vehicletype,fueltype;Freightdistancetravelled(land);kgCO2e/miles;3;0.293178116778524;0;0.08143
;;;DEFRAvehicles;;Vans;ClassII(1.305to1.74t);BatteryElectricVehicle;Vehicletype,fueltype;Freightdistancetravelled(land);kgCO2e/tkm;3;0.265035433557047;0;0.0588
;;;DEFRAvehicles;;Vans;ClassII(1.305to1.74t);BatteryElectricVehicle;Vehicletype,fueltype;Freightdistancetravelled(land);kgCO2e/km;3;0.0593152416107383;0;0.01316
;;;DEFRAvehicles;;Vans;ClassII(1.305to1.74t);BatteryElectricVehicle;Vehicletype,fueltype;Freightdistancetravelled(land);kgCO2e/miles;3;0.0954664791946309;0;0.02118
;;;DEFRAvehicles;;Vans;ClassII(1.305to1.74t);Diesel;Vehicletype,fueltype;Freightdistancetravelled(land);kgCO2e/tkm;3;0.567863582550336;0;0.13857
;;;DEFRAvehicles;;Vans;ClassII(1.305to1.74t);Diesel;Vehicletype,fueltype;Freightdistancetravelled(land);kgCO2e/km;3;0.174054026845638;0;0.0425
;;;DEFRAvehicles;;Vans;ClassII(1.305to1.74t);Diesel;Vehicletype,fueltype;Freightdistancetravelled(land);kgCO2e/miles;3;0.280128985234899;0;0.06839
;;;DEFRAvehicles;;Vans;ClassII(1.305to1.74t);Petrol;Vehicletype,fueltype;Freightdistancetravelled(land);kgCO2e/tkm;3;0.73241617852349;0;0.20349
;;;DEFRAvehicles;;Vans;ClassII(1.305to1.74t);Petrol;Vehicletype,fueltype;Freightdistancetravelled(land);kgCO2e/km;3;0.195944538255034;0;0.05444
;;;DEFRAvehicles;;Vans;ClassII(1.305to1.74t);Petrol;Vehicletype,fueltype;Freightdistancetravelled(land);kgCO2e/miles;3;0.315338116778524;0;0.0876
;;;DEFRAvehicles;;Vans;ClassIII(1.74to3.5t);BatteryElectricVehicle;Vehicletype,fueltype;Freightdistancetravelled(land);kgCO2e/tkm;3;0.26159930738255;0;0.05807
;;;DEFRAvehicles;;Vans;ClassIII(1.74to3.5t);BatteryElectricVehicle;Vehicletype,fueltype;Freightdistancetravelled(land);kgCO2e/km;3;0.0896705382550336;0;0.01991
;;;DEFRAvehicles;;Vans;ClassIII(1.74to3.5t);BatteryElectricVehicle;Vehicletype,fueltype;Freightdistancetravelled(land);kgCO2e/miles;3;0.144297716778523;0;0.03204
;;;DEFRAvehicles;;Vans;ClassIII(1.74to3.5t);Diesel;Vehicletype,fueltype;Freightdistancetravelled(land);kgCO2e/tkm;3;0.56759052885906;0;0.13898
;;;DEFRAvehicles;;Vans;ClassIII(1.74to3.5t);Diesel;Vehicletype,fueltype;Freightdistancetravelled(land);kgCO2e/km;3;0.253464026845638;0;0.06207
;;;DEFRAvehicles;;Vans;ClassIII(1.74to3.5t);Diesel;Vehicletype,fueltype;Freightdistancetravelled(land);kgCO2e/miles;3;0.407918985234899;0;0.09989
;;;DEFRAvehicles;;Vans;ClassIII(1.74to3.5t);Petrol;Vehicletype,fueltype;Freightdistancetravelled(land);kgCO2e/tkm;3;0.776635699328859;0;0.21606
;;;DEFRAvehicles;;Vans;ClassIII(1.74to3.5t);Petrol;Vehicletype,fueltype;Freightdistancetravelled(land);kgCO2e/km;3;0.314444538255034;0;0.08748
;;;DEFRAvehicles;;Vans;ClassIII(1.74to3.5t);Petrol;Vehicletype,fueltype;Freightdistancetravelled(land);kgCO2e/miles;3;0.506048116778524;0;0.14078
;;;Energyutilitytype;;Heatandsteam;;Districtheatandsteam;Heat&Steam;Utilities;kgCO2e/kWh;2;0;0.179646571812081;0.03341
;;;Energyutilitytype;;Heatandsteam;;Onsiteheatandsteam;Heat&Steam;Utilities;kgCO2e/kWh;2;0;0.179646571812081;0.03341
;;;Gaseousbiofuels;;Biogas;;Energy;Fueltype;Amountoffuel(energy);kgCO2e/kWh;2;0.00022;0;0.02841
;;;Gaseousbiofuels;;Biogas;;Weight;Fueltype;Amountoffuel(weight);kgCO2e/t;2;1.23595;0;157.82597
;;;Gaseousbiofuels;;Landfillgas;;Energy;Fueltype;Amountoffuel(energy);kgCO2e/kWh;2;0.0002;0;0
;;;Gaseousbiofuels;;Landfillgas;;Weight;Fueltype;Amountoffuel(weight);kgCO2e/t;2;0.69479;0;0
;;;Gaseousfuels;;Butane;;Energy(GrossCV);Fueltype;Amountoffuel(energy);kgCO2e/kWh(GrossCV);2;0.222406004026846;0;0.02524
;;;Gaseousfuels;;Butane;;Energy(NetCV);Fueltype;Amountoffuel(energy);kgCO2e/kWh(NetCV);2;0.241066096644295;0;0.02736
;;;Gaseousfuels;;Butane;;Volume;Fueltype;Amountoffuel(volume);kgCO2e/l;2;1.74532963221477;0;0.19765
;;;Gaseousfuels;;Butane;;Weight;Fueltype;Amountoffuel(weight);kgCO2e/t;2;3033.38067114094;0;344.30947
;;;Gaseousfuels;;CNG;;Energy(GrossCV);Fueltype;Amountoffuel(energy);kgCO2e/kWh(GrossCV);2;0.182928926174497;0;0.03789
;;;Gaseousfuels;;CNG;;Energy(NetCV);Fueltype;Amountoffuel(energy);kgCO2e/kWh(NetCV);2;0.202671418791946;0;0.04198
;;;Gaseousfuels;;CNG;;Volume;Fueltype;Amountoffuel(volume);kgCO2e/l;2;0.448446530201342;0;0.09289
;;;Gaseousfuels;;CNG;;Weight;Fueltype;Amountoffuel(weight);kgCO2e/t;2;2562.57441073826;0;530.77887
;;;Gaseousfuels;;LNG;;Energy(GrossCV);Fueltype;Amountoffuel(energy);kgCO2e/kWh(GrossCV);2;0.184318926174497;0;0.06512
;;;Gaseousfuels;;LNG;;Energy(NetCV);Fueltype;Amountoffuel(energy);kgCO2e/kWh(NetCV);2;0.204201418791946;0;0.07214
;;;Gaseousfuels;;LNG;;Volume;Fueltype;Amountoffuel(volume);kgCO2e/l;2;1.16832964966443;0;0.41277
;;;Gaseousfuels;;LNG;;Weight;Fueltype;Amountoffuel(weight);kgCO2e/t;2;2581.98441073826;0;912.22817
;;;Gaseousfuels;;LPG;;Energy(GrossCV);Fueltype;Amountoffuel(energy);kgCO2e/kWh(GrossCV);2;0.214496004026846;0;0.02548
;;;Gaseousfuels;;LPG;;Energy(NetCV);Fueltype;Amountoffuel(energy);kgCO2e/kWh(NetCV);2;0.230316096644295;0;0.02736
;;;Gaseousfuels;;LPG;;Volume;Fueltype;Amountoffuel(volume);kgCO2e/l;2;1.55712778389262;0;0.18551
;;;Gaseousfuels;;LPG;;Weight;Fueltype;Amountoffuel(weight);kgCO2e/t;2;2939.36094899329;0;349.29282
;;;Gaseousfuels;;Naturalgas;100%mineralblend;Energy(GrossCV);Fueltype;Amountoffuel(energy);kgCO2e/kWh(GrossCV);2;0.184318926174497;0;0.03021
;;;Gaseousfuels;;Naturalgas;100%mineralblend;Energy(NetCV);Fueltype;Amountoffuel(energy);kgCO2e/kWh(NetCV);2;0.204201418791946;0;0.03347
;;;Gaseousfuels;;Naturalgas;100%mineralblend;Volume;Fueltype;Amountoffuel(volume);kgCO2e/m3;2;2.05383031006711;0;0.3366
;;;Gaseousfuels;;Naturalgas;100%mineralblend;Weight;Fueltype;Amountoffuel(weight);kgCO2e/t;2;2581.98441073826;0;423.16368
;;;Gaseousfuels;;Naturalgas;;Energy(GrossCV);Fueltype;Amountoffuel(energy);kgCO2e/kWh(GrossCV);2;0.182928926174497;0;0.03021
;;;Gaseousfuels;;Naturalgas;;Energy(NetCV);Fueltype;Amountoffuel(energy);kgCO2e/kWh(NetCV);2;0.202671418791946;0;0.03347
;;;Gaseousfuels;;Naturalgas;;Volume;Fueltype;Amountoffuel(volume);kgCO2e/m3;2;2.03839031006711;0;0.3366
;;;Gaseousfuels;;Naturalgas;;Weight;Fueltype;Amountoffuel(weight);kgCO2e/t;2;2562.57441073826;0;423.16368
;;;Gaseousfuels;;Otherpetroleumgas;;Energy(GrossCV);Fueltype;Amountoffuel(energy);kgCO2e/kWh(GrossCV);2;0.183228526174497;0;0.02153
;;;Gaseousfuels;;Otherpetroleumgas;;Energy(NetCV);Fueltype;Amountoffuel(energy);kgCO2e/kWh(NetCV);2;0.199168618791946;0;0.0234
;;;Gaseousfuels;;Otherpetroleumgas;;Volume;Fueltype;Amountoffuel(volume);kgCO2e/l;2;0.944415123489933;0;0.11097
;;;Gaseousfuels;;Otherpetroleumgas;;Weight;Fueltype;Amountoffuel(weight);kgCO2e/t;2;2578.2464738255;0;302.95197
;;;Gaseousfuels;;Propane;;Energy(GrossCV);Fueltype;Amountoffuel(energy);kgCO2e/kWh(GrossCV);2;0.214104804026846;0;0.02519
;;;Gaseousfuels;;Propane;;Energy(NetCV);Fueltype;Amountoffuel(energy);kgCO2e/kWh(NetCV);2;0.232576096644295;0;0.02736
;;;Gaseousfuels;;Propane;;Volume;Fueltype;Amountoffuel(volume);kgCO2e/l;2;1.54357759865772;0;0.1817
;;;Gaseousfuels;;Propane;;Weight;Fueltype;Amountoffuel(weight);kgCO2e/t;2;2997.63233422819;0;352.67018
;;;IPCCProductClassification;;Aluminiumproduction;Productiontechnology:Prebake;;Product;Weightofproducedgood;tCO2e/t;3;1.6;0;0
;;;IPCCProductClassification;;Aluminiumproduction;Productiontechnology:Soderberg;;Product;Weightofproducedgood;tCO2e/t;3;1.7;0;0
;;;IPCCProductClassification;;AmmoniaProduction;Ammonia;"Modernplants;Conventionalreforming;naturalgasasfeedstock";Product;Weightofproducedgood;tCO2e/t;3;1.694;0;0
;;;IPCCProductClassification;;GlassProduction;Container(flint)glass;;Product;Weightofproducedgood;tCO2e/t;3;0.21;0;0
;;;IPCCProductClassification;;GlassProduction;Fiberglass(Insulation);;Product;Weightofproducedgood;tCO2e/t;3;0.25;0;0
;;;IPCCProductClassification;;GlassProduction;Float glass;;Product;Weightofproducedgood;tCO2e/t;3;0.21;0;0
;;;IPCCProductClassification;;GlassProduction;Specialty(Tableware);;Product;Weightofproducedgood;tCO2e/t;3;0.1;0;0
;;;IPCCProductClassification;;IronandSteelProduction;SteelMakingMethod:BasicOxygenFurnace(BOF);;Product;Weightofproducedgood;tCO2e/t;3;1.46;0;0
;;;IPCCProductClassification;;IronandSteelProduction;"SteelMakingMethod:ElectricArcFurnace(EAF);Assumeproductionofsteelfromscrapmetal,notfrompigiron";;Product;Weightofproducedgood;tCO2e/t;3;0.08;0;0
;;;IPCCProductClassification;;IronandSteelProduction;SteelMakingMethod:OpenHearthFurnace(OHF);;Product;Weightofproducedgood;tCO2e/t;3;1.72;0;0
;;;IPCCProductClassification;;IronandSteelProduction;"SteelMakingMethod:See&quot;CommentsfromDataProvider&quot;";;Product;Weightofproducedgood;tCO2e/t;3;1.06;0;0
;;;IPCCProductClassification;;Limeproduction;Lime;;Product;Weightofproducedgood;tCO2e/t;3;0.75;0;0
;;;IPCCProductClassification;;PetrochemicalandCarbonBlackProduction;Ethylene;"ProcessTechnology:SteamCracker;DefaultProcessFeedstock:Ethane";Product;Weightofproducedgood;tCO2e/t;3;0.95;0;0
;;;IPCCProductClassification;;PetrochemicalandCarbonBlackProduction;Ethylene;"ProcessTechnology:SteamCracker;DefaultProcessFeedstock:GasOil";Product;Weightofproducedgood;tCO2e/t;3;2.29;0;0
;;;IPCCProductClassification;;PetrochemicalandCarbonBlackProduction;Ethylene;"ProcessTechnology:SteamCracker;DefaultProcessFeedstock:Naphtha";Product;Weightofproducedgood;tCO2e/t;3;1.73;0;0
;;;IPCCProductClassification;;PetrochemicalandCarbonBlackProduction;Ethylene;"ProcessTechnology:SteamCracker;DefaultProcessFeedstock:Propane";Product;Weightofproducedgood;tCO2e/t;3;1.04;0;0
;;;IPCCProductClassification;;PetrochemicalandCarbonBlackProduction;Methanol;"ProcessTechnology:ConventionalSteamReformingProcesswithIntegratedAmmoniaProduction;ProcessFeedstock:NaturalGas";Product;Weightofproducedgood;tCO2e/t;3;1.02;0;0
;;;IPCCProductClassification;;PetrochemicalandCarbonBlackProduction;Methanol;"ProcessTechnology:ConventionalSteamReformingProcesswithPrimaryReformer;ProcessFeedstock:NaturalGas";Product;Weightofproducedgood;tCO2e/t;3;0.497;0;0
;;;IPCCProductClassification;;PetrochemicalandCarbonBlackProduction;Methanol;"ProcessTechnology:ConventionalSteamReforming,withoutprimaryreformer;ProcessFeedstock:NaturalGas(Defaulprocesstechnologyanddefaultfeedstock)";Product;Weightofproducedgood;tCO2e/t;3;0.67;0;0
;;;Liquidbiofuels;;Avtur;renewable;Energy;Fueltype;Amountoffuel(energy);kgCO2e/GJ;2;0.7234;0;5.8409
;;;Liquidbiofuels;;Avtur;renewable;Volume;Fueltype;Amountoffuel(volume);kgCO2e/l;2;0.02536;0;0.20476
;;;Liquidbiofuels;;Avtur;renewable;Weight;Fueltype;Amountoffuel(weight);kgCO2e/kg;2;0.03178;0;0.25657
;;;Liquidbiofuels;;BiodieselHVO;;Energy;Fueltype;Amountoffuel(energy);kgCO2e/GJ;2;1.03677;0;8.11314
;;;Liquidbiofuels;;BiodieselHVO;;Volume;Fueltype;Amountoffuel(volume);kgCO2e/l;2;0.03558;0;0.27844
;;;Liquidbiofuels;;BiodieselHVO;;Weight;Fueltype;Amountoffuel(weight);kgCO2e/kg;2;0.04562;0;0.35698
;;;Liquidbiofuels;;BiodieselME;fromtallow;Energy;Fueltype;Amountoffuel(energy);kgCO2e/GJ;2;5.05961;0;19.92979
;;;Liquidbiofuels;;BiodieselME;fromtallow;Volume;Fueltype;Amountoffuel(volume);kgCO2e/l;2;0.16751;0;0.65984
;;;Liquidbiofuels;;BiodieselME;fromtallow;Weight;Fueltype;Amountoffuel(weight);kgCO2e/kg;2;0.18822;0;0.74139
;;;Liquidbiofuels;;BiodieselME;fromusedcookingoil;Energy;Fueltype;Amountoffuel(energy);kgCO2e/GJ;2;5.05961;0;11.29076
;;;Liquidbiofuels;;BiodieselME;fromusedcookingoil;Volume;Fueltype;Amountoffuel(volume);kgCO2e/l;2;0.16751;0;0.37381
;;;Liquidbiofuels;;BiodieselME;fromusedcookingoil;Weight;Fueltype;Amountoffuel(weight);kgCO2e/kg;2;0.18822;0;0.42002
;;;Liquidbiofuels;;BiodieselME;;Energy;Fueltype;Amountoffuel(energy);kgCO2e/GJ;2;5.05961;0;13.51896
;;;Liquidbiofuels;;BiodieselME;;Volume;Fueltype;Amountoffuel(volume);kgCO2e/l;2;0.16751;0;0.44759
;;;Liquidbiofuels;;BiodieselME;;Weight;Fueltype;Amountoffuel(weight);kgCO2e/kg;2;0.18822;0;0.50291
;;;Liquidbiofuels;;Bioethanol;;Energy;Fueltype;Amountoffuel(energy);kgCO2e/GJ;2;0.42339;0;27.02263
;;;Liquidbiofuels;;Bioethanol;;Volume;Fueltype;Amountoffuel(volume);kgCO2e/l;2;0.00901;0;0.57502
;;;Liquidbiofuels;;Bioethanol;;Weight;Fueltype;Amountoffuel(weight);kgCO2e/kg;2;0.01135;0;0.72421
;;;Liquidbiofuels;;Biomethane;compressed;Energy;Fueltype;Amountoffuel(energy);kgCO2e/GJ;2;0.10625;0;12.78026
;;;Liquidbiofuels;;Biomethane;compressed;Weight;Fueltype;Amountoffuel(weight);kgCO2e/kg;2;0.00521;0;0.62623
;;;Liquidbiofuels;;Biomethane;Liquified;Energy;Fueltype;Amountoffuel(energy);kgCO2e/GJ;2;0.10901;0;23.92354
;;;Liquidbiofuels;;Biomethane;Liquified;Weight;Fueltype;Amountoffuel(weight);kgCO2e/kg;2;0.00534;0;1.17225
;;;Liquidbiofuels;;Biopropane;;Energy;Fueltype;Amountoffuel(energy);kgCO2e/GJ;2;0.08952;0;10.72725
;;;Liquidbiofuels;;Biopropane;;Volume;Fueltype;Amountoffuel(volume);kgCO2e/l;2;0.00214;0;0.25631
;;;Liquidbiofuels;;Biopropane;;Weight;Fueltype;Amountoffuel(weight);kgCO2e/kg;2;0.00415;0;0.49774
;;;Liquidbiofuels;;Developmentdiesel;;Energy;Fueltype;Amountoffuel(energy);kgCO2e/GJ;2;1.03677;0;27.39722
;;;Liquidbiofuels;;Developmentdiesel;;Volume;Fueltype;Amountoffuel(volume);kgCO2e/l;2;0.03703;0;0.97852
;;;Liquidbiofuels;;Developmentdiesel;;Weight;Fueltype;Amountoffuel(weight);kgCO2e/kg;2;0.04462;0;1.17911
;;;Liquidbiofuels;;Developmentpetrol;;Energy;Fueltype;Amountoffuel(energy);kgCO2e/GJ;2;0.42339;0;26.65563
;;;Liquidbiofuels;;Developmentpetrol;;Volume;Fueltype;Amountoffuel(volume);kgCO2e/l;2;0.01405;0;0.88444
;;;Liquidbiofuels;;Developmentpetrol;;Weight;Fueltype;Amountoffuel(weight);kgCO2e/kg;2;0.01889;0;1.18957
;;;Liquidbiofuels;;Methanol;Bio;Energy;Fueltype;Amountoffuel(energy);kgCO2e/GJ;2;0.42339;0;37.61789
;;;Liquidbiofuels;;Methanol;Bio;Volume;Fueltype;Amountoffuel(volume);kgCO2e/l;2;0.00669;0;0.59447
;;;Liquidbiofuels;;Methanol;Bio;Weight;Fueltype;Amountoffuel(weight);kgCO2e/kg;2;0.00844;0;0.74964
;;;Liquidbiofuels;;Offroadbiodiesel;;Energy;Fueltype;Amountoffuel(energy);kgCO2e/GJ;2;5.05961;0;13.51896
;;;Liquidbiofuels;;Offroadbiodiesel;;Volume;Fueltype;Amountoffuel(volume);kgCO2e/l;2;0.16751;0;0.44759
;;;Liquidbiofuels;;Offroadbiodiesel;;Weight;Fueltype;Amountoffuel(weight);kgCO2e/kg;2;0.18822;0;0.50291
;;;Liquidfuels;;Aviationspirit;;Energy(GrossCV);Fueltype;Amountoffuel(energy);kgCO2e/kWh(GrossCV);2;0.243820316778524;0;0.06253
;;;Liquidfuels;;Aviationspirit;;Energy(NetCV);Fueltype;Amountoffuel(energy);kgCO2e/kWh(NetCV);2;0.25665613557047;0;0.06582
;;;Liquidfuels;;Aviationspirit;;Volume;Fueltype;Amountoffuel(volume);kgCO2e/l;2;2.33116264295302;0;0.61425
;;;Liquidfuels;;Aviationspirit;;Weight;Fueltype;Amountoffuel(weight);kgCO2e/t;2;3193.6948;0;813.26357
;;;Liquidfuels;;Aviationturbinefuel;;Energy(GrossCV);Fueltype;Amountoffuel(energy);kgCO2e/kWh(GrossCV);2;0.247581087248322;0;0.05153
;;;Liquidfuels;;Aviationturbinefuel;;Energy(NetCV);Fueltype;Amountoffuel(energy);kgCO2e/kWh(NetCV);2;0.260608998657718;0;0.05424
;;;Liquidfuels;;Aviationturbinefuel;;Volume;Fueltype;Amountoffuel(volume);kgCO2e/l;2;2.5426884;0;0.52817
;;;Liquidfuels;;Aviationturbinefuel;;Weight;Fueltype;Amountoffuel(weight);kgCO2e/t;2;3178.3652;0;661.79468
;;;Liquidfuels;;Burningoil;;Energy(GrossCV);Fueltype;Amountoffuel(energy);kgCO2e/kWh(GrossCV);2;0.24677324966443;0;0.05153
;;;Liquidfuels;;Burningoil;;Energy(NetCV);Fueltype;Amountoffuel(energy);kgCO2e/kWh(NetCV);2;0.259753527516778;0;0.05424
;;;Liquidfuels;;Burningoil;;Volume;Fueltype;Amountoffuel(volume);kgCO2e/l;2;2.54015585637584;0;0.53078
;;;Liquidfuels;;Burningoil;;Weight;Fueltype;Amountoffuel(weight);kgCO2e/t;2;3165.04181208054;0;660.82605
;;;Liquidfuels;;Diesel;100%mineralblend;Energy(GrossCV);Fueltype;Amountoffuel(energy);kgCO2e/kWh(GrossCV);2;0.251927030872483;0;0.05913
;;;Liquidfuels;;Diesel;100%mineralblend;Energy(NetCV);Fueltype;Amountoffuel(energy);kgCO2e/kWh(NetCV);2;0.268022761073825;0;0.06291
;;;Liquidfuels;;Diesel;100%mineralblend;Volume;Fueltype;Amountoffuel(volume);kgCO2e/l;2;2.65937173691275;0;0.62409
;;;Liquidfuels;;Diesel;100%mineralblend;Weight;Fueltype;Amountoffuel(weight);kgCO2e/t;2;3203.91142818792;0;752.0276
;;;Liquidfuels;;Diesel;averagebiofuelblend;Energy(GrossCV);Fueltype;Amountoffuel(energy);kgCO2e/kWh(GrossCV);2;0.239075923489933;0;0.05816
;;;Liquidfuels;;Diesel;averagebiofuelblend;Energy(NetCV);Fueltype;Amountoffuel(energy);kgCO2e/kWh(NetCV);2;0.254092761073826;0;0.06181
;;;Liquidfuels;;Diesel;averagebiofuelblend;Volume;Fueltype;Amountoffuel(volume);kgCO2e/l;2;2.51206388456376;0;0.61101
;;;Liquidfuels;;Diesel;averagebiofuelblend;Weight;Fueltype;Amountoffuel(weight);kgCO2e/t;2;3015.65461610738;0;733.64436
;;;Liquidfuels;;Fueloil;;Energy(GrossCV);Fueltype;Amountoffuel(energy);kgCO2e/kWh(GrossCV);2;0.268133805369128;0;0.05913
;;;Liquidfuels;;Fueloil;;Energy(NetCV);Fueltype;Amountoffuel(energy);kgCO2e/kWh(NetCV);2;0.285231775838926;0;0.06291
;;;Liquidfuels;;Fueloil;;Volume;Fueltype;Amountoffuel(volume);kgCO2e/l;2;3.17492498255034;0;0.69539
;;;Liquidfuels;;Fueloil;;Weight;Fueltype;Amountoffuel(weight);kgCO2e/t;2;3228.89018657718;0;714.86545
;;;Liquidfuels;;Gasoil;;Energy(GrossCV);Fueltype;Amountoffuel(energy);kgCO2e/kWh(GrossCV);2;0.256495629530201;0;0.05913
;;;Liquidfuels;;Gasoil;;Energy(NetCV);Fueltype;Amountoffuel(energy);kgCO2e/kWh(NetCV);2;0.272876989261745;0;0.06291
;;;Liquidfuels;;Gasoil;;Volume;Fueltype;Amountoffuel(volume);kgCO2e/l;2;2.75540897852349;0;0.62665
;;;Liquidfuels;;Gasoil;;Weight;Fueltype;Amountoffuel(weight);kgCO2e/t;2;3226.57859194631;0;743.83524
;;;Liquidfuels;;Lubricants;;Energy(GrossCV);Fueltype;Amountoffuel(energy);kgCO2e/kWh(GrossCV);2;0.26414244966443;0;0.09238
;;;Liquidfuels;;Lubricants;;Energy(NetCV);Fueltype;Amountoffuel(energy);kgCO2e/kWh(NetCV);2;0.281001527516778;0;0.09828
;;;Liquidfuels;;Lubricants;;Volume;Fueltype;Amountoffuel(volume);kgCO2e/l;2;2.74933914899329;0;0
;;;Liquidfuels;;Lubricants;;Weight;Fueltype;Amountoffuel(weight);kgCO2e/t;2;3180.99991812081;0;1116.83712
;;;Liquidfuels;;Marinefueloil;;Energy(GrossCV);Fueltype;Amountoffuel(energy);kgCO2e/kWh(GrossCV);2;0.261966790604027;0;0.05913
;;;Liquidfuels;;Marinefueloil;;Energy(NetCV);Fueltype;Amountoffuel(energy);kgCO2e/kWh(NetCV);2;0.278690213422819;0;0.06291
;;;Liquidfuels;;Marinefueloil;;Volume;Fueltype;Amountoffuel(volume);kgCO2e/l;2;3.10202288590604;0;0.69539
;;;Liquidfuels;;Marinefueloil;;Weight;Fueltype;Amountoffuel(weight);kgCO2e/t;2;3154.75333959732;0;714.86545
;;;Liquidfuels;;Marinegasoil;;Energy(GrossCV);Fueltype;Amountoffuel(energy);kgCO2e/kWh(GrossCV);2;0.257977367785235;0;0.05913
;;;Liquidfuels;;Marinegasoil;;Energy(NetCV);Fueltype;Amountoffuel(energy);kgCO2e/kWh(NetCV);2;0.274454205369127;0;0.06291
;;;Liquidfuels;;Marinegasoil;;Volume;Fueltype;Amountoffuel(volume);kgCO2e/l;2;2.77138877315436;0;0.62665
;;;Liquidfuels;;Marinegasoil;;Weight;Fueltype;Amountoffuel(weight);kgCO2e/t;2;3245.3044147651;0;743.83524
;;;Liquidfuels;;Naphtha;;Energy(GrossCV);Fueltype;Amountoffuel(energy);kgCO2e/kWh(GrossCV);2;0.23647364966443;0;0.04822
;;;Liquidfuels;;Naphtha;;Energy(NetCV);Fueltype;Amountoffuel(energy);kgCO2e/kWh(NetCV);2;0.248911527516779;0;0.05076
;;;Liquidfuels;;Naphtha;;Volume;Fueltype;Amountoffuel(volume);kgCO2e/l;2;2.11893915436242;0;0
;;;Liquidfuels;;Naphtha;;Weight;Fueltype;Amountoffuel(weight);kgCO2e/t;2;3142.37889798658;0;640.41464
;;;Liquidfuels;;Petrol;100%mineralblend;Energy(GrossCV);Fueltype;Amountoffuel(energy);kgCO2e/kWh(GrossCV);2;0.241714790604027;0;0.06253
;;;Liquidfuels;;Petrol;100%mineralblend;Energy(NetCV);Fueltype;Amountoffuel(energy);kgCO2e/kWh(NetCV);2;0.254435161073826;0;0.06582
;;;Liquidfuels;;Petrol;100%mineralblend;Volume;Fueltype;Amountoffuel(volume);kgCO2e/l;2;2.34502534630872;0;0.60664
;;;Liquidfuels;;Petrol;100%mineralblend;Weight;Fueltype;Amountoffuel(weight);kgCO2e/t;2;3154.0821261745;0;815.93523
;;;Liquidfuels;;Petrol;averagebiofuelblend;Energy(GrossCV);Fueltype;Amountoffuel(energy);kgCO2e/kWh(GrossCV);2;0.221663590604027;0;0.0614
;;;Liquidfuels;;Petrol;averagebiofuelblend;Energy(NetCV);Fueltype;Amountoffuel(energy);kgCO2e/kWh(NetCV);2;0.233965161073826;0;0.0648
;;;Liquidfuels;;Petrol;averagebiofuelblend;Volume;Fueltype;Amountoffuel(volume);kgCO2e/l;2;2.09747312751678;0;0.58094
;;;Liquidfuels;;Petrol;averagebiofuelblend;Weight;Fueltype;Amountoffuel(weight);kgCO2e/t;2;2806.65935167785;0;777.33392
;;;Liquidfuels;;Processedfueloils;distillateoil;Energy(GrossCV);Fueltype;Amountoffuel(energy);kgCO2e/kWh(GrossCV);2;0.256495629530201;0;0.08931
;;;Liquidfuels;;Processedfueloils;distillateoil;Energy(NetCV);Fueltype;Amountoffuel(energy);kgCO2e/kWh(NetCV);2;0.272876989261745;0;0.09501
;;;Liquidfuels;;Processedfueloils;distillateoil;Volume;Fueltype;Amountoffuel(volume);kgCO2e/l;2;2.75540897852349;0;0.9465
;;;Liquidfuels;;Processedfueloils;distillateoil;Weight;Fueltype;Amountoffuel(weight);kgCO2e/t;2;3226.57859194631;0;1123.49881
;;;Liquidfuels;;Processedfueloils;residualoil;Energy(GrossCV);Fueltype;Amountoffuel(energy);kgCO2e/kWh(GrossCV);2;0.268133805369128;0;0.09364
;;;Liquidfuels;;Processedfueloils;residualoil;Energy(NetCV);Fueltype;Amountoffuel(energy);kgCO2e/kWh(NetCV);2;0.285231775838926;0;0.09962
;;;Liquidfuels;;Processedfueloils;residualoil;Volume;Fueltype;Amountoffuel(volume);kgCO2e/l;2;3.17492498255034;0;1.10125
;;;Liquidfuels;;Processedfueloils;residualoil;Weight;Fueltype;Amountoffuel(weight);kgCO2e/t;2;3228.89018657718;0;1132.08149
;;;Liquidfuels;;Refinerymiscellaneous;;Energy(GrossCV);Fueltype;Amountoffuel(energy);kgCO2e/kWh(GrossCV);2;0.246628297986577;0;0.02923
;;;Liquidfuels;;Refinerymiscellaneous;;Energy(NetCV);Fueltype;Amountoffuel(energy);kgCO2e/kWh(NetCV);2;0.259607375838926;0;0.03077
;;;Liquidfuels;;Refinerymiscellaneous;;Weight;Fueltype;Amountoffuel(weight);kgCO2e/t;2;2944.32092751678;0;348.98258
;;;Liquidfuels;;Wasteoils;;Energy(GrossCV);Fueltype;Amountoffuel(energy);kgCO2e/kWh(GrossCV);2;0.256405939597315;0;0.08895
;;;Liquidfuels;;Wasteoils;;Energy(NetCV);Fueltype;Amountoffuel(energy);kgCO2e/kWh(NetCV);2;0.274587332885906;0;0.09526
;;;Liquidfuels;;Wasteoils;;Volume;Fueltype;Amountoffuel(volume);kgCO2e/l;2;2.74923668456376;0;0
;;;Liquidfuels;;Wasteoils;;Weight;Fueltype;Amountoffuel(weight);kgCO2e/t;2;3219.37915838926;0;1116.83712
;;;Solidbiofuels;;Grass/straw;;Energy;Fueltype;Amountoffuel(energy);kgCO2e/kWh;2;0.0155;0;0.01604
;;;Solidbiofuels;;Grass/straw;;Weight;Fueltype;Amountoffuel(weight);kgCO2e/t;2;57.63342;0;68.65
;;;Solidbiofuels;;Woodchips;;Energy;Fueltype;Amountoffuel(energy);kgCO2e/kWh;2;0.01074;0;0.00792
;;;Solidbiofuels;;Woodchips;;Weight;Fueltype;Amountoffuel(weight);kgCO2e/t;2;40.58114;0;30.4
;;;Solidbiofuels;;Woodlogs;;Energy;Fueltype;Amountoffuel(energy);kgCO2e/kWh;2;0.01074;0;0.01277
;;;Solidbiofuels;;Woodlogs;;Weight;Fueltype;Amountoffuel(weight);kgCO2e/t;2;43.89327;0;52.14
;;;Solidbiofuels;;Woodpellets;;Energy;Fueltype;Amountoffuel(energy);kgCO2e/kWh;2;0.01074;0;0.03744
;;;Solidbiofuels;;Woodpellets;;Weight;Fueltype;Amountoffuel(weight);kgCO2e/t;2;51.56192;0;177
;;;Solidfuels;;Coal;domestic;Energy(GrossCV);Fueltype;Amountoffuel(energy);kgCO2e/kWh(GrossCV);2;0.347212966442953;0;0.05629
;;;Solidfuels;;Coal;domestic;Energy(NetCV);Fueltype;Amountoffuel(energy);kgCO2e/kWh(NetCV);2;0.365489496644295;0;0.05925
;;;Solidfuels;;Coal;domestic;Weight;Fueltype;Amountoffuel(weight);kgCO2e/t;2;2904.95233557047;0;470.95724
;;;Solidfuels;;Coal;electricitygeneration;Energy(GrossCV);Fueltype;Amountoffuel(energy);kgCO2e/kWh(GrossCV);2;0.31737257852349;0;0.05629
;;;Solidfuels;;Coal;electricitygeneration;Energy(NetCV);Fueltype;Amountoffuel(energy);kgCO2e/kWh(NetCV);2;0.334071504697987;0;0.05925
;;;Solidfuels;;Coal;electricitygeneration;Weight;Fueltype;Amountoffuel(weight);kgCO2e/t;2;2199.33448322148;0;390.06647
;;;Solidfuels;;Coal;electricitygeneration-homeproducedcoalonly;Energy(GrossCV);Fueltype;Amountoffuel(energy);kgCO2e/kWh(GrossCV);2;0.31737257852349;0;0.05629
;;;Solidfuels;;Coal;electricitygeneration-homeproducedcoalonly;Energy(NetCV);Fueltype;Amountoffuel(energy);kgCO2e/kWh(NetCV);2;0.334071504697987;0;0.05925
;;;Solidfuels;;Coal;electricitygeneration-homeproducedcoalonly;Weight;Fueltype;Amountoffuel(weight);kgCO2e/t;2;2195.89669798658;0;389.45704
;;;Solidfuels;;Coal;industrial;Energy(GrossCV);Fueltype;Amountoffuel(energy);kgCO2e/kWh(GrossCV);2;0.322616910067114;0;0.05629
;;;Solidfuels;;Coal;industrial;Energy(NetCV);Fueltype;Amountoffuel(energy);kgCO2e/kWh(NetCV);2;0.339597406711409;0;0.05925
;;;Solidfuels;;Coal;industrial;Weight;Fueltype;Amountoffuel(weight);kgCO2e/t;2;2396.47994362416;0;418.14964
;;;Solidfuels;;Cokingcoal;;Energy(GrossCV);Fueltype;Amountoffuel(energy);kgCO2e/kWh(GrossCV);2;0.357902570469799;0;0.05629
;;;Solidfuels;;Cokingcoal;;Energy(NetCV);Fueltype;Amountoffuel(energy);kgCO2e/kWh(NetCV);2;0.376749711409396;0;0.05925
;;;Solidfuels;;Cokingcoal;;Weight;Fueltype;Amountoffuel(weight);kgCO2e/t;2;3164.65001879195;0;497.73658
;;;Solidfuels;;Petroleumcoke;;Energy(GrossCV);Fueltype;Amountoffuel(energy);kgCO2e/kWh(GrossCV);2;0.340919927516779;0;0.04053
;;;Solidfuels;;Petroleumcoke;;Energy(NetCV);Fueltype;Amountoffuel(energy);kgCO2e/kWh(NetCV);2;0.358867897986577;0;0.04267
;;;Solidfuels;;Petroleumcoke;;Weight;Fueltype;Amountoffuel(weight);kgCO2e/t;2;3386.57167516779;0;402.62468
;;;;;Cargoship;Bulkcarrier;0–9999dwt;Shiptypeandsize;Freightdistancetravelled(sea);kgCO2e/tkm;3;0.0295640061744966;0;0.00670324262789192
;;;;;Cargoship;Bulkcarrier;10,000–34,999dwt;Shiptypeandsize;Freightdistancetravelled(sea);kgCO2e/tkm;3;0.00799828026845638;0;0.00181367626523952
;;;;;Cargoship;Bulkcarrier;100,000–199,999dwt;Shiptypeandsize;Freightdistancetravelled(sea);kgCO2e/tkm;3;0.00303757973154362;0;0.000688571922823008
;;;;;Cargoship;Bulkcarrier;200,000+dwt;Shiptypeandsize;Freightdistancetravelled(sea);kgCO2e/tkm;3;0.00253135489932886;0;0.000573641909350354
;;;;;Cargoship;Bulkcarrier;35,000–59,999dwt;Shiptypeandsize;Freightdistancetravelled(sea);kgCO2e/tkm;3;0.00577160241610738;0;0.00130858910076759
;;;;;Cargoship;Bulkcarrier;60,000–99,999dwt;Shiptypeandsize;Freightdistancetravelled(sea);kgCO2e/tkm;3;0.00415091865771812;0;0.000941619584065431
;;;;;Cargoship;Bulkcarrier;Average;Shiptypeandsize;Freightdistancetravelled(sea);kgCO2e/tkm;3;0.00353380456375839;0;0.000801485620269826
;;;;;Cargoship;Containership;0–999TEU;Shiptypeandsize;Freightdistancetravelled(sea);kgCO2e/tkm;3;0.0367516153020134;0;0.00833343413478036
;;;;;Cargoship;Containership;1000–1999TEU;Shiptypeandsize;Freightdistancetravelled(sea);kgCO2e/tkm;3;0.0324998073825503;0;0.00736862691641781
;;;;;Cargoship;Containership;2000–2999TEU;Shiptypeandsize;Freightdistancetravelled(sea);kgCO2e/tkm;3;0.0202485991946309;0;0.00459115159082867
;;;;;Cargoship;Containership;3000–4999TEU;Shiptypeandsize;Freightdistancetravelled(sea);kgCO2e/tkm;3;0.0168065731543624;0;0.00381083728883012
;;;;;Cargoship;Containership;5000–7999TEU;Shiptypeandsize;Freightdistancetravelled(sea);kgCO2e/tkm;3;0.0168065731543624;0;0.00381083728883012
;;;;;Cargoship;Containership;8000+TEU;Shiptypeandsize;Freightdistancetravelled(sea);kgCO2e/tkm;3;0.0126556544966443;0;0.00286921770476469
;;;;;Cargoship;Containership;Average;Shiptypeandsize;Freightdistancetravelled(sea);kgCO2e/tkm;3;0.0161185697986577;0;0.00365457279682783
;;;;;Cargoship;Generalcargo;0–4999dwt;Shiptypeandsize;Freightdistancetravelled(sea);kgCO2e/tkm;3;0.0140725504697987;0;0.00319082011088554
;;;;;Cargoship;Generalcargo;0–4999dwt100+TEU;Shiptypeandsize;Freightdistancetravelled(sea);kgCO2e/tkm;3;0.0200468206711409;0;0.00454578448024736
;;;;;Cargoship;Generalcargo;10,000+dwt;Shiptypeandsize;Freightdistancetravelled(sea);kgCO2e/tkm;3;0.0120485404026846;0;0.00273210821500784
;;;;;Cargoship;Generalcargo;10,000+dwt100+TEU;Shiptypeandsize;Freightdistancetravelled(sea);kgCO2e/tkm;3;0.011136749261745;0;0.00252543582235964
;;;;;Cargoship;Generalcargo;5000–9999dwt;Shiptypeandsize;Freightdistancetravelled(sea);kgCO2e/tkm;3;0.0159967912751678;0;0.00362735253047904
;;;;;Cargoship;Generalcargo;5000–9999dwt100+TEU;Shiptypeandsize;Freightdistancetravelled(sea);kgCO2e/tkm;3;0.017717244295302;0;0.00401750968147831
;;;;;Cargoship;Generalcargo;Average;Shiptypeandsize;Freightdistancetravelled(sea);kgCO2e/tkm;3;0.013212768590604;0;0.00299624561439236
;;;;;Cargoship;LargeRoPaxferry;Average;Shiptypeandsize;Freightdistancetravelled(sea);kgCO2e/tkm;3;0.376123095167785;0;0.085284118944787
;;;;;Cargoship;Refrigeratedcargo;Alldwt;Shiptypeandsize;Freightdistancetravelled(sea);kgCO2e/tkm;3;0.0130609900671141;0;0.00296096008394023
;;;;;Cargoship;RoRo-Ferry;0–1999LM;Shiptypeandsize;Freightdistancetravelled(sea);kgCO2e/tkm;3;0.0610502438926174;0;0.0138430176753773
;;;;;Cargoship;RoRo-Ferry;2000+LM;Shiptypeandsize;Freightdistancetravelled(sea);kgCO2e/tkm;3;0.0501161624161074;0;0.0113639571216119
;;;;;Cargoship;RoRo-Ferry;Average;Shiptypeandsize;Freightdistancetravelled(sea);kgCO2e/tkm;3;0.0515839476510067;0;0.0116966492658749
;;;;;Cargoship;Vehicletransport;0–3999CEU;Shiptypeandsize;Freightdistancetravelled(sea);kgCO2e/tkm;3;0.0583162212080537;0;0.0132230004974328
;;;;;Cargoship;Vehicletransport;4000+CEU;Shiptypeandsize;Freightdistancetravelled(sea);kgCO2e/tkm;3;0.0323989181208054;0;0.00734644744013362
;;;;;Cargoship;Vehicletransport;Average;Shiptypeandsize;Freightdistancetravelled(sea);kgCO2e/tkm;3;0.0385229575838926;0;0.00873468102392173
;;;;;Domestic,to/fromUK;Averagepassenger;WithRF;Flightduration,passengertype(class);Passengerdistancetravelled(air);kgCO2e/pkm;3;0.272576785234899;0;0.0335
;;;;;Domestic,to/fromUK;Averagepassenger;WithoutRF;Flightduration,passengertype(class);Passengerdistancetravelled(air);kgCO2e/pkm;3;0.160986785234899;0;0.0335
;;;;;Domestic,to/fromUK;;WithRF;Flightduration;Freightdistancetravelled(air);kgCO2e/tkm;3;4.67339640134228;0;0.57429
;;;;;Domestic,to/fromUK;;WithoutRF;Flightduration;Freightdistancetravelled(air);kgCO2e/tkm;3;2.76014640134228;0;0.57429
;;;;;Ferry;Average(allpassenger);;Ferrypassengertype;Passengerdistancetravelled(sea);kgCO2e/pkm;3;0.112698080805369;0;0.0255537811534331
;;;;;Ferry;Carpassenger;;Ferrypassengertype;Passengerdistancetravelled(sea);kgCO2e/pkm;3;0.129328875436242;0;0.0293242921217465
;;;;;Ferry;Footpassenger;;Ferrypassengertype;Passengerdistancetravelled(sea);kgCO2e/pkm;3;0.0187108139597315;0;0.00424232891835903
;;;;;International,to/fromnon-UK;Averagepassenger;WithRF;Flightduration,passengertype(class);Passengerdistancetravelled(air);kgCO2e/pkm;3;0.175803783892617;0;0.02162
;;;;;International,to/fromnon-UK;Averagepassenger;WithoutRF;Flightduration,passengertype(class);Passengerdistancetravelled(air);kgCO2e/pkm;3;0.103773783892617;0;0.02162
;;;;;International,to/fromnon-UK;Businessclass;WithRF;Flightduration,passengertype(class);Passengerdistancetravelled(air);kgCO2e/pkm;3;0.390443205369128;0;0.04802
;;;;;International,to/fromnon-UK;Businessclass;WithoutRF;Flightduration,passengertype(class);Passengerdistancetravelled(air);kgCO2e/pkm;3;0.230473205369128;0;0.04802
;;;;;International,to/fromnon-UK;Economyclass;WithRF;Flightduration,passengertype(class);Passengerdistancetravelled(air);kgCO2e/pkm;3;0.134643330308725;0;0.01656
;;;;;International,to/fromnon-UK;Economyclass;WithoutRF;Flightduration,passengertype(class);Passengerdistancetravelled(air);kgCO2e/pkm;3;0.0794733303087248;0;0.01656
;;;;;International,to/fromnon-UK;Firstclass;WithRF;Flightduration,passengertype(class);Passengerdistancetravelled(air);kgCO2e/pkm;3;0.5385424;0;0.06623
;;;;;International,to/fromnon-UK;Firstclass;WithoutRF;Flightduration,passengertype(class);Passengerdistancetravelled(air);kgCO2e/pkm;3;0.3178924;0;0.06623
;;;;;International,to/fromnon-UK;Premiumeconomyclass;WithRF;Flightduration,passengertype(class);Passengerdistancetravelled(air);kgCO2e/pkm;3;0.21541942147651;0;0.02649
;;;;;International,to/fromnon-UK;Premiumeconomyclass;WithoutRF;Flightduration,passengertype(class);Passengerdistancetravelled(air);kgCO2e/pkm;3;0.12715942147651;0;0.02649
;;;;;International,to/fromnon-UK;;WithRF;Flightduration;Freightdistancetravelled(air);kgCO2e/tkm;3;1.09903160402685;0;0.13516
;;;;;International,to/fromnon-UK;;WithoutRF;Flightduration;Freightdistancetravelled(air);kgCO2e/tkm;3;0.648741604026846;0;0.13516
;;;;;Long-haul,to/fromUK;Averagepassenger;WithRF;Flightduration,passengertype(class);Passengerdistancetravelled(air);kgCO2e/pkm;3;0.261280629530201;0;0.03213
;;;;;Long-haul,to/fromUK;Averagepassenger;WithoutRF;Flightduration,passengertype(class);Passengerdistancetravelled(air);kgCO2e/pkm;3;0.154230629530201;0;0.03213
;;;;;Long-haul,to/fromUK;Businessclass;WithRF;Flightduration,passengertype(class);Passengerdistancetravelled(air);kgCO2e/pkm;3;0.580286930201342;0;0.07137
;;;;;Long-haul,to/fromUK;Businessclass;WithoutRF;Flightduration,passengertype(class);Passengerdistancetravelled(air);kgCO2e/pkm;3;0.342526930201342;0;0.07137
;;;;;Long-haul,to/fromUK;Economyclass;WithRF;Flightduration,passengertype(class);Passengerdistancetravelled(air);kgCO2e/pkm;3;0.200108280536913;0;0.02461
;;;;;Long-haul,to/fromUK;Economyclass;WithoutRF;Flightduration,passengertype(class);Passengerdistancetravelled(air);kgCO2e/pkm;3;0.118118280536913;0;0.02461
;;;;;Long-haul,to/fromUK;Firstclass;WithRF;Flightduration,passengertype(class);Passengerdistancetravelled(air);kgCO2e/pkm;3;0.800403029530201;0;0.09844
;;;;;Long-haul,to/fromUK;Firstclass;WithoutRF;Flightduration,passengertype(class);Passengerdistancetravelled(air);kgCO2e/pkm;3;0.472463029530201;0;0.09844
;;;;;Long-haul,to/fromUK;Premiumeconomyclass;WithRF;Flightduration,passengertype(class);Passengerdistancetravelled(air);kgCO2e/pkm;3;0.320155193288591;0;0.03937
;;;;;Long-haul,to/fromUK;Premiumeconomyclass;WithoutRF;Flightduration,passengertype(class);Passengerdistancetravelled(air);kgCO2e/pkm;3;0.188975193288591;0;0.03937
;;;;;Long-haul,to/fromUK;;WithRF;Flightduration;Freightdistancetravelled(air);kgCO2e/tkm;3;1.09903160402685;0;0.13516
;;;;;Long-haul,to/fromUK;;WithoutRF;Flightduration;Freightdistancetravelled(air);kgCO2e/tkm;3;0.648741604026846;0;0.13516
;;;;;Seatanker;Chemicaltanker;0–4999dwt;Shiptypeandsize;Freightdistancetravelled(sea);kgCO2e/tkm;3;0.0224763970469799;0;0.00509623875530059
;;;;;Seatanker;Chemicaltanker;10,000–19,999dwt;Shiptypeandsize;Freightdistancetravelled(sea);kgCO2e/tkm;3;0.0109340814765101;0;0.00247906055376541
;;;;;Seatanker;Chemicaltanker;20,000+dwt;Shiptypeandsize;Freightdistancetravelled(sea);kgCO2e/tkm;3;0.00850473583892618;0;0.00192860627871217
;;;;;Seatanker;Chemicaltanker;5000–9999dwt;Shiptypeandsize;Freightdistancetravelled(sea);kgCO2e/tkm;3;0.0152887879194631;0;0.00346604724841216
;;;;;Seatanker;Chemicaltanker;Average;Shiptypeandsize;Freightdistancetravelled(sea);kgCO2e/tkm;3;0.0103069673825503;0;0.00233691027394397
;;;;;Seatanker;Crudetanker;0–9999dwt;Shiptypeandsize;Freightdistancetravelled(sea);kgCO2e/tkm;3;0.0337140355704698;0;0.00764486221195735
;;;;;Seatanker;Crudetanker;10,000–59,999dwt;Shiptypeandsize;Freightdistancetravelled(sea);kgCO2e/tkm;3;0.00921362845637584;0;0.00208890340276614
;;;;;Seatanker;Crudetanker;120,000–199,999dwt;Shiptypeandsize;Freightdistancetravelled(sea);kgCO2e/tkm;3;0.00445447570469799;0;0.00101017432894386
;;;;;Seatanker;Crudetanker;200,000+dwt;Shiptypeandsize;Freightdistancetravelled(sea);kgCO2e/tkm;3;0.00293580120805369;0;0.000665384288525894
;;;;;Seatanker;Crudetanker;60,000–79,999dwt;Shiptypeandsize;Freightdistancetravelled(sea);kgCO2e/tkm;3;0.00759294469798658;0;0.00172193388606398
;;;;;Seatanker;Crudetanker;80,000–119,999dwt;Shiptypeandsize;Freightdistancetravelled(sea);kgCO2e/tkm;3;0.00597338093959732;0;0.0013539562113489
;;;;;Seatanker;Crudetanker;Average;Shiptypeandsize;Freightdistancetravelled(sea);kgCO2e/tkm;3;0.00456536496644295;0;0.00103537827926681
;;;;;Seatanker;LNGtanker;0–199,999m3;Shiptypeandsize;Freightdistancetravelled(sea);kgCO2e/tkm;3;0.0146796645637584;0;0.0033289377586553
;;;;;Seatanker;LNGtanker;200,000+m3;Shiptypeandsize;Freightdistancetravelled(sea);kgCO2e/tkm;3;0.00941629624161074;0;0.00213527867136037
;;;;;Seatanker;LNGtanker;Average;Shiptypeandsize;Freightdistancetravelled(sea);kgCO2e/tkm;3;0.0115311955704698;0;0.00261516188550935
;;;;;Seatanker;LPGTanker;0–49,999m3;Shiptypeandsize;Freightdistancetravelled(sea);kgCO2e/tkm;3;0.0440410029530201;0;0.009985805117953
;;;;;Seatanker;LPGTanker;50,000+m3;Shiptypeandsize;Freightdistancetravelled(sea);kgCO2e/tkm;3;0.00911273919463087;0;0.00206571576846902
;;;;;Seatanker;LPGTanker;Average;Shiptypeandsize;Freightdistancetravelled(sea);kgCO2e/tkm;3;0.0103669673825503;0;0.00235102448612482
;;;;;Seatanker;Productstanker;0–4999dwt;Shiptypeandsize;Freightdistancetravelled(sea);kgCO2e/tkm;3;0.0455596774496644;0;0.010330595158371
;;;;;Seatanker;Productstanker;10,000–19,999dwt;Shiptypeandsize;Freightdistancetravelled(sea);kgCO2e/tkm;3;0.0189334817449664;0;0.00429273681900493
;;;;;Seatanker;Productstanker;20,000–59,999dwt;Shiptypeandsize;Freightdistancetravelled(sea);kgCO2e/tkm;3;0.0104278566442953;0;0.00236413054029276
;;;;;Seatanker;Productstanker;5000–9999dwt;Shiptypeandsize;Freightdistancetravelled(sea);kgCO2e/tkm;3;0.0295640061744966;0;0.00670324262789192
;;;;;Seatanker;Productstanker;60,000+dwt;Shiptypeandsize;Freightdistancetravelled(sea);kgCO2e/tkm;3;0.00577160241610738;0;0.00130858910076759
;;;;;Seatanker;Productstanker;Average;Shiptypeandsize;Freightdistancetravelled(sea);kgCO2e/tkm;3;0.00902096067114094;0;0.00204555260821066
;;;;;Short-haul,to/fromUK;Averagepassenger;WithRF;Flightduration,passengertype(class);Passengerdistancetravelled(air);kgCO2e/pkm;3;0.185917139597315;0;0.02286
;;;;;Short-haul,to/fromUK;Averagepassenger;WithoutRF;Flightduration,passengertype(class);Passengerdistancetravelled(air);kgCO2e/pkm;3;0.109737139597315;0;0.02286
;;;;;Short-haul,to/fromUK;Businessclass;WithRF;Flightduration,passengertype(class);Passengerdistancetravelled(air);kgCO2e/pkm;3;0.274302877852349;0;0.03373
;;;;;Short-haul,to/fromUK;Businessclass;WithoutRF;Flightduration,passengertype(class);Passengerdistancetravelled(air);kgCO2e/pkm;3;0.161912877852349;0;0.03373
;;;;;Short-haul,to/fromUK;Economyclass;WithRF;Flightduration,passengertype(class);Passengerdistancetravelled(air);kgCO2e/pkm;3;0.182869354362416;0;0.02249
;;;;;Short-haul,to/fromUK;Economyclass;WithoutRF;Flightduration,passengertype(class);Passengerdistancetravelled(air);kgCO2e/pkm;3;0.107939354362416;0;0.02249
;;;;;Short-haul,to/fromUK;;WithRF;Flightduration;Freightdistancetravelled(air);kgCO2e/tkm;3;1.66815517852349;0;0.20515
;;;;;Short-haul,to/fromUK;;WithoutRF;Flightduration;Freightdistancetravelled(air);kgCO2e/tkm;3;0.98468517852349;0;0.20515
