GGOLG;GOL;BRGOLLACNPR4;5299002CCNWVL0PVLP96;2736384;502;711868;1;1;4;Actual;Actual;Estimated;2022;4104.889975298;-3780.360743295
PPCCG;PEREZ COMPANC (Molinos Agro SA);Not available;Not available;2253510;86243;1556135;4;4;4;Estimated;Estimated;Estimated;2021;169.141944368;108.79313654
CMMOG;CEMENTOS MOLINS;ES0117360117;959800JRJW1CZ63R8P20;10729165;468578;3377433;1;2;4;Actual;Actual;Estimated;2022;310.633;1169.608
PGETG;PGE POLSKA GRUPA ENERGETYCZNA;PLPGER000010;259400MP9VXR0E69MJ89;70389145;2196976;25446697;1;2;1;Actual;Actual;Actual;2022;1907.594728;11609.302159
ELEMG;ELEMENTIA;MX01FO0N0004;549300BH08XQJ1ITLQ77;4447820;206357;616500;4;2;4;Estimated;Estimated;Estimated;2022;556.10590794;498.565110829
GPMXG;PEMEX;XS1172951508;549300CAZKPF4HKMPX17;69826147;2147567;416278844;1;2;4;Actual;Actual;Estimated;2022;102984.501734639;-85018.970891293
12X0G;AZUL  LINHAS AEREAS;BRAZULACNPR4;549300Z0MWZ57Q9RR205;3089851;316;1387911;1;1;4;Actual;Actual;Estimated;2022;4242.982922779;-3364.1944475
TTAGG;TATA GROUP;INE081A01020;335800E6C75YGSGD5T66;75341608;5167532;13397459;1;1;1;Actual;Actual;Actual;2022;8552.7892065;13254.3746874
3UNIP;UNIPER;DE000UNSE018;549300UXRTWGIBZQ4J67;56177910;655941;90028203;1;1;1;Actual;Actual;Actual;2022;11937;4385
ZAPAK;ZE PAK GROUP;PLZEPAK00012;259400T6CRXYOG6H8U09;1735226;56462;2080124;4;2;4;Estimated;Estimated;Estimated;2022;250.054587172;259.262745027
ROLLG;ROLLS ROYCE;GB00B63H8491;213800EC7997ZBLZJH69;240353;169572;89583123;1;1;4;Actual;Actual;Estimated;2022;6855.59225;-6784.544
SARAS;SARAS;IT0000433307;5299005KJSU2AQUJUH84;6104895;284128;41895541;1;1;4;Actual;Actual;Estimated;2022;600.516;1212.374
NRGGG;NRG ENERGY INC;US6293775085;5E2UPK5SW04M13XY7I38;37417583;141831;19190831;1;1;4;Actual;Actual;Estimated;2022;7775.595086;3585.278004
PARNA;ENEVA;BRENEVACNOR8;549300T1AP7HKCABII19;7549044;2113;818553;1;1;4;Actual;Actual;Estimated;2021;1251.709881756;1423.661610012
CIHCG;CIECH;PLCIECH00018;259400GYHYZPQ0HTMT82;2727094;93155;745903;1;2;4;Actual;Actual;Estimated;2022;451.58505366;577.29716863
1RIZO;GRUPO RIZO PATRON;PEP239001006;984500CF0736C6E96080;4422878;88;192909;1;1;4;Actual;Actual;Estimated;2021;880.882834856;1187.031178052
13Y0G;PAMPA ENERG?A, GR;ARP432631215;254900QNIK0CVURGML24;7795253;14640;1630094;1;1;4;Actual;Actual;Estimated;2022;1521.963625;2139.178412
ENCGG;ENEA;PLENEA000013;2594003JTXPYO8NOG018;9569165;377185;9145230;4;2;4;Estimated;Estimated;Estimated;2022;1172.828773974;3446.758753503
GCMXG;CEMEX;MXP225611567;549300RIG2CXWN6IV731;36183530;3121995;17833091;1;1;1;Actual;Actual;Actual;2022;8265.433225;10217.293037
CEYEN;CEMENTOS CHIHUAHUA;MX01GC2M0006;254900WY9XL8033CKX68;3555344;273794;1291133;1;1;4;Actual;Actual;Estimated;2022;484.975348144;1333.532352516
TARNG;TAURON GROUP;PLTAURN00011;259400NAPDFBOTNCRL54;13773702;1655163;25007657;1;2;4;Actual;Actual;Estimated;2022;3519.529351;3546.640422
DARTK;DART GROUP;GB00B1722W11;I72RQ3PNLDPW8R7JIJ56;5413479;8427;2485566;4;2;4;Estimated;Estimated;Estimated;2022;1770.79305;1011.14065
0W20G;AIR FRANCE KLM;FR0000031122;969500AQW31GYO8JZD66;22620100;50700;13951210;1;1;4;Actual;Actual;Estimated;2022;14709;-2480
GRSEM;SEMAPA;PTSEM0AM0004;549300HNGOW85KIOH584;5716672;733793;1498485;4;2;4;Estimated;Estimated;Estimated;2022;1495.866913;1633.625958
ACE0G;ARCELOR - MITTAL;LU1598757687;2EULGUTUI56JI9SAL165;113434783;6157041;58408563;1;1;4;Actual;Actual;Estimated;2022;10911.30845;52065.20487
5RWDG;RWE;DE0007037129;529900GB7KCA94ACC940;89600000;2800000;22092359;1;1;1;Actual;Actual;Actual;2022;21003;29279
P9NXG;ORIGIN ENERGY LIMITED, GR;AU000000ORG5;ZSN2LWNPYW6ISMRUC664;15037950;579751;9294808;4;2;4;Estimated;Estimated;Estimated;2022;2223.620355;6376.287038
HOLCG;HOLCIM;CH0012214059;529900EHPFPYHV6IQO98;78216665;4859798;47344543;1;1;1;Actual;Actual;Actual;2022;16328.5603;29978.54834
AEYMX;AEROMEXICO;MX01AE010005;Not available;3823270;4364;1991451;2;1;4;Actual;Actual;Estimated;2022;3232.123437641;-684.492135376
CEMEG;GRUPO ARGOS;COT09PA00035;254900HANAO95XIAE681;14947567;429407;3062742;4;4;4;Estimated;Estimated;Estimated;2021;3737.94776783999;6246.41403672
5AEBG;AES;US00130H1059;2NUNNB7D43COUIRE5295;40011490;515129;3444938;2;2;4;Actual;Actual;Estimated;2022;23002.72408;5455.654225
5XXCG;EXXON MOBIL;US30231G1022;J3WHBG0MTS7O8ZVMDC91;318538486;11415118;1679309927;4;2;4;Estimated;Estimated;Estimated;2022;43943.070374;189634.794489
RYANG;RYANAIR;IE00BYTBXV33;635400BR2ROC1FVEBQ56;14266186;3349;4514734;1;1;4;Actual;Actual;Estimated;2022;5077.4;5545.3
CUETG;LATAM AIRLINES;CL0000000423;549300HX3UUDPEFTG707;8350816;14806;3833242;4;2;4;Estimated;Estimated;Estimated;2022;6351.86133484;28.773073553
YARAK;YARA INTERNATIONAL ASA;NO0010208051;213800WKOUWXWFJ5Z514;14922860;783020;56595027;1;1;4;Actual;Actual;Estimated;2022;3949.612681;8054.6998
0H30G;BRMALLS, GR;Not available;Not available;2935586;26994;10877;2;2;4;Actual;Actual;Estimated;2021;629.863815252;1778.543402268
0600G;CNOOC;HK0883013259;300300C5000911000055;116263371;3935420;557115138;4;2;4;Estimated;Estimated;Estimated;2022;18246.407336;81240.066378
5CVRG;CHEVRON - TEXACO;US1667641005;Not available;202668085;5582643;925130811;4;2;4;Estimated;Estimated;Estimated;2022;25634.55041;150081.535506
TKAAG;THYSSENKRUPP;DE0007500001;549300UDG16DOYUPR330;21400000;800000;48984627;1;1;4;Actual;Actual;Estimated;2022;3981;14742
VOETG;VOESTALPINE;AT0000937503;529900ZAXBMQDIWPNB72;12706849;646343;12221159;1;1;4;Actual;Actual;Estimated;2022;4423.5;7069.3
CSNNG;CSN;BRCSNAACNOR6;529900K40TEND42S0T46;11579510;304776;5772897;1;1;4;Actual;Actual;Estimated;2022;7365.136787884;3861.287075692
PPLGG;PPL GROUP, GR;US69351T1060;9N3UAJSNOUXFKQLF3V18;27101051;26020;17694854;4;2;4;Actual;Actual;Estimated;2022;13388.596935;13035.501374
5USIG;USIMINAS;BRUSIMACNPA6;2549001OK55PFGXM4827;5879313;73118;2776059;1;1;4;Actual;Actual;Estimated;2022;1283.573059216;4581.95053575
JTKGG;Ineos;Not available;2138006L223HJ6TEF586;15109229;4529981;82331148;1;1;1;Actual;Actual;Actual;2022;9843.1;5521.4
CRHLG;CRH;IE0001827041;549300MIDJNNTH068E74;31200000;2300000;14121616;1;1;4;Actual;Actual;Estimated;2022;10260.376315;21579.10272
LOTOS;GRUPA LOTOS;Not available;Not available;3829087;161757;27917257;4;4;4;Estimated;Estimated;Estimated;2021;704.6037408;3218.0283036
GLENG;GLENCORE;JE00B4T3BW64;2138002658CPO9NBH955;67812912;29388354;351841960;4;2;4;Estimated;Estimated;Estimated;2022;27510.546189;42351.798867
SJW1Z;SOUTHERN COMPANY, GR;US8425871071;549300FC3G3YU2FBZD92;84875100;236359;38517800;1;1;1;Actual;Actual;Actual;2022;55610.209375;32342.429476
ICAGG;INTERNATIONAL CONSOLIDATED AIRLINES GROUP;ES0177542018;959800TZHQRUSH1ESL13;21158169;51049;5480716;1;1;1;Actual;Actual;Actual;2022;19984;2022
5SKMG;BRASKEM;BRBRKMACNPA4;549300RPMQUFGBB7EY44;10104170;731736;27281626;1;1;1;Actual;Actual;Actual;2022;9526.648225;1081.073244
CEZGR;CEZ;CZ0005112300;529900S5R9YHJHYKKG94;18161112;0;16045058;1;1;4;Actual;Actual;Estimated;2022;8366.0749998;10771.2398243
FRAIR;FRONTIER AIRLINES INC;US35909R1086;549300DT3Y2BHO6G7T02;2966596;7984;1362096;4;2;4;Estimated;Estimated;Estimated;2022;2742.344304;476.725837
GERDG;GERDAU;BRGGBRACNPR8;254900YDV6SEQQPZVG24;9636232;1612919;2825963;1;1;4;Actual;Actual;Estimated;2022;2418.241730539;8194.456073649
WACGG;WANHUA CHEMICAL GROUP;CNE0000016J9;3003002H0G2KDG6CR124;20064493;10009275;9530194;1;2;4;Actual;Actual;Estimated;2022;11145.051884078;11042.797466648
COENR;CMS ENERGY;US1258961002;549300IA9XFBAGNIBW29;17674826;13145;24814123;1;1;1;Actual;Actual;Actual;2022;13430.74362;7113.423835
DELTA;DELTA;US2473617023;Q2CCMS6R0AS67HJMBN42;30741000;203486;12584450;1;1;4;Actual;Actual;Estimated;2022;29699.36403;6164.655126
VLRIG;VOLARIS;MX01VO000009;549300G8NLCMP9Z44X52;2539526;7411;1207905;4;2;4;Estimated;Estimated;Estimated;2022;2792.693670494;219.853031041
EASYG;EASY JET PLC;GB00B7KR2P84;2138001S47XKWIB7TH90;6421434;663;2591275;1;2;4;Actual;Estimated;Estimated;2022;4860.6025;2856.59075
AIRPG;AIR PRODUCTS;US0091581068;7QEON6Y1RL5XR3R1W237;16800000;9700000;12563643;1;1;4;Actual;Actual;Estimated;2022;7884.3335333;12833.5719232
RHIMG;RHI MAGNESITA;NL0012650360;724500UWG6A61XNA3Y36;2207000;146000;2917764;1;1;4;Actual;Actual;Estimated;2022;1683.9;1048.6
SAUDG;SAUDI ARAMCO;SA14TG012N13;5586006WD91QHB7J4X50;402926693;20109794;2267781675;3;2;4;Estimated;Estimated;Estimated;2022;97985.69416;415247.152222
22A2A;A2A;IT0001233417;81560076E3944316DB24;8882175;183507;27623155;1;1;4;Actual;Actual;Estimated;2022;6889;4467
ERAMG;ERAMET;FR0000131757;549300LUH78PG2MP6N64;3286187;602890;15193086;1;1;4;Actual;Actual;Estimated;2022;2004;2245
VVLLG;VALLOUREC;FR0013506730;969500P2Q1B47H4MCJ34;2570212;547340;7830736;1;1;4;Actual;Actual;Estimated;2022;1751.7;1685.608
5DKEG;DUKE ENERGY;US26441C2044;I1BZKREC126H0VB1BL91;78000000;2100;5138518;1;2;4;Actual;Actual;Estimated;2021;60273.703269;45151.195968
ENGCG;ENERGA CAPITAL GROUP;PLENERG00022;259400HYI1DKOD4Y1V58;2980771;971909;3134540;1;1;4;Actual;Actual;Estimated;2022;1601.901392;2463.47842
CMCOG;COMMERCIAL METALS;US2017231034;549300OQS2LO07ZJ7N73;3300059;1315044;3979714;4;2;4;Estimated;Estimated;Estimated;2022;1540.683309291;3078.046396397
VTROK;VITRO SAB DE CV;MXP9802B1093;549300HYQMZQCPSS5D75;1289589;817202;2001519;1;2;4;Actual;Actual;Estimated;2022;705.551428981;1129.452484188
SOLVG;SOLVAY;BE0003470755;549300MMVL80RTBP3O28;9271000;1523000;24880269;1;1;4;Actual;Actual;Estimated;2022;2960;10664
NORHG;NORSK HYDRO GR;NO0005052605;549300N1SDN71ZZ8BO45;9057000;1975000;28440383;1;1;4;Actual;Actual;Estimated;2022;3115.716045;10247.6875124
PGNIG;POLSKIE GORNICTWO NAFTOWE I GAZOWNICTWO;Not available;Not available;8654657;1432059;17710809;4;4;4;Estimated;Estimated;Estimated;2021;3183.898788;9653.497596
VDRLG;VIDRALA;ES0183746314;95980020140005399488;908242;136776;1230802;1;2;1;Actual;Actual;Actual;2022;323.553;1033.624
5VFRG;VEOLIA ENVIRONNEMENT, GR;FR0000124141;969500LENY69X51OOT31;28615000;5432100;29812656;1;1;4;Actual;Actual;Estimated;2022;28580;14867
SNPCG;SINOPEC;CNE1000002Q2;529900A2OB24EZ5B3J19;114217135;32550548;643260617;4;2;4;Estimated;Estimated;Estimated;2022;48427.867966;127557.859172
5CEPS;CEPSA;ES0132580004;549300E1NH9FOTLIFI22;5424890;498705;58519386;1;1;4;Actual;Actual;Estimated;2022;3926;4832
5TCXK;EASTMAN CHEMICAL COMPANY;US2774321002;FDPVHDGJ1IQZFK9KH630;5970870;836571;23030139;1;1;4;Actual;Actual;Estimated;2022;4824.390543;4904.000948
EURCK;GRUPO EUROCASH;PLEURCH00011;259400FVIQJS5VD8JO79;484596;178885;3311805;4;2;4;Estimated;Estimated;Estimated;2022;619.854566117;170.544189806
PTTGR;PTT GROUP;TH0646010Z00;549300QOGMPTKB6W7G56;44543824;650610;173572568;1;1;4;Actual;Actual;Estimated;2022;32351.641371403;41569.82217785
LYKNG;LYONDELLBASELL;NL0009434992;BN6WCCZ8OVP3ITUUVN49;14718006;6939829;99353115;1;1;1;Actual;Actual;Actual;2022;12575.634211;11935.004599
S4DMG;SAUDI ELECTRICITY COMPANY (SEC);SA0007879550;549300FXO4ZXUIAXGP41;53188408;716767;38706077;4;2;4;Estimated;Estimated;Estimated;2022;24926.05551849;64063.723739624
IDVTG;INDORAMA VENTURES GROUP;TH1027010004;Not available;7195277;2606124;33218186;1;1;4;Actual;Actual;Estimated;2022;6893.010221652;5444.877747881
YPFAG;YPF;ARP9897X1319;5493003N7447U18U5U53;9912271;1455322;71933726;1;1;4;Actual;Actual;Estimated;2022;7168.682822;9882.929336
PN0GG;PNM RESOURCES INC;US69349H1077;5493003JOBJGLZSDDQ28;3616398;62678;2535282;4;2;4;Estimated;Estimated;Estimated;2022;4114.44368307;2113.379957815
BEFEG;BEFESA;LU1704650164;222100VXGA8L6J4ZWG61;882001;155369;429808;4;2;4;Actual;Actual;Estimated;2022;710.772;819.252
0PG0G;DOMINION, GR;US25746U1097;ILUL7B6Z54MRYCF6H308;34989579;28630;21700795;1;1;4;Actual;Actual;Estimated;2021;36632.368944;25533.524034
PKNOK;PKN ORLEN;PLPKN0000018;259400VVMM70CQREJT74;20643083;15607642;94777485;1;2;4;Actual;Estimated;Estimated;2022;6139.696953;30550.12103
5GNSG;NATURGY;ES0116870314;TL2N6M87CW970S5SV098;14741483;363489;113021025;1;1;4;Actual;Actual;Estimated;2022;16285;9979
ETXXG;ETEX;BE0941244536;549300QEP36CTLK2U748;1038530;340699;2009498;2;2;1;Actual;Actual;Actual;2021;457.613;1414.102
ENNIG;ENN GROUP;KYG3066L1014;549300V7BXPWT6WIPR03;4929968;157318;61448437;1;1;4;Actual;Actual;Estimated;2022;2799.766452;6185.770492
CEGNK;CONSTELLATION ENERGY GENERATION;US21037T1097;549300F8Y20RYGNGV346;9108347;325341;92110849;1;1;4;Actual;Actual;Estimated;2022;6067.249454;10650.935596
TKPRG;TURKIYE PETROL RAFINERILERI, AS (TUPRAS);TRATUPRS91E8;789000RCNG97UV50EE03;6396666;55624;108085733;1;1;1;Actual;Actual;Actual;2022;2768.967412067;8979.70662589
FIRSG;FIRST ENERGY CORP.;US3379321074;549300SVYJS666PQJH88;16535625;874650;40557299;2;2;4;Actual;Actual;Estimated;2022;20557.279757;9968.159299
UNIPG;UNIPAR;BRUNIPACNPB8;Not available;341309;501774;1213168;1;1;4;Actual;Actual;Estimated;2022;246.329299778;416.877453669
PHLIG;PHILLIPS 66;US7185461040;5493005JBO5YSIGK1814;24800000;6400000;397434323;2;2;4;Actual;Actual;Estimated;2022;17061.914681;31943.440858
ENAPG;ENAP (EMPRESA NACIONAL DEL PETROLEO);Not available;549300YP3P0JZBLIV197;2823539;217934;28558702;4;2;4;Estimated;Estimated;Estimated;2022;4311.473815887;1521.229336088
PREOG;PREMIER OIL;GB00BMBVGQ36;213800YPC42DYBKVPF97;1384747;4400;49470039;1;1;4;Actual;Actual;Estimated;2022;1932.191359;956.261453
SINGK;SINGAPORE AIRLINES LIMITED, GR;SG1V61937297;549300ZG62N2599PWR15;12763291;10007;3413736;1;2;4;Actual;Actual;Estimated;2022;10962.111534;15925.053382
PERTO;PERTAMINA PERSERO PT;Not available;254900NDAKGNZ2IBBL45;27380000;2006510;175844384;1;1;4;Actual;Actual;Estimated;2022;23974.609777426;34855.547326215
IPAPG;INTERNATIONAL PAPER;US4601461035;824LMFJDH41EY779Q875;6261399;3305085;21818571;2;2;4;Actual;Actual;Estimated;2022;5627.987337;7958.230721
ENIGG;ENI;IT0003132476;BUCRF72VH5RBN7X3VL35;39394146;788871;183147641;1;1;4;Actual;Actual;Estimated;2022;31868;55230
ECVOG;MAERSK;DK0010244508;549300D2K6PKKKXVNN73;34149590;356538;43596675;1;1;4;Actual;Actual;Estimated;2022;14651.124299;60908.515976
0VG0G;S?DZUCKER, GR;DE0007297004;529900S8QNB101D40S72;2458065;660505;9116949;1;1;4;Actual;Actual;Estimated;2022;1883.9;3699.3
13X0G;IRACEMA SAO MARTINHO;BRSMTOACNOR3;549300R3Z74BNJBF4161;593175;1977;383205;1;1;4;Actual;Actual;Estimated;2021;728.555534244;630.853789716
1CHSG;CHS INC GR;Not available;XEIEFTLYDQ1MZ6TZV015;4990472;3520973;46577470;4;2;4;Estimated;Estimated;Estimated;2022;2636.026949605;8861.355506738
OL0MK;ORICA;AU000000ORI1;Not available;1679289;264838;6668631;1;1;4;Actual;Actual;Estimated;2022;1531.403203;2372.6251868
PTROG;PETROBRAS;BRPETRACNPR6;5493000J801JZRCMFE49;47642781;156457;449631513;1;1;4;Actual;Actual;Estimated;2022;49682.466079;64493.594305
GEOPG;GEOPARK;BMG383271050;529900ZR5QI19AH4KZ07;251177;22401;5796212;1;1;4;Actual;Actual;Estimated;2022;496.106755949;108.256101905
AGRLG;ALLEGRO;LU2237380790;259400Y2EK84A42TIL93;1421755;21414;137911;2;2;4;Actual;Actual;Estimated;2022;1525.036595836;1917.256302507
AR4HD;ARCHER-DANIELS-MIDLAND;US0394831020;549300LO13MQ9HYSTR83;13500000;2130000;119774053;1;1;4;Actual;Actual;Estimated;2022;9635.668784;23055.173288
HAPAG;HAPAG-LLOYD AG, GR;DE000HLAG475;HD52L5PJVBXJUUX8I539;13643000;9000;12128480;1;2;4;Actual;Actual;Estimated;2022;5436.8;27911.1
GPICH;GRUPO ICH;MXP524131127;529900SVERL8O0Z3WG95;1133655;353431;1329146;4;2;4;Estimated;Estimated;Estimated;2022;0.281037809;2792.80214888
5ESRG;ENEL;IT0003128367;WOCMU6HCI0OJWNPRZS33;53066418;4023258;121774522;1;1;4;Actual;Actual;Estimated;2022;89593;42080
IGRDG;INGREDION;US4571871023;PKSTQ48QDN0XSVS7YK88;2198870;841801;10193537;1;1;4;Actual;Actual;Estimated;2022;2507.259461;3010.209902
5HDQG;PETRONAS GROUP;Not available;5493003RZQYJM7QGNE15;47620000;1960000;327346815;1;2;4;Actual;Actual;Estimated;2022;22147.34968;97896.83922
REPOG;REPSOL.;ES0173516115;BSYCX13Y0NOTV14V9N85;15678995;400881;79234742;1;1;4;Actual;Actual;Estimated;2022;13676;25973
5FPLG;NEXTERA ENERGY INC;US65339F1012;Not available;42002456;14409;35253238;1;1;4;Actual;Actual;Estimated;2022;61572.560413;46301.411548
AZOYG;GRUPA AZOTY;PLZATRM00012;259400Z9C99U5B36R274;1415965;776149;6803215;4;2;4;Estimated;Estimated;Estimated;2022;1575.744972256;2125.415532591
RBWNV;ROYAL BOSKALIS WESTMINSTER N.V.;NL0000852580;724500W1FESNTNY5DL70;1190000;2400;1119592;1;2;4;Actual;Actual;Estimated;2022;542.763;2588.123
5RQTG;RIO TINTO;GB0007188757;Not available;22800000;7500000;584278237;1;1;4;Actual;Actual;Estimated;2022;11492.932703;49396.851413
1SULG;GDF-SUEZ;FR0010208488;LAXUQCHT4FH58LRZDY46;29832102;751862;144179659;1;1;4;Actual;Actual;Estimated;2022;41325;39285
IZCIG;CILLONIZ;PEP206015005;Not available;516349;113681;646926;4;2;4;Estimated;Estimated;Estimated;2022;747.100515636;670.799796732
LS09K;light sa;BRLIGTACNOR2;Not available;904909;42505;1778708;4;2;4;Estimated;Estimated;Estimated;2022;2012.281382103;503.502075701
FARCS;FALCK RENEWABLES;Not available;Not available;671874;16017;428276;4;4;4;Estimated;Estimated;Estimated;2021;1316.327;596.019
53CNG;CENTRICA;GB00B033F229;E26EDV109X6EEPBKVH76;1995085;16253;24342972;1;1;4;Actual;Actual;Estimated;2022;4530.17175;1443.52
GALPG;GALP;PTGAL0AM0009;2138003319Y7NM75FG53;3442507;55507;46523579;1;1;4;Actual;Actual;Estimated;2022;5264;5117
AMNHG;ALUMINUM CORP OF CHINA;CNE1000001T8;529900TKZUWQLIQN6T48;7780179;3721076;33613455;4;2;4;Estimated;Estimated;Estimated;2022;11737.801316388;11914.075274744
OCEIK;OLIN CORPORATION;US6806652052;549300GKK294V7W57P06;1674457;1384566;6035216;4;2;4;Estimated;Estimated;Estimated;2022;2758.266385;2382.3179548
CATSF;CATHAY PACIFIC;HK0293001514;EQNZNT235RBOJ6LJQZ02;5349881;70564;6015320;1;1;4;Actual;Actual;Estimated;2022;9255.881346;7659.696169
FEDEX;FEDEX GROUP;US31428X1063;549300E707U7WNPZN687;16659842;934060;3458411;1;1;1;Actual;Actual;Actual;2021;32194.596906;21339.449784
PRXGG;LINDE PLC;IE00BZ12WP82;ZU69GUVJQGZ6Z1UOOO79;16813000;20903000;25859001;1;1;1;Actual;Actual;Actual;2022;17599.519063;38762.774491
ECOPG;ECOPETROL.;COC04PA00016;254900IDGKCJICKBPA66;13159479;301034;154440254;1;1;4;Actual;Actual;Estimated;2022;22238.984961884;23002.3782298
NTRNG;NUTRIEN;CA67077M1086;5493002QQ7GD21OWF963;10269000;2490000;43692325;1;1;4;Actual;Actual;Estimated;2022;11171.681304;24223.104759
5SH1K;SCOTTISH AND SOUTHERN ENERGY PLC;GB0007908733;549300KI75VYLLMSK856;6079172;438580;12299729;1;1;4;Actual;Actual;Estimated;2022;10645.847225;10340.79085
SMURG;SMURFIT KAPPA GROUP;IE00B1RR8406;635400CPLP8H5ITDVT56;2540979;745156;3635498;1;1;4;Actual;Actual;Estimated;2022;3780;5038
DSSGG;DS SMITH;GB0008220112;39RSBE4RCI4M15BLWH36;2023278;886062;5468167;1;1;1;Actual;Actual;Actual;2021;3142.6824;4208.09935
0BD0G;EVONIK;DE000EVNK013;41GUOJQTALQHLF39XJ34;4141141;1980304;20477000;1;1;1;Actual;Actual;Actual;2022;4225;11056
01I0G;RELIANCE;INE002A01018;5493003UOETFYRONLG31;35464748;6130772;343593336;4;2;4;Estimated;Estimated;Estimated;2022;31916.63706;100624.09896
BASFG;BASF;DE000BASF111;529900PM64WH8AF1E917;16555000;3558000;92096000;1;1;1;Actual;Actual;Actual;2022;20949;40923
5ECEG;ENCE;ES0130625512;95980020140005309084;329674;179458;450771;4;2;4;Estimated;Estimated;Estimated;2022;415.405;818.036
EDP0G;ELECTRICIDAD DE PORTUGAL (EDP);PTEDP0AM0009;529900CLC3WDMGI9VH80;9405035;469323;9273713;1;1;1;Actual;Actual;Actual;2022;22146.128;13834.608
NATEX;NATIONAL EXPRESS, GR;GB0006215205;213800A8IQEMY8PA5X34;830500;83577;1041043;1;1;4;Actual;Actual;Estimated;2022;1708.654025;1549.30295
MRSGX;MRS;BRMRSAACNOR6;Not available;555769;1508;407822;1;1;4;Actual;Actual;Estimated;2022;1220.800898829;975.874622562
CHENI;CHENIERE ENERGY;US16411R2085;MIHC87W9WTYSYZWV1J40;6520163;1409752;11035233;4;2;4;Estimated;Estimated;Estimated;2022;26203.062361;-160.157403
KINMO;KINDER MORGAN;US49456B1017;549300WR7IX8XE0TBO16;14900000;3100000;12721538;1;1;4;Actual;Actual;Estimated;2022;30420.54064;30077.747602
01N0G;K+S, GR;DE000KSAG888;529900YURAYD4IJX2J91;1872630;74184;6775360;2;1;4;Actual;Actual;Estimated;2022;899.8;6720
LTTCG;LOTTE CHEMICAL CORPORATION;KR7011170008;988400TPNFJZDPI94Y56;4187489;2027270;28410484;1;1;4;Actual;Actual;Estimated;2022;4690.718464774;12804.02529199
06G0G;OLAM, GR;SGXE65760014;9845006F83F5EEC2A704;4015267;259829;92735296;4;2;4;Actual;Actual;Estimated;2022;11366.164259225;5645.409911505
GRUMG;GRUMA;MXP4948K1056;5493000XJLJ6C4T0PG82;749468;303367;5089209;2;2;4;Actual;Actual;Estimated;2022;1850.696528884;1342.685675905
BRPHG;BP AMOCO;GB0007980591;213800LH1BZH3DI6G760;30400000;2100000;341764514;1;1;4;Actual;Actual;Estimated;2022;51974.355349;77727.85307
CHLCG;CHINA MOLYBDENUM CO., LTD.;CNE100000114;2549008KG3638J59U652;3453762;1198570;27744142;4;2;4;Estimated;Estimated;Estimated;2022;6595.137110209;8422.571915285
5TOFG;TOTAL ENERGIES;FR0000120271;529900S21EQ1BO4ESM68;37220000;2140000;328893363;1;1;4;Actual;Actual;Estimated;2022;57370.067622;107305.46001
0VD0G;JULIO SIMOES;BRJSLGACNOR2;Not available;243760;1411;769100;1;2;4;Actual;Actual;Estimated;2022;838.722746862;250.022612709
SNTGG;SAINT GOBAIN.;FR0000125007;NFONVGN05Z0FMN5PEC35;8396326;2597937;91580809;1;1;1;Actual;Actual;Actual;2022;14366;23154
MOSAC;MOSAIC;US61945C1036;2YD5STGSJNMUB7H76907;3192707;1196633;12000004;1;1;4;Actual;Actual;Estimated;2022;3566.546144;11421.0023606
GAGGG;GO AHEAD GROUP;GB0003753778;2138009TF1SYOMQLBJ60;371332;236362;110426;1;1;1;Actual;Actual;Actual;2022;1413.52185;329.97965
0O30G;CARNIVAL, GR;PA1436583006;Not available;8538503;43415;8462275;1;1;4;Actual;Actual;Estimated;2022;33605.893433;6617.029545
LNZNG;LENZING;AT0000644505;529900BKFJBI0QRDJH63;922830;592593;2077935;1;1;4;Actual;Actual;Estimated;2022;2322.23;2025.895
FGY1K;FIRSTGROUP;GB0003452173;549300DEJZCPWA4HKM93;545054;204777;1390990;1;1;4;Actual;Actual;Estimated;2022;1594.41295;998.171525
TRASF;ENERGY TRANSFER;US29273V1008;MTLVN9N7JE8MIBIJ1H73;17594613;3905349;29478411;4;2;4;Estimated;Estimated;Estimated;2022;45993.272451;38542.675136
BO4LG;BOROUGE 4 LLC;Not available;2549001Z4YA6WG9MBM08;1748086;984801;5158416;4;2;4;Estimated;Estimated;Estimated;2022;3884.404266561;4560.8332728
ALUOG;ALUPAR;BRALUPCDAM15;Not available;657412;8394;145922;4;4;4;Estimated;Estimated;Estimated;2021;1597.658167236;1582.712654412
INCAR;INTER CARS;PLINTCS00010;2594008ZF17JSW0OV865;291256;48689;1860844;4;2;4;Estimated;Estimated;Estimated;2022;594.557528045;814.554262925
WILMA;WILMAR;SG1T56930848;549300H2EAI4YRLWBB20;10261239;4921053;65173853;2;2;4;Actual;Actual;Estimated;2022;28752.68392339;21167.533784824
SHUAK;WH GROUP;KYG960071028;254900A4AYEDRWYSE928;2745737;1659578;25343501;4;2;4;Estimated;Estimated;Estimated;2022;3652.7127;9751.806316
CAPHG;COMPANIA DE ACEROS DEL PACIFICO S.A. (CAP S.A.);CLP256251073;54930079GPG23NTBB003;898353;437238;1287414;4;2;4;Estimated;Estimated;Estimated;2022;1015.836260544;3448.52606007
NEMAG;CONTROLADORA NEMAK;MX01NE000001;Not available;630313;493904;17030664;1;1;4;Actual;Actual;Estimated;2022;1543.126880428;1618.419591698
55RYK;ROYAL CARIBBEAN CRUISES LTD;LR0008862868;K2NEH8QNVW44JIWK7Z55;4979842;10100;5337043;1;1;4;Actual;Actual;Estimated;2022;22472.612442;2687.085317
SHEHG;SHELL;GB00BP6MXD84;21380068P1DRHMJ8KU70;51000000;8000000;1089660602;1;1;4;Actual;Actual;Estimated;2022;78481.810435;180385.002021
KCCGG;KIMBERLY CLARK;US4943681035;MP3J6QPYPGN75NVW2S34;1782909;1534180;11604995;1;1;4;Actual;Actual;Estimated;2022;8601.670112;655.6151
ACRXG;ACERINOX;ES0132105018;95980020140005582721;872253;1581947;4175099;1;1;4;Actual;Actual;Estimated;2022;2003.966;2547.693
NEOIG;NESTE OIL;FI0009013296;5493009GY1X8GQ66AM14;2075000;427000;42248795;1;1;4;Actual;Actual;Estimated;2022;2615;8327
MXCOG;GRUPO MEXICO;MXP370841019;529900JWLZAYET2ZGW20;4971831;1993793;9235536;1;1;4;Actual;Actual;Estimated;2022;8149.483948193;18514.9450612
SILPF;SILVER LAKE (FFEE NO BIS);AU000000SLR6;254900Z1BWS584OIKJ61;130018;89735;207899;4;2;4;Estimated;Estimated;Estimated;2022;29.805419963;670.701795907
BNYLD;ALGONQUIN POWER;CA0158571053;549300K5VIUTJXQL7X75;2542820;89200;5233855;1;1;4;Actual;Actual;Estimated;2022;7056.152109643;6702.086238295
VOGYG;VISTA OIL AND GAS;MX01VI0C0006;549300UDOHP7958KNS89;244246;40428;773772;4;2;4;Estimated;Estimated;Estimated;2022;541.843401918;790.54068758
5AG1G;ANGLO  AMERICAN;GB00B1XZS820;549300S9XF92D1X8ME43;8262027;5002161;97657573;1;1;1;Actual;Actual;Actual;2022;13454.158445;31800.142129
0RG0G;PETROFAC, GR;GB00B0H2K534;Not available;191643;6088;38205745;1;1;4;Actual;Actual;Estimated;2022;945.022337;104.898416
5MTSG;MITSUBISHI.;JP3898400001;KVIPTY4PULAPGC1VVD26;19518478;2006555;330779900;1;1;4;Actual;Actual;Estimated;2022;51367.75537868;55781.44261196
DPWNG;DEUTSCHE POST WORLD NET;DE0005552004;8ER8GIG7CSMVD8VUFE78;8297000;690000;34110000;1;1;1;Actual;Actual;Actual;2022;22166;23718
OHLGG;OHL;ES0142090317;95980020140005395317;206987;47713;788484;4;2;4;Estimated;Estimated;Estimated;2022;592.627;557.255
VRDCG;VALE;BRVALEACNOR0;254900SMTWBX7RU2SR20;8552735;622516;478077389;1;1;4;Actual;Actual;Estimated;2022;14256.432164;34494.873742
GOLDG;BARRICK GOLD;CA0679011084;0O4KBQCJZX82UKGCBV73;5981000;1419000;6527911;1;1;4;Actual;Actual;Estimated;2022;4917.11325;29305.058377
IPENG;INDUSTRIAS PE?OLES;MXP554091415;549300WA2HB7776CB324;1343921;1391854;2603266;1;1;4;Actual;Actual;Estimated;2022;2923.096450477;4952.962283668
ELFRG;EDF ELECTRICITE FRANCE;FR0010242511;Not available;23817090;388819;95917659;1;1;1;Actual;Actual;Actual;2022;96053;46612
51017;GRUPO ALFA;MXP000511016;549300ZCGJ6T8YDJ4M34;1294067;0;25115811;1;1;1;Actual;Actual;Actual;2022;5482.328118;2777.5975564
NORPG;NORTHLAND POWER;CA6665111002;549300IT8CIDW8V5KX72;1285034;27609;319372;1;1;1;Actual;Actual;Actual;2022;4940.897543498;3267.406416533
MEDZK;GRUPO KGHM POLSKA MIEDZ;PLKGHM000017;G30CO71KTT9JDYJESN22;1288052;1912062;1273112;1;2;4;Actual;Actual;Estimated;2022;1496.872676;6862.303058
16006;MOTA-ENGIL;PTMEN0AE0005;Not available;439898;51548;1019987;4;4;4;Estimated;Estimated;Estimated;2021;2464.559;432.2
6PDCG;FREEPORT-MCMORAN INC.;US35671D8570;549300IRDTHJQ1PVET45;4927823;2881405;8132732;1;1;4;Actual;Actual;Estimated;2022;10257.566536;23294.004503
BBLOG;BHP BILLITON;AU000000BHP4;WZE1WSENV6JSZFK0JC28;9200000;4800000;401000000;1;1;1;Actual;Actual;Actual;2022;17094.695436;45673.894238
SUMAM;SUMITOMO METALS AND MINING;JP3402600005;353800CF81IXL9974H84;1973000;619100;4973335;1;1;4;Actual;Actual;Estimated;2022;2426.67036716;11056.78007174
MAMAG;MORGAN ADVANCED MATERIALS;GB0006027295;I4K14LL95N2PHDL7EG85;121989;161235;836832;1;1;4;Actual;Actual;Estimated;2022;358.737275;484.4814
TEHPG;TECHNIP FMC LIMITED;GB00BDSFG982;549300D5I93QWCJTCK36;758300;103834;1362300;4;2;4;Estimated;Estimated;Estimated;2022;2145.3599258;3116.981504
TISCG;TRINA SOLAR CO LTD;CNE100003ZR0;30030040IFQ4UMZDUU48;919582;1608067;7720658;4;2;4;Estimated;Estimated;Estimated;2022;2485.345942867;3909.679653926
LAACG;LANXESS;DE0005470405;529900PTLRE72EMYIJ77;1235000;1345000;14652400;1;1;1;Actual;Actual;Actual;2022;4247;4427
VESUV;VESUVIUS PLC;GB00B82YXW83;213800ORZ521W585SY02;282672;99420;7167379;1;1;4;Actual;Actual;Estimated;2022;498.352725;1488.1789
GLALG;GRUPO LALA;MX01LA040003;4469000001BR12ARD937;276658;458659;3414045;2;2;4;Actual;Actual;Estimated;2022;1418.761388457;525.81832819
LGCHG;LG CHEMICAL;KR7051910008;988400IES4EIG7O06940;5638667;4404600;7121585;1;1;4;Actual;Actual;Estimated;2022;11840.08551635;27797.87783955
0L20G;EQUINOR, GR;NO0010096985;OW6OFBNCKXC4US5C7523;11365833;68581;281408678;1;1;4;Actual;Actual;Estimated;2022;30127.387031;50565.719477
KARKK;BORYSZEW;PLBRSZW00011;259400TQVZIBDY41DT16;80269;75847;588425;4;2;4;Estimated;Estimated;Estimated;2022;213.923214557;360.568918853
MNFRG;MINERA FRISCO;MX01MF010000;4469000001DQSAKX9X42;201992;98512;295874;4;2;4;Estimated;Estimated;Estimated;2022;974.021002201;485.067990066
ASB1G;ASSOCIATED BRITISH FOODS;GB0006731235;GBQKSY6W7G0OHCQ8OQ72;2408430;698978;7789775;1;1;4;Actual;Actual;Estimated;2022;4389.203;13030.0235
06X0G;COSAN;BRCSANACNOR6;Not available;2541515;11445465;56280118;1;2;4;Actual;Actual;Estimated;2022;10003.533562382;8525.646437207
AJULT;AJINOMOTO CO., LTD.;JP3119600009;353800UT0TLROREPIC92;973780;620751;10492309;1;1;1;Actual;Actual;Actual;2022;2228.56787244;5251.75364649
ELBRG;ELETROBRAS.;BRELETACNPB7;254900I8KYDELP4B4Z08;3958097;313886;3141427;1;2;4;Actual;Actual;Estimated;2022;10822.996638956;19651.291371548
5YXPG;SEMPRA;US8168511090;PBBKGKLRK5S5C0Y4T545;7164579;263829;68884184;1;1;4;Actual;Actual;Estimated;2022;28009.750258;27400.964808
UPMKG;UPM KYMMENE CORPORATION;FI0009005987;213800EC6PW5VU4J9U64;2310000;2500000;5689407;1;1;4;Actual;Actual;Estimated;2022;5034;12878
GRCAM;CARNES MINERVA;BRBEEFACNOR6;391200UHL6YHY0OA1P30;339109;40961;17692940;1;1;4;Actual;Actual;Estimated;2022;2443.359869127;188.054177535
FLXXG;FLUXYS;BE0974265945;52990071WX2UW1WNHC16;352682;48273;315654;1;2;4;Actual;Estimated;Estimated;2022;2107.335;643.617
CCCIG;COCA-COLA CONSOLIDATED INC;US1910981026;57VG5X0E00X0QJU7CQ58;218766;124514;2632248;4;2;4;Estimated;Estimated;Estimated;2022;707.162368941;1044.664593084
BNGGG;BUNGE;BMG169621056;5493007M0RIN8HY3MM77;1769789;1150738;93040805;1;1;1;Actual;Actual;Actual;2022;5266.462439;9328.46628
GCARG;CARGILL;Not available;QXZYQNMR4JZ5RIRN4T31;6927653;3984087;58373541;1;1;4;Actual;Actual;Estimated;2022;17146.208051;40385.89016
CSZPG;SUZANO;BRSUZBACNOR0;391200AW174YQSDMGG41;2378304;49217;4120070;1;1;4;Actual;Actual;Estimated;2022;14293.445117153;5870.214440445
0SD0G;YAMANA GOLD;CA98462Y1007;54930002VY22NXG01418;484673;118683;868373;4;2;4;Estimated;Estimated;Estimated;2022;816.6154367;3459.2125862
0Q00G;EQUATORIAL;BREQTLACNOR0;Not available;1181376;198780;869809;1;2;4;Actual;Actual;Estimated;2022;7367.804603373;3286.22549114
TENNT;TENNET;Not available;724500LTUWK3JQG63903;3082010;336191;6973756;4;2;4;Estimated;Estimated;Estimated;2022;20444;7713
5KLAG;KLABIN;BRKLBNACNPR9;Not available;773934;137081;3973756;1;1;4;Actual;Actual;Estimated;2022;5063.960705447;2047.502104138
BOFIG;BOFILL;CL0000007949;549300IPHLXN814GLO92;136081;21269;1214124;4;2;4;Estimated;Estimated;Estimated;2022;607.556239012;663.720468137
GPAYG;GPA;BRPCARACNOR3;5299003V5B6KLICZCC14;447062;68315;3806068;1;1;4;Actual;Actual;Estimated;2022;1772.053916;2430.644869
1CIAG;GRUPO ENERGISA;BRENGIACNOR0;Not available;766477;245265;4514853;1;2;4;Actual;Actual;Estimated;2022;5005.038319803;2209.536717736
NEUCA;NEUCA SA WSE;PLTRFRM00018;259400KFX90IZ97UDQ91;33728;670766;348475;4;2;4;Estimated;Estimated;Estimated;2022;119.902020329;199.698654675
5SKEG;ESSITY;SE0009922164;549300G8E6YUVJ1DA153;1394580;1209272;4456605;1;1;4;Actual;Actual;Estimated;2022;6424.550025;6878.12694
5CHNG;SABESP;BRSBSPACNOR5;254900UOXRZRS2TNWP19;858519;118429;840083;4;2;4;Estimated;Estimated;Estimated;2022;3355.552056303;4837.844006269
SHRWK;MARRIOTT INTERNATIONAL;US5719032022;225YDZ14ZO8E1TXUSU86;1150317;4806946;12070266;1;1;4;Actual;Actual;Estimated;2022;10493.587972;531.984824
IBR00;IBERDROLA.;ES0144580Y14;5QK37QC7NWOJ8D7WVQ45;11270639;1893116;55597710;1;1;4;Actual;Actual;Estimated;2022;51525;58114
DRAXG;DRAX GROUP PLC;GB00B1VNSX38;549300YPSNTXR4ZHSR98;336144;332638;5977090;1;1;4;Actual;Actual;Estimated;2022;1797.6335;1493.36655
THU8K;STERICYCLE, INC;US8589121081;B8PTJH2P0AXSWSMP2136;414485;32440;668795;1;1;4;Actual;Actual;Estimated;2022;1807.0625342;2270.7697285
HERSG;HERA;IT0001250932;8156009414FD99443B48;936590;141627;12939021;1;1;4;Actual;Actual;Estimated;2022;5921.5;3644.7
SAGEX;ARCOS DORADOS HOLDINGS;VGG0457F1071;54930023P2MIZN13DQ85;175037;110693;2259942;4;1;4;Actual;Actual;Estimated;2022;1489.172567477;303.856057211
BIGRG;BIMBO;MXP495211262;5493000RIXURZEBFEV60;1127129;461252;10651013;1;1;4;Actual;Actual;Estimated;2022;5442.8665067;6133.2284106
1RXHK;SENSIENT TECHNOLOGIES CORP;US81725T1007;CMMZHMFZQG86EI7WZU92;149389;62496;977733;2;2;4;Actual;Actual;Estimated;2022;643.349478072;936.216489614
6SYNT;SYNTHOMER;GB0009887422;213800EHT3TI1KPQQJ56;242082;223626;2516592;1;1;4;Actual;Actual;Estimated;2022;1463.932275;1162.71025
CRGLG;CHINA RAILWAY GROUP LIMITED;CNE1000007Z2;300300FQQ9DQSCWEC194;10071372;5240833;43153145;4;2;4;Estimated;Estimated;Estimated;2022;52202.634009786;57431.450519422
CVSTR;COVESTRO;DE0006062144;3912005AWHKLQ1CPLV11;990000;3820000;17406796;1;1;4;Actual;Actual;Estimated;2022;3657;7122
UPZIG;ZIJIN MININGOUP;CNE100000502;836800JRNL2393Z2I561;3120000;4660000;19734868;1;1;4;Actual;Actual;Estimated;2022;17091.619346503;16896.818014432
GNPTG;GENUINE PARTS COMPANY GR;US3724601055;549300D46DQVEU651W04;702781;283711;9278535;4;2;4;Estimated;Estimated;Estimated;2022;4169.295252115;3563.218429071
MAXGR;IOCHPE MAXION;BRMYPKACNOR7;Not available;171034;219481;2835033;1;1;4;Actual;Actual;Estimated;2022;1149.539269197;759.796789351
HSAOG;HORTIFRUT S A GR;CL0001892539;984500B14775C95DE604;121030;25969;427244;4;2;4;Estimated;Estimated;Estimated;2022;703.96203066;656.015961804
YYVGK;SYSCO CORPORATION..;US8718291078;5RGWIFLMGH3YS7KWI652;1064620;253056;35672116;1;1;4;Actual;Actual;Estimated;2022;10670.106718117;1324.537313344
Z00CG;ZHEJIANG HUAYOU COBALT;CNE100001VW3;30030099QFLNMEGP7M05;873575;530800;7196337;1;1;4;Actual;Actual;Estimated;2022;6129.659095113;4436.679218276
5C28K;THE KROGER COMPANY;US5010441013;6CPEOKI6OYJ13Q6O7870;2335900;2695641;75696418;2;2;4;Actual;Actual;Estimated;2022;19250.732522;9379.042302
3MGRG;3M;US88579Y1010;LUZQVYP4VS22CLWDAR65;2420000;1460000;13485387;1;2;4;Actual;Actual;Estimated;2022;15881.807501;13833.47861
0OG0G;CLARIANT, GR;CH0012142631;529900VSEKBY7TMPP349;320879;337701;3618335;1;1;4;Actual;Actual;Estimated;2022;1482.02184;2543.93503
NEWFE;NEW FORTRESS ENERGY;US6443931000;254900EICTYTCHA5X705;463626;127046;989652;4;2;4;Estimated;Estimated;Estimated;2022;4582.325272371;1350.435046387
B2TAK;ASHLAND GLOBAL HOLDINGS;US0441861046;529900E4L9R04SB8HB11;331192;249731;705365;2;2;1;Actual;Actual;Actual;2022;1295.308119;3015.82946
SIGGO;SIGDO KOPPERS;CL0000001272;5493001MXTJP8BCWA195;251156;301553;2816548;4;2;4;Estimated;Estimated;Estimated;2022;1432.143419707;1851.180747465
CCCGG;CHINA COMMUNICATIONS CONSTRUCTION CO. LTD.;CNE1000002F5;Not available;9116223;4420175;31478208;4;2;4;Estimated;Estimated;Estimated;2022;65798.407265673;58038.828963468
AB7WK;ADECOAGRO;LU0584671464;529900Q00UR5LFELO811;171338;18643;607929;4;2;4;Estimated;Estimated;Estimated;2022;1260.403171076;1089.859888299
NEKMG;NEWMONT MINING CORP;US6516391066;549300VSP3RIX7FGDZ51;1730573;1399806;5351527;1;1;4;Actual;Actual;Estimated;2022;5743.188276;18294.471069
BUENT;BUENAVENTURA;US2044481040;529900WQB1ZU9KB6EL71;259181;82214;391416;4;2;4;Estimated;Estimated;Estimated;2022;691.705774662;2962.388400013
5PJTG;SALINI ? IMPREGILO;IT0003865570;549300UKR289DF4UXQ47;320851;55873;2484696;1;1;4;Actual;Actual;Estimated;2022;2619.291;1935.074
SNAMG;SNAM;IT0003153415;8156002278562044AF79;1484996;38581;1340477;1;1;4;Actual;Actual;Estimated;2022;13680;7524
CODEG;CODELCO;Not available;549300UVMBCBCIPSUI70;1907500;2159500;4000550;2;2;4;Actual;Actual;Estimated;2022;16457.277401397;10915.583997045
MTHLG;METRO;DE000BFB0019;5299006EQ03K3SSUYS12;451140;636016;16844919;1;1;4;Actual;Actual;Estimated;2022;4124;2365
GUEVG;CROWN HOLDINGS INC, GR;US2283681060;NYLWZIOY8PUNIT4JOE22;612909;802641;12875890;1;1;4;Actual;Actual;Estimated;2022;6754.708716;2141.988191
TAESA;TAESA;BRTAEECDAM10;Not available;178928;8401;355867;4;2;4;Estimated;Estimated;Estimated;2022;1451.771808025;1162.928258668
MEXIG;GRUPO MEXICHEM;MX01OR010004;549300MVHZ20SBIOEQ79;581864;1154334;88275758;1;1;4;Actual;Actual;Estimated;2022;5181.232476;3463.520914
FIREG;BRIDGESTONE;JP3830800003;549300DHPOF90OYYD780;1782281;2153236;109687999;1;1;1;Actual;Actual;Actual;2022;5446.45551424;21386.72759951
PPSIG;PEPSICO INC.;US7134481081;FJSUNZKFNQ5YPJ5OT455;3481530;1834309;57176847;1;1;1;Actual;Actual;Actual;2022;38856.433791;16177.770889
HYTTG;HYATT HOTELS CORPORATION GR;US4485791028;T27JQIMTYSH41TCD5186;409798;1623401;2186872;2;2;4;Actual;Actual;Estimated;2022;3231.24585;3467.267286
GATRG;GALLIFORD TRY;GB00BKY40Q38;213800MR6DRHCJIV8113;10598;1069;1041278;1;1;4;Actual;Actual;Estimated;2022;27.9682;148.975775
UMIEE;UMICORE;BE0974320526;529900F3AIQECS8ZSV61;346439;361251;8706999;1;1;1;Actual;Actual;Actual;2022;2343.438;3566.05
5EBRO;EBRO FOODS;ES0112501012;959800NW6DLQT89M3240;171685;102467;2820393;1;1;4;Actual;Actual;Estimated;2022;736.987;2198.28
PLNRG;POLENERGIA;PLPLSEP00013;259400CXBGPCDXIXSM81;59580;9912;506073;1;2;4;Actual;Actual;Estimated;2022;361.426439894;658.144730555
ROYLG;ROYAL MAIL HOLDINGS PLC;GB00BDVZYZ77;Not available;501049;74063;1856994;1;1;4;Actual;Actual;Estimated;2022;2565.63125;6015.4185
GWMSG;WALMART;US9311421039;Y87794H0US1R65VBXU25;7880866;9981536;283950350;1;1;1;Actual;Actual;Actual;2022;57164.953755;78665.382663
5BOUG;BOUYGUES;FR0000120503;969500MOCLNQFNZN0D63;1729927;197240;17516140;1;1;4;Actual;Actual;Estimated;2022;15974;13932
POSAD;POSADAS;MXP791641105;529900NRFIXN5G8NUX35;32311;109000;149354;4;2;4;Estimated;Estimated;Estimated;2022;504.440324709;60.32267248
ALBEG;ALBEMARLE;US0126531013;HDBLS2Q6GV1LSKQPBS54;617636;334379;1994177;1;1;1;Actual;Actual;Actual;2022;3139.351091212;7671.489964271
OREIG;OREILLY;US67103H1077;549300K2RLMQL149Q332;291580;209495;3139228;2;2;4;Actual;Actual;Estimated;2022;6130.02928279;-993.492897936
21012;GRUPO ISA, GR;COE15PA00026;5493007GMWK7ZHVQ5362;699878;76230;1579050;4;2;4;Estimated;Estimated;Estimated;2022;6654.960317516;5707.831460876
T09UG;TRANSELEC;Not available;549300DPF7MAL5F6CR86;178075;23271;404078;4;2;4;Estimated;Estimated;Estimated;2022;2045.728631095;1106.439073663
JHNMG;JOHNSON MATTHEY;GB00BZ4BQC70;2138001AVBSD1HSC6Z10;233300;204848;5003257;1;1;4;Actual;Actual;Estimated;2022;1413.07075;2752.83775
5DHFG;DEUTSCHE BAHN;DE0008220005;52990063S23N13HU4E98;2773378;4350701;26618949;1;1;4;Actual;Actual;Estimated;2022;35273;14679
OWCNK;OTIS WORLDWIDE CORPORATION;US68902V1070;549300ZLBKR8VSU25153;131732;66807;8023186;1;1;4;Actual;Actual;Estimated;2022;6752.83553;-4368.269752
SLERG;STADLER;CH0002178181;506700781XDET0A89669;127289;5557;1222205;4;4;4;Estimated;Estimated;Estimated;2021;1452.16177631;852.28480876
5NGRG;NATIONAL GRID GROUP,  GR;GB00BDR05C01;8R95QZMKZLJX5Q2XR704;4369413;2876199;28926149;1;1;4;Actual;Actual;Estimated;2022;52390.754;26903.604
PRRTG;PROMIGAS S.A. E.S.P.;COI04PA00021;254900IXHTV7LDSFQD65;169207;12927;3873589;1;1;4;Actual;Actual;Estimated;2022;1940.687714649;1163.878918442
5ENGD;ENAGAS;ES0130960018;213800OU3FQKGM4M2U23;385410;59653;1093668;1;1;4;Actual;Actual;Estimated;2022;3978.056;3218.302
MERYG;MERCADO LIBRE;US58733R1023;549300KPZGA0U26ODA70;359880;17844;1174302;1;2;4;Actual;Actual;Estimated;2022;5084.763397;1711.155411
SCLHG;SCHLUMBERGER;AN8068571086;213800ZUA17OK3QLGM62;1482881;311793;34847973;1;2;1;Actual;Actual;Actual;2022;11756.115336;16848.371477
5EONG;E.ON;DE000ENAG999;Q9MAIUP40P25UFBFG033;2881549;3381938;84901051;1;1;4;Actual;Actual;Estimated;2022;34151;21867
MAHLG;MAHLE, GR;Not available;52990098TR1QJBWIYG58;197132;812109;31171738;1;1;1;Actual;Actual;Actual;2022;2281.772;1677.424
AMCOG;AMCOR LIMITED;JE00BJ1F3079;549300GSODGFCDQ3DI89;520069;1318669;10083835;1;1;1;Actual;Actual;Actual;2022;6699.449729;3878.431613
KERKG;KERRY;IE0004906560;635400TLVVBNXLFHWC59;460731;311481;9971496;1;1;1;Actual;Actual;Actual;2022;3224.4;6223.6
BIPOF;BROOKFIELD INFRAESTRUCTURE;BMG162521014;Not available;2713297;160884;8304666;4;2;4;Estimated;Estimated;Estimated;2022;31787.96642;23933.697522
TEDUK;TEIXEIRA DUARTE;PTTD10AM0000;959800JFY96QF028V484;49221;7413;348805;4;2;4;Estimated;Estimated;Estimated;2022;793.683;231.547
5XNEG;MICHELIN;FR001400AJ45;549300SOSI58J6VIW052;1177326;1824809;50128176;1;1;4;Actual;Actual;Estimated;2022;7454;17116
SYMRG;SYMRISE AG;DE000SYM9999;529900D82I6R9601CF26;294392;117283;2285729;1;1;4;Actual;Actual;Estimated;2022;2547.415;3610.431
CWCNK;COSTCO WHOLESALE CORP NEW.;US22160K1051;29DX7H14B9S6O3FD6V18;1405640;1425977;171274463;1;1;1;Actual;Actual;Actual;2022;10214.483258;19337.835671
VERBU;VERBUND AG;AT0000746409;5299006UDSEJCTTEJS30;584307;228247;5250125;1;1;4;Actual;Actual;Estimated;2022;4090.656;8323.019
HOCHG;HOCHSCHILD MINING;GB00B1FW5029;549300JK10TVQ3CCJQ89;45374;68116;180676;1;1;4;Actual;Actual;Estimated;2022;301.456505945;676.890746588
TRENT;SEVERN TRENT;GB00B1FH8J72;213800RPBXRETY4A4C59;417330;149964;541772;1;1;1;Actual;Actual;Actual;2022;7635.656925;1425.363225
KELOG;KELLOGG COMPANY;US4878361082;LONOZNOJYIBXOHXWDB86;497203;553526;7416669;1;1;4;Actual;Actual;Estimated;2022;6709.752252;4097.594375
SALTI;INDUSTRIAL SALTILLO;MX01GI000030;254900T3XUOSAMHD8U05;40418;218046;509544;1;2;4;Actual;Actual;Estimated;2022;297.797237094;583.521790418
TCLCG;TCL TECHNOLOGY GROUP CORPORATION;CNE000001GL8;300300K9RLEXIIDB1U19;1794706;6765885;38938636;1;2;4;Actual;Actual;Estimated;2022;21306.921758854;17939.949939798
AUTZK;AUTOZONE INC;US0533321024;GA3JGKJ41LJKXDN23E90;253026;200079;5370717;2;2;4;Actual;Actual;Estimated;2022;8910.536941761;-3314.521143409
0930G;CLAAS, GR;Not available;529900O4ND7T8ABIXF67;108699;276373;18008346;4;2;4;Estimated;Estimated;Estimated;2022;611.75;1847.865
5PE5G;BR FOODS;BRBRFSACNOR8;254900MTXR9LUVQFU480;299853;159488;9368438;2;2;4;Actual;Actual;Estimated;2022;4701.276384462;2092.565052917
5PROS;PROSEGUR;ES0175438003;549300N94L4D5NDBFG97;150836;13205;636193;1;2;4;Actual;Actual;Estimated;2022;2638.317;790.322
COATG;COATS GROUP PLC;GB00B4YZN328;2138003SPYWGAITNFY17;54072;200060;770622238;2;2;1;Actual;Actual;Actual;2022;629.5778146;609.3474058
PRY1G;PRYSMIAN;IT0004176001;529900X0H1IO3RS1A464;297725;501745;269693304;1;1;4;Actual;Actual;Estimated;2022;3074;3771
PCCCG;POWER CONSTRUCTION CORPORATION OF CHINA;CNE1000017G1;3003000OW2E3NMDVC816;3668968;5392452;52308946;4;4;4;Estimated;Estimated;Estimated;2021;48679.944448381;35913.304496971
EQTAG;EQT AB;US26884L1098;4NT01YGM4X7ZX86ISY52;683821;5294;102716588;2;2;4;Actual;Actual;Estimated;2022;5363.835330245;10502.324511504
DOWDG;DUPONT DE NEMOURS INC;US26614N1028;5493004JF0SDFLM8GD76;1433816;1001248;11874940;1;1;1;Actual;Actual;Actual;2022;8024.728824;25303.933081
CGPFG;CASINO.;FR0000125585;969500VHL8F83GBL6L29;834000;191000;26759863;1;1;4;Actual;Actual;Estimated;2022;14394;5738
ORNOG;ORANO;Not available;969500161UMNDC85C891;188508;204511;1637444;1;1;1;Actual;Actual;Actual;2022;2905;1648
NXNSK;NEXANS;FR0000044448;96950015FU78G84UIV14;122841;136862;94902229;1;1;1;Actual;Actual;Actual;2022;1316;1667
ELMPG;ELEMENTIS PLC, GR;GB0002418548;549300LQIH685LI2ML36;47666;42956;559367;1;1;1;Actual;Actual;Actual;2022;424.9322441;734.1952527
5SQGG;SOQUIMICH;US8336351056;TJ88LXZZW5PWIN93ZC81;300299;177384;4465170;1;1;4;Actual;Actual;Estimated;2022;2790.064653943;4619.277612593
ELECN;ELECNOR;ES0129743318;Not available;76084;3566;235178;1;1;4;Actual;Actual;Estimated;2022;1043.933;834.155
WMMOR;WM MORRISON SUPERMARKETS PLC;GB0006043169;213800IN6LSRGTZSOS29;336806;212049;15733526;1;1;4;Actual;Actual;Estimated;2022;3656.1655;4706.10075
5MTPG;MITSUI;JP3893600001;2NRSB4GOU9DD6CNW5R48;3006000;402346;38182051;1;1;4;Actual;Actual;Estimated;2022;34627.20714609;41144.15021288
BABCK;BABCOCK INTERNATIONAL;GB0009697037;213800TSKOLX4EU6L377;127167;46114;988663;1;1;4;Actual;Actual;Estimated;2022;2419.2493;791.116625
ADBSL;AGUAS DO BRASIL;BRIGSNACNOR0;Not available;66447;7623;82071;1;1;4;Actual;Actual;Estimated;2022;1145.319048105;535.875157359
GFEMG;FEMSA - PANAMCO;MXP320321310;549300A8MDWDJNMLV153;1182359;721987;17448460;4;2;4;Estimated;Estimated;Estimated;2022;13701.3982874;16236.5064053
CHINT;CHINT;CNE100000KD8;Not available;380435;960763;5251355;4;2;4;Estimated;Estimated;Estimated;2022;4082.229455594;5638.286661368
0P00G;STATKRAFT;Not available;529900TH4OAW7WYG1777;653000;117800;5168613;1;1;4;Actual;Actual;Estimated;2022;4169.4032042;12519.0468858
5ACXG;ACCOR;FR0000120404;969500QZC2Q0TK11NV07;344000;2584000;3507609;1;1;1;Actual;Actual;Actual;2022;3338;5456
MRKKG;MERCK KGAA;DE0006599905;529900OAREIS0MOPTW25;1424614;377382;6616278;1;1;1;Actual;Actual;Actual;2022;10428;26005
CHEDR;CHEDRAUI;MX01CH170002;4469000001BRXSV0JO96;179700;157762;3816763;1;1;4;Actual;Actual;Estimated;2022;2722.074636713;1892.218340133
JEROG;JERONIMO MARTINS & FILHO S.A.  GR;PTJMT0AE0001;259400A8SZP10GB5IB19;222921;774415;28767412;1;1;4;Actual;Actual;Estimated;2022;3148;2585
BCKVK;BALL CORPORATION., GR;US0584981064;0BGI85ALH27ZJP15DY16;449608;803219;18680658;1;1;4;Actual;Actual;Estimated;2022;8792.735084;3303.363511
AGIZG;AGILITY. TRISTAR;KW0EQ0601041;549300C16Q6C2NMAI063;319009;69238;579522;4;2;4;Estimated;Estimated;Estimated;2022;3372.39834753;5230.14413334
BYDFF;BYD;Not available;Not available;696014;3351279;67490267;4;4;4;Estimated;Estimated;Estimated;2021;4919.842555138;14490.570516254
HERDK;GRUPO HERDEZ;MX01HE010008;4469000001BQVIMOLQ55;48814;11302;1418282;1;1;4;Actual;Actual;Estimated;2022;541.8120087;824.160174008
HYUNK;HYUNDAI E&C, GR;KR7000720003;988400CEQG9N710HN313;309762;75074;6737053;1;1;4;Actual;Actual;Estimated;2022;1360.4160115;7360.34003705
5NENG;CONTINENTAL;DE0005439004;529900A7YD9C0LLXM621;760000;1845000;106097665;1;1;4;Actual;Actual;Estimated;2022;7694.7;13734.9
AKKVG;AKER KVAERNER;NO0010215684;549300DOU3BOW2TJRN20;18528;93;27669;2;2;4;Actual;Actual;Estimated;2022;135.465915;389.0010696
BRMBG;BREMBO;IT0005252728;549300BLWVJN2BAT0A44;100927;544663;11911016;1;1;4;Actual;Actual;Estimated;2022;952.32;1947.013
EBARG;ARCA CONTINENTAL;MX01AC100006;254900U2BSJCQHJCXN24;320635;179312;4285685;1;1;4;Actual;Actual;Estimated;2022;2315.729100489;7106.639127687
ARAMX;ARAMARK;US03852U1060;Not available;338397;52589;6343257;2;2;4;Actual;Actual;Estimated;2022;7291.739903084;2845.81909864
NEHOG;NESTLE;CH0038863350;KY37LUS27QQX7BB93L28;3238985;2612725;108579865;1;1;1;Actual;Actual;Actual;2022;54980.58072;43318.76952
0900G;PETRA;BMG702782084;213800X4QZIAVSA12860;26650;445470;10779;1;1;1;Actual;Actual;Actual;2022;363.9600398;448.1597505
DOOUK;CRODA INTERNATIONAL PLC;GB00BJFFLV09;2138004WCNBFJEEOXV26;110487;57294;1299981;1;1;4;Actual;Actual;Estimated;2022;694.46845;2741.673025
AMICG;AMICA;PLAMICA00010;259400IUQZHB2GOLIV25;9034;15502;1316730;2;2;4;Actual;Actual;Estimated;2022;51.1481308;236.314611
CAHGG;CARDINAL HEALTH;US14149Y1082;CCU46N3GJMF4OK4N7U60;151120;214389;33384077;1;1;1;Actual;Actual;Actual;2022;5477.195864;-661.234658
SORIG;SORIANA;MXP8728U1671;4469000001BRXVIC3I64;149419;276551;4030119;4;2;4;Estimated;Estimated;Estimated;2022;1119.0563146;3647.7717476
SUMXG;SUMITOMO;JP3404600003;V82KK8NH1P0JS71FJC05;1527715;554818;13121678;1;1;4;Actual;Actual;Estimated;2022;24885.07112403;24005.19616755
5VCNG;VINCI;FR0000125486;Not available;1989726;220158;42940283;1;1;4;Actual;Actual;Estimated;2022;34479;29409
ELIOK;ELIOR, GR;FR0011950732;969500LYSYS0E800SQ95;62087;11767;2528675;1;1;4;Actual;Actual;Estimated;2022;1272;731
GAUCG;GROUPE AUCHAN S.A.;Not available;969500ASEC557H5A4F22;383033;800444;42628956;1;1;1;Actual;Actual;Actual;2022;6414;6324
IKMDK;INTERNATIONAL FLAVORS AND FRAGRANCES, GR;US4595061015;BZLRL03D3GPGMOGFO832;828178;894124;9375583;1;1;1;Actual;Actual;Actual;2022;11000.284785;16618.906192
HWIGG;HONEYWELL;US4385161066;ISRPG12PN4EIEOEMW547;1059105;697090;91226396;1;1;4;Actual;Actual;Estimated;2022;19234.810441;16227.410318
EIFFG;EIFFAGE;FR0000130452;969500OQXKE5WDM9M994;695575;33646;7368831;1;1;1;Actual;Actual;Actual;2022;15936;7424
TSKOG;TESCO;GB00BLGZ9862;2138002P5RNKC5W2JZ46;1039346;575462;69635020;1;1;4;Actual;Actual;Estimated;2022;17318.85675;17642.521
UTOGL;AUTOGRILL;IT0001137345;5299003D9N2698I3C257;95099;135601;2948993;4;2;4;Estimated;Estimated;Estimated;2022;2236.494;967.941
1500G;PSA . PORT OF SINGAPORE AUTHORITY;Not available;254900SIC44UKBM2WI40;484986;287070;1552664;1;2;1;Actual;Actual;Actual;2022;5951.862630395;10483.11388882
KERPG;KIER GROUP;GB0004915632;Not available;33825;3600;1068675;2;2;4;Actual;Actual;Estimated;2022;523.95265;625.45015
GRSWI;SHERWIN WILLIAMS;US8243481061;Z15BMIOX8DDH0X2OBP21;430114;280152;8747148;2;2;4;Actual;Actual;Estimated;2022;11714.8115847;2905.4051453
PGCMG;PROCTER & GAMBLE;US7427181091;2572IBTT8CCZW6AU4141;2159904;2324446;186940000;1;1;1;Actual;Actual;Actual;2022;30245.397749;43883.128422
PPGIG;PPG INDUSTRIES, INC.;US6935061076;549300BKPEP01R3V6C59;390000;490000;11704752;1;1;4;Actual;Actual;Estimated;2022;7171.492601;6283.602437
GALSG;ALSEA;MXP001391012;4469000001BJLPKNUN21;82888;112932;2275444;2;2;4;Actual;Actual;Estimated;2022;2450.804946271;424.400352929
SFEOG;SEALED AIR GROUP;US81211K1007;Q0M0CZB4YN6JZ65WXI09;109301;275942;3710515;1;1;4;Actual;Actual;Estimated;2022;3514.1905953;322.2816513
5RHMG;RHEINMETALL;DE0007030009;5299001OU9CSE29O6S05;115583;205421;6885095;1;1;1;Actual;Actual;Actual;2022;971;3090
OKUSK;MAGNA INTERNATIONAL INC.;CA5592224011;95RWVLFZX6VGDZNNTN43;433636;1206704;83845228;1;1;1;Actual;Actual;Actual;2022;4751.336289;10616.281655
MRBNG;MARUBENI;JP3877600001;4P4N3ORD02UGQT1T1W12;1000124;278314;97392938;2;2;4;Actual;Actual;Estimated;2022;19008.55343868;16600.79595304
HEIKG;HEINEKEN;NL0000009165;724500K5PTPSST86UQ23;1075317;828395;22870313;1;1;4;Actual;Actual;Estimated;2022;16377;21920
CHTOG;CONCHA Y TORO;CLP9796J1008;5493008GQ74NEYBVB518;37281;19503;305767;1;1;4;Actual;Actual;Estimated;2022;494.826212726;840.420266665
AAP5K;ADVANCE AUTO PARTS INC;US00751Y1064;529900UCNQ5H9FSL0Y70;173157;168878;8621364;1;1;4;Actual;Actual;Estimated;2022;3808.322007392;2434.385032856
AMSEG;AMREST;ES0105375002;259400T6ZDQIMDBGDN42;51583;98752;1639165;4;2;4;Estimated;Estimated;Estimated;2022;1532.4;331.2
APLUG;APPLUS;ES0105022000;213800M9XCA6NR98E873;46102;24416;273596;1;1;4;Actual;Actual;Estimated;2022;1027.295;642.947
5TXRG;TECNICAS REUNIDAS;ES0178165017;213800JEZBUPZKWJGF49;30537;2121;1090726;1;1;4;Actual;Actual;Estimated;2022;1029.532;83.014
WPD0K;BEIJING ENTERPRISES HOLDINGS LIMITED GROUP;HK0392044647;529900896ODARUEY2V26;584875;307197;43650456;4;2;4;Actual;Actual;Estimated;2022;9347.346409934;12310.453479598
FICAG;GRUPO FINCANTIERI;IT0001415246;8156005BDF49128B6239;118461;112204;23051440;1;1;4;Actual;Actual;Estimated;2022;3831.935;586.903
BRNTG;BRENNTAG;DE000A1DAHH0;NNROIXVWJ7CPSR27SV97;211681;49704;25426993;1;1;4;Actual;Actual;Estimated;2022;3095.8;4802.7
CMTAG;CIE AUTOMOTIVE;ES0105630315;95980020140005381252;101153;540977;4312297;1;1;4;Actual;Actual;Estimated;2022;2282.015;1504.649
FLZAG;FLUGHAFEN ZURICH AG;CH0319416936;529900PFO97GCN5SYB55;121420;1347;238112;4;2;4;Estimated;Estimated;Estimated;2022;1938.978574;2712.079721
NRDGG;NORDEX;DE000A0D6554;529900HVDYCUWVD0OE76;38068;27406;4651133;4;1;4;Actual;Actual;Estimated;2022;581.892;878.059
SHNDG;SCHINDLER;CH0024638196;Not available;142163;54709;9119793;1;1;4;Actual;Actual;Estimated;2022;1056.85164;4499.71795
RADGG;RANDON;BRRAPTACNPR4;Not available;42809;56258;3862092;4;2;4;Estimated;Estimated;Estimated;2022;1007.806814657;676.337333138
GBSNG;DANONE;FR0000120644;969500KMUQ2B6CBAF162;830923;762805;23581552;1;1;4;Actual;Actual;Estimated;2022;14866;17992
MIETG;MITIE GROUP;GB0004657408;213800MTCLTKEHWZMJ03;20530;1909;524649;1;1;4;Actual;Actual;Estimated;2022;339.00165;480.19595
COTNG;COSTAIN GROUP PLC;GB00B64NSP76;213800PKIJBZ2EDTKC88;6703;907;114309;1;1;4;Actual;Actual;Estimated;2022;33.268625;238.1808
SETAG;SECURITAS;SE0000163594;635400TTYKE8EIWDS617;183545;23816;3933829;2;2;4;Actual;Actual;Estimated;2022;4340.737365;3273.40773
5ITOG;ITOCHU;JP3143600009;J48DJYXDTLHM30UMYI18;1484602;779092;138314565;1;1;3;Actual;Actual;Estimated;2022;27807.57278182;33819.554691
DERUG;DE LA RUE PLC.;GB00B3DGH821;213800DH741LZWIJXP78;7250;11319;111482;1;1;4;Actual;Actual;Estimated;2022;120.4437;182.46995
SAIDX;SAID ANDINA;CLP3697S1034;254900NNPKP1J9XTSA53;53163;62236;1199973;1;1;4;Actual;Actual;Estimated;2022;1255.154440933;971.628074855
KO80G;JD WETHERSPOON PLC GROUP;GB0001638955;213800CHWARFAAN7UB85;46291;47841;1436489;4;2;4;Estimated;Estimated;Estimated;2022;1587.4502215;363.00580875
BAYHG;BAYER;DE000BAY0017;549300J4U55H3WP1XT59;1910000;1560000;10293187;1;1;4;Actual;Actual;Estimated;2022;41652;38926
CTGOG;CHINA THREE GORGES;Not available;300300YGQJZMCFMU1894;3680435;713759;4409430;4;2;4;Estimated;Estimated;Estimated;2022;75556.809994686;80167.909604416
SCFRG;SCHAEFFLER AG;DE000SHA0159;Not available;180130;1082194;39557026;1;1;4;Actual;Actual;Estimated;2022;3517;4141
CA4ER;CATERPILLAR;US1491231015;WRJR7GS4GTRECRRTVX92;1177246;4005234;194260751;4;2;4;Estimated;Estimated;Estimated;2022;35189.672196;14883.399363
5EMGG;EMPRESA DE ENERGIA DE BOGOTA SA ESP;COE01PA00026;529900LG618OWYVHI655;187533;446;267470;1;1;4;Actual;Actual;Estimated;2022;3950.156866224;4109.955211336
CENCG;CENCOSUD;CL0000000100;549300NLTGCFV7482429;239057;376551;7239930;4;2;4;Estimated;Estimated;Estimated;2022;5697.316353611;4670.287133938
H0BZK;HERSHEY, GR;US4278661081;21X2CX66SU2BR6QTAD08;179211;232579;7035462;1;1;4;Actual;Actual;Estimated;2022;4793.465178733;3090.329813592
CGYNG;ACS - DRAGADOS;ES0167050915;95980020140005558665;389195;121602;8816403;1;1;4;Actual;Actual;Estimated;2022;11082.805;6375.877
OCADG;OCADO GROUP;GB00B3MBS747;213800LO8F61YB8MBC74;96386;21098;457322;1;1;1;Actual;Actual;Actual;2022;2148.476525;2181.406825
CDCFG;COMPAGNIE D'ENTREPRISES CFE / DEME;BE0003883031;5493003N7PPOYDZI1G90;8895;3151;817119;4;2;4;Estimated;Estimated;Estimated;2022;176.042;224.526
SMELG;SAMSUNG ELECTRONICS;KR7005930003;9884007ER46L6N7EI764;5972000;13920000;124715000;1;1;1;Actual;Actual;Actual;2022;7663.6489293;263100.0438066
SLMIG;GRUPO MELIA HOTELS INTERNATIONAL;ES0176252718;959800JRKSZ6YZD4EL80;71029;292169;496999;1;1;4;Actual;Actual;Estimated;2022;2825.316;445.85
3FRAP;FRAPORT;DE0005773303;5299001ERX0K10IZUL40;329837;64830;893325;4;2;4;Estimated;Estimated;Estimated;2022;11135.2;4131.9
5EEDG;AIRBUS;NL0000235190;MINO79WLOO247M1IL051;554801;301809;435952703;1;1;4;Actual;Actual;Estimated;2022;12773;12982
UJ9MK;PENSKE CORPORATION;US70959W1036;549300W7UTQ0M4C7LB15;223860;359647;9096632;4;2;4;Estimated;Estimated;Estimated;2022;6513.1613813;3910.0884564
FNTRG;FINNING INTERNATIONAL;CA3180714048;549300QLDCP11KB6XW55;70120;27712;4540166;1;1;4;Actual;Actual;Estimated;2022;1610.093688;1702.079281
5GFVG;FERROVIAL;NL0015001FS8;95980020140005757903;381341;71411;3995302;1;1;1;Actual;Actual;Actual;2022;11910;6353
CLGHG;COLGATE PALMOLIVE;US1941621039;YMEGZFW4SBUSS5BQXF88;195700;369000;41434900;1;1;1;Actual;Actual;Actual;2022;8683.153703;754.893958
5BQRG;BARRY CALLEBAUT;CH0009002962;213800Y5RWKLDPUTT265;103877;271861;8402122;1;1;4;Actual;Actual;Estimated;2022;2104.64917936;2940.09849926
MARCG;MARCOPOLO;BRPOMOACNPR7;254900XL58LF2D2QUX37;20528;28721;552631;4;2;4;Estimated;Estimated;Estimated;2022;432.391952077;567.222387589
RIPXG;RENTOKIL INITIAL PLC;GB00B082RF11;549300VN4WV7Z6T14K68;219711;17918;517873;2;2;4;Actual;Actual;Estimated;2022;6169.92025;4621.5195
BBDRG;BOMBARDIER;CA0977518616;W7L3VLU8EHQY34Z36697;69716;22586;34775610;1;2;4;Actual;Actual;Estimated;2022;6020.419804;-2586.869866
40613;MARFRIG;BRMRFGACNOR0;391200219USWMOBN3F92;330212;188242;30581505;1;1;4;Actual;Actual;Estimated;2022;11630.30737615;4681.395645737
SKEYK;SHANGHAI ELECTRIC;CNE100000D55;3003001FINCSKKK8V466;367294;2013598;60758279;4;2;4;Estimated;Estimated;Estimated;2022;5497.17688011;12788.365276922
LENOG;LEGEND HOLDINGS;CNE100001ZT0;5299003ONUYCE70HZ185;717852;1914189;41201408;4;2;4;Estimated;Estimated;Estimated;2022;21961.048049026;13869.260719516
ABECG;ECOLAB;US2788651006;82DYEISM090VG8LTLS26;299143;170546;7602080;1;1;4;Actual;Actual;Estimated;2022;8454.1567145;6798.3539498
AQQKG;AMERISOURCEBERGEN;US03073E1055;AI8GXW8LG5WK7E9UD086;124045;97356;25468732;1;1;4;Actual;Actual;Estimated;2022;6298.873585865;66.753792889
SELTD;ASAHI GROUP HOLDINGS LTD;JP3116000005;353800KAJ02XNHLCJW79;491592;192905;8328270;1;1;1;Actual;Actual;Actual;2022;10630.03333444;14645.72652192
ASSAI;GRUPO ASSAI;BRASAIACNOR0;Not available;85337;29651;12847050;1;1;4;Actual;Actual;Estimated;2022;3708.180343;689.564728
CCROG;CRRC CORPORATION LIMITED(CRRC);CNE100000CP9;30030099HATQH2XC0B72;570897;2237570;75220118;4;2;4;Estimated;Estimated;Estimated;2022;3769.245526694;25929.393871656
ROCHG;ROCHE;CH0012032048;549300U41AUUVOAAOB37;1138773;1637330;10721520;4;2;4;Estimated;Estimated;Estimated;2022;27027.66469;32409.10465
05Y0G;CAMIL;BRCAMLACNOR3;Not available;21345;4262;1767963;2;2;4;Actual;Actual;Estimated;2022;607.088290909;509.563023993
MTBTZ;MITCHELLS AND BUTLERS GROUP;GB00B1FP6H53;Not available;87278;65672;850771;1;2;1;Actual;Actual;Actual;2022;2225.05075;2416.76825
0120G;ISS;DK0060542181;213800LEZA58SZNCBN19;69581;10250;1393734;1;1;4;Actual;Actual;Estimated;2022;2259.1128;1454.303865
KRAFG;MONDELEZ;US6092071058;549300DV9GIB88LZ5P30;879703;793176;28485241;1;1;1;Actual;Actual;Actual;2022;22115.770509;25213.08356
CITIK;CITIC GROUP;Not available;300300NIFA1100057377;8618983;4418099;161095336;4;2;4;Estimated;Estimated;Estimated;2022;288663.244011942;175192.426442398
INBEG;INBEV;BE0974293251;5493008H3828EMEXB082;2843883;2029211;26529052;1;1;4;Actual;Actual;Estimated;2022;75099.773112;78934.184854
WEIRG;WEIR;GB0009465807;549300KDR56WHY9I3D10;66697;106136;38433423;1;1;1;Actual;Actual;Actual;2022;1678.5431;1959.916725
1A00G;GLAXOSMITHKLINE PLC;GB00BN7SWP63;5493000HZTVUYLO1D793;635846;251038;8608368;1;1;4;Actual;Actual;Estimated;2022;23668.08925;11385.764
PEPCO;PEPCO GROUP;NL0015000AU7;213800OVMJPFP79OB449;52353;105562;2127076;4;2;4;Estimated;Estimated;Estimated;2022;1748.086;1144.754
ZFDEG;ZF;DE0007851008;529900CAYOWB8YIG7X25;391000;1079000;82744000;1;1;1;Actual;Actual;Actual;2022;13036;8595
5CRFG;CARREFOUR;FR0000120172;549300B8P6MUJ1YWTS08;581593;393711;96368762;1;1;1;Actual;Actual;Actual;2022;19229;13186
0GG0G;VESTAS, GR;DK0061539921;549300DYMC8BGZZC8844;97668;59341;8288062;1;1;4;Actual;Actual;Estimated;2022;2427;3060
CICZK;CUMMINS INC;US2310211063;ZUNI8PYC725B6H8JU438;310944;532645;1119012512;1;1;1;Actual;Actual;Actual;2022;7966.660058;9576.663425
5GLPG;GENERAL MILLS;US3703341046;2TGYMUGI08PO8X8L6150;364311;579210;17277530;1;1;1;Actual;Actual;Actual;2021;11484.1699632;9163.4783103
5PLOG;PLASTIC OMNIUM;FR0000124570;9695001VLC2KYXX0DW73;74942;274478;29914800;1;1;1;Actual;Actual;Actual;2022;2345.09;1918.926
0730G;SNCF SA;Not available;969500A4MXJ3ESPHK698;1917607;954359;9237582;1;1;4;Actual;Actual;Estimated;2022;82080;27623
SIKAG;SIKA;CH0418792922;549300R3N69ECGYPU434;156096;160351;9231000;1;1;1;Actual;Actual;Actual;2022;3976.049987;5028.245001
5FMEG;LEONARDO S.P.A.;IT0003856405;529900X4EEX1U9LN3U39;213107;213040;2722012;1;1;4;Actual;Actual;Estimated;2022;4614;7699
ONORG;ORIX CORPORATION;JP3200450009;35380016EMHNBOVYE123;1044892;148045;4250000;1;1;1;Actual;Actual;Actual;2022;36617.18447452;23935.02540143
DUPOG;CORTEVA INC;US22052L1044;549300WZN9I2QKLS0O94;424000;577000;9352299;1;2;4;Actual;Actual;Estimated;2022;1645.593901;23921.521813
NATUG;NORTEGAS;Not available;959800K24LB8NMVR7K61;35121;925;44638;4;2;4;Estimated;Estimated;Estimated;2022;1130.38;991.965
CDSLG;CANADIAN SOLAR INC.;CA1366351098;5493001XSC6TKMBVOM15;75647;1213638;761432;1;1;4;Actual;Actual;Estimated;2022;2415.87608199;2160.433453542
CATCG;CONTEMPORARY AMPEREX TECHNOLOGY CO., LIMITED;CNE100003662;300300KINDY1K0E9I032;610885;3405853;128785866;1;1;4;Actual;Actual;Estimated;2022;13604.248216413;24018.249288092
CAFRG;CAF;ES0121975009;95980020140005275134;28156;19962;3030097;1;1;4;Actual;Actual;Estimated;2022;957.77;788.325
WEGHG;WEG;BRWEGEACNOR0;254900NKQV127YFRO022;54864;85066;21869630;1;1;4;Actual;Actual;Estimated;2022;709.621928746;2698.852096515
BOEIG;BOEING, GR;US0970231058;RVHJWBXLJ1RFUBSY1F30;642000;779000;406369588;1;1;4;Actual;Actual;Estimated;2022;54867.491126;-14843.125864
5VLFG;VALEO;FR0013176526;5493006IH2N2WMIBB742;191168;766182;45689165;1;1;4;Actual;Actual;Estimated;2022;7354;4612
SMCLG;SAIC MOTOR CORPORATION LIMITED;CNE000000TY6;30030001QBC7EXJJGT71;1157046;3362228;170414647;4;2;4;Estimated;Estimated;Estimated;2022;26827.059453853;45658.137968668
VOTLG;VOLTALIA;FR0011995588;969500KE938Z79ZH1N44;42506;137341;436149;2;1;4;Actual;Actual;Estimated;2022;1328.315;1339.188
HELLA;HELLA;Not available;Not available;71294;204889;25017987;4;2;4;Estimated;Estimated;Estimated;2022;1428.813;3061.069
JOKNG;JOHNSON CONTROLS;IE00BY7QL619;549300XQ6S1GYKGBL205;410102;331839;122047638;1;1;4;Actual;Actual;Estimated;2022;9578.536611;16298.591386
KOABG;KONECRANES ABP;FI0009005870;549300EF0CDEQZBMA096;40100;20200;4650900;1;1;1;Actual;Actual;Actual;2022;1106.2;1433
5FIAG;STELLANTIS;NL00150001Q9;549300LKT9PW7ZIBDF31;1559309;1776677;353802980;4;2;4;Estimated;Estimated;Estimated;2022;27171;72382
AGCOH;AGCO;US0010841023;LYOM0B2GCF1JWXK5ZG04;80618;91508;27663411;2;2;4;Actual;Actual;Estimated;2022;1530.8612585;3636.4159818
CCEUP;COCA COLA EUROPEAN PACIFIC;GB00BDCPN049;549300LTH67W4GWMRF57;295904;303597;6007697;1;1;4;Actual;Actual;Estimated;2022;12078;7447
WHIRG;WHIRLPOOL;US9633201069;WHENKOULSSK7WUM60H03;151409;309518;59560148;1;1;4;Actual;Actual;Estimated;2022;7679.126007;2347.102058
WARTG;WARTSILA;FI0009003727;743700G7A9J1PHM3X223;46629;24309;21320732;1;1;4;Actual;Actual;Estimated;2022;949;2148
5DI1G;DIAGEO;GB0002374006;213800ZVIELEA55JMJ32;436000;157784;5723256;1;1;1;Actual;Actual;Actual;2022;18922.51725;10729.4135
MCKGK;MCKESSON CORPORATION;US58155Q1031;549300WZWOM80UCFSF54;79292;144820;35606623;1;1;4;Actual;Actual;Estimated;2022;7134.028881;-1678.374656
CEMBG;CEMIG.;BRCMIGACNPR3;254900W703PXLDSEM056;83357;291766;11023027;1;1;4;Actual;Actual;Estimated;2022;1935.264648083;3855.485599138
BUREG;BUREAU VERITAS, GR;FR0006174348;969500TPU5T3HA5D1F11;71561;86280;1548030;1;1;4;Actual;Actual;Estimated;2022;3045.2;1928
TRVIG;TRAVIS PERKINS;GB00BK9RKT01;2138001I27OUBAF22K83;50909;14342;9893581;1;1;1;Actual;Actual;Actual;2022;1188.87405;2370.75605
HLFDG;HALFORDS LIMITED;GB00B012TP20;54930086FKBWWJIOBI79;15195;8095;878289;2;2;4;Actual;Actual;Estimated;2022;441.1758;621.39025
RAGFG;RANK GROUP;GB00B1L5QH97;213800TXKD6XZWOFTE12;10989;11631;77886;2;2;4;Actual;Actual;Estimated;2022;292.876675;479.406525
MOLYM;MOLYMET;CLP6877L1036;5493003YGGK3E6MLZL81;17785;15003;201660;1;1;4;Actual;Actual;Estimated;2022;479.393253864;793.497511681
LPRGT;ALPARGATAS;BRALPAACNPR7;Not available;17743;5528;633572;2;2;4;Actual;Actual;Estimated;2022;252.565117154;1019.436847694
BUNZK;BUNZL PLC;GB00B0744B38;213800Q1Q9DV4L78UM09;93405;27895;8090839;1;1;1;Actual;Actual;Actual;2022;3644.098575;3068.494975
TESLA;TESLA INC;US88160R1014;54930043XZGB27CTOV49;668177;1218715;159060462;4;2;4;Estimated;Estimated;Estimated;2022;5383.536564;42987.745514
FMC1K;FMC CORPORATION;US3024913036;CKDHZ2X64EEBQCSP7013;88000;67000;2017700;1;1;1;Actual;Actual;Actual;2022;3207.4563878;3185.2591337
YAMAH;YAMAHA;JP3942800008;3538004LR5NXILJDHY88;154950;330143;32743107;1;1;4;Actual;Actual;Estimated;2022;4278.73416841;7484.92194957
NN91K;NORTHGATE PLC.;GB00B41H7391;213800B3ZUTDOZYVJB41;22829;4165;2475801;4;1;1;Actual;Actual;Actual;2022;684.666047;1067.70971775
NHHGG;NH HOTELES;ES0161560018;959800LM1RW3PKJ4A296;44329;81569;215784;1;1;1;Actual;Actual;Actual;2022;2506.269;900.726
VOLVG;VOLVO AB;SE0000115446;Not available;377476;19323;129950814;4;4;4;Estimated;Estimated;Estimated;2021;15000.983796;14053.810888
5ECIS;EL CORTE INGLES;Not available;95980020140005374753;122519;186795;4724523;1;1;4;Actual;Actual;Estimated;2022;3821.104;5680.17
G33EN;GREENBRIER COMPANIES INC;US3936571013;5493001GAGGFR30BP390;37028;69077;11427246;4;2;4;Estimated;Estimated;Estimated;2022;1519.2475053;1364.4286824
40626;DIRECIONAL ENGENHARIA;BRDIRRACNOR0;Not available;6465;14666;67229;4;2;4;Estimated;Estimated;Estimated;2022;254.3566403;256.585867135
KINKG;KINGFISHER PLC;GB0033195214;213800KBMEV7I92FY281;130642;95870;20861634;1;1;1;Actual;Actual;Actual;2022;2889.2955;7514.19825
DIAKG;DIA;ES0126775032;Not available;16370;11157;509378;4;2;4;Estimated;Estimated;Estimated;2022;1303.846;7.557
9Y85K;DUNELM GROUP PLC;GB00B1CKQ739;213800WCOWEI3T5DUV19;7044;8782;893917;2;2;1;Actual;Actual;Actual;2022;373.172475;201.077825
HENHG;HENKEL;DE0006048432;549300VZCL1HTH4O4Y49;284000;302000;39346077;1;1;4;Actual;Actual;Estimated;2022;3606;20157
IDEAL;IDEAL;MX01ID000009;529900HHL7GDSBBX4835;51578;105905;328256;4;4;4;Estimated;Estimated;Estimated;2021;2109.269614968;2266.055495168
GELEG;GENERAL ELECTRIC;US3696043013;3C7474T6CDKPR9K6YT90;666127;1003759;379171669;2;2;4;Actual;Actual;Estimated;2022;24490.033764;32698.334816
VOLHG;VOLKSWAGEN;DE0007664039;529900NNUPAGGOMPXZ31;4461403;4650011;397783653;1;1;4;Actual;Actual;Estimated;2022;205185;178328
STHOF;STEINHOFF;NL0011375019;724500PSNX8EVPOZ1M58;115354;415797;4562467;4;2;4;Estimated;Estimated;Estimated;2022;13564;-3640
RIYPF;RPM INTERNATIONAL INC;US7496851038;549300TJCKW4BRXPJ474;54297;109476;4970266;2;2;4;Actual;Actual;Estimated;2022;2819.18239372;1858.039418004
NTDIG;NEXT;GB0032089863;213800MI6Y4ANM7AWQ41;42616;47334;3006736;1;1;4;Actual;Actual;Estimated;2021;2507.360583;1202.3141
SPDCG;SPORTS DIRECT INTERNATIONAL;GB00B1QH8P22;213800JEGHHEAXIJDX34;35683;64242;2080141;4;2;4;Estimated;Estimated;Estimated;2022;1633.545875;1475.77365
IPAGG;SONAE;PTSON0AM0001;549300847SOBT7HY7R50;67195;152442;6875183;1;1;1;Actual;Actual;Actual;2022;2575.238;3314.393
ATWRK;AMERICAN TOWER CORPORATION;US03027X1000;5493006ORUSIL88JOE18;628716;571425;4073989;2;2;1;Actual;Actual;Actual;2022;44067.637243;11621.7142405
5CUMG;ACCIONA;ES0125220311;54930002KP75TLLLNO21;159652;139733;2810349;1;1;4;Actual;Actual;Estimated;2022;7934;6304
BRIKG;BRINKS;US1096961040;XFP140TFNOQMIVFTVQ13;43890;52456;482161;4;2;4;Estimated;Estimated;Estimated;2022;3491.0567482;534.0453286
PANAG;MATSUSHITA;JP3866800000;254900GE1G59KGWPHX32;405791;1670243;120277614;1;1;4;Actual;Actual;Estimated;2022;13469.63494812;23763.00621253
ALING;ALIANSCE;BRALSOACNOR5;Not available;21019;5801;59197;1;1;4;Actual;Actual;Estimated;2022;557.412727557;1394.179347783
REGUP;IWG PLC, GR;JE00BYVQYS01;2138003LWDII27UTAG52;87485;140997;117504;1;1;4;Actual;Actual;Estimated;2022;7795.008;351.858
GRDMG;GENERAL DYNAMICS;US3695501086;9C1X8XOOTYY2FNYTVH06;307359;408822;134758969;1;1;4;Actual;Actual;Estimated;2022;11345.887602;17390.658824
SACGG;SACYR;ES0182870214;959800XKAB9VNAVN9425;120101;472738;1953596;1;1;1;Actual;Actual;Actual;2022;9890.725;1358.413
COTRG;CARGOTEC;FI0009013429;5493002B0GOVF42KWX33;24900;15600;6646473;1;1;4;Actual;Actual;Estimated;2022;837.5;1528.3
GANWG;GRUPO ANGLIAN WATER;Not available;Not available;118305;121995;243591;1;1;4;Actual;Actual;Estimated;2022;8675.442425;2609.6135
SEAG1;SEATRIUM LIMITED;SG1H97877952;254900MQNHWMN6X1NV39;51730;62453;252596;1;1;4;Actual;Actual;Estimated;2022;2345.04450267;2646.020635905
5LGLG;LG ELECTRONICS;KR7066570003;988400RMQFTGZIOG0609;265249;695932;74908055;1;1;1;Actual;Actual;Actual;2022;9004.6856263;16681.18957505
ABTGG;ABBOTT  LABORATORIES;US0028241000;HQD377W2YR662HK5JX27;530000;476000;13227516;1;1;4;Actual;Actual;Estimated;2022;16826.829838;34564.964665
LEKRG;LEAR;US5218652049;549300UPNBTXA1SYTQ33;78554;341850;26573821;1;2;4;Actual;Actual;Estimated;2022;3131.7796734;4524.0251679
5RCRG;CCR RODOVIAS;BRCCROACNOR2;Not available;75431;22307;402208;1;1;4;Actual;Actual;Estimated;2022;5267.397521605;2092.54399075
5FXTK;FLEX LTD;SG9999000020;549300EAQH74YHD07T53;86991;660906;136775100;1;1;1;Actual;Actual;Actual;2022;4570.57384;3940.246751
PERNG;PERNOD RICARD;FR0000120693;52990097YFPX9J0H5D87;273580;68555;4527211;1;1;1;Actual;Actual;Actual;2022;11190;16253
0F30G;SAFRAN, GR;FR0000073272;969500UIC89GT3UL7L24;177299;264420;61662727;1;1;4;Actual;Actual;Estimated;2022;6975;10866
UNHOG;UNILEVER;GB00B10RZP78;549300MKFYEKVRWML317;503909;1224997;57521201;1;1;4;Actual;Actual;Estimated;2022;29488;21701
BRITV;BRITVIC PLC GROUP;GB00B0N8QD54;635400L3NVMYD4BVCI53;13006;31014;562419;1;1;4;Actual;Actual;Estimated;2022;778.1475;550.342
JAGUG;JAGUAR LAND ROVER;Not available;529900L73GEWN1O5NH84;133542;107014;24094690;1;1;4;Actual;Actual;Estimated;2022;8567.51675;5078.25825
MERKK;MERCK & CO;US58933Y1055;4YV9Y5M8S0BRK1RP0397;712400;352000;6900674;1;1;4;Actual;Actual;Estimated;2022;29956.927105;43137.600394
RPESE;GROUPE SEB;FR0000121709;Not available;64773;139590;17999836;1;1;4;Actual;Actual;Estimated;2022;3312.1;3448.9
ROBEG;ROBERT BOSCH GROUP, GR;Not available;529900F0LT5OP4SV6122;523408;2192714;354283391;1;1;4;Actual;Actual;Estimated;2022;8739;46727
NEWEL;NEWELL BRANDS;US6512291062;549300LWGYFM1TVO1Z12;85053;144427;6964566;1;2;4;Actual;Actual;Estimated;2022;5727.266195;3295.870767
5FRQG;FRESENIUS, GR;DE0005785604;XDFJ0CYCOO1FXRFTQS51;562605;898519;7191979;1;1;4;Actual;Actual;Estimated;2022;27763;32218
FKAYK;FERROVIE DELLO STATO;Not available;549300J4SXC5ALCJM731;511252;1499414;7749865;1;1;4;Actual;Actual;Estimated;2022;12614;42068
IVECK;IVECO;Not available;549300ZWF2ZJDD9EOR96;60712;132064;48635201;1;1;4;Actual;Actual;Estimated;2022;4121;2391
IXLZG;FAURECIA;Not available;Not available;170000;680954;34885371;1;1;4;Actual;Actual;Estimated;2022;12180.9;6239.1
SIERY;SIEMENS ENERGY;DE000ENER6Y0;5299005CHJZ14D4FDJ62;187707;221980;1337745165;1;1;4;Actual;Actual;Estimated;2022;3223;17118
JABIG;JABIL INC;US4663131039;5493000CGCQY2OQU7669;53174;1840808;26971358;1;1;4;Actual;Actual;Estimated;2022;3492.555297;2296.526036
40215;HYPERA;BRHYPEACNOR0;25490092WKPBKTIZX403;33035;3420;16815;1;1;1;Actual;Actual;Actual;2022;1734.863084882;1885.938468913
FBDCG;FIBRA EDUCA;MXCFED090004;Not available;15816;34021;216425;4;2;4;Estimated;Estimated;Estimated;2022;271.817971319;1492.950899986
D0MTG;DAIMLER TRUCK;DE000DTR0CK8;529900PW78JIYOUBSR24;369199;594093;99635623;1;1;4;Actual;Actual;Estimated;2022;20839;20606
KIONG;KION GROUP;DE000KGX8881;5299005KY91C4C6U9H17;106154;77132;18701706;1;1;4;Actual;Actual;Estimated;2022;6332.2;5607.7
TALGG;TALGO;ES0105065009;95980037JECHVQDJDT59;5831;9480;2423708;4;2;4;Estimated;Estimated;Estimated;2022;375.579;285.076
CLFAG;COLFAX GROUP;US1940145022;635400OP2DYYYMOIYL17;31226;80948;834079;4;2;4;Estimated;Estimated;Estimated;2022;313.589131667;3231.059467993
DURRG;DURR AG;DE0005565204;5299003APZ54EDTSRO20;17825;29677;6564491;1;1;4;Actual;Actual;Estimated;2022;902.018;1124.173
MYLAN;VIATRIS INC;US92556V1061;254900ZZTSW7NL773X71;333255;448971;2090181;1;1;1;Actual;Actual;Actual;2022;18289.5071261;19736.1686739
IN9EL;INTEL;US4581401001;KNX4USFCNGPY45LOCE31;1190900;3303300;11647654;1;1;4;Actual;Actual;Estimated;2022;39395.911359;96736.944598
CPFGG;CP FOODS GROUP;TH0101A10Z01;529900FJ3AI2GKGIWK15;193583;562791;4426334;1;2;4;Actual;Actual;Estimated;2022;14109.28215408;8127.079381098
CAPIK;CAPITA GROUP PLC;GB00B23K0M20;CMIGEWPLHL4M7ZV0IZ88;12049;21137;242661;1;1;4;Actual;Actual;Estimated;2022;1019.824325;397.757425
5OLPG;COPEL;BRCPLEACNPB9;2549001AS1I9A71VG663;50834;163700;3098623;1;1;4;Actual;Actual;Estimated;2022;2252.762302182;3740.078906425
5YATG;PHILIP MORRIS;US7181721090;HL3H1H2BGXWVG3BSWR90;297602;358475;4257278;1;1;1;Actual;Actual;Actual;2022;41041.50526;-5910.838423
BERTG;BERTELSMANN;DE0005224901;5299001BUUGXAREGE533;191100;171500;1740462;1;1;4;Actual;Actual;Estimated;2022;7656;15074
COKEG;COCA COLA GROUP;US1912161007;UWJKFUJFZ02DKWI3RY53;533906;890400;62881297;1;1;4;Actual;Actual;Estimated;2022;39598.215447;24188.450818
BRDIS;BR DISTRIBUIDORA;BRVBBRACNOR1;549300U7VLJ3SYVNY689;44281;13639;97086935;1;1;4;Actual;Actual;Estimated;2022;3078.085263;2232.412709
GMCGG;GENERAL MOTORS;US37045V1008;54930070NSV60J38I987;1466452;2996074;272722605;1;1;1;Actual;Actual;Actual;2022;108563.304409;67700.688412
0A30G;ASTM - GAVIO;IT0000084027;8156003F2286CFA55E20;85879;41563;2489874;1;1;4;Actual;Actual;Estimated;2022;8101.421;2324.173
CAVPF;CARVANA CO;US1468691027;5493003WEAK2PJ5WS063;59227;214346;4592509;4;2;4;Estimated;Estimated;Estimated;2022;8260.75026;-986.232429
HONDG;HONDA;JP3854600008;549300P7ZYCQJ36CCS16;1090000;3249764;284409746;1;1;1;Actual;Actual;Actual;2022;57523.52914308;76478.93624878
12E0G;COMPASS GROUP, GR;GB00BD6K4575;2138008M6MH9OZ6U2T68;100000;46807;11646758;1;1;4;Actual;Actual;Estimated;2022;5678.22125;6659.36375
HITKK;HITACHI LTD;JP3788600009;549300T6IPOCDWLKC615;486059;1107707;269111431;1;1;4;Actual;Actual;Estimated;2022;22197.87297416;38019.41419211
FALAG;FALABELLA;CLP3880F1085;5493004CKJQ7H391LM41;122892;180145;9256692;1;1;4;Actual;Actual;Estimated;2022;7507.753490069;7817.531083663
0400G;JHSF;BRJHSFACNOR2;Not available;11684;11955;86118;4;2;4;Estimated;Estimated;Estimated;2022;582.687327957;885.394915997
KUOGG;KUO;MX01KU000012;549300WIYIAVCFZI6Z04;12345;18907;1733390;2;2;4;Actual;Actual;Estimated;2022;735.085223591;823.891777373
WEICG;WEICHAI POWER;CNE1000004L9;529900OKTPKBG85F9502;179920;375047;22138338;2;1;4;Actual;Actual;Estimated;2022;8686.126638023;14134.686800883
MASTK;MARSTON S;GB00B1JQDM80;213800Q6RP3ZJ2CZR962;20368;21050;669050;4;2;4;Estimated;Estimated;Estimated;2022;1861.01305;730.894775
1VI5K;EUROFINS;FR0014000MR3;529900JEHFM47DYY3S57;63565;138822;1144947;2;2;4;Actual;Actual;Estimated;2022;3325.6;4851
RENLG;REN;PTREL0AM0008;549300FR1FN48IGHR915;30389;124974;83442;1;2;1;Actual;Actual;Actual;2022;2407.77;1517.534
SODXG;SODEXO;FR0000121220;969500LCBOG12HXPYM84;85448;22398;17565130;1;1;1;Actual;Actual;Actual;2022;6695;4425
HEIHG;THE KRAFT HEINZ COMPANY;US5007541064;9845007488EC87F5AF14;501786;558444;29485172;1;1;1;Actual;Actual;Actual;2022;19543.886131;45771.29991
GGEOG;GRUPO GEO;US36162J1060;54930024XOXET7NQVZ63;23000;30864;250986;4;2;4;Estimated;Estimated;Estimated;2022;1943.928742476;1091.213265184
LUPSY;LUXSHARE PRECISION INDUSTRY;CNE100000TP3;300300QLLDUELXN16530;93646;1755407;6503571;1;1;4;Actual;Actual;Estimated;2022;4436.825115814;7980.85085274
ABBBG;ABB;CH0012221716;5493000LKVGOO9PELI61;156000;305000;62059297;1;1;4;Actual;Actual;Estimated;2022;8337.550886;12430.462296
ATLAK;ATLAS COPCO, GR;SE0017486889;213800T8PC8Q4FYJZR07;77493;138479;219822446;1;1;1;Actual;Actual;Actual;2022;3263.975055;7189.13571
EXELG;EXELON;US30161N1019;3SOUA6IRML7435B56G12;452011;4855103;84955584;1;1;4;Actual;Actual;Estimated;2022;37803.703259;23175.057192
B0RGW;BORG WARNER INC;US0997241064;549300DSFX2IE88NSX47;81871;399354;48374614;1;1;4;Actual;Actual;Estimated;2022;4033.906051;7031.940244
5AXMH;ALSTOM;FR0010220475;Not available;93970;133651;45704265;1;1;4;Actual;Actual;Estimated;2022;3685;9024
5EBRG;EMBRAER;BREMBRACNOR4;549300EM51WYXFHUY333;41599;17885;15722995;1;1;4;Actual;Actual;Estimated;2022;3023.673366968;2608.307079533
1PYGG;THE HUT GROUP LIMITED, GR;GB00BMTV7393;21380066N3SV9O8IDP37;19274;27965;921939;4;2;4;Estimated;Estimated;Estimated;2022;1143.04792875;1468.03615725
TC27K;THE TJX COMPANIES, INC.;US8725401090;V167QI9I69W364E2DY52;128450;598025;15966050;1;1;4;Actual;Actual;Estimated;2022;11935.941192;5960.477852
PHUS1;PARKER-HANNIFIN;US7010941042;5493002CONDB4N2HKI23;137093;522886;4916479;2;2;1;Actual;Actual;Actual;2022;10889.542965273;8298.13905256
FORHG;FORD;US3453708600;20S05OYHG0MQM4VUIC57;1197739;2557313;371165548;1;1;4;Actual;Actual;Estimated;2022;131566.965082;40429.910031
ATURN;CECONOMY;DE0007257503;5299001X9L42HXEBCZ51;23200;198329;25819200;1;1;4;Actual;Actual;Estimated;2022;2773;592
J997K;GS ENGINEERING AND CONSTRUCTION;KR7006360002;988400BQ69DJXXFA0D28;51593;68988;4956965;1;1;4;Actual;Actual;Estimated;2022;3610.643593543;3972.427812991
5H67G;ELI LILLY;US5324571083;FRDRIPF3EKNDJ2CQJL29;171000;415000;5006746;1;1;4;Actual;Actual;Estimated;2022;15334.7435297;10092.1642122
ONDOG;DOVER CORPORATION;US2600031080;549300FMC2ALGA7N9E80;50044;99036;17275374;1;1;1;Actual;Actual;Actual;2022;3648.421230874;4014.580391038
0ED0G;ANDRITZ;AT0000730007;549300VZKC61IR5U8G96;20102;82341;22810197;2;2;4;Actual;Actual;Estimated;2022;1288.3;1834.7
PEIIK;PERSIMMON PLC.;GB0006825383;213800XI72Y57UWN6F31;25005;2151;2774777;1;1;4;Actual;Actual;Estimated;2022;12.292475;3878.670575
EMERN;EMERSON;US2910111044;FGLT0EWZSUIRRITFOA30;163202;482691;595880600;1;2;1;Actual;Actual;Actual;2022;10128.316702;15281.451388
W03NG;WHITBREAD;GB00B1KJJ408;21380099VMZKRMN3EX36;63374;75567;468025;1;1;1;Actual;Actual;Actual;2022;5293.320175;4645.20225
BL1KK;BRAMBLES LTD;AU000000BXB1;Not available;31748;3798;1563040;1;2;1;Actual;Actual;Actual;2022;2693.1731715;2295.6831023
TMCCG;TOYOTA;JP3633400001;5493006W3QUS5LMH6R84;2370000;3810000;571689617;1;1;1;Actual;Actual;Actual;2022;188109.03887594;192783.7437526
GRGIG;GRUPO GIGANTE;MXP370791214;4469000001BRKQF2MF33;11846;44299;589599;4;2;4;Estimated;Estimated;Estimated;2022;745.829692688;1162.602563159
WALTD;WALT DISNEY CORP;US2546871060;549300GZKULIZ0WOW665;901714;702062;10229774;1;1;1;Actual;Actual;Actual;2022;48945.413587;101506.076154
O8R9K;MAIRE TECNIMONT;IT0004931058;815600D85A61200A1B83;8917;8167;1973931;1;1;4;Actual;Actual;Estimated;2022;960.566;528.051
LPPGR;LPP;PLLPP0000011;259400NUS7MKGPJL4752;13762;12734;2631557;1;1;1;Actual;Actual;Actual;2022;1452.8118488;850.5618212
DECHG;DECHRA PHARMACEUTICALS PLC, GR;GB0009633180;213800J4UVB5OWG8VX82;6709;4896;2350;2;2;1;Actual;Actual;Actual;2022;371.142525;751.9837
BIOMG;BIOMERIEUX, GR;FR0013280286;549300AK8Y0LBIQ4T071;24629;34321;1122296;1;1;4;Actual;Actual;Estimated;2022;505.4;3642.9
GAAMG;AMORIM;PTCOR0AE0006;213800J5M11TDEP3LQ76;5687;66087;275415;1;1;4;Actual;Actual;Estimated;2022;213.855;744.926
DVCED;ASE TECHNOLOGY HOLDING CO., LTD;TW0003711008;300300GO8QHPMV87NZ73;90993;2171847;13350245;1;1;1;Actual;Actual;Actual;2022;5774.395543451;9719.195443915
ATELG;AMERICA MOVIL;MX01AM050019;5493000FNR3UCEAONM59;305501;1786873;2864841;1;1;4;Actual;Actual;Estimated;2022;30989.539378402;21044.395355527
OMEGA;OMEGA ENERGIA RENOVAVEL;BRMEGAACNOR9;Not available;14199;15;225794;1;1;4;Actual;Actual;Estimated;2022;1503.581906957;915.279299082
5RKTG;RECKITT BENCKISER;GB00B24CGK77;5493003JFSMOJG48V108;121275;237471;13329027;1;1;4;Actual;Actual;Estimated;2022;10018.931;10694.45325
ALTRG;ALTRIA GROUP;US02209S1033;XSGZFLO9YTNO9VCQV219;123892;114625;4593373;1;1;1;Actual;Actual;Actual;2022;24988.30124;-3674.254339
5B50G;AKZO NOBEL;NL0013267909;724500XYIJUGXAA5QD70;60130;178061;14396022;1;2;4;Actual;Estimated;Estimated;2022;5875;4548
5A85G;KOREA ELECTRIC POWER CORP, GR;KR7015760002;988400QG33WS7JEIV602;706687;221248;214801129;1;1;4;Actual;Actual;Estimated;2022;92536.59237095;31149.4898624
KPNNG;KPN;NL0000009082;549300YO0JZHAL7FVP81;58830;206974;573330;1;1;4;Actual;Actual;Estimated;2022;6657;3652
IGY7L;IMI PLC.;GB00BGLP8L22;2138002W9Q21PF751R30;11826;28654;529961;1;1;1;Actual;Actual;Actual;2022;1065.72375;1021.2904
PRISA;GRUPO PRISA;ES0171743901;Not available;3081;13149;64500;4;2;4;Estimated;Estimated;Estimated;2022;1080.828;-532.16
FLSMG;FLSMIDTH;DK0010234467;213800MXXDGQ3ITPXI41;10211;26297;127572184;1;1;4;Actual;Actual;Estimated;2022;385.528357;1450.538677
BAI3G;PALACIO DE HIERRO;MXP496851033;4469000001C84MQZ9F80;9531;40149;692718;4;2;4;Estimated;Estimated;Estimated;2022;578.118325316;1145.11732026
KYHOG;KYNDRYL HOLDINGS INC;Not available;549300LQ4LWX2R8ZV130;37316;399182;725572;1;1;1;Actual;Actual;Actual;2022;4238.083325;2540.040216
FEYRG;FERREYCORP;PEP736001004;529900LVRQMD6PSRZA32;6362;2611;960426;1;1;4;Actual;Actual;Estimated;2022;549.992291166;611.518771098
BAESS;BAE SYSTEMS;GB0002634946;8SVCSVKSGDWMW2QHOH83;113089;281182;76807849;1;1;4;Actual;Actual;Estimated;2022;7862.673;12856.35
LBBRP;ALIBABA GROUPA ;US01609W1027;5493001NTNQJDH60PM02;928939;5141880;21035348;1;1;4;Actual;Actual;Estimated;2022;23975.868302;146925.014838
VINPT;INDIGO;Not available;213800H5J9NKEXSUQX44;12350;10823;177468;4;2;4;Estimated;Estimated;Estimated;2022;2304.9;
KOMTG;KOMATSU;JP3304200003;5493004LQ0B4T7QPQV17;127981;395947;34684045;1;1;4;Actual;Actual;Estimated;2022;7159.50537666;16728.22362211
5HWPG;HP INC;US40434L1052;WHKXQACZ14C5XRO8LW03;46800;196300;31153332;1;1;4;Actual;Actual;Estimated;2022;11587.528596;-2833.193825
5THGG;THALES;FR0000121329;529900FNDVTQJOVVPZ19;68735;144326;10442087;1;1;4;Actual;Actual;Estimated;2022;5477;7381.5
AEPAR;AEROPORTS DE PARIS;FR0010340141;969500PJMBSFHYC37989;77785;70609;23824053;1;1;4;Actual;Actual;Estimated;2022;10022;4855
W4LCO;WALGREENS BOOTS ALLIANCE;US9314271084;549300RPTUOIXG4LIH86;323000;1218000;65379121;1;1;4;Actual;Actual;Estimated;2022;34104.160909;28479.919944
PFHOG;PFIZER HOLDING, GR;US7170811035;765LHXWGK1KXCLTFYQ30;650587;489611;9720828;1;1;4;Actual;Actual;Estimated;2022;36880.222561;89835.190781
NTURG;NATURA;BRNTCOACNOR5;Not available;35543;77200;2702052;4;2;4;Estimated;Estimated;Estimated;2022;2984.637029839;3956.003109712
PULIG;LIVERPOOL;MXP369181377;4469000001BO4JEXZL32;43090;152495;2862097;1;2;4;Actual;Actual;Estimated;2022;2082.384806293;6366.466047895
LBIRK;L BRANDS INC;US0708301041;GR3KVMWVCR54YWQNXU90;18374;78400;2690268;1;1;4;Actual;Actual;Estimated;2022;5669.197429;-2065.187565
UTCGG;UNITED TECHNOLOGIES CORPORATION (UTC);US75513E1010;I07WOS4YJ0N7YRFE7309;506700;936100;29357536;1;1;4;Actual;Actual;Estimated;2022;31709.292608;69508.312902
GRIFL;GRIFOLS;ES0171996087;959800HSSNXWRKBK4N60;95242;105068;1429990;1;1;4;Actual;Actual;Estimated;2022;10750.702;8457.544
BEIEG;BEIERSDORF;DE0005200000;L47NHHI0Z9X22DV46U41;39497;59495;2005256;1;1;4;Actual;Actual;Estimated;2022;241;7805
HHWWG;CK HUTCHISON HOLDINGS;KYG217651051;254900Z8HM1VEPOQ2G79;572250;1679617;11058408;4;2;4;Estimated;Estimated;Estimated;2022;42532.326915;77703.619669
5EVER;EVERSOURCE ENERGY;US30040W1080;SJ7XXD41SQU3ZNWUJ746;171093;467253;28817897;1;2;4;Actual;Actual;Estimated;2022;21593.081370525;14637.757243704
J799G;GETLINK S.E., GR;FR0010533075;9695007ZEQ7M0OE74G82;37704;26882;304981;1;1;4;Actual;Actual;Estimated;2022;5637;2432
HYUDG;HYUNDAI;KR7005380001;9884004RQX8PRBXQ8S60;704726;1853812;107464052;1;1;4;Actual;Actual;Estimated;2022;84026.4411896;67413.42259925
ROTOG;ROTORK;GB00BVFNZH21;213800AH5RZIHGWRJ718;3132;4122;432493;1;1;4;Actual;Actual;Estimated;2022;9.964799;665.26761925
NOKIG;NOKIA;FI0009000681;549300A0JPRWG1KI7U06;124040;354752;39850005;4;1;4;Actual;Actual;Estimated;2022;5618;21426
RENHG;RENAULT;FR0000131906;969500F7JLTX36OUI695;423071;415885;59071623;1;1;1;Actual;Actual;Actual;2022;64342;29690
FAIDT;CNH INDUSTRIAL;NL0010545661;549300WGC2HZ5J67V817;127139;125400;51938395;1;1;4;Actual;Actual;Estimated;2022;21845.095132;6533.672768
ABVIE;ABBVIE GROUP;US00287Y1091;FR5LCKFTG8054YNNRU85;342607;271055;8182420;1;1;1;Actual;Actual;Actual;2022;60487.985719;16190.883191
TERNA;TERNA;IT0003242622;8156009E94ED54DE7C31;76506;1739906;1744078;1;1;4;Actual;Actual;Estimated;2022;11062.2;6169.1
TINGG;INPOST;LU2290522684;2221003M23QLERR89585;6666;31878;655491;1;1;4;Actual;Actual;Estimated;2022;1430.1623635;100.118837
MIGUG;MIDEA GROUP;CNE100001QQ5;3003003TRPHLHZD2IF61;129400;1376477;170067321;2;2;4;Actual;Actual;Estimated;2022;9200.4748869;20626.086902332
BRTHG;BRITISH TELECOM;GB0030913577;213800LRO7NS5CYQMN21;180227;498302;3289169;2;2;1;Actual;Actual;Actual;2022;24748.47375;17250.064
BUPLP;THE BRITISH UNITED PROVIDENT ASSOCIATION (GR);Not available;549300T5K5C5DBHXMC67;47064;98446;47368;1;1;1;Actual;Actual;Actual;2022;2907.3395;8080.32875
CBREG;CBRE GROUP;US12504L1098;52990016II9MJ2OSWA10;48337;37218;65017538;1;1;4;Actual;Actual;Estimated;2022;3356.749312;8060.319358
NVARG;NOVARTIS;CH0012005267;5493007HIVTX6SY6XD66;343149;391454;7765880;1;1;4;Actual;Actual;Estimated;2022;26190.886652;55655.165839
IMPTB;IMPERIAL TOBACCO;GB0004544929;549300DFVPOB67JL3A42;83729;119509;762040;1;1;4;Actual;Actual;Estimated;2022;11605.67525;8427.67575
ADYEG;ADYEN;NL0012969182;724500973ODKK3IFQ447;10722;48273;295277;4;2;4;Estimated;Estimated;Estimated;2022;203.073;2416.056
FTEHG;ORANGE;FR0000133308;969500MCOONR8990S771;327578;1091793;6543000;1;1;1;Actual;Actual;Actual;2022;45490;34956
3YW4K;METROVACESA;ES0105122024;959800ZQW44V5U3SEZ73;8671;21932;105985;4;2;4;Estimated;Estimated;Estimated;2022;347.526;1805.55
SAA0G;SANOFI AVENTIS;FR0000120578;549300E9PC51EN656011;386375;319606;4470633;1;1;1;Actual;Actual;Actual;2022;21212;75152
CARPK;DIXONS CARPHONE PLC GROUP;GB00B4Y7R145;2138001E12GWLLDQQF16;17352;29865;20060432;1;1;4;Actual;Actual;Estimated;2022;1521.33475;2820.50275
TCOLG;TE CONNECTIVITY LTD.;CH0102993182;Not available;58013;466063;20212168;1;1;4;Actual;Actual;Estimated;2022;4345.79152;10206.053921
5AD5G;GRUPO ADECCO, GR;CH0012138605;NI14Y5UMU60O7JE9P611;30589;24373;2926430;1;1;4;Actual;Actual;Estimated;2022;3786;3893
ORGKK;ORGANON & CO;Not available;549300AMCKY57OK2CO56;30360;24479;1072530;2;2;4;Actual;Actual;Estimated;2022;8534.235416;-835.440956
TAKED;TAKEDA;JP3463000004;549300ZLMVP4X0OGR454;277000;291000;5166642;1;1;4;Actual;Actual;Estimated;2022;30849.94121573;40349.77369189
BEDIG;BECTON DICKINSON;US0758871091;ICE2EP6D98PQUILVRZ91;150535;442260;7057225;2;2;4;Actual;Actual;Estimated;2022;15516.536231;23678.944226
ASTZG;ASTRA ZENECA, GR;GB0009895292;PY6ZZQWO2IZFZC3IOL08;245117;195126;6388123;1;1;1;Actual;Actual;Actual;2022;29160.823055;34708.263394
AUPIG;AUTOSTRADE PER L ITALIA SPA;Not available;815600149448CEB9B230;56589;56064;1703911;1;1;4;Actual;Actual;Estimated;2022;11455.79;3469.462
5BYMG;BMW;DE0005190003;YEH5ZCD6E441RHVHD759;694057;1187339;120451103;1;1;4;Actual;Actual;Estimated;2022;94196;91288
BLDLP;LINEA DIRECTA ASEGURADORA SEGUROS Y REASEGUROS;ES0105546008;95980079E2NBJT967T79;1137;1961;32208;4;2;4;Estimated;Estimated;Estimated;2022;3.768;300.331
SIHOG;SIEMENS;DE0007236101;W38RGI023J3WT1HWRP32;393000;670000;458889588;1;1;4;Actual;Actual;Estimated;2022;50636;54805
AT&TG;AT&T;US00206R1023;549300Z40J86GGSTL398;917036;4962516;13125206;1;1;1;Actual;Actual;Actual;2022;148193.364018;99706.881001
GGCCC;CCC;PLCCC0000016;259400NWPQ2HCSMZP970;3858;53140;1018009;1;1;1;Actual;Actual;Actual;2022;919.1933907;124.3907171
FLURG;FLUOR;US3434121022;CQ7WZ4NOFWT7FAE6Q943;11050;27370;3056708;2;2;4;Actual;Actual;Estimated;2022;1218.507493;1869.439628
BDQ1G;BARRATT DEVELOPMENTS PLC, GR;GB0000811801;2138006R85VEOF5YNK29;23234;4802;3590790;1;1;1;Actual;Actual;Actual;2022;286.8996;6350.698575
GENOG;GENOMMA LAB INTERNACIONAL;MX01LA010006;Not available;2788;4583;50843;1;1;4;Actual;Actual;Estimated;2022;309.601767192;487.98295825
JYJGG;JOHNSON & JOHNSON;US4781601046;549300G0CFPGEF6X2043;384622;606096;18009958;1;1;1;Actual;Actual;Actual;2022;38158.672006;71934.088772
HAIEG;HAIER;CNE000000CG9;3003002BYTNGNJTWSH07;50766;285612;69286936;2;2;4;Actual;Actual;Estimated;2021;3338.09528338;11297.656120986
ALFAK;ALFA LAVAL, GR;SE0000695876;549300ZEHHN9SLH1F270;16004;62763;31545054;1;1;1;Actual;Actual;Actual;2022;1631.04426;3207.46884
0HX0G;TECNISA;BRTCSAACNOR3;Not available;735;1661;7886;4;2;4;Estimated;Estimated;Estimated;2022;114.791642038;110.093539846
SP2OG;SPECTRIS PLC;GB0003308607;213800Z4CO2CZO3M3T10;5523;17177;773113;1;1;4;Actual;Actual;Estimated;2022;73.5293;1620.463975
MELGG;MELROSE;GB00BNGDN821;213800RGNXXZY2M7TR85;33107;86298;31066604;2;2;4;Actual;Actual;Estimated;2022;2103.25375;8083.712
ARLCG;AIR LEASE CORPORATION;US00912X3026;5493004NW4M4P8TMMK63;75469;9837;46929950;4;2;4;Estimated;Estimated;Estimated;2022;17459.089118359;6224.937061259
MEGAG;MEGACABLE HOLDINGS;MX01ME090003;Not available;7847;88789;264222;4;2;4;Estimated;Estimated;Estimated;2022;735.880319784;1739.087100863
TAYWG;TAYLOR WIMPEY PLC, GR;GB0008782301;21380089BTRXTD8S3R66;15975;4279;2329879;1;1;4;Actual;Actual;Estimated;2022;130.255125;5077.243275
5SN1G;SONY;JP3435000009;529900R5WX9N2OI2N910;229589;1101882;20454000;1;1;1;Actual;Actual;Actual;2022;23844.62125981;51096.36546807
HCAPE;INCHCAPE;GB00B61TVQ02;213800RGEH1MPPNM2T57;17002;23865;4371218;2;2;4;Actual;Actual;Estimated;2022;3793.751;1767.18425
5SSCG;SAMSUNG C&T;KR7028260008;988400GFRE4IDFPE9E64;85655;99833;12699563;1;1;4;Actual;Actual;Estimated;2022;4685.37275232;23706.190621855
BEBMG;BRISTOL MYERS;US1101221083;Not available;202290;155056;1949933;1;1;4;Actual;Actual;Estimated;2022;38231.72626;29144.900974
02F0G;ZTE;CNE000000TK5;3003004FBGVVG1CW5U45;43083;476880;72092533;1;1;4;Actual;Actual;Estimated;2022;6356.354497296;8083.945213818
FANRG;FAMUR;PLFAMUR00012;259400Q26AYHUOTZL108;1450;7244;182285;4;2;4;Estimated;Estimated;Estimated;2022;134.274517;353.938234
MLLCG;MILLICOM;LU0038705702;549300CTHC1CP86P2G96;31942;163438;1582302;1;1;1;Actual;Actual;Actual;2022;7373.796689;3403.578962
BRLGG;BROOKFIELD RENEWABLE PARTNERS LP;BMG162581083;VA8DFMRI2GY8Y7V79H93;140035;47169;1688109;1;1;4;Actual;Actual;Estimated;2022;23797.891537;24619.283598
5I06G;DAIMLER;DE0007100000;529900R27DL06UVNT076;569000;1121000;124555031;1;1;4;Actual;Actual;Estimated;2022;111837;86540
JCDEG;JC DECAUX;FR0000077919;9695009KV7AFPDEI5S30;23300;171946;261007;1;1;4;Actual;Actual;Estimated;2022;6355.7;1799.5
SCHNG;SCHNEIDER;FR0000121972;969500A1YF1XUYYXS284;119617;395030;60952497;1;1;1;Actual;Actual;Actual;2022;16322;26094
CCAST;COMCAST CORPORATION;US20030N1019;51M0QTTNCGUN7KFCFZ59;496938;1480893;11579114;1;1;4;Actual;Actual;Estimated;2022;99995.351645;76836.216534
FXCOG;HON HAI PRECISION INDUSTRY;TW0002317005;30030004CM3GSZXX7O56;222295;6211576;30439062;1;1;4;Actual;Actual;Estimated;2022;29592.525657376;50142.472752404
CRONG;RIPLEY;CL0000001173;Not available;9504;29441;671048;4;2;4;Estimated;Estimated;Estimated;2022;2419.971523562;1113.260211133
MALUX;MAGAZINE LUIZA;BRMGLUACNOR2;Not available;9751;5650;225982;1;1;4;Actual;Actual;Estimated;2022;1911.926705089;1884.745536093
NETFG;NETFLIX, INC.;US64110L1061;549300Y7VHGU0I7CE873;88735;347543;2857860;4;2;4;Estimated;Estimated;Estimated;2022;15857.984321452;19459.968334793
BUKGK;BRITISH BROADCASTING CORPORATION;Not available;5493000IBP32UQZ0KL24;16743;32638;841522;1;2;1;Actual;Actual;Actual;2022;2818.24725;3850.1385
SBILP;STATE BANK OF INDIA GR (GR);INE062A01020;5493001JZ37UBBZF6L49;217272;742732;834265;1;1;4;Actual;Actual;Estimated;2022;50865.148294884;35858.079011601
LXIRG;LXI REIT PLC;GB00BYQ46T41;2138008YZGXOKAXQVI45;4379;11617;22905;4;2;4;Estimated;Estimated;Estimated;2022;285.0952;1466.864425
TPFMN;TELEPERFORMANCE;FR0000051807;9695004GI61FHFFNRG61;17512;124354;316195;1;1;4;Actual;Actual;Estimated;2022;3443;3670
5ERIG;ERICSSON;SE0000108656;549300W9JLPW15XIFM52;38402;141363;27626003;1;1;4;Actual;Actual;Estimated;2022;3794.81007;11975.36484
FFHSV;FAIRFAX FINANCIAL HOLDING LIMITED GR;CA3039011026;GLS7OQD0WOEDI8YAP031;64733;19046;1491530;4;4;4;Estimated;Estimated;Estimated;2021;7852.8080331;18820.6212339
CPIPG;CPIPG;LU0251710041;222100CO2ZOTEPGJO223;50638;111252;676077;1;1;4;Actual;Actual;Estimated;2022;11612.2;9263
ALTCG;ALEATICA;MX01AL1C0003;529900YI9E9NDAYEDU63;11152;69862;103781;4;2;4;Estimated;Estimated;Estimated;2022;2211.697286148;2550.548518741
EDRDK;EDENRED.;FR0010908533;9695006LOD5B2D7Y0N70;6279;2204;16464217;1;1;1;Actual;Actual;Actual;2022;3341;-613
5BTHG;BAT;GB0002875804;Not available;307708;356070;5243431;1;1;1;Actual;Actual;Actual;2022;49156.367;85381.9525
APFNG;AMPLIFON;IT0004056880;ZYXJDNVM2JI3VBM8G556;5745;10341;132164;1;1;4;Actual;Actual;Estimated;2022;1511.206;1040.35
0430G;UCB, GR;BE0003739530;2138008J191VLSGY5A09;26554;18128;871872;1;1;4;Actual;Actual;Estimated;2022;2900;9064
TLCMG;TELECOM ITALIA;IT0003497168;Not available;112989;399188;4998386;1;1;4;Actual;Actual;Estimated;2022;32245;18725
5VDFG;VODAFONE;GB00BH4HKS39;213800TB53ELEUKM7Q61;281446;2084564;10073786;1;1;4;Actual;Actual;Estimated;2022;72258;57073
GAUTG;ATLANTIA;IT0003506190;8156008DEC771409C487;115186;74501;1004740;1;1;1;Actual;Actual;Actual;2021;37098;16070
LUXOG;ESSILORLUXOTTICA;FR0000121667;549300M3VH1A3ER1TB49;108453;704804;2747300;1;1;4;Actual;Actual;Estimated;2022;12204;38147
5TI1G; ;CLP371151059;529900N4SUIP0URJT330;10101;17535548;306765;1;2;4;Actual;Actual;Estimated;2022;3112.664051224;1709.765266549
DNHGR;DANAHER CORPORATION;US2358511028;S4BKK9OTCEWQ3YHPFM11;138390;209459;5113049;2;2;4;Actual;Actual;Estimated;2022;19308.801288;46913.94337
ITBAG;BASIC FIT;NL0011872650;724500HUXGTQC07CAZ61;5318;11371;495410;4;2;4;Estimated;Estimated;Estimated;2022;2218.65;405.395
LBRTG;LIBERTY LATIN AMERICA;BMG9001E1021;213800YWQHEAX7CAVO83;20598;176155;208235;1;1;4;Actual;Actual;Estimated;2022;7892.0135959;2394.5873231
LOJA3;LOJAS RENNER;BRLRENACNOR1;Not available;5334;8868;466650;1;1;4;Actual;Actual;Estimated;2022;940.768238005;1785.419542395
LOCCT;L OCCITANE;LU0501835309;549300TLZP9DZV3ROI47;4085;17322;587480;1;1;4;Actual;Actual;Estimated;2021;816.897;1271.537
5FPRG;VOCENTO;ES0114820113;95980020140005692525;633;3306;20676;4;2;4;Estimated;Estimated;Estimated;2022;56.497;268.144
DXCTG;DXC TECHNOLOGY COMPANY;US23355L1061;549300DOVZ3EDJB7O259;20999;350093;1096701;1;1;4;Actual;Actual;Estimated;2022;5776.905624;5034.187375
5SAWK;GRUPO SAP AG;DE0007164600;529900D6BF99LW9R2E68;107546;175272;10405179;1;1;1;Actual;Actual;Actual;2022;13085;42848
IMCDG;IMCD N.V.;NL0010801007;724500NSJPNFJPDAUP02;5589;6273;2353113;1;1;4;Actual;Actual;Estimated;2022;1248.931;1673.416
TATGK;TALK TALK TELECOM;GB00B4YCDF59;213800WF53FVDRRHRF44;3102;5191;258614;2;2;1;Actual;Actual;Actual;2021;1197.55246;441.64211
NIKIG;NIKE,GR;US6541061031;787RXPR0UX0O0XUXPZ81;42720;251578;16544575;1;1;1;Actual;Actual;Actual;2021;11313.404919;11272.788621
CCWVK;CVS HEALTH CORPORATION.;US1266501006;549300EJG376EN5NQE29;250022;795681;14258938;1;1;4;Actual;Actual;Estimated;2022;66247.096076;67218.343017
0QX0G;KEPPEL CORP;SG1U68934629;254900SQ7IPDOY6IDW33;29420;117983;1230181;1;1;4;Actual;Actual;Estimated;2022;7466.38197557;8320.9318897
REESG;RED ELECTRICA;ES0173093024;5493009HMD0C90GUV498;20542;730220;465821;1;1;1;Actual;Actual;Actual;2022;6238.927;4894.276
VFGRG;VF CORPORATION;US9182041080;CWAJJ9DJ5Z7P057HV541;17791;45718;5351370;1;1;1;Actual;Actual;Actual;2022;6367.409715233;3306.505780515
METNC;MEDTRONIC PLC;IE00BTN1Y115;D56MRZY2INAN94ZONZ37;131601;125156;4739994;1;2;4;Actual;Actual;Estimated;2022;22585.003602;49379.056146
MOTSG;MOTOROLA SOLUTIONS;US6200763075;6S552MUG6KGJVEBSEC55;11362;60256;2340088;1;1;4;Actual;Actual;Estimated;2022;6135.620743;122.693683
EIJLP;PT. BANK MANDIRI (PERSERO), GR (GR);ID1000095003;549300RSKQN4Z5ZSGH94;42698;260082;138077;1;1;4;Actual;Actual;Estimated;2022;8483.264088138;15175.918982802
HA0EG;HALEON PLC;Not available;549300PSB3WWEODCUP19;54933;136560;1757865;1;1;4;Actual;Actual;Estimated;2022;11971.06625;18559.38175
TKSEG;RCS MEDIAGROUP;IT0004931496;815600D87CFDAE412862;1065;12732;43254;4;2;4;Estimated;Estimated;Estimated;2022;199.6;392.4
5H46G;DELL;US24703L2025;549300TJB5YBRUPOG437;45800;330564;33672746;1;1;4;Actual;Actual;Estimated;2022;28640.077347;-2833.193825
XGSTG;XINJIANG GOLDWIND SCIENCE & TECHNOLOGY (GOLDWIND);CNE1000008S5;3003008X6GR2ZPYM2V54;18746;184984;4405837;1;1;1;Actual;Actual;Actual;2022;5183.995331035;5477.654969261
5TCRG;TELECOM ARGENTINA;ARP9028N1016;Not available;37877;168781;1106387;1;1;4;Actual;Actual;Estimated;2022;8213.48851375;13379.86350025
MRVEN;MRV ENGENHARIA;BRMRVEACNOR2;Not available;4449;1265;857273;1;1;4;Actual;Actual;Estimated;2022;1395.3420148;1163.606495844
COCGG;COMPUTACENTER;GB00BV9FP302;549300XSXUZ1I19DB105;1979;9278;1414675;1;1;4;Actual;Actual;Estimated;2022;166.0048;983.398
BRCMG;BROADCOM LIMITED;US11135F1012;549300WV6GIDOZJTV909;98358;181474;26774396;2;2;4;Actual;Actual;Estimated;2022;37443.114954;21269.090437
TELEG;TELEFONICA;ES0178430E18;549300EEJH4FEPDBBR25;131809;1002189;2962599;1;1;4;Actual;Actual;Estimated;2022;47756;31708
ZONGG;NOS SGPS;PTZON0AM0006;5493004DM8FGIY6QKF37;4421;43809;434601;1;1;1;Actual;Actual;Actual;2022;1637.634;1052.343
LGARG;LAGARDERE;FR0000130213;969500VX2NV2AQQ65G45;8969;66730;1263955;1;1;4;Actual;Actual;Estimated;2022;4589;1030
ASOSK;ASOS;GB0030927254;213800H8DBB8JSKDW630;3351;11497;1838604;1;1;4;Actual;Actual;Estimated;2022;965.354;1144.553475
ADGGG;ADO;LU1250154413;391200OYYFJ3DWAMEC69;12352;72411;194110;4;2;4;Estimated;Estimated;Estimated;2022;6017.985;1913.063
728QK;EQUINIX;US29444U7000;549300EVUN2BTLJ3GT74;40293;2405226;1192893;1;1;4;Actual;Actual;Estimated;2022;15425.268989522;10776.281710376
PUMAJ;PUMA SE;DE0006969603;529900GRZ2BQY5ZM9N49;6206;35528;2231962;1;1;4;Actual;Actual;Estimated;2022;1557.9;2538.8
CIELO;CIELO SA;BRCIELACNOR3;635400V276LMQ5UZ6C26;7405;116;28261;1;1;4;Actual;Actual;Estimated;2022;1175.777065503;3738.519421102
ITAWG;ITAUSA;BRITSAACNPR7;Not available;22925;18335;62015;1;1;4;Actual;Actual;Estimated;2022;2239.669422;13546.159255
CYFRG;CYFROWY POLSAT;PLCFRPT00013;259400EM1ITR201TTX36;8198;55639;182786;4;2;4;Estimated;Estimated;Estimated;2022;2293.4258282;3375.1789084
ZALAJ;ZALANDO SE;DE000ZAL1111;529900YRFFGH5AXU4S86;5512;67716;5875258;1;1;1;Actual;Actual;Actual;2022;1716.7;2199.2
VIAVG;VIA VAREJO;BRVIIAACNOR7;984500F4BB82D0AB8237;5175;6444;2007647;1;1;4;Actual;Actual;Estimated;2022;2750.47122;935.231012
J3MLP;INTERNATIONAL PERSONAL FINANCE PLC, GR (GR);GB00B1YKG049;213800II1O44IRKUZB59;1601;3699;15068;4;2;4;Estimated;Estimated;Estimated;2022;643.04305;502.0743
HERMG;HERMES INTERNATIONAL, GR;FR0000052292;969500Y4IJGHJE2MTJ13;19866;37342;609610;1;1;1;Actual;Actual;Actual;2022;1934;12456
AENAK;AENA;ES0105046009;959800R7QMXKF0NFMT29;19976;164604;3563571;1;1;4;Actual;Actual;Estimated;2022;7829.623;6642.475
PITLP;POSTE ITALIANE S.P.A., GR. (GR);IT0003796171;815600354DEDBD0BA991;152703;139206;11693075;1;1;4;Actual;Actual;Estimated;2022;103576;7878
SONDG;SONDA;CL0000001934;Not available;1280;9880;61988;4;2;4;Estimated;Estimated;Estimated;2022;358.670335777;578.952068405
JSFPK;JD SPORTS;GB00BM8Q5M07;213800HROV6Y9MUU8375;7741;74076;5603368;1;1;4;Actual;Actual;Estimated;2022;2765.6941;2969.81685
09X0G;TOTVS;BRTOTSACNOR8;Not available;1515;585;33223;2;2;4;Actual;Actual;Estimated;2022;311.426617206;811.486179057
5HMHG;HAMMERSON PLC, GR;GB00BK7YQK64;213800G1C9KKVVDN1A60;6357;15958;34081;4;2;4;Estimated;Estimated;Estimated;2022;1955.631275;2916.8126
ATOSG;ATOS;FR0000051732;5493001EZOOA66PTBR68;12585;12871;637643;4;2;4;Estimated;Estimated;Estimated;2022;5875;3800
MUNLP;MUNICH RE GR (GR);DE0008430026;Not available;43664;41770;588269;1;1;4;Actual;Actual;Estimated;2022;6451;27245
AEIMK;ARROW ELECTRONICS, INC.;US0427351004;549300YNNLBXT8N8R512;11675;28437;15982160;2;2;4;Actual;Actual;Estimated;2022;3811.33409048;5255.553940329
AVNEG;AVNET, INC.;US0538071038;XJI53DCPL7QABOWK4Z75;7233;22449;9647314;2;2;4;Actual;Actual;Estimated;2022;1747.466185017;3926.90966668
TPSTY;TAPESTRY;US8760301072;549300LJNVY5SW3VTN33;6600;41674;444729;1;1;1;Actual;Actual;Actual;2022;3057.8824857;2140.5833015
11OMA;OMA;MX01OM000018;529900HUSBARAFSXJ605;1124;1108;103273;2;2;4;Actual;Actual;Estimated;2022;506.715736011;411.180376686
TEKQG;TD SYNNNEX;US87162W1009;5493004HI6PFLF46NS53;14254;38914;19138985;1;1;1;Actual;Actual;Actual;2022;4239.6755331;7516.632741058
CAIGG;CA IMMO;AT0000641352;5299003ICAPV07J0R180;7373;30889;115009;2;2;4;Actual;Actual;Estimated;2022;2822.543;3358.523
AUREN;AUREN;BRAUREACNOR9;Not available;4423;31;63831;1;1;4;Actual;Actual;Estimated;2022;1039.749095353;2699.688034454
1210G;BR PROPERTIES, GR;BRBRPRACNOR9;5299006YP26ETK0IV586;892;2024;22979;4;2;4;Estimated;Estimated;Estimated;2022;0.480005016;781.605158839
ILIAD;ILIAD;FR0004035913;9695009PXA7OI9NXN582;24093;320392;986403;1;1;1;Actual;Actual;Actual;2022;15922;5212
ISTPF;ALANTRA (FFEE NO BIS);Not available;Not available;491;1150;4407;4;2;4;Estimated;Estimated;Estimated;2022;46.392;386.108
IBMHG;IBM;US4592001014;Not available;79000;330000;1722946;1;1;4;Actual;Actual;Estimated;2022;50588.197709;20624.714453
5WPPG;WPP GROUP;JE00B8KF9B49;549300LSGBXPYHXGDT93;14105;50867;4599344;4;1;1;Actual;Actual;Actual;2022;8098.82385;4691.8911
WHSMG;WH SMITH;GB00B2PDGW16;2138001KJNGUJ34G7X91;1609;18625;356880;1;1;4;Actual;Actual;Estimated;2022;1128.87775;350.73025
5VRZG;VERIZON COMMUNICATIONS ,GR;US92343V1044;2S72QS2UO2OESLG6Y829;273904;3498643;19431026;1;1;4;Actual;Actual;Estimated;2022;168833.063959;86600.198559
HWPLC;HEWLETT PACKARD ENTERPRISE CO.;US42824C1099;549300BX44RGX6ANDV88;33362;272054;9687942;1;1;4;Actual;Actual;Estimated;2022;12795.733566;18646.630037
9ALZG;ALLIANZ SE;DE0008404005;529900K9B0N5BT694847;95953;113620;1442325;4;2;4;Estimated;Estimated;Estimated;2022;32238;58735
PIHLG;PHILIPS;NL0000009538;H1FJE8H61JGM1JSGM897;22439;167486;6451980;1;1;4;Actual;Actual;Estimated;2022;8201;13283
GCPYG;GRAND CITY PROPERTIES;Not available;Not available;9793;16569;119970;4;2;4;Estimated;Estimated;Estimated;2022;3992.807;5914.155
KECLP;KENYA COMMERCIAL BANK (GR);KE0000000315;Not available;1981;2927;18641;4;2;4;Estimated;Estimated;Estimated;2022;525.76743855;1560.86711745
FINET;FIBERHOME TELECOMMUNICATION TECHNOLOGIES CO., LTD.;CNE0000018P2;Not available;2480;49798;4626841;1;1;4;Actual;Actual;Estimated;2022;824.503677401;1835.721551974
GTLVG;TELEVISA;MXP4987V1378;549300O4AF0C816ILN62;11328;155129;363413;1;1;4;Actual;Actual;Estimated;2022;5460.685370847;6927.647122797
UGING;UNITEDHEALTH;US91324P1021;549300GHBMY8T5GXDE41;122356;383896;13788560;1;1;1;Actual;Actual;Actual;2022;53969.298439;80871.995771
ASSGG;ASSICURAZIONI GENERALI SPA GR;IT0000062072;549300X5UKJVE386ZB61;40789;62638;646918;1;1;4;Actual;Actual;Estimated;2022;16104;28973
SUNPG;SUNGROW POWER SUPPLY CO LTD;CNE1000018M7;30030052IWC7RGVFG505;3311;37816;3598768;1;1;4;Actual;Actual;Estimated;2022;1007.494834289;2679.779697861
PWKLP;POWSZECHNA KASA OSZCZEDNOSCI BANK, GR (GR);PLPKO0000016;P4GTT6GF1W40CVIMFR43;14716;80416;64043;2;2;4;Actual;Actual;Estimated;2022;8952.417201;7622.480411
1700G;DEUTSCHE TELEKOM, GR;DE0005557508;549300V9QSIG4WX4GJ96;212044;4232913;12286924;1;1;1;Actual;Actual;Actual;2022;151822;87320
AKBLP;AKBANK T.A.S.,GR (GR);TRAAKBNK91N6;789000TUMN63Z28TJ497;15249;45474;32140;1;1;4;Actual;Actual;Estimated;2022;9816.319972651;7688.065957022
ANTFE;ANTIN INFRASTRUCTURE PARTNERS (FFEE NO BIS);FR0014005AL0;2138004PVNAV1E9SZP35;453;266;4259;4;2;4;Estimated;Estimated;Estimated;2022;57.841;473.453
ISBLP;TURKIYE IS BANKASI A.S.-ISBANK, GR (GR);TRAISCTR91N2;789000FIRX9MDN0KTM91;22119;57944;19118936;1;1;1;Actual;Actual;Actual;2022;15595.614155518;10513.263316266
GGELP;GRUPO GENTERA;MX01GE0E0004;Not available;2153;9912;29467;4;2;4;Estimated;Estimated;Estimated;2022;1320.3057257;1226.2419336
9MFFG;MAPFRE SA GR;ES0124244E34;95980020140005693107;9939;26743;3498368;1;1;4;Actual;Actual;Estimated;2022;3251.8;8869.7
GREEG;GREE;JP3274070006;5299003NKP8638R7J253;574;5526;39619;4;2;4;Estimated;Estimated;Estimated;2022;56.79544;645.53697104
5SOSC;DEOLEO;ES0110047919;95980020140005319366;548;74;772475;2;2;4;Actual;Actual;Estimated;2022;166.261;505.126
TIINC;DISCOVERY INC;Not available;Not available;77295;204804;2714065;2;2;4;Actual;Actual;Estimated;2022;49266.664986;45581.171531
0340G;KERING.;FR0000121485;549300VGEJKB7SVUZR78;21660;98360;2813225;1;1;1;Actual;Actual;Actual;2022;11874;14783
5IDRG;INDRA;ES0118594417;95980020140005308793;1681;7211;378127;1;1;1;Actual;Actual;Actual;2022;1065.99;1004.581
0QD0G;JEREISSATI;BRIGTIACNOR8;Not available;1033;8713;31012;2;2;4;Actual;Actual;Estimated;2022;548.849806217;727.032022184
BMCLP;BANCO MACRO GRUPO, GR (GR);ARBANS010010;579100KKDKKIFEBKK040;7794;27186;71975;4;2;4;Estimated;Estimated;Estimated;2022;1305.17035144;8438.977214938
YAKLP;YAPI VE KREDI BANKASI A.S., GR (GR);TRAYKBNK91N6;B85ZYWEZ5IZCZ2WNIO12;14554;35862;6079231;1;1;4;Actual;Actual;Estimated;2022;11966.870429466;6319.485804113
BFTLP;BANK FOR FOREIGN TRADE OF VIETNAM GR (GR);VN000000VCB4;2549004TS5QUBFGAWE51;5012;26326;61586;4;2;4;Estimated;Estimated;Estimated;2022;1060.786385756;5375.301668729
WTPPG;WILLIS TOWERS WATSON PLC;IE00BDB6Q211;549300WHC56FF48KL350;11354;26287;373344;2;2;4;Actual;Actual;Estimated;2022;5135.339419;9453.033149
IZANT;COGNIZANT;US1924461023;5493006IEVQEFQO40L83;9999;101402;972929;1;1;1;Actual;Actual;Actual;2022;1448.909371;11528.523237
7AILP;IRB BRASIL RE. (GR);BRIRBRACNOR4;21380017DVWSU9AEU878;710;1478;15327;4;2;4;Estimated;Estimated;Estimated;2022;164.474108117;768.408914745
5H26G;CISCO SYSTEMS;US17275R1023;549300LKFJ962MZ46593;34931;564012;16167846;1;1;4;Actual;Actual;Estimated;2022;9900.724603;37251.113389
BLCGG;BRITISH LAND COMPANY;GB0001367019;RV5B68J2GV3QGMRPW209;8025;11739;1150557;1;1;4;Actual;Actual;Estimated;2022;3206.19325;7632.612
04D0G;LVMH;FR0000121014;IOG4E947OATN0KJYSD45;67393;392766;6412563;1;1;4;Actual;Actual;Estimated;2022;35646;56604
KOTLP;KOTAK MAHINDRA BANK (GR);INE237A01028;335800E6GTTXKHXE2I75;12214;80482;85279;1;1;4;Actual;Actual;Estimated;2022;6243.545130669;10998.14438184
INVOG;INVERSIONES CENTENARIO;PEP728001004;Not available;680;3002;20180;4;2;4;Estimated;Estimated;Estimated;2022;321.677978022;654.486400458
ACIKK;ACI Worldwide, Inc.;US0044981019;5493003BPVMZUJ6F5C02;1482;12541;61500;4;2;4;Estimated;Estimated;Estimated;2022;1084.410790225;1117.530591891
SPGLT;SIMON PROPERTY GROUP INC;US8288061091;529900GQL5X8H7AO3T64;18403;177642;1178647;1;1;4;Actual;Actual;Estimated;2022;23844.008439727;3581.429543363
BPOLZ;BANK POLSKA KASA OPIEKI (BANK PEKAO), GR (GR);PLPEKAO00016;5493000LKS7B3UTF7H35;8687;38762;8141;1;1;4;Actual;Actual;Estimated;2022;8151.039559;4861.847575
BRILP;BANK RAKYAT INDONESIA (PERSERO) TBK (GR);ID1000118201;254900HB6S4B12GBNP64;18066;158817;189040;4;2;4;Estimated;Estimated;Estimated;2022;9640.407097459;18253.263475266
SCXMG;SWISSCOM AG;CH0008742519;5493005SL9HHOXS3B739;12305;46439;262658;1;1;1;Actual;Actual;Actual;2022;8010.40903;11308.51501
ACREE;APOLLO COMMERCIAL REAL ESTATE FINANCE GROUP;Not available;Not available;5419;24512;28342;4;2;4;Estimated;Estimated;Estimated;2022;6528.303280331;2205.211964872
PQXGK;CARLYLE (FFEE NO BIS);US14316J1088;529900NGGVF94UK6PG95;8901;46909;75450;4;2;4;Estimated;Estimated;Estimated;2022;8129.4399214;6388.7818309
MICRK;MICROSOFT;US5949181045;INR2EJN1ERAN0W5ZP974;139413;6381250;12121000;1;1;1;Actual;Actual;Actual;2022;73428.8912;155982.071406
LOR0G;L OREAL;FR0000120321;529900JI1GG6F7RKVI53;19733;146243;11245442;1;1;1;Actual;Actual;Actual;2022;5650.9;27186.5
0M20G;VIVENDI, GR;FR0000127771;969500FU4DRAEVJW7U54;13095;25385;1681104;1;1;1;Actual;Actual;Actual;2022;4428;17604
ICILP;ICICI BANK LIMITED GR (GR);INE090A01021;R7RX8ER1V4666J8D1I38;23815;125950;350855;1;1;4;Actual;Actual;Estimated;2022;19580.065264683;21283.498372752
FESLP;M&T BANK GROUP;US55261F1049;549300WYXDDBYRASEG81;18924;40426;176919;1;1;4;Actual;Actual;Estimated;2022;8976.307312;23712.661574
C00LP;QBE INSURANCE GROUP;AU000000QBE9;549300D2FBW76FPUSG65;6448;11003;108635;1;1;4;Actual;Actual;Estimated;2022;2851.925685;8295.404201
SBSAG;STANDARD BANK GROUP LTD, GR;ZAE000109815;2549003PEZXUT7MDBU41;12083;137644;209220;1;1;4;Actual;Actual;Estimated;2022;6645.1007532;14255.8023932
6TMEK;GVC HOLDINGS PLC;IM00B5VQMV65;213800GNI3K45LQR8L28;4414;26846;788525;1;1;4;Actual;Actual;Estimated;2022;3917.916275;3740.29565
LEDEG;BLAQUIER;ARP624571096;PBE06UMJ3YQ19JJS6K07;311;157;11339;4;2;4;Estimated;Estimated;Estimated;2022;151.948461447;388.520614476
BDGLP;BANCO DE GUAYAQUIL, GR;EC0C31010012;5493009PK9GPDCGTV888;682;1094;2690;1;1;4;Actual;Actual;Estimated;2022;552.942965561;637.571635855
ARBLZ;AL RAJHI BANK (GR);SA0007879113;558600BQZS4Y1DTU8589;14195;98193;128795;4;2;4;Estimated;Estimated;Estimated;2022;419.827926102;24978.68457291
BROOG;BROOKFIELD ASSET MANAGEMENT;CA11271J1075;C6J3FGIWG6MBDGTE8F80;191281;650186;1754176;4;2;4;Estimated;Estimated;Estimated;2022;211345.956822;132894.117363
H0NWT;HANWHA CORPORATION;KR7000880005;988400JE9FIHQS7TX614;20368;43895;27929579;1;1;4;Actual;Actual;Estimated;2022;12142.84039605;24604.9121682
AGSLP;AGEAS SA NV, GR (GR);BE0974264930;5493005DJBML6LY3RV36;7738;3220;81921;2;2;4;Actual;Actual;Estimated;2022;6248;7936
IDBKG;ISRAEL DISCOUNT BANK LIMITED;IL0006912120;549300XWZ7BG5G23OF51;7499;36520;68506;4;2;4;Estimated;Estimated;Estimated;2022;7090.949152;6777.581126
BPILZ;BANCO DEL PICHINCHA CA GR (GR);EC0051010015;549300CO09CR3FNOZ392;1781;2280;17406;4;1;4;Actual;Actual;Estimated;2022;1704.386653389;1592.772865579
ABZAG;ABSA GROUP LIMITED;ZAE000255915;2138006IPPRD4N6XLT30;15885;138157;8447775;1;1;4;Actual;Actual;Estimated;2022;21068.1513438;8433.2301472
PLYTG;PLAYTECH PLC;IM00B7S9G985;21380068TTB6Z9ZEU548;1237;5733;109100;1;1;1;Actual;Actual;Actual;2022;633.4;1702.5
BNILP;PT BANK NEGARA INDONESIA, GR (GR);ID1000096605;549300HZ8J3MLVXQ8F85;6239;53821;63608;4;2;4;Estimated;Estimated;Estimated;2022;3399.49207097;8434.753998205
31VLP;POSTAL SAVINGS BANK OF CHINA (GR);CNE1000029W3;300300C1040311005298;85012;586952;1054196;4;2;4;Estimated;Estimated;Estimated;2022;49607.131442;112117.463524
VAKLP;TURKIYE VAKIFLAR BANKASI TAO, GR (GR);TREVKFB00019;789000KAIHOLSQKQ9858;12825;28529;116410;1;1;4;Actual;Actual;Estimated;2022;18984.893138248;5438.617866985
CSHAG;COMPUTERSHARE;AU000000CPU5;Not available;2392;15959;95688;2;2;1;Actual;Actual;Actual;2022;2656.20584579;2022.484543758
GPEGG;GREAT PORTLAND ESTATES GROUP;GB00BF5H9P87;213800JMEDD2Q4N1MC42;1556;2221;29040;1;2;4;Actual;Actual;Estimated;2022;665.034175;2382.822975
SIALP;SIAM COMMERCIAL BANK, GR (GR);Not available;Not available;7588;11154;1053931;1;1;1;Actual;Actual;Actual;2021;3298.075963491;11760.61925236
5TV5G;TELECINCO;ES0152503035;95980020140005021479;673;3812;82377;1;1;1;Actual;Actual;Actual;2022;37.735;1304.533
GAORG;INDITEX;ES0148396007;549300TTCXZOGZM2EY83;11232;451430;17978950;1;1;4;Actual;Actual;Estimated;2022;5454;17033
KLEPI;KLEPIERRE;FR0000121964;969500PB4U31KEFHZ621;9113;58550;1327779;1;1;1;Actual;Actual;Actual;2022;7975.1;10459
BURBG;BURBERRY;GB0031743007;213800PE1KEFCNFR1R50;1667;17692;456982;1;1;1;Actual;Actual;Actual;2022;1579.97775;1823.57175
TFBLP;KASIKORBANK, GR (GR);TH0016010009;5493004COSQ54937AW41;11232;70170;10254630;1;1;4;Actual;Actual;Estimated;2022;7576.908225617;15370.34781091
TBGHG;THE BERKELEY GROUP HOLDINGS;GB00BLJNXL82;2138009OQSSLVVHQAL78;1974;5858;1148374;1;1;1;Actual;Actual;Actual;2021;360.932312;3780.027914
5A03G;LAND SECURITIES GROUP PLC;GB00BYW0PQ60;213800V8IAVKS37D6B88;6682;16798;221178;1;1;4;Actual;Actual;Estimated;2022;5134.64575;9011.85025
FCNCG;FIRST CITIZENS;US31946M1036;549300N3Z00ZHE2XC526;8020;33384;75902;4;2;4;Estimated;Estimated;Estimated;2022;7940.435454;9049.361566
CPGMG;GRUPO CAP GEMINI;FR0000125338;96950077L0TN7BAROX36;8154;79228;788649;1;1;4;Actual;Actual;Estimated;2022;7550;9743
BIDLP;BANK FOR INVESTMENT AND DEVELOPMENT OF VIETNAM GR;VN000000BID9;254900FSO240QVE6NR86;3850;24467;47129;4;2;4;Estimated;Estimated;Estimated;2022;4060.528257588;4125.945645037
CAOLP;GRUPO CATALANA OCCIDENTE (GR);ES0116920333;959800H2P9S8MS95DT42;2431;4398;53801;4;2;4;Estimated;Estimated;Estimated;2022;316.852;4853.962
9ZULP;ZURICH INSURANCE GROUP AG, GR (GR);CH0011075394;529900QVNRBND50TXP03;19036;23709;33892;1;1;1;Actual;Actual;Actual;2022;15678.56682;25222.44949
MIZZP;MIZRAHI TEFAHOT BANK LIMITED GR (GR);IL0006954379;YZO9YEGEO4VYDZMDWF93;7857;39319;70777;4;2;4;Estimated;Estimated;Estimated;2022;10450.211828;6615.310756
AFGGR;AMERICAN FINANCIAL GROUP, INC., GR;US0259321042;549300AFOM7IVKIU1G39;2447;7245;53761;4;2;4;Estimated;Estimated;Estimated;2022;1544.441857;3795.074836
0S30G;PUBLICIS, GR;FR0000130577;2138004KW8BV57III342;7266;42898;266241;1;1;4;Actual;Actual;Estimated;2022;6561;9600
BTTLP;BANQUE DE TUNISIE, GR (GR);TN0002200053;254900MBTG0G2IX4ZV13;254;1210;2386;4;2;4;Estimated;Estimated;Estimated;2022;154.33138536;412.407249456
LIBEK;LIBERTY GLOBAL, GR;GB00B8W67662;549300BSGXG3QLIQYT84;16121;53226;667634;1;1;4;Actual;Actual;Estimated;2022;15256.9126514;21142.0884262
FIBLP;FIRST INTERNATIONAL BANK OF ISRAEL GR (GR);Not available;Not available;2169;10851;28800;4;2;4;Estimated;Estimated;Estimated;2022;1981.560633;2935.497595
REEDG;RELX;GB00B2B0DG97;549300EBL9L0JQ3SK247;5211;37270;406721;1;1;4;Actual;Actual;Estimated;2022;7589.7575;4233.5735
9AVIS;AVIVA PLC (ENT OP), GR;GB00BPQY8M80;YF0Y5B0IB8SM0ZFG9G81;8526;7837;7839294;1;1;4;Actual;Actual;Estimated;2022;8053.26275;11518.8385
EQELP;EASTERN BANK GROUP;US27627N1054;549300J245MBQU3DO403;1352;5636;17872;4;2;4;Estimated;Estimated;Estimated;2022;818.914772515;2315.06121147
UNIBG;UNIBAIL RODAMCO WESTFIELD, GR;FR0013326246;969500SHQITWXSIS7N89;21441;137766;3303885;1;1;4;Actual;Actual;Estimated;2022;27500.2;22948.3
AROUN;AROUNDTOWN SA;LU1673108939;529900H4DWG3KWMBMQ39;13534;28525;847942;4;1;4;Actual;Actual;Estimated;2022;14944.3;17823.4
8DSTK;DASSAULT SYSTEMES;FR0014003TT8;96950065LBWY0APQIM86;4476;22929;639736;1;1;4;Actual;Actual;Estimated;2022;3576.7;7324.9
GRCAG;GRUPO CARSO;MXP461181085;Not available;2497;2078;7165508;2;2;4;Actual;Estimated;Estimated;2021;1325.751099464;4927.112153224
MABLP;ATTIJARIWAFA BANK, GR (GR);MA0000012445;213800NKX83414QQZ664;4378;35447;41970;4;2;4;Estimated;Estimated;Estimated;2022;5533.295666926;5634.953383802
BCPBG;BANCO COMERCIAL PORTUGUES SA;PTBCP0AM0015;JU1U6S0DG9YLT7N8ZV32;4619;25606;9596773;1;1;4;Actual;Actual;Estimated;2022;5872.156;5936.767
ZNBLP;ZIONS BANCORP GROUP;US9897011071;8WH0EE09O9V05QJZ3V89;6076;25295;57448;4;2;4;Estimated;Estimated;Estimated;2022;10974.060181;4582.749549
RIYLP;RIYAD BANK GR (GR);SA0007879048;54930037RJ782ISGGM71;6575;45486;59191;4;2;4;Estimated;Estimated;Estimated;2022;3025.573234428;13999.859077874
CMBLP;CHINA MERCHANTS BANK, GR (GR);CNE000001B33;549300MKO5B60FFIHF58;86000;497145;763359;4;2;4;Estimated;Estimated;Estimated;2022;94945.91561;129553.076308
STJLP;ST. JAMES'S PLACE PLC. GR (GR);GB0007669376;Not available;649;1533;38061;2;2;4;Actual;Actual;Estimated;2022;316.2211;1434.27245
14Y0G;EXPERIAN GROUP, GR;GB00B19NLV48;635400RXXHHYT1JTSZ26;2813;18363;216196;4;1;4;Actual;Actual;Estimated;2022;3894.353694;3752.928151
NBSAG;NEDBANK GROUP;ZAE000004875;Not available;3902;99381;24942;1;2;1;Actual;Actual;Actual;2022;4283.4702964;6385.0592688
9KBLP;KBC GROUPE SA (GR);BE0003565737;213800X3Q9LSAKRUWY91;21596;35461;449786;1;1;4;Actual;Actual;Estimated;2022;37244;21819
DCBLP;RHB BANK BERHAD, GR (GR);MYL1066OO009;549300ZHRPSV7QIUJT80;3521;23877;33457;4;2;4;Estimated;Estimated;Estimated;2022;3738.58080704;6115.90735214
PMULP;PRINCIPAL;US74251V1026;CUMYEZJOAF02RYZ1JJ85;5076;28122;667613;1;1;1;Actual;Actual;Actual;2022;4591.3662046;9627.9887214
TALLP;TALANX (GR);DE000TLX1005;5299006ZIILJ6VJVSJ32;8318;15541;152568;1;1;4;Actual;Actual;Estimated;2022;9533;14332
LATLP;BANCO INTERNACIONAL DEL PERU - INTERBANK, GR (GR);PEP148001006;5493001TRCGXJLRLHN14;1768;3715;17682;4;2;4;Estimated;Estimated;Estimated;2022;3348.481314852;1739.89899936
CHBLP;CHUBB;CH0044328745;E0JAN6VLUDI1HITHT809;22405;37698;342783;1;1;4;Actual;Actual;Estimated;2022;17570.48468;47315.741767
GOOGL;ALPHABET INC;US02079K3059;5493006MHB84DD0ZWV18;91200;8045400;14775503;1;1;4;Actual;Actual;Estimated;2022;28076.248361;239902.677392
TMHLP;TOKIO MARINE HOLDINGS, INC (GR);JP3910660004;5299009QN2NZ191KLS29;13362;41516;395006;1;1;4;Actual;Actual;Estimated;2022;11755.58406607;28913.30190489
IBGHL;INTERACTIVE BROKERS;US45841N1072;5493004DT6DCDUZNDM53;6351;28587;55186;4;2;4;Estimated;Estimated;Estimated;2022;8537.981788;10878.527695
RBHLP;ROBINHOOD;US7707001027;213800FS5AO3YWIE6F63;2723;11337;25628;4;2;4;Estimated;Estimated;Estimated;2022;1856.327326;6514.940908
APPLG;APPLE;US0378331005;HWUPKR0MPOU8FGXBT394;55200;1065405;23453873;1;1;4;Actual;Actual;Estimated;2022;124079.84064;47459.040496
GAVAG;GRUPO AVAL, GR;COT29PA00025;549300BBUKBHWLSUZM17;6461;11678;60808;4;2;4;Estimated;Estimated;Estimated;2022;14269.969117044;5953.388365804
1USLP;US BANK;US9029733048;N1GZ7BBF3NP8GI976H15;38206;178466;414220;1;1;4;Actual;Actual;Estimated;2022;72298.423449;47983.532576
AHOK4;LPL FINANCIAL;US50212V1008;549300XROQ4Y8G2L7682;1509;6027;142322;2;2;4;Actual;Actual;Estimated;2022;2761.435815712;2030.114030336
VJSLP;VIETNAM JOINT STOCK COMMERCIAL BANK IND & TRADE (G;VN000000CTG7;213800LHW17DHRGTI512;3377;21483;42636;4;2;4;Estimated;Estimated;Estimated;2022;6538.384840254;4292.293663639
1BJLP;GRUPO FINANCIERO BANBAJIO;MX41BB000000;4469000001BD95FFLY16;1137;7062;40284;4;4;4;Estimated;Estimated;Estimated;2021;2026.56864;1638.27256
XIAOG;XIAOMI;KYG9830T1067;2549001ACVFAZRNMKL32;7123;78620;10075225;1;1;1;Actual;Actual;Actual;2022;3537.53654558;19539.85816396
PNCCG;PNC BANK CORPORATION GR;US6934751057;CFGNEKW0P8842LEUIA51;32100;170661;91144;1;1;4;Actual;Actual;Estimated;2022;61250.372421;42907.198516
ARNLP;ARAB NATIONAL BANK GR (GR);SA0007879105;213800CYWGYQVT1ZBQ57;3215;22239;29284;4;2;4;Estimated;Estimated;Estimated;2022;2384.140029002;8064.369423482
DEELP;ERSTE GROUP BANK AG, GR (GR);AT0000652011;PQOH26KWDF7CG10L6792;20707;44593;90718;1;1;4;Actual;Actual;Estimated;2022;42764;25305
CFCLP;AMEN BANK, GR (GR);TN0003400058;254900216QB7RNQPBT04;243;1160;2290;4;2;4;Estimated;Estimated;Estimated;2022;410.307657744;411.163146912
BOOHG;BOOKING HOLDINGS INC;US09857L1089;FXM8FAOHMYDIPD38UZ17;4396;504;293943;2;2;4;Actual;Actual;Estimated;2022;12377.076495;2605.601726
BBBLP;BANGKOK BANK PUBLIC COMPANY LIMITED GR (GR);TH0001010006;549300CCL2BKJGMYXV60;6094;32087;59297;4;2;4;Estimated;Estimated;Estimated;2022;7027.71057887;13745.778296684
SYSLP;SYDBANK A/S (GRUPO) GR (GR);DK0010311471;GP5DT10VX1QRQUKVBK64;1583;2228;14518;4;2;4;Estimated;Estimated;Estimated;2022;3643.222803;1880.039051
ICBLZ;INDUSTRIAL & COMERCIAL BANK OF CHINA GR (GR);CNE1000003G1;5493002ERZU2K9PZDL40;220215;1397272;2459919;4;2;4;Estimated;Estimated;Estimated;2022;309583.951416;477274.375954
BPELP;BANCA POPOLARE DELL' EMILIA ROMAGNA GR (GR);IT0000066123;N747OI7JINV7RUUH6190;11045;26145;3249665;1;1;4;Actual;Actual;Estimated;2022;31991.818;8120.529
STULP;SOCIETE TUNISIENNE DE BANQUE, GR (GR);TN0002600955;254900ZVFVXSGR01W972;322;1536;3031;4;2;4;Estimated;Estimated;Estimated;2022;765.972856464;410.222198784
L07LP;LEASEPLAN CORPORATION NV (GR);Not available;724500C60L930FVHS484;4980;10079;10466957;2;2;4;Actual;Actual;Estimated;2022;12764.097;5568.211
TSAGG;THE SAGE GROUP;GB00B8C3BL03;2138005RN5XYLTF8G138;798;3505;204590;1;1;4;Actual;Actual;Estimated;2022;1378.1105;1575.46675
SBBLP;SAUDI BRITISH BANK GR (GR);SA0007879089;558600TQS0WENZUC5190;4752;30520;515495;2;2;1;Actual;Actual;Actual;2022;4131.494419026;13616.873982126
PARFP;PARTNERS GROUP (FFEE NO BIS);CH0024608827;549300I3IVVWZWDHI788;962;1726;3887614;1;1;4;Actual;Actual;Estimated;2022;1161.018339;2446.044653
1CTLP;CITIZENS FINANCIAL GROUP;US1746101054;2138004JDDA4ZQUPFW65;10497;38355;111272;1;1;4;Actual;Actual;Estimated;2022;17668.826945;22187.88817
GFING;GF INBURSA GR;MXP370641013;Not available;3749;17263;35285;4;2;4;Estimated;Estimated;Estimated;2022;4881.9444557;9382.34656
AXILP;AXIS BANK, GR (GR);INE238A01034;549300HVNWMJPOFVNI41;9440;201193;183486;1;1;4;Actual;Actual;Estimated;2022;22612.8899304;13415.5063119
BPSLZ;BANCA POPOLARE DI SONDRIO SCARL GR (GR);IT0000784196;J48C8PCSJVUBR8KCW529;4368;5502;263020994;1;1;4;Actual;Actual;Estimated;2021;13413.339;3375.077
BW7LP;ADMIRAL GROUP PLC, GR (GR);GB00B02J6398;213800FGVM7Z9EJB2685;560;2487;694834;1;1;4;Actual;Actual;Estimated;2022;1158.8759;1000.31425
KUTLP;KUTXABANK (GR);Not available;549300U4LIZV0REEQQ46;2424;4109;22809;4;2;4;Estimated;Estimated;Estimated;2022;3170.298;6199.137
MBKLP;MALAYAN BANKING GR (GR);MYL1155OO000;5493004OT3TOY404V310;10111;90007;51682107;1;1;4;Actual;Actual;Estimated;2022;20732.6453015;18840.70172532
BBVMG;BANCO BILBAO VIZCAYA ARGENTARIA;ES0113211835;K8MS7FD7N5Z2WQ51AZ71;41395;199183;34849321;1;1;4;Actual;Actual;Estimated;2022;111884;50518
CGDPG;CAIXA GERAL DE DEPOSITOS;PTCGD0AM0002;TO822O0VT80V06K0FH57;3184;11955;5573500;1;1;4;Actual;Actual;Estimated;2022;3630.996;9482.66
CHCLP;CHANG HWA COMERCIAL BANK LTD GR (GR);TW0002801008;549300FHFNGCSKDTHT42;2075;15017;1075174;1;1;4;Actual;Actual;Estimated;2022;3448.777102982;5135.009651553
PCBLP;CHINA CONSTRUCTION BANK GR (GR);CNE1000002H1;5493001KQW6DM7KEDR62;195858;1251951;4155333;4;2;4;Estimated;Estimated;Estimated;2022;420951.30779;390496.142904
21FSK;MERLIN;ES0105025003;959800L8KD863DP30X04;2670;14540;133906;1;1;4;Actual;Actual;Estimated;2022;4249.292;6849.224
NP8FK;MASTERCARD INTERNATIONAL INCORPORATED;US57636Q1040;AR5L2ODV9HN37376R084;4769;51233;681187;1;1;4;Actual;Actual;Estimated;2022;13855.020249;5972.653561
DENTG;DENTSU GROUP INC;JP3551520004;5299007PBBE83ZLJZG91;2919;13396;357857;1;1;4;Actual;Actual;Estimated;2022;5371.34354484;6782.27716361
NEXIS;NEXI SPA;IT0005366767;5493000P70CQRQG8SN85;5257;9703;81560;1;1;4;Actual;Actual;Estimated;2022;9651.078;12257.133
BSFLP;BANQUE SAUDI FRANSI , GR (GR);SA0007879782;558600N07EDF4ATYR106;3556;24600;31443;4;2;4;Estimated;Estimated;Estimated;2022;5266.79585986;9656.34236845
ARGGG;BANCO GALICIA Y BUENOS AIRES HOLDING GR;ARP096691133;579100KKDHKDFFKKB072;2527;10110;4728697;1;1;4;Actual;Actual;Estimated;2022;2383.455009868;8264.886813277
9AEGG;AEGON NV GRUPO;NL0000303709;O4QK7KMMK83ITNTHUG69;4170;12828;10364745;2;2;4;Actual;Actual;Estimated;2022;6781;10934
QNBLP;QATAR NATIONAL BANK SA,GR (GR);QA0006929895;549300FFSRVBS0SQXY75;11915;67367;106813;1;1;4;Actual;Actual;Estimated;2022;23904.376896384;27090.29670612
AL9WG;ARCH CAPITAL GROUP LTD.;BMG0450A1053;Not available;3455;10228;73202;4;2;4;Estimated;Estimated;Estimated;2022;2694.578061;12101.718153
BACHG;GRUPO BANCO DE CHILE (LUKSIC);CLP0939W1081;8B4EZFY8IHJC44TT2K84;6179;26066;58152;4;2;4;Estimated;Estimated;Estimated;2022;21234.80073602;5973.87461319
COMZG;COMMERZBANK AG;DE000CBK1001;851WYGNLUQLFZBSYGB56;21613;61916;145597;4;1;4;Actual;Actual;Estimated;2022;65353;30933
MONTG;BANCA MONTE DEI PASCHI DI SIENA SPA;IT0005508921;J4CP7MHCXR8DAQMKIL78;6165;19321;196919;4;4;4;Estimated;Estimated;Estimated;2021;21661.707;6173.998
ERGKG;ERG;IT0001157020;8156004604684CA44A90;937;5300;117574;1;1;4;Actual;Actual;Estimated;2022;2298.288;2054.682
00E0G;INFORMA;GB00BMJ6DW54;5493006VM2LKUPSEDU20;2347;4063;475897;1;1;4;Actual;Actual;Estimated;2022;2683.255575;8420.119825
ABCLP;AGRICULTURAL BANK OF CHINA GR (GR);CNE100000Q43;549300E7TSGLCOVSY746;164327;1110996;2052286;4;2;4;Estimated;Estimated;Estimated;2022;433089.46702;363005.70016
PRUFG;PRUDENTIAL FINANCIAL INC.;US7443201022;5PRBRS5FEH7NREC8OR45;12722;29729;353877;1;1;1;Actual;Actual;Actual;2022;31952.806788;29895.111967
CYREX;CYRELA;BRCYREACNOR7;Not available;450;306;197912;2;2;4;Actual;Actual;Estimated;2022;882.321432552;1362.727691683
0UG0G;MULTIPLAN;US62548M1009;5493001DXJZWKKRPUT21;1229;5205;35320;4;2;4;Estimated;Estimated;Estimated;2022;4479.127709259;1677.009103406
ABKHG;ARAB BANKING CORPORATION, GR;BH0008794115;213800NCSKH968YFDB88;1771;14044;25635;4;2;4;Estimated;Estimated;Estimated;2022;4719.492127;4234.336953
4CMLP;CME GROUP;US12572Q1058;LCZ7XYGSLJUHFXXNXD88;5703;24144;158064;4;2;4;Estimated;Estimated;Estimated;2022;3697.4818454;25174.4022691
XIC0G;XP INVESTIMENTOS;KYG982391099;5493008KDA8NBZRJST80;3239;144;120848;2;2;4;Actual;Actual;Estimated;2022;13400.005161334;3016.35187453
AXAGG;AXA;FR0000120628;F5WCUMTUM4RKZ1MAIE39;23280;61136;685913;1;1;4;Actual;Actual;Estimated;2022;63658;55490
WFNAG;WELLS FARGO GROUP, GR;US9497461015;PBLD0EJDB5FWOLXP3B76;77476;593495;2152883;1;1;4;Actual;Actual;Estimated;2022;234660.566371;170659.420309
PEALP;PHOENIX GROUP HOLDINGS PLC (GR);GB00BGXQNP29;2138001P49OLAEU33T68;2684;4437;20908467;1;1;1;Actual;Actual;Actual;2022;9451.67275;4778.27675
BNTLP;BANQUE NATIONALE AGRICOLE, GR (GR);TN0003100609;254900JBCMJJIKQM1250;435;2077;11188;4;2;4;Estimated;Estimated;Estimated;2022;1682.35408224;644.637025632
BITEG;INTESA SAN PAOLO, GR;IT0000072618;2W8N8UU78PMDQKZENC08;59030;110075;24618642;1;1;4;Actual;Actual;Estimated;2022;258310;61269
IBSAG;INVESTEC LIMITED;GB00B17BBQ50;2138007Z3U5GWDN3MY22;2736;23570;5333086;1;1;4;Actual;Actual;Estimated;2022;8447.3324325;6473.009829
BMDLP;BANCA MEDIOLANUM SPA, GR (GR);IT0004776628;7LVZJ6XRIE7VNZ4UBX81;2266;2594;4042121;1;2;4;Actual;Actual;Estimated;2022;9718.569;2935.379
MTAFG;METLIFE INC;US59156R1086;C4BXATY60WC6XEOZDX54;12464;47108;420052;1;1;4;Actual;Actual;Estimated;2022;41526.660434;28214.864125
5XADG;AMADEUS, GR;ES0109067019;9598004A3FTY3TEHHN09;1600;11552;203237;1;2;4;Actual;Actual;Estimated;2022;4411.2;4585.5
CNPLG;ICON PLC;IE0005711209;6354008SRQGEMC4XFI67;2211;13573;1121058;1;1;4;Actual;Actual;Estimated;2022;4523.264654384;7959.132660059
NCSLP;SAUDI NATIONAL BANK (SNB) (GR);SA13L050IE10;Not available;8977;85427;318350;4;4;4;Estimated;Estimated;Estimated;2021;12402.166084998;38280.296601672
1BHLP;BANQUE DE L'HABITAT, GR (GR);TN0001900604;254900QDE22PUWBL1N07;323;1539;3035;4;2;4;Estimated;Estimated;Estimated;2022;1426.985318112;437.044917696
POPLP;BANCO BPM SPA (GR);IT0005218380;815600E4E6DCD2D25E30;11476;29681;96804;1;1;4;Actual;Actual;Estimated;2022;54153.285;13016.496
SDBLP;PING AN BANK CO. LTD. (GR);CNE000000040;549300W9MKNIVWXFM679;31608;177614;358583;4;2;4;Estimated;Estimated;Estimated;2022;135512.660644;59014.76488
BLLIG;BANK LEUMI LE-ISRAEL BM GR;IL0006046119;7JDSZWRGUQY2DSTWCR57;4475;30612;79689;1;1;4;Actual;Actual;Estimated;2022;14799.855795;13152.678531
BHALP;BANK HAPOALIM BM GR (GR);IL0006625771;B6ARUI4946ST4S7WOU88;4535;31425;31851;1;2;4;Actual;Estimated;Estimated;2022;16065.564681;12370.588551
CICZP;CHINA INTERNATIONAL CAPITAL CORP LTD (GR);CNE100002359;529900OS3SVVTT56QN67;8255;56928;75065;4;2;4;Estimated;Estimated;Estimated;2022;39142.645365876;13505.281553105
ORACL;ORACLE;US68389X1054;1Z4GXXU7ZHVWFCD8TV52;10237;787719;2408745;1;1;4;Actual;Actual;Estimated;2022;71049.008387;-5402.268424
BDELP;BANCO DO ESTADO DO RIO GRANDE DO SUL SA, GR (GR);BRBRSRACNPB4;254900W2BN097WLYIM20;728;1447;23669;1;1;4;Actual;Actual;Estimated;2022;3248.269873269;1685.027519858
BIRLP;BANK OF IRELAND GR (GR);IE00BD1RP616;635400C8EK6DRI12LJ39;3682;7102;86993;1;1;4;Actual;Actual;Estimated;2022;13555;11522
SIMPL;SCHRODERS PLC, GR;GB00BP9LHF23;2138001YYBULX5SZ2H24;789;3711;113622716;1;1;4;Actual;Actual;Estimated;2022;407.11775;5051.981675
BMONG;BANK OF MONTREAL;CA0636711016;NQQ6HPCNCCU6TUTQYE16;34083;54788;399217;1;1;4;Actual;Actual;Estimated;2022;188941.174506;49131.372598
RFBLP;RAIFFEISEN BANK INTERNATIONAL (GR);AT0000606306;9ZHRYM6F437SQJ6OUG95;6060;35111;56533;1;1;4;Actual;Actual;Estimated;2022;23623;18764
SECUG;GRUPO SECURITY CHILE;CLP6808Q1068;Not available;1173;5006;11029;4;2;4;Estimated;Estimated;Estimated;2022;7240.310540599;1041.389927498
CIHGR;CREDIT IMMOBILIER ET HOTELIER (GR);MA0000011454;549300DBX71GUJPS1965;529;4293;4976;4;2;4;Estimated;Estimated;Estimated;2022;3101.197769183;634.899282293
BCBHG;BANCO DO BRASIL;BRBBASACNOR3;QE0Q0253K88YAGNPE356;25651;21827;33141170;1;1;1;Actual;Actual;Actual;2022;153192.558013644;28941.497479736
DOHLP;DOHA BANK, GR (GR);QA0006929770;Not available;1602;8636;15077;4;2;4;Estimated;Estimated;Estimated;2022;7820.667037416;3596.178085056
GECIN;GECINA;FR0010040865;9695003E4MMA10IBTR26;2818;9182;43150;4;1;4;Actual;Actual;Estimated;2022;7429.584;12780.915
BIBLP;CHINA CITIC BANK, GR (GR);CNE1000001Q4;300300C1030211000384;40405;252369;466267;4;2;4;Estimated;Estimated;Estimated;2022;200404.1926;93112.39578
6LGLP;LEGAL & GENERAL GROUP, GR (GR);GB0005603997;213800JH9QQWHLO99821;12506;17556;632657;1;1;1;Actual;Actual;Actual;2022;84813.5665;6239.84075
4INLP;ICE;US45866F1049;5493000F4ZO33MV32P92;5275;49450;265326;2;2;4;Actual;Actual;Estimated;2022;17271.711513;21317.793273
CRING;GRUPO BCI CHILE;CLP321331116;549300E9E5Y3PKW24142;4927;20798;59523;4;2;4;Estimated;Estimated;Estimated;2022;31042.21614084;5253.86011587
GAFIS;GAFISA;BRGFSAACNOR3;Not available;90;48;170105;2;2;4;Actual;Actual;Estimated;2022;352.240318041;313.791774665
ITAHG;ITAU UNIBANCO HOLDING SA, GR;BRITUBACNPR1;5493002W2IVG62O3ZJ94;22925;18335;402904;1;1;4;Actual;Actual;Estimated;2022;141286.963159;31346.699251
BNNSG;BANK OF NOVA SCOTIA  GR;CA0641491075;L3I9ZG2KFGXZ61BMYR72;28797;69982;902560;1;1;4;Actual;Actual;Estimated;2022;165392.862698;51697.978129
PQARG;PARQUE ARAUCO;CLP763281068;2549001WW2PV1Y0UEU97;376;14752;181458;2;2;1;Actual;Actual;Actual;2022;1355.370827179;1491.49529734
BRI3G;BLACKROCK INC, GR;US09247X1019;549300LRIF3NWCU26A80;5765;22372;341224891;1;1;1;Actual;Actual;Actual;2022;7950.737977;36325.759505
CRITG;UNICREDITO ITALIANO SPA;IT0005239360;549300TRUWO2CD2G5692;30233;106714;413790;1;1;4;Actual;Actual;Estimated;2022;169789;63497
PAYPG;PAYPAL;US70450Y1038;5493005X2GO78EFZ3E94;3859;101454;671443;1;1;4;Actual;Actual;Estimated;2022;10822.332115;18988.486482
COFLZ;COFACE SA (POR CUENTA PRIVADA) (GR);FR0010667147;96950025N07LTJYFSN57;713;2063;17928;4;2;4;Estimated;Estimated;Estimated;2022;3536.29;2020.872
CCLLP;BELFIUS BANK & INSURANCE (GR);Not available;A5GWLFH3KM7YV2SFQL84;5491;1889;28314245;4;1;1;Actual;Actual;Actual;2022;31506.306;11909.943
CIBBG;CANADIAN IMPERIAL BANK OF COMMERCE;CA1360691010;2IGI19DL77OX0HC3ZE78;22157;27608;182023;1;1;4;Actual;Actual;Estimated;2022;141008.381101;34845.249222
SEGRG;SEGRO;GB00B5ZN1N88;213800XC35KGM9NFC641;2329;4835;662246;1;1;1;Actual;Actual;Actual;2022;5806.78475;12825.90075
TORCG;TORONTO-DOMINION BANK;CA8911605092;PT3QB789TSUIDF371261;43021;77081;1353192;1;1;4;Actual;Actual;Estimated;2022;267549.434124;77034.821843
BCOLZ;BANK OF COMMUNICATIONS GR (GR);CNE100000205;549300AX1UM10U30HK09;61074;376957;715276;4;2;4;Estimated;Estimated;Estimated;2022;355219.791592;140317.147852
BOCNG;BANK OF CHINA;CNE1000001Z5;54930053HGCFWVHYZX42;132138;909226;1876570;4;2;4;Estimated;Estimated;Estimated;2022;725508.38729;348009.123566
NC7CX;KKR;US48251W1045;K3NEK11EF7N3JVJE7V46;11473;47761;96930;4;2;4;Estimated;Estimated;Estimated;2022;42546.486580724;51859.80065917
SRCLP;SWISS RE LTD (GR);CH0126881561;529900PS9YW3YY29F326;2902;7932;2839087;1;1;4;Actual;Actual;Estimated;2022;11931.258227;11996.819737
GRCRG;CREDICORP;BMG2519Y1084;529900UYAEYQCQ2BKB17;2065;16079;29564;1;1;4;Actual;Actual;Estimated;2022;10035.381547026;7273.141975602
BRALP;TRUIST;US89832Q1094;549300DRQQI75D2JP341;14535;154289;444744;1;1;4;Actual;Actual;Estimated;2022;66630.162613;56698.530441
LLOLP;LLOYDS BANKING GROUP PLC, GR (GR);GB0008706128;549300PPXHEU2JF0AM85;27498;59447;835613;1;1;4;Actual;Actual;Estimated;2022;184570.94825;49520.63025
BAKLP;BANKINTER SA GR (GR);ES0113679I37;VWMYAEQSTOPNV0SUGU82;1538;6405;5891239;1;1;4;Actual;Actual;Estimated;2022;8188.977;4904.972
EVELP;CHINA EVERBRIGHT BANK (GR);CNE100000SL4;549300U6PKQ4H1P34E17;27555;165531;355744;4;2;4;Estimated;Estimated;Estimated;2022;172799.57065;69242.424958
CBQLP;COMMERCIAL BANK OF QATAR QSC, GR (GR);QA0007227752;2138004FUUD4I7X8H721;2217;12296;25437;4;2;4;Estimated;Estimated;Estimated;2022;13427.99382768;6233.679515856
BCHOC;INDUSTRIAS BACHOCO;MX01BA1D0003;254900CZQ27EMGKCHG63;309;224;4472304;2;2;4;Actual;Actual;Estimated;2022;228.86773248;2542.719113959
AIGUG;AIG;US0268747849;ODVCVCQG2BP6VHV36M30;7413;37454;2622875;1;1;4;Actual;Actual;Estimated;2022;26485.913447;40698.712222
CDDBG;BRADESCO HOLDING (CIDADE DE DEUS PART.);BRBBDCACNPR8;549300CTUU1RFXHQJE44;14226;16223;15106334;1;1;4;Actual;Actual;Estimated;2022;103587.299644111;28320.798073141
RZMLP;RADIAN;US7502361014;54930005OUP720S5U385;556;1875;19922;4;2;4;Estimated;Estimated;Estimated;2022;1516.074328216;3670.814232911
IVNLP;NN GROUP N.V. (GR);NL0010773842;724500OHYNDT9OY6Q215;3900;6500;5852420;1;1;4;Actual;Actual;Estimated;2022;15401;21101
BOSLP;BANK OF SHANGHAI, GR (GR);CNE100002FM5;300300C1091231000098;10887;75081;94609;4;2;4;Estimated;Estimated;Estimated;2022;73854.336376726;30092.333509384
PRRLP;M&G PLC (GR);GB00BKFB1C65;254900TWUJUQ44TQJY84;1435;4079;18181892;1;1;4;Actual;Actual;Estimated;2022;8973.50675;4861.73025
CHMLP;JPMORGAN;US46625H1005;8I5DZWZKVSZI1NUHU748;88553;783616;2261179;1;1;4;Actual;Actual;Estimated;2022;582035.417327;273796.104876
RABOG;RABOBANK NEDERLAND GR;Not available;DG3RU1DBUFHT4ZF9WN62;19754;26604;103357463;1;1;4;Actual;Actual;Estimated;2022;145856;46358
HUXLP;HUA XIA BANK, GR (GR);CNE000001FW7;300300AKNDEHIGVDZW37;16304;112821;235694;4;2;4;Estimated;Estimated;Estimated;2022;120023.525002;43896.134652
00NLP;NMI HOLDINGS GROUP;US6292093050;529900KNNGFXJX1C3Z08;188;557;4060;4;2;4;Estimated;Estimated;Estimated;2022;382.271369543;1511.405412111
BCCLP;BANQUE CANTONALE DE GENEVE, GR (GR);CH0350494719;549300ZEFUWWFTP7BA50;1000;641;8929;4;2;4;Estimated;Estimated;Estimated;2022;8394.42477926;2008.06974381
BJBCG;JULIUS BAER GROUP LTD, GR;CH0102484968;5299007MF0604ZGJER92;2517;5516;922921;2;2;4;Actual;Actual;Estimated;2022;21082.165598;6367.126207
BOBLP;BANK OF BEIJING GROUP (GR);CNE100000734;300300C1080211000042;12559;86765;157434;4;2;4;Estimated;Estimated;Estimated;2022;98476.374674;42171.227622
CELLN;CELLNEX;ES0105066007;5493008T4YG3AQUI7P67;3212;340262;506469;1;1;1;Actual;Actual;Actual;2022;20901.833;15189.4
GBMFG;GRUPO FINANCIERO GBM GR;MX01GB0D0001;549300SK0RS3U5EW8M03;154;715;2829;4;2;4;Estimated;Estimated;Estimated;2022;1472.8169226;292.717677
BRAKG;TEGRA INCORPORADORA;Not available;Not available;48;107;66873;1;1;4;Actual;Actual;Estimated;2022;95.076745754;455.440865502
BKCLP;BANK OF AMERICA;US0605051046;9DJT3UXIJIZJI4WXO774;66775;634510;50333784;1;1;1;Actual;Actual;Actual;2022;526506.691543;255874.397821
OJELP;MGIC INVESTMENT GROUP;US5528481030;254900S8483WM4M98R28;421;1248;8957;4;2;4;Estimated;Estimated;Estimated;2022;620.78320633;4348.35778482
UBBLP;UNITED OVERSEAS BANK LTD., GR (GR);SG1M31001969;IO66REGK3RCBAMA8HR66;5783;69313;172562;1;1;4;Actual;Actual;Estimated;2022;39857.334575;30456.82873
SPDLP;SHANGHAI PUDONG DEVELOPMENT BANK, GR (GR);CNE0000011B7;300300C1031031001330;32369;196255;374047;4;2;4;Estimated;Estimated;Estimated;2022;303025.367488;95956.01465
HISEG;HISENSE;CNE000000LC9;529900PRGESPUBUBN103;199;41786;36479387;2;2;4;Actual;Actual;Estimated;2022;258.55656248;2210.145928543
SABAG;BANCO DE SABADELL SA;ES0113860A34;SI5RG2M0WQQLZCXKRM20;3981;14619;23870;1;1;4;Actual;Actual;Estimated;2022;36510.85;13086.116
UNIPZ;UNICAJA BANCO (GR);ES0180907000;5493007SJLLCTM6J6M37;1086;170;10456565;4;2;4;Actual;Actual;Estimated;2022;7108.609;6459.054
EGLLP;ESSENT GROUP;BMG3198U1027;254900QUO860OUT6ZF83;360;1065;7764;4;2;4;Estimated;Estimated;Estimated;2022;408.227171352;4179.367373237
SIXGG;SIX GROUP;Not available;529900ZMNQFCPP762W05;478;3025;8512;2;2;1;Actual;Actual;Actual;2021;1394.035957;5046.723866
GOBYG;GLOBANT;LU0974299876;2221008DCMSPYS42DS88;116;2725;18907;1;1;4;Actual;Actual;Estimated;2022;130.033762341;1457.48856288
RBSLP;NATWEST GROUP PLC (GR);GB00BM8PJY71;2138005O9XJIJN4JPN90;16240;62976;14137668;1;1;1;Actual;Actual;Actual;2022;181293.70675;41158.364
SFTBK;SOFTBANK CORP;JP3436100006;5493003BZYYYCDIO0R13;15127;1016160;8964945;1;1;4;Actual;Actual;Estimated;2022;126274.3666665;83118.43677566
BKNLP;BNY MELLON;US0640581007;WFLLPEPC7FZXENRZV188;7520;94371;47639729;1;1;4;Actual;Actual;Estimated;2022;66493.420035;38259.82405
SOGEG;SOCIETE GENERALE SA;FR0000130809;O2RNE8IBXP4R0TD8PU41;24777;75743;411091;1;1;4;Actual;Actual;Estimated;2022;277347;73326
NBDLP;EMIRATES NBD PJSC, GR (GR);AEE000801010;54930029BCN8HF3B1286;3133;23083;126092;4;2;4;Actual;Actual;Estimated;2022;21015.523344;23794.45449
BPCEG;BPCE GROUP;Not available;969500UHP35QWCZ0F449;29741;21007;469071;1;1;1;Actual;Actual;Actual;2022;362739;82415
KLKGG;FLUTTER;IE00BWT6H894;635400EG4YIJLJMZJ782;1196;11467;892239;1;1;4;Actual;Actual;Estimated;2022;6784.679692;11351.50716
BAGFG;GF BANORTE GR;MXP370711014;Not available;2606;56988;18323179;1;1;4;Actual;Actual;Estimated;2022;29180.5878259;11489.0967243
MEDLP;MEDIOBANCA SPA GR (GR);IT0000062957;PSNL19R2RXX5U3QWHI44;3403;6503;8496000775;1;2;1;Actual;Actual;Actual;2022;43083.987;10748.842
SALEK;SALESFORCE, GR;US79466L3024;RCGZFPDMRW58VJ54VR07;4291;280000;1267000;4;1;1;Actual;Actual;Actual;2022;13935.567247;54658.630887
CAGLP;ABANCA (GR);ES0165936008;54930056IRBXK0Q1FP96;864;17;5035585;4;2;4;Actual;Actual;Estimated;2022;9436.504;4416.682
GNKLP;GENWORTH;US37247D1063;549300EMCG286BDNKJ33;598;3812;37294;1;1;1;Actual;Actual;Actual;2022;1997.752869;7854.268898
8X0GG;COVIVIO;FR0000064578;969500P8M3W2XX376054;1542;9044;463242;1;1;4;Actual;Actual;Estimated;2022;11575.155;14091.509
CAILP;CAIXABANK (GR);ES0140609019;7CUNS533WID6K7DGFI87;5626;31995;45492924;1;1;4;Actual;Actual;Estimated;2022;60220;33707
BCALP;BANK CENTRAL ASIA INDONESIA, GR (GR);ID1000109507;254900BR956G2OHVOM21;806;136996;45609;4;2;4;Actual;Actual;Estimated;2022;165.169616472;13307.018264262
CTGLP;CITI;US1729674242;6SHGI4ZSSLCXXQSBB395;43912;466641;55232822;1;1;4;Actual;Actual;Estimated;2022;547099.561834;189040.057934
4BMFF;BOLSA DE MERCADORIAS E FUTUROS;BRB3SAACNOR6;4GTK5S46E6H318LMDS44;346;1328;15685;1;1;4;Actual;Actual;Estimated;2022;2258.637584817;3589.974328999
CNCAG;CREDIT AGRICOLE;FR0000045072;Not available;27997;25439;173289;1;1;4;Actual;Actual;Estimated;2022;413296;75480
BNPBG;BNP PARIBAS;FR0000131104;Not available;45353;197286;10945963;1;1;4;Actual;Actual;Estimated;2022;684071;126010
JGGLP;JUST GROUP PLC, GR;GB00BCRX1J15;Not available;111;205;499;1;1;1;Actual;Actual;Actual;2022;798.447;1243.90825
BCVLP;BANQUE CANTONALE VAUDOISE GR. (GR);CH0531751755;K1MOBB3OPSBBQO554R76;1089;232;21973;1;1;4;Actual;Actual;Estimated;2022;16582.65011;3758.70703
PROLP;PROVIDENT FINANCIAL PLC, GR (GR);GB00B1Z4ST84;213800U93SZC44VXN635;155;882;20658;1;1;4;Actual;Actual;Estimated;2022;2233.62165;693.227925
GRUPG;FIBRA UNO;MXCFFU000001;Not available;800;66755;36634;1;1;1;Actual;Actual;Actual;2022;6704.51579161;8947.404044822
SANNF;BANCO SANTANDER S.A. (FFEE NO BIS);ES0113900J37;5493006QMFDDMYWIAM13;21967;217906;31342159;1;1;4;Actual;Actual;Estimated;2022;357225;97585
CSHLP;CREDIT SUISSE GROUP (GR);CH0012138530;549300506SI9CRFV9Z86;11880;71217;73078;1;1;4;Actual;Actual;Estimated;2022;203926.81257;45889.02461
1NBGG;NATIONAL BANK OF CANADA;CA6330671034;BSGEFEIOM18Y80CKCV46;2484;12039;63988;2;2;1;Actual;Actual;Actual;2022;38254.940752;15039.990266
DBBKG;DEUTSCHE BANK AG;DE0005140008;7LTWFZYICNSX8D621K86;25110;130688;91973603;1;1;4;Actual;Actual;Estimated;2022;478334;72328
CDPQG;CAISSE DE DEPOT ET PLACEMENT DU QUEBEC GR;Not available;HWR6ATEU4L0XN8IT6Y39;13333;17761;125472;4;2;4;Estimated;Estimated;Estimated;2022;44684.249568;277953.488827
LSEGG;LONDON STOCK EXCHANGE;GB00B0SWJX34;213800QAUUUP6I445N30;1450;69833;783471;1;1;4;Actual;Actual;Estimated;2022;10058.40225;31747.29025
FUILP;INDUSTRIAL BANK CO LTD GROUP (GR);KR7024110009;988400RBIWE3YA18PK12;6596;49242;30955;1;1;4;Actual;Actual;Estimated;2022;173688.170474;21697.65974285
MIZLP;MIZUHO FINANCIAL GROUP, GR (GR);JP3885780001;353800CI5L6DDAN5XZ33;14402;218219;502060710;1;1;1;Actual;Actual;Actual;2022;362869.80755961;65322.06131347
COBLP;COMMONWEALTH BANK OF AUSTRALIA GR (GR);AU000000CBA7;MSFSBD3QN1GSN7Q6C537;7891;74577;22391407;1;1;4;Actual;Actual;Estimated;2022;188925.020405;46341.6479019999
SUMLP;SUMITOMO MITSUI FINANCIAL GROUP INC (GR);JP3890350006;35380028MYWPB6AUO129;15792;175494;1314406;1;1;1;Actual;Actual;Actual;2022;394081.4079384;86594.08342247
BOTLP;MITSUBISHI UFJ FINANCIAL GROUP INC. (GR);JP3902900004;353800V2V8PUY9TK3E06;26927;313134;76729220;1;1;4;Actual;Actual;Estimated;2022;710329.30838402;115696.01718246
ANZLP;AUSTRALIA & NEW ZEALAND BANKING GROUP LIMITED GR (;AU000000ANZ3;Not available;5819;96060;36014;1;1;1;Actual;Actual;Actual;2022;139426.404205;42246.241829
GFSAG;G.F. BANCOLOMBIA (SINDICATO ANTIOQUE??O) HOLDING;COB07PA00078;54930052NWJRPNMP1W58;526;20848;5086627;1;2;4;Actual;Actual;Estimated;2022;9016.445590224;7725.766960956
NEDLP;ING GROUP NV GR (GR);NL0011821202;549300NYKK9MWM7GGW15;7522;68632;56276109;1;1;4;Actual;Actual;Estimated;2022;196544;57004
NABSG;NATIONAL AUSTRALIA BANK LTD;AU000000NAB4;F8SB4JFBSYQFRQEH3Z21;6619;68868;21630088;1;1;1;Actual;Actual;Actual;2022;220368.730043;37557.870328
HSBLP;HSBC HOLDINGS PLC GR (GR);GB0005405286;MLU0ZO3ML4LN2LL2TL39;19000;347000;1603384;1;1;4;Actual;Actual;Estimated;2022;580210.934163;173454.213821
BARLZ;BARCLAYS PLC GR (GR);GB0031348658;213800LBQA1Y9L22JB70;20036;103422;91641988;1;1;4;Actual;Actual;Estimated;2022;758732.156;78107.965
0CD0G;HELBOR;BRHBORACNOR3;Not available;15;17;29451;2;2;4;Actual;Actual;Estimated;2022;325.386586095;376.077735281
UBSLP;UBS AG GRUPO, GR (GR);CH0244767585;549300SZJ9VS8SGXAN81;8570;110470;534332;1;1;4;Actual;Actual;Estimated;2022;353685.61459;53589.978274
GSGMG;GOLDMAN SACHS;US38141G1040;784F5XWPLTWKTBV3E584;11980;158151;880004;1;1;4;Actual;Actual;Estimated;2022;487037.72593;110366.245934
LBWUG;LANDESBANK BADEN-WA?RTTEMBERG, GR;Not available;B81CK4ESI35472RHJ606;3068;8379;11821986;1;1;4;Actual;Actual;Estimated;2022;143912;15453
FOU4K;JAB HOLDING;Not available;529900RRNKUM3INJGF98;862;978;8116;4;2;4;Estimated;Estimated;Estimated;2022;9556.1520383;39265.4439541
7NPHG;BLACKSTONE;US09260D1072;5299004LW4QWGZUB8Y96;542;10759;128407;1;1;4;Actual;Actual;Estimated;2022;12735.818775197;18433.149584731
DGEGG;DZ BANK AG-DEUTSCHE ZENTRAL-GENOSSENSCHAFTSBANK GR;Not available;Not available;2236;2935;414734;1;2;4;Actual;Actual;Estimated;2021;101354;28660
ADCLP;ABU DHABI COMMERCIAL BANK, GR (GR);AEA000201011;213800RWVKKIRX1AUH58;633;17980;10029126;1;1;4;Actual;Actual;Estimated;2022;23543.514737856;15664.770605466
SBMEJ;SBM OFFSHORE;NL0000360618;549300RDGCRYZ5QE6513;172;2140;6216211;1;1;4;Actual;Actual;Estimated;2022;8020.982452;4602.418002
TNSLP;NOMURA HOLDINGS INC, GR (GR);JP3762600009;549300B3CEAHYG7K8164;2473;59885;240947494;1;1;4;Actual;Actual;Estimated;2022;189638.38388768;21105.20680229
DECLP;CAISSE DES DEPOTS ET CONSIGNATIONS, GR (GR);Not available;969500Q2PFTTP0Y5QL44;3004;1804;7776441;1;2;1;Actual;Actual;Actual;2022;208829;64614
ICGFP;ICG (FFEE NO BIS);GB00BYT1DJ19;549300OGASR5WRKJ8R68;46;250;17235;1;1;4;Actual;Actual;Estimated;2022;2107.0881;2257.52995
0MD0G;SK GROUP;KR7034730002;988400GMME8AOAFMDK34;993;55675;16908175;1;1;4;Actual;Actual;Estimated;2022;59358.57109455;53256.9891035
JYSLP;JYSKE BANK A/S GR (GR);DK0010307958;3M5E1GQGKL17HI6CPN30;603;1527;3749353;1;1;4;Actual;Actual;Estimated;2022;65677.115581;5462.749904
NBKLP;NATIONAL BANK OF KUWAIT SAK GR (GR);KW0EQ0100010;549300NB7FE83IH6BW96;214;34005;66980;2;1;4;Actual;Actual;Estimated;2022;16250.86751217;14136.90974622
SWELP;SWEDBANK AB GR (GR);SE0000242455;M312WZV08Y7LYUC71685;622;13999;10266139;1;1;4;Actual;Actual;Estimated;2022;92151.30564;15818.236635
248YG;LONDONMETRIC PROPERTY PLC, GR;GB00B4WFW713;213800OCERWWPQDURL87;23;88;155602;1;1;4;Actual;Actual;Estimated;2022;1157.0715;2898.09195
AERCG;AERCAP, GR;NL0000687663;549300SZYINBBLJQU475;316;265;90890507;2;2;4;Actual;Actual;Estimated;2022;43709.086027775;15168.17046465
DANSG;DANSKE GROUP;DK0010274414;MAES062Z21O4RZ2U7M96;787;8037;485307;1;1;4;Actual;Actual;Estimated;2021;229525.6953;23762.2704
SKENG;SKANDINAVISKA ENSKILDA BANKEN;SE0000148884;F3JS33DEI6XQ4ZBPTN86;340;6396;71845358;1;1;4;Actual;Actual;Estimated;2022;98907.25698;18339.006735
MQRGG;MACQUARIE GROUP LIMITED;AU000000MQG1;549300LIS37ZT5Y69J73;411;14568;227678;1;1;4;Actual;Actual;Estimated;2022;143108.897657;18327.212574
OCBLP;OVERSEA-CHINESE BANKING CORP LTD GR (GR);SG1S04926220;5493007O3QFXCPOGWK22;160;59941;138668;1;1;4;Actual;Actual;Estimated;2022;26531.51163;36616.503375
DNBBG;DNB GROUP ASA;NO0010161896;549300GKFG0RYRRQ1414;186;1626;108905;1;1;4;Actual;Actual;Estimated;2022;114547.4110014;23750.739792
ALLZP;ALLFUNDS GROUP;GB00BNTJ3546;9598005U8TZQ8Q64SC71;2;289;14624;1;2;4;Actual;Actual;Estimated;2022;210.821;2354.504
SVHLB;SVENSKA HANDESLBANKEN GROUP;SE0007100599;NHBDILHZTYCNBV5UYZ31;48;5460;74080;1;1;4;Actual;Actual;Estimated;2022;159091.13721;17430.14604
NBALP;FIRST ABU DHABI BANK PJSC (GR);AEN000101016;2138002Y3WMK6RZS8H90;3;33;19030584;1;1;4;Actual;Actual;Estimated;2022;50034.853942752;29339.882869374
NORAG;NORDEA BANK ABP;FI4000297767;529900ODI3047E2LIV03;1;5;40886;4;1;4;Actual;Actual;Estimated;2022;229231;30844
ALSOK;ALSO;CH0024590272;529900ACS8A6PTQI6141;0;4336;509883;4;2;4;Actual;Actual;Estimated;2022;353.356;1040.413
TRIEG;TRITAX EUROBOX PLC;GB00BG382L74;213800HK59N7H979QU33;0;32;225358;4;2;4;Actual;Actual;Estimated;2022;701.07;1065.75
TRTXG;TRITAX BIG BOX REIT PLC;GB00BG49KP99;213800L6X88MIYPVR714;0;63;60737;4;2;4;Actual;Actual;Estimated;2022;1820.075725;3777.9625
