Código Altamira;Short Name;Código Sigom;Nome;Report Ref;Tipo;Data;Tipo Operativa;Lei Aplicavel;
7400414968;C3MK;09299;GLORIOUS GYM SOCIEDADE UNIPESSOAL LDA;C3MK;Contrato Quadro;29-07-2008;Derivados;PRT;
5100533458;ER70;18165;EUROSSINTEL-SOCIEDADE INDUSTRIAL DE TEXTEIS, S.A.;CQ_BSP_ER70;Contrato Quadro;26-04-2010;Derivados;PRT;
7400203513;D6JG;09056;CONFECCOES SUSISPORT - VESTUARIO DESPORTIVO, UNIPESSOAL LDA;D6JG;Contrato Quadro;27-06-2008;Derivados;PRT;
8000043139;E1DE;09074;EDITORIAL VERBO,SA;E1DE;Contrato Quadro;16-09-2008;Derivados;PRT;
72102;M2MV;18167;MILAGAIA & FILHOS LDA .;CQ_BSP_M2MV;Contrato Quadro;21-04-2010;Derivados;PRT;
8046589619;V0JD;09359;V.M.MARTA PROMOCAO IMOBILIARIA,LDA;CQ_BSP_V0JD;Contrato Quadro;15-07-2008;Derivados;PRT;
1700011253;D7FP;09856;MALOFER II, S.A.;CQ_BSP_D7FP;Contrato Quadro;26-09-2008;Derivados;PRT;
7400338939;BY8D;18291;A ESTACAO - MADEIRAS NORTE, UNIPESSOAL LDA;CQ_BSP_BY8D;Contrato Quadro;04-06-2010;Derivados;PRT;
7400094336;TCRX;09887;TECNIVAP COMERCIO MAQUINAS INDUSTRIA TEXTIL LDA;CQ_BSP_TCRX;Contrato Quadro;13-10-2008;Derivados;PRT;
8041718083;O5VZ;09893;MANUEL MOREIRA & CA.,LDA;CQ_BSP_O5VZ;Contrato Quadro;08-09-2008;Derivados;PRT;
8042137598;O63M;10104;MANUEL LOURENCO & FILHO,LDA;CQ_BSP_O63M;Contrato Quadro;09-09-2008;Derivados;PRT;
17995;G1ZS;03939;GRISA - GESTAO IMOBILIARIA E INDUSTRIAL S.A.;G1ZS;Contrato Quadro;09-07-2008;Derivados;PRT;
7400305717;PUL7;10113;POPOIMA UNIPESSOAL LDA;CQ_BSP_PUL7;Contrato Quadro;19-09-2008;Derivados;PRT;
7400350424;L0BN;07855;LEVE - INVESTIMENTO IMOBILIARIO, LDA;L0BN;Contrato Quadro;10-04-2008;Derivados;PRT;
7400313516;D7HC;09898;CORDEIROVENDING - SERVICOS DE VENDING, LDA;CQ_BSP_D7HC;Contrato Quadro;26-09-2008;Derivados;PRT;
1700177593;O61X;10087;MARIA DO CEU DA SILVA PEREIRA, UNIPESSOAL, LDA;CQ_BSP_O61X;Contrato Quadro;25-11-2008;Derivados;PRT;
7400167479;G64A;09480;GRANIAREIAS - GRANITOS E AREIAS LDA;CQ_BSP_G64A;Contrato Quadro;26-09-2008;Derivados;PRT;
7400110896;O43L;09065;MACLE S.A.;CQ_BSP_O43L;Contrato Quadro;04-07-2008;Derivados;PRT;
1511062408;A3VH;08985;ALVES & MONTEIRO, LDA;A3VH;Contrato Quadro;18-06-2008;Derivados;PRT;
7400452174;G649;09466;GRADILADO S.A.;CQ_BSP_G649;Contrato Quadro;18-09-2008;Derivados;PRT;
8046411418;FL1L;09623;FARMACIA LOUREIRO, LDA;CQ_BSP_FL1L;Contrato Quadro;30-07-2008;Derivados;PRT;
61447;M2NR;18370;MACEDO,FERREIRA & CA LDA;CQ_BSP_M2NR;Contrato Quadro;13-05-2010;Derivados;PRT;
8046574230;O4LU;09310;MARIA CARMO LOURENCO;O4LU;Contrato Quadro;10-11-2009;Derivados;PRT;
7400466475;SP35;09953;SERVIBOX ACONDICIONAMENTO LDA;CQ_BSP_SP35;Contrato Quadro;02-09-2008;Derivados;PRT;
7400214929;BXT1;18067;AESTHETICAL CONCEPT, LDA;CQ_BSP_BXT1;Contrato Quadro;07-05-2010;Derivados;PRT;
8002165297;BYF5;18338;ARTECOURO-ARTESANATO COURO,LDA;CQ_BSP_BYF5;Contrato Quadro;29-04-2010;Derivados;PRT;
8001331785;IH02;01482;INTERLUSA - MANFRED H. MULLER & C. , LDA;IH02;Contrato Quadro;16-09-2008;Derivados;PRT;
7400457193;DQPO;17569;CONSTRUBRACARA-CONSTRUCOES LDA;CQ_BSP_DQPO;Contrato Quadro;02-03-2010;Derivados;PRT;
2071007912;S46I;17566;RB MOTOR - COMERCIO AUTOMOVEL S.A.;CQ_BSP_S46I;Contrato Quadro;04-03-2010;Derivados;PRT;
7400190264;S2JR;09228;SOCIEDADE CONSTRUCOES DUARTE & SOARES, LDA;S2JR;Contrato Quadro;30-06-2008;Derivados;PRT;
8044610570;A3ZN;09733;ATILANO & FILHOS - COMERCIO DE TEXTEIS LDA;A3ZN;Contrato Quadro;27-01-2017;Derivados;PRT;
21557;P1NW;18032;PROGELCONE COMERCIO E INDUSTRIA S.A.;CQ_BSP_P1NW;Contrato Quadro;22-04-2010;Derivados;PRT;
7400185352;O4SQ;09450;MJF TEMPUS EMPRESA TRABALHO TEMPORARIO LDA;CQ_BSP_O4SQ;Contrato Quadro;23-09-2008;Derivados;PRT;
9001337785;D7BE;09758;COSTA SIMAO CONSTRUCOES LDA;D7BE;Contrato Quadro;10-09-2008;Derivados;PRT;
8024233627;DUF9;18339;CARPINTARIA RODRIGUES & LAGES,LDA;CQ_BSP_DUF9;Contrato Quadro;10-05-2010;Derivados;PRT;
9000619715;F90V;17991;FIALHO & IRMAO,LDA;CQ_BSP_F90V;Contrato Quadro;10-05-2010;Derivados;PRT;
7400403016;D8TF;12033;DIAS & GUARDA LDA;D8TF;Contrato Quadro;16-12-2008;Derivados;PRT;
8036382750;IR35;11916;IMPORCOMERCIO-IMPORTACAO,COMERCIO REPRESENTACOES,LDA;CQ_BSP_IR35;Contrato Quadro;16-01-2009;Derivados;PRT;
9000646806;J0E3;18376;J. MASCARENHAS, LDA;CQ_BSP_J0E3;Contrato Quadro;07-05-2010;Derivados;PRT;
3391002586;BD8V;09224;ANA ISABEL RAMOS ALVES;BD8V;Contrato Quadro;22-07-2008;Derivados;PRT;
7400696565;BX0H;17524;ALL STORAGE-COMPRA VENDA E REVENDA DE IMOVEIS LDA;BX0H;Contrato Quadro;31-03-2010;Derivados;PRT;
7400104836;BYO9;18414;ARMANDO JOSE NUNES DOS SANTOS GARCIA;BYO9;Contrato Quadro;07-05-2010;Derivados;PRT;
7400314061;TDWI;09068;TOPO DO UNIVERSO - VIAGENS E TRANSPORTES LDA;CQ_BSP_TDWI;Contrato Quadro;09-07-2008;Derivados;PRT;
7400250123;FD9N;09059;FERNANDO ALVES SIMOES UNIPESSOAL LDA;FD9N;Contrato Quadro;28-08-2008;Derivados;PRT;
1700177827;GI79;18458;GOARQ CONCEPT, ARQUITECTURA E DESIGN LDA;CQ_BSP_GI79;Contrato Quadro;18-06-2010;Derivados;PRT;
8034865975;OOZT;18465;OURIVESARIA DIADEMA,LDA;CQ_BSP_OOZT;Contrato Quadro;18-05-2010;Derivados;PRT;
1700176801;F7C3;09009;FARMARRIO - ACTIVIDADES DE FARMACIA LDA;F7C3;Contrato Quadro;04-07-2008;Derivados;PRT;
7400594946;F971;18498;FALB - CONTABILIDADE UNIPESSOAL LDA;CQ_BSP_F971;Contrato Quadro;20-05-2010;Derivados;PRT;
9001944510;SOQW;09670;SOCONDAO-SOC CONSTRUCOES,LDA;SOQW;Contrato Quadro;22-08-2008;Derivados;PRT;
141925;TE2A;17404;TAFE - TRATAMENTO DO ALUMINIO E FERRO LDA;CQ_BSP_TE2A;Contrato Quadro;25-05-2010;Derivados;PRT;
7400302521;R0KE;09252;PLASGLASS - MOULDS FOR THE PLASTICS & GLASS INDUSTRY LDA;CQ_BSP_R0KE;Contrato Quadro;03-07-2008;Derivados;PRT;
30946;LFCM;08962;LUSO FINSA-INDUSTRIA E COMERCIO DE MADEIRAS SA;CQ_BSP_LFCM;Contrato Quadro;22-10-2002;Derivados;PRT;
8044861504;GI3H;18134;GUADICLIMA - INSTALACAO DE AR CONDICIONADO LDA;CQ_BSP_GI3H;Contrato Quadro;08-04-2010;Derivados;PRT;
8046315524;G63T;09244;GIGABEIRA - INSTALACOES ESPECIAIS LDA;CQ_BSP_G63T;Contrato Quadro;23-07-2008;Derivados;PRT;
7400680820;TM2X;18135;TEMPO MAGNETICO UNIPESSOAL LDA;CQ_BSP_TM2X;Contrato Quadro;07-04-2010;Derivados;PRT;
8028345126;T0F1;08966;TORNOMOITA-TORN.GRAN.MOITA,LDA;T0F1;Contrato Quadro;16-06-2008;Derivados;PRT;
8008372460;SZ82;18357;KEEPS PAPER UNIPESSOAL LDA;CQ_BSP_SZ82;Contrato Quadro;06-05-2010;Derivados;PRT;
7400404465;PKMP;08960;PROJECTOFFICE-PROJECTOS E SOLUCOES DE ESCRITORIO U;PKMP;Contrato Quadro;16-06-2008;Derivados;PRT;
1700182049;DS0X;04037;NAVIGATOR - DISTRIBUICAO DE MODA, S.A.;DS0X;Contrato Quadro;16-09-2011;Derivados;PRT;
8026268219;VNLN;18112;VITOR MANUEL FERREIRA VIEIRA DA SILVA;VNLN;Contrato Quadro;05-04-2010;Derivados;PRT;
7400245447;LJO8;10116;LEITARIA FLORIDA DO AREEIRO LDA;CQ_BSP_LJO8;Contrato Quadro;12-09-2008;Derivados;PRT;
7400474356;FIJH;10120;FAMIMOB- IMOBILIARIA E SERVICOS SA;CQ_BSP_FIJH;Contrato Quadro;15-09-2008;Derivados;PRT;
8007959802;TTOG;17960;TREVOMAR-NAVEGACAO TRANSITOS,LDA;CQ_BSP_TTOG;Contrato Quadro;14-04-2010;Derivados;PRT;
7400724570;M22M;09106;MARQUES & ROMA, LDA.;M22M;Contrato Quadro;03-09-2008;Derivados;PRT;
7400247249;EO5I;10150;ESTA NA HORA-EMP TRABALHO TEMPORARIO LDA;CQ_BSP_EO5I;Contrato Quadro;04-03-2009;Derivados;PRT;
2360001544;SU0C;07846;SOTARVIL - DISTRIBUICAO DE BEBIDAS LDA;SU0C;Contrato Quadro;05-05-2008;Derivados;PRT;
7400578041;ONYQ;18212;MASTER CARGO TRANSPORTES UNIPESSOAL LDA;CQ_BSP_ONYQ;Contrato Quadro;23-04-2010;Derivados;PRT;
8010574221;TL25;09567;TOMARLIMPE-SOC.COMERCIAL LIMPEZAS,LDA;CQ_BSP_TL25;Contrato Quadro;25-07-2008;Derivados;PRT;
9001561256;BFP7;09033;BYGG FAST PORTUGAL - DESENVOLVIMENTO IMOBILIARIO S.A.;BFP7;Contrato Quadro;09-07-2008;Derivados;PRT;
7400376532;BGY8;10100;A MARISQUEIRA ESTEVES LDA;CQ_BSP_BGY8;Contrato Quadro;05-09-2008;Derivados;PRT;
8046580910;C3PQ;10099;CROKPLASTIK - RECICLAGEM E TRANSFORMACAO DE POLIMEROS LDA;C3PQ;Contrato Quadro;23-09-2008;Derivados;PRT;
3481000018;08C6;17556;RECHEIO MASTERCHEF, LDA;08C6;Contrato Quadro;15-02-2010;Derivados;PRT;
2100700004;D6TK;09406;CHOUPANA HILLS RESORTS EMP TURISTICOS, SA;CQ_BSP_D6TK;Contrato Quadro;17-07-2008;Derivados;PRT;
8046507801;A3XO;09433;ALBOLTUR - SOCIEDADE HOTELEIRA LDA;CQ_BSP_A3XO;Contrato Quadro;25-07-2008;Derivados;PRT;
8038266284;D6T8;09323;CHAFARIZ COMERCIAL-COMERCIO PRODUTOS ALIMENTARES,LDA;D6T8;Contrato Quadro;06-08-2008;Derivados;PRT;
8002555622;S4AZ;17950;RODRIGO SILVA & FILHO-INVESTIMENTOS IMOBILIARIOS, S.A.;CQ_BSP_S4AZ;Contrato Quadro;12-03-2010;Derivados;PRT;
2311006288;OPSM;17171;OSBORNE PORTUGAL (SUC. MADEIRA), LDA,FUNCHAL;OPSM;Contrato Quadro;06-11-2013;Derivados;PRT;
8004682696;M210;08642;ELEVOLUTION - ENGENHARIA S.A.;M210;Contrato Quadro;04-07-2008;Derivados;PRT;
177512;BXU1;18083;ARMANDO RIBEIRO DA SILVA;BXU1;Contrato Quadro;02-09-2010;Derivados;PRT;
7400453329;DRWK;09149;DELICADO RAMINHO - RESIDENCIA GERIATRICA , LDA;CQ_BSP_DRWK;Contrato Quadro;27-06-2008;Derivados;PRT;
7400344056;SU4H;09216;SODIMIRANDA - SUPERMERCADOS, LDA;SU4H;Contrato Quadro;29-07-2008;Derivados;PRT;
8046456412;KGIX;07877;JOSE GARCIA CORREIA NUNES LEITAO, LDA;KGIX;Contrato Quadro;03-04-2008;Derivados;PRT;
1700175841;EI4N;07699;ELECTROCUMEIRA, ELECTRICIDADE LDA;EI4N;Contrato Quadro;17-04-2008;Derivados;PRT;
8046346041;S2NM;09952;SUPERVALENCA - SUPERMERCADOS, S.A.;CQ_BSP_S2NM;Contrato Quadro;03-09-2008;Derivados;PRT;
5100264170;T0FQ;10119;TURIABRE CONSTRUCOES LDA;CQ_BSP_T0FQ;Contrato Quadro;10-09-2008;Derivados;PRT;
3351002342;VL17;10125;VIPAGRAFICA, LDA;CQ_BSP_VL17;Contrato Quadro;03-12-2008;Derivados;PRT;
7400011990;BH1D;10135;A,A,G-BARAO - COMERCIO DE MATERIAIS DE CONSTRUCAO, GESTAO E LOCACAO DE;CQ_BSP_BH1D;Contrato Quadro;30-09-2008;Derivados;PRT;
1700209010;KGKY;07956;JOSE DARIO DAS NEVES ALVES;KGKY;Contrato Quadro;14-04-2008;Derivados;PRT;
39171;LJON;10139;LACTICOOP UNIAO DE COOPERATIVAS DE PRODUTORES DE LEITE DE ENTRE DOURO;LJON;Contrato Quadro;14-10-2008;Derivados;PRT;
9000651338;A3OS;07944;ADOZINDA & ABREU,LDA.;A3OS;Contrato Quadro;07-04-2008;Derivados;PRT;
7400100027;I0UF;07884;INSOLAR - ESTORES E SISTEMA DE PROTECCAO SOLARES, UNIPESSOAL LDA;I0UF;Contrato Quadro;10-04-2008;Derivados;PRT;
7400492123;FTCU;08817;FARMOES, LDA;FTCU;Contrato Quadro;02-07-2008;Derivados;PRT;
5100275308;SOTK;09698;SODISBRICALMADA - SOCIEDADE DE DISTRIBUICAO DE BRICOLAGE LDA;SOTK;Contrato Quadro;18-08-2008;Derivados;PRT;
8046358155;S0OY;08018;SOCIEDUCA - SOCIEDADE DE EDUCACAO S.A.;S0OY;Contrato Quadro;15-04-2008;Derivados;PRT;
7400243445;S2NA;09902;SADOMUGE - COMERCIO E DISTRIBUICAO DE PESCADO, LDA;CQ_BSP_S2NA;Contrato Quadro;10-09-2008;Derivados;PRT;
7400116091;DE6A;10155;DDO DERIVADOS DE OVOS LDA;CQ_BSP_DE6A;Contrato Quadro;27-10-2014;Derivados;PRT;
8040655752;B951;08094;ADEMIS-MEDIACAO SEGUROS,LDA;B951;Contrato Quadro;18-04-2008;Derivados;PRT;
8046598666;LNZF;08096;LARANJA MECANICA PUBLICIDADE, LDA;LNZF;Contrato Quadro;09-06-2008;Derivados;PRT;
3321005030;KJWQ;09794;JOCEVECA SOCIEDADE IMOBILIARIA LDA;CQ_BSP_KJWQ;Contrato Quadro;16-09-2008;Derivados;PRT;
9001669014;ATA2;08081;ACRILMOLDE TRANSFORMACAO ACRILICOS LDA;ATA2;Contrato Quadro;15-04-2008;Derivados;PRT;
2001000770;D7PK;10203;COSTA CARREGAL, LDA;CQ_BSP_D7PK;Contrato Quadro;26-09-2008;Derivados;PRT;
8046412340;FNOL;10191;FARMACIA NOVA DOS OLIVAIS, LDA;CQ_BSP_FNOL;Contrato Quadro;10-11-2008;Derivados;PRT;
1700161175;VDW4;10247;VALE DAS SOBREIRAS - RESTAURANTE BAR LDA;CQ_BSP_VDW4;Contrato Quadro;01-10-2008;Derivados;PRT;
270544;EJXH;10252;ESTUDIO GRAFICO 21 - ARTES GRAFICAS,LDA;CQ_BSP_EJXH;Contrato Quadro;30-10-2008;Derivados;PRT;
7400364331;M25O;10197;MINIPAIVA SUPERMERCADOS LDA;CQ_BSP_M25O;Contrato Quadro;10-10-2008;Derivados;PRT;
145851;L0DF;10256;LEONEL & COUTINHO,LDA;CQ_BSP_L0DF;Contrato Quadro;16-09-2008;Derivados;PRT;
7400241757;PGAN;08965;PEDRO GRANJA APARICIO - FARMACIA, UNIPESSOAL LDA;PGAN;Contrato Quadro;16-07-2008;Derivados;PRT;
8046539590;BBYH;08975;BARCAROLA - CAFE, SNACK-BAR LDA;CQ_BSP_BBYH;Contrato Quadro;03-07-2008;Derivados;PRT;
5100394457;C3MJ;09297;CISFRA-INDUSTRIA METALOMECANICA LDA;CQ_BSP_C3MJ;Contrato Quadro;17-07-2008;Derivados;PRT;
7400208430;L2I0;09778;LAMIDISCOS 2 INDUSTRIA E COMERCIO DE ABRASIVOS LDA;CQ_BSP_L2I0;Contrato Quadro;08-09-2008;Derivados;PRT;
7400692037;PYYK;18882;PAPELARIAS N.B LDA;CQ_BSP_PYYK;Contrato Quadro;12-08-2010;Derivados;PRT;
9002565980;PM5H;10265;PE LINDO ARMAZENS CALCADO LDA;CQ_BSP_PM5H;Contrato Quadro;26-09-2008;Derivados;PRT;
7400013919;PL7O;10243;PAULO A.A. FONSECA - CANALIZACOES DO ALGARVE LDA;CQ_BSP_PL7O;Contrato Quadro;19-09-2008;Derivados;PRT;
9002387454;TOMB;10249;TELSHELTER-CONSTRU OES MODOLARES E ELECTRIFICA AO, LDA.;CQ_BSP_TOMB;Contrato Quadro;07-10-2008;Derivados;PRT;
8044713254;BH3V;10176;AQUECIFAFE-INDUSTRIA PICHELARIA,LDA;CQ_BSP_BH3V;Contrato Quadro;13-10-2008;Derivados;PRT;
9002479287;P1BO;10230;PROVA - ETIQUETAS E ARTES GRAFICAS LDA;CQ_BSP_P1BO;Contrato Quadro;23-09-2008;Derivados;PRT;
2561006790;BH6B;10268;ALBINO MOUTINHO LDA;BH6B;Contrato Quadro;21-11-2008;Derivados;PRT;
7400277366;C3RX;10297;CARNES 2002 COMERCIO CARNES LDA;CQ_BSP_C3RX;Contrato Quadro;06-10-2008;Derivados;PRT;
7400371756;IFQK;10306;ISIDRO CHECA ARMENTEROS;IFQK;Contrato Quadro;07-10-2008;Derivados;PRT;
9001832765;O6DI;10298;MENDES DAS NEVES - INVESTIMENTOS IMOBILIARIOS LDA;CQ_BSP_O6DI;Contrato Quadro;26-09-2008;Derivados;PRT;
8038817241;O6DB;10293;MADEIFAFE-MADEIRAS DE FAFE LDA;CQ_BSP_O6DB;Contrato Quadro;06-10-2008;Derivados;PRT;
8001161934;O6EZ;10328;MILPAN PANIFICADORA DA MADEIRA SA;CQ_BSP_O6EZ;Contrato Quadro;19-09-2008;Derivados;PRT;
7400248201;FM2O;10340;FERRAMENTAS MANUAIS - A.C.M. LDA;CQ_BSP_FM2O;Contrato Quadro;04-12-2008;Derivados;PRT;
8021063413;D7RQ;10333;CLIMACER, S.A.;CQ_BSP_D7RQ;Contrato Quadro;14-10-2008;Derivados;PRT;
7400194061;EJ94;09664;EUGENIO DE SOUSA - ARQUITECTO LDA;CQ_BSP_EJ94;Contrato Quadro;25-09-2008;Derivados;PRT;
8041925052;SQ7B;09773;SOTTOTOUR - ESTUDO E PROMOCAO DE VIAGENS, TURISMO E LAZER S.A.;CQ_BSP_SQ7B;Contrato Quadro;29-09-2008;Derivados;PRT;
3931007282;FFJO;10144;FORUM D IDEIAS - ORGAN DE CONGRESSOS LDA;CQ_BSP_FFJO;Contrato Quadro;17-09-2008;Derivados;PRT;
8005221482;STN9;05903;SOCIMORCASAL-SOCIEDADE IMOBILIARIA DE CONSTRUCOES CIVIS E REPRESENTACO;CQ_BSP_STN9;Contrato Quadro;15-03-2010;Derivados;PRT;
7400242455;C3RO;10195;CEB - CARPINTARIA, UNIPESSOAL, LDA;CQ_BSP_C3RO;Contrato Quadro;26-09-2008;Derivados;PRT;
7400346634;OL0K;10277;ORTOPURA LDA;OL0K;Contrato Quadro;02-10-2008;Derivados;PRT;
2100274883;M26N;11024;TECNIWOOD MADEICAVADO MADEIRAS, SA;M26N;Contrato Quadro;26-11-2008;Derivados;PRT;
3651002976;AP06;01577;AEG TELECOMUNICACOES, SA;AP06;Contrato Quadro;19-08-2011;Derivados;PRT;
30292;H0P6;18020;HR - ALUGUER DE AUTOMOVEIS S.A.;H0P6;Contrato Quadro;13-10-2010;Derivados;PRT;
6181000110;LQF2;18034;LUIS MANUEL GREGORIO GONCALVES;LQF2;Contrato Quadro;19-03-2010;Derivados;PRT;
9001919324;QEL2;09301;QUADRINOVA-METAL SOLUTIONS, LDA;CQ_BSP_QEL2;Contrato Quadro;16-09-2008;Derivados;PRT;
9002352725;D6OG;09159;CONSTRUCOES RICARDO DA SILVA & FILHO, LDA;D6OG;Contrato Quadro;22-07-2008;Derivados;PRT;
5100281442;FFFY;09828;FRINUNO - EQUIPAMENTOS HOTELEIROS E DE REFRIGERAÇÃO LDA;FFFY;Contrato Quadro;26-09-2008;Derivados;PRT;
1700179660;FNG5;09011;FARMACIA MIRAMAR, UNIPESSOAL LDA;FNG5;Contrato Quadro;04-07-2008;Derivados;PRT;
5100370357;I14S;18149;IMOCODESSOS - SOCIEDADE IMOBILIÁRIA LDA;CQ_BSP_I14S;Contrato Quadro;26-04-2010;Derivados;PRT;
8028755171;BFVW;09678;AUTO PAMPLONA - REPRESENTACOES E SERVICOS LDA;BFVW;Contrato Quadro;06-08-2008;Derivados;PRT;
7400311757;ER6V;18155;ESCOLA CONDUCAO AUTOBRAGA LDA;CQ_BSP_ER6V;Contrato Quadro;14-04-2010;Derivados;PRT;
1700195902;D6TR;09364;CENTRO DE IMAGIOLOGIA DO PINHAL NOVO, S.A.;CQ_BSP_D6TR;Contrato Quadro;17-07-2008;Derivados;PRT;
7400702792;T24F;18957;QUINTA COLINAS DE SAO LOURENCO , LDA;T24F;Contrato Quadro;09-09-2010;Derivados;PRT;
7400295859;M2MT;18159;MERCOLINI - COMPONENTES PARA CALCADO UNIPESSOAL LDA;CQ_BSP_M2MT;Contrato Quadro;12-04-2010;Derivados;PRT;
8035313858;D6TE;09332;CARLOS MANUEL CORREIA E FRANCA;D6TE;Contrato Quadro;10-09-2008;Derivados;PRT;
7400443407;FJ7L;18160;FANOVI-COMERCIO DE ACESSORIOS TEXTEIS LDA;CQ_BSP_FJ7L;Contrato Quadro;12-04-2010;Derivados;PRT;
3611003215;BEWC;09368;AVISILVA - EQUIPAMENTOS PARA INDUSTRIA ALIMENTAR, SA;CQ_BSP_BEWC;Contrato Quadro;15-07-2008;Derivados;PRT;
7400283008;D6TQ;09357;CAIS DOS OCEANOS - GESTAO DE PATRIMONIO UNIPESSOAL LDA;CQ_BSP_D6TQ;Contrato Quadro;14-07-2008;Derivados;PRT;
8042896461;BXXZ;18162;BRANQUINHO & BRANQUINHO, LDA;CQ_BSP_BXXZ;Contrato Quadro;28-04-2010;Derivados;PRT;
8046508779;F7BE;08957;FLAVIAL - COMERCIO E ALUGUER DE EQUIPAMENTO PARA A CONSTRUCAO CIVIL, L;F7BE;Contrato Quadro;11-07-2008;Derivados;PRT;
8046581917;E1EU;09681;EMPATIAS - DECORACAO DE INTERIORES LDA;E1EU;Contrato Quadro;13-08-2008;Derivados;PRT;
7400393629;KITG;09120;JPVEIGAS IMOBILIARIA LDA;KITG;Contrato Quadro;22-12-2008;Derivados;PRT;
7400480939;DC5U;09714;DANIEL CARNEIRO-UNIPESSOAL LDA;CQ_BSP_DC5U;Contrato Quadro;05-09-2008;Derivados;PRT;
8018580015;GL1K;09462;GUILANDA-TEXTEIS LDA;GL1K;Contrato Quadro;25-07-2008;Derivados;PRT;
5100284279;D5OV;08366;DOCEPAPOILA ACTIVIDADES HOTELEIRAS LDA;D5OV;Contrato Quadro;30-04-2008;Derivados;PRT;
7400314358;EL1Q;08371;EQUALTANGENTE LDA.;EL1Q;Contrato Quadro;30-04-2008;Derivados;PRT;
7400034453;DTUP;18066;CLINICA DR JORGE PACHECO LDA;CQ_BSP_DTUP;Contrato Quadro;24-03-2010;Derivados;PRT;
7400170318;S2FR;08358;STARBUILD - SOCIEDADE DE PROMOCAO IMOBILIARIA LDA;S2FR;Contrato Quadro;26-05-2008;Derivados;PRT;
9001006377;AM0N;08374;ALCIMA - CONSTRUCOES METALICAS LDA;AM0N;Contrato Quadro;26-06-2008;Derivados;PRT;
8000761206;H0I9;08390;HERCULANO-ALFAIAS AGRICOLAS S.A.;H0I9;Contrato Quadro;31-03-2011;Derivados;PRT;
8009924270;B9GQ;08354;ANTONIO GOMES TECEDEIRO S.A.;B9GQ;Contrato Quadro;26-05-2008;Derivados;PRT;
3931001738;M248;09595;MIRANDA , GUERREIRO & FILHOS LDA;CQ_BSP_M248;Contrato Quadro;24-07-2008;Derivados;PRT;
7400290992;SU6M;09748;SUPERMONTEMURO - SUPERMERCADOS, LIMITADA;CQ_BSP_SU6M;Contrato Quadro;20-08-2008;Derivados;PRT;
8046385676;P1OK;18218;PINTO & NETO,LDA;CQ_BSP_P1OK;Contrato Quadro;22-04-2010;Derivados;PRT;
8043099994;EIZH;08791;EUROZUL-INDUSTRIA CONFECCOES LDA;EIZH;Contrato Quadro;23-06-2008;Derivados;PRT;
7400481102;ER90;18250;E D C - ADRASA LDA;CQ_BSP_ER90;Contrato Quadro;27-04-2010;Derivados;PRT;
8046344461;L0D3;09833;LUVANORTE II IMP E DISTR MAT PROT LDA;L0D3;Contrato Quadro;05-09-2008;Derivados;PRT;
7400179490;PL42;09905;PAU BRASIL BY CARLOS BAIA LDA;CQ_BSP_PL42;Contrato Quadro;08-09-2008;Derivados;PRT;
1700022060;PNRR;08345;PORTO NOVO - HOTELARIA LDA;PNRR;Contrato Quadro;30-04-2008;Derivados;PRT;
8028585939;F7D6;09097;FENABEL, S.A.;F7D6;Contrato Quadro;24-02-2016;Derivados;PRT;
7400537743;BIZ7;11835;AMARELO ALEGRIA LDA;CQ_BSP_BIZ7;Contrato Quadro;20-01-2009;Derivados;PRT;
7400356874;G6KT;18100;GUILHERME OLIVEIRA MACEDO LDA;CQ_BSP_G6KT;Contrato Quadro;07-04-2010;Derivados;PRT;
8004365903;S2EK;08079;SOARES & VICENTE,LDA;S2EK;Contrato Quadro;17-06-2008;Derivados;PRT;
5100498544;B97M;08176;AUTOMATIZADORA - TRANSFORMACAO DE METAIS SA;B97M;Contrato Quadro;09-12-2013;Derivados;PRT;
7400311524;BEKT;09273;ARCOSDISTRI - SUPERMERCADOS LDA;CQ_BSP_BEKT;Contrato Quadro;15-07-2008;Derivados;PRT;
8008240268;EIQ8;08496;ELMATE-MALHAS E CONFECCOES UNIPESSOAL LDA;EIQ8;Contrato Quadro;06-06-2008;Derivados;PRT;
9000645494;KGT6;08107;JOAQUIM COSTA RISCADO & IRMAO, LDA;KGT6;Contrato Quadro;22-04-2008;Derivados;PRT;
8007893580;V0JJ;09585;VAZLI - TRANSPORTES, LIMITADA;V0JJ;Contrato Quadro;05-08-2008;Derivados;PRT;
1700210487;DT79;09808;DOMINGOS SOUSA DA SILVA;CQ_BSP_DT79;Contrato Quadro;14-08-2008;Derivados;PRT;
8046571523;S2E2;07931;SILATLANTIS - EMPREENDIMENTOS TURISTICOS E IMOBILIARIOS SA;S2E2;Contrato Quadro;28-05-2008;Derivados;PRT;
2771000536;PKSC;09345;PISCINAS JAIME GODINHO LDA;PKSC;Contrato Quadro;16-07-2008;Derivados;PRT;
8041288751;INH0;07952;INACIO MODAS COM CONF PRONTO VESTIR LDA;INH0;Contrato Quadro;16-04-2008;Derivados;PRT;
7400337205;TGLQ;08083;TRANSPORTES GOLFINHO LDA.;TGLQ;Contrato Quadro;22-04-2008;Derivados;PRT;
1700175953;FPXN;08999;FARMACIA PARREIRA UNIPESSOAL LDA;FPXN;Contrato Quadro;04-07-2008;Derivados;PRT;
8041714911;PX1X;17961;PORTAS DELTA - METALO TRANSFORMADORA LDA;CQ_BSP_PX1X;Contrato Quadro;10-03-2010;Derivados;PRT;
7400192078;I0VL;09194;IBERNAVES SOLUCOES INTEGRADAS LDA;I0VL;Contrato Quadro;29-07-2008;Derivados;PRT;
7400496401;RUAX;09320;ROSITAL FRANCHISING COMPANY LDA;CQ_BSP_RUAX;Contrato Quadro;20-08-2008;Derivados;PRT;
9002687654;FVTU;08359;FARMACIA VALMOR LDA;FVTU;Contrato Quadro;09-05-2008;Derivados;PRT;
7400507229;P1AP;09813;PINHEIRO & GOMES LDA;CQ_BSP_P1AP;Contrato Quadro;15-10-2008;Derivados;PRT;
7400065433;J0AO;09843;J & J FREITAS - TRANSPORTES, LDA.;CQ_BSP_J0AO;Contrato Quadro;24-09-2008;Derivados;PRT;
7400474121;H0IZ;09470;HUGO E MANUEL COMERCIO DE MOTOS LDA;CQ_BSP_H0IZ;Contrato Quadro;14-07-2008;Derivados;PRT;
7400243226;RQIF;07904;R. GUIMARAES - PROJECTOS IMOBILIARIOS E CONSULTORIA GESTAO, S.A.;RQIF;Contrato Quadro;28-04-2008;Derivados;PRT;
3311005347;3CCD;18024;3 C-CUSTOMER CONTACT CENTER-CONSULTADORIA DIF TELECOMUNICACOES SA;CQ_BSP_3CCD;Contrato Quadro;19-03-2010;Derivados;PRT;
7400446273;B8KX;07800;ALDEIAS DA SERRA - COMPRA E VENDA DE PROPRIEDADES LDA;B8KX;Contrato Quadro;15-04-2008;Derivados;PRT;
8044422636;KGZR;08266;JOAQUIM ALVES PEREIRA & FILHOS,LDA.;KGZR;Contrato Quadro;04-06-2008;Derivados;PRT;
8008973843;Z02R;18308;ZINCOMETAL-SOC.METALOMECANICA,LDA;CQ_BSP_Z02R;Contrato Quadro;28-04-2010;Derivados;PRT;
7400267169;PKD9;08397;PREDIAL JOLY SOCIEDADE DE MEDIACAO IMOBILIARIA;PKD9;Contrato Quadro;08-08-2008;Derivados;PRT;
7400251762;GF5J;09237;GASOMARANTE-COMBUSTIVEIS E LUBRIFICANTES LDA;CQ_BSP_GF5J;Contrato Quadro;14-07-2008;Derivados;PRT;
8010772651;F7D2;09081;FRUTORRA- PIMENTA LDA;CQ_BSP_F7D2;Contrato Quadro;02-07-2008;Derivados;PRT;
0000244358;SU1K;08391;SANIREV SANITARIOS REVESTIMENTOS LDA;SU1K;Contrato Quadro;23-05-2008;Derivados;PRT;
8030957164;A57K;18405;A & Q-CONTABILIDADE,LDA;CQ_BSP_A57K;Contrato Quadro;14-05-2010;Derivados;PRT;
7400490265;F7JF;09656;FASHIONCON - SOCIEDADE UNIPESSOAL LDA;CQ_BSP_F7JF;Contrato Quadro;13-08-2008;Derivados;PRT;
5100283943;BTIH;09666;BRICOALMADA SOCIEDADE DE GESTAO E INVESTIMENTO LDA;CQ_BSP_BTIH;Contrato Quadro;18-08-2008;Derivados;PRT;
9002288631;FFM8;08970;FERNANDA FRAGA LDA;FFM8;Contrato Quadro;18-08-2008;Derivados;PRT;
9002440836;HSNF;09173;HENRIQUE SABINO IMOBILIARIA UNIPESSOAL LDA;HSNF;Contrato Quadro;15-07-2008;Derivados;PRT;
9000659889;O2R4;08523;MARTINS CUNHA E CA LDA;O2R4;Contrato Quadro;30-06-2008;Derivados;PRT;
7400337986;BYB6;18324;ARAUJO CAMPOS & OLIVEIRA LDA;CQ_BSP_BYB6;Contrato Quadro;27-04-2010;Derivados;PRT;
7400251973;DUEC;18325;CONSTRUCOES FREITAS SALGADO LDA;CQ_BSP_DUEC;Contrato Quadro;26-04-2010;Derivados;PRT;
1700212853;F94Y;18330;FIELDI - COMERCIO DE COMBUSTIVEIS, LDA.;CQ_BSP_F94Y;Contrato Quadro;12-05-2010;Derivados;PRT;
8046482284;PQAD;08602;PAO QUENTE ADRO DA IGREJA LDA;PQAD;Contrato Quadro;02-07-2008;Derivados;PRT;
3321005869;PL29;08608;PARIS LISBOA-CABELEIREIROS,LDA;PL29;Contrato Quadro;27-05-2008;Derivados;PRT;
1700193029;D5UL;08511;CLINICA MEDICA E DENTARIA DRA PAULA CRISTINA SILVA, LDA;D5UL;Contrato Quadro;04-08-2008;Derivados;PRT;
1700120172;G61X;08508;GIOMAX - COMERCIO DE PRODUTOS ALIMENTARES, LDA;G61X;Contrato Quadro;01-07-2008;Derivados;PRT;
8003952102;O2VP;08590;ORIBAZAR - COMERCIO E IMPORTACAO, LDA;O2VP;Contrato Quadro;28-07-2008;Derivados;PRT;
1700111111;D5YF;08591;CANURIMA LDA - EM LIQUIDACAO;D5YF;Contrato Quadro;23-05-2008;Derivados;PRT;
7400278131;D589;07906;C S DE Q - CONSTRUCOES DE QUALIDADE LDA;D589;Contrato Quadro;08-04-2008;Derivados;PRT;
7400597697;OLWC;17509;VOLTALIA PORTUGAL, S.A.;OLWC;Contrato Quadro;13-11-2014;Derivados;PRT;
7400500525;UPF1;18102;UDENS - AGUAS PISCINAS E AMBIENTE LDA;CQ_BSP_UPF1;Contrato Quadro;13-04-2010;Derivados;PRT;
7400469212;S2M5;09762;SOMARECTA INVESTIMENTOS IMOBILIARIOS E TURISTICOS LDA;CQ_BSP_S2M5;Contrato Quadro;11-08-2008;Derivados;PRT;
7400579758;LQHF;18104;LATIDO ANIMAIS E AFINS LDA;CQ_BSP_LQHF;Contrato Quadro;26-04-2010;Derivados;PRT;
7400030608;HM1B;08362;HENRIQUE MARCAL & FILHOS LDA;HM1B;Contrato Quadro;09-06-2008;Derivados;PRT;
1700185965;FTU7;08592;FRONTINO - TURISMO S.A.;FTU7;Contrato Quadro;03-07-2008;Derivados;PRT;
9002647218;BG5U;09840;BASPINHO - EXPLORACAO FLORESTAL LDA;CQ_BSP_BG5U;Contrato Quadro;11-09-2008;Derivados;PRT;
8030286774;FNWW;17535;FAFETEX INDUSTRIA DE MALHAS E CONFECCOES, LDA;FNWW;Contrato Quadro;25-02-2010;Derivados;PRT;
8027988583;KHJ8;08472;JMR - GESTAO DE EMPRESAS DE RETALHO SGPS S.A.;KHJ8;Contrato Quadro;05-02-2014;Derivados;PRT;
8046314779;C3OI;09687;CALDEIRA E CABRAL LDA;C3OI;Contrato Quadro;04-12-2008;Derivados;PRT;
9000674256;IC56;09836;INTERBEIRA - SOCIEDADE CONSTRUCOES, LDA;CQ_BSP_IC56;Contrato Quadro;24-11-2008;Derivados;PRT;
8006890934;B94Q;08078;ANTONINO MADEIRA GOUVEIA & FOS.LDA;B94Q;Contrato Quadro;16-05-2008;Derivados;PRT;
7400275558;EJJO;09858;EUROPA AR-LINDO SGPS SA;CQ_BSP_EJJO;Contrato Quadro;26-09-2008;Derivados;PRT;
8041616330;G622;08527;GIMNO-FIRME-GINASIO DE MANUTENCAO FISICA, UNIPESSOAL, LIMITADA;G622;Contrato Quadro;20-05-2008;Derivados;PRT;
8008478996;RUQM;09846;RIGUER, LDA;CQ_BSP_RUQM;Contrato Quadro;01-09-2008;Derivados;PRT;
312;S2L2;09530;SOGRAPE VINHOS S A;S2L2;Contrato Quadro;08-05-2015;Derivados;PRT;
8006014850;BG8P;09878;ANTONIO DE JESUS DA SILVA;CQ_BSP_BG8P;Contrato Quadro;27-08-2008;Derivados;PRT;
7400374405;EIWX;08613;ESCONDIDINHO CHEFE SILVA-TAPAS E PETISCOS LDA;EIWX;Contrato Quadro;14-07-2008;Derivados;PRT;
7401802683;LIOX;08236;LUIS FILIPE PEREIRA CASSIS;LIOX;Contrato Quadro;04-06-2008;Derivados;PRT;
9001531021;FTLB;09407;FORVI-ESTAMPARIA TEXTIL, LDA;CQ_BSP_FTLB;Contrato Quadro;18-09-2008;Derivados;PRT;
7400177086;IA5T;08370;INOUT - AUTOMACAO E CONTROLO, LDA.;IA5T;Contrato Quadro;20-05-2008;Derivados;PRT;
8009553590;M048;00993;COMPLETO & FARIA ENGENHARIA E CONSTRUCAO SA;M048;Contrato Quadro;24-06-2008;Derivados;PRT;
7400180959;VPUO;08971;VITOR PAIVA UNIPESSOAL LDA;VPUO;Contrato Quadro;17-07-2008;Derivados;PRT;
8008157791;SY7G;18028;SPORMEX-SOCIEDADE PORTUGUESA DE MONTAGENS DE EXPOSICOES S.A.;CQ_BSP_SY7G;Contrato Quadro;26-03-2010;Derivados;PRT;
8024865670;KIIF;09024;JAIME PEDROSA HENRIQUES MONIZ,LDA;KIIF;Contrato Quadro;18-06-2008;Derivados;PRT;
8046377316;W04R;09944;WINITROIA COMERCIO DE BEBIDAS E TABACOS LDA;CQ_BSP_W04R;Contrato Quadro;15-09-2008;Derivados;PRT;
7400500975;E1FD;09942;EXPOSTAR - EXPLORACAO DE MAQUINAS AUTOMATICAS LDA;E1FD;Contrato Quadro;18-09-2008;Derivados;PRT;
8009057068;EQZ9;18091;ELISIO DE BASTOS E SILVA;EQZ9;Contrato Quadro;07-04-2010;Derivados;PRT;
9002329508;SP4W;10165;SEVEME INDUSTRIAS METALURGICAS SA;SP4W;Contrato Quadro;31-10-2013;Derivados;PRT;
7400414854;BH6W;10318;A GENTE INVENTA - COMERCIO DE TEXTEIS LDA;CQ_BSP_BH6W;Contrato Quadro;12-01-2009;Derivados;PRT;
7400477745;VPAZ;09049;VIRADOS PARA A COSTA UNIPESSOAL LDA;CQ_BSP_VPAZ;Contrato Quadro;20-06-2008;Derivados;PRT;
5100341535;S4OZ;18209;SOCIEDADE COMERCIAL OREY ANTUNES SA;S4OZ;Contrato Quadro;20-05-2010;Derivados;PRT;
8001488911;BL18;09166;BRANCO LISBOA,LDA;BL18;Contrato Quadro;26-06-2008;Derivados;PRT;
7400400337;O4SY;09482;NOTAS DE INSPIRACAO - PASTELARIAS LDA;CQ_BSP_O4SY;Contrato Quadro;10-07-2008;Derivados;PRT;
2100655519;E1W5;18517;ESCAVATUDO DEMOLICOES E TERRAPLANAGENS, LDA;CQ_BSP_E1W5;Contrato Quadro;01-06-2010;Derivados;PRT;
7400611600;C53H;18520;CAMPANULA REAL-CONSTRUCAO E OBRAS PUBLICAS, UNIPESSOAL LDA;CQ_BSP_C53H;Contrato Quadro;08-06-2010;Derivados;PRT;
7400491859;OP9D;18522;MAGPOWER SOLUCOES DE ENERGIA SA;CQ_BSP_OP9D;Contrato Quadro;29-06-2010;Derivados;PRT;
2100233222;SO9A;09108;SEABRA FERREIRA, LDA;SO9A;Contrato Quadro;22-07-2008;Derivados;PRT;
8046535594;D6QI;09229;CARLOS JOSE GAMEIRO - SOCIEDADE UNIPESSOAL, LDA;CQ_BSP_D6QI;Contrato Quadro;10-07-2008;Derivados;PRT;
3341000123;ELYZ;09282;ESTEVAO LUIS SALVADOR,LDA;CQ_BSP_ELYZ;Contrato Quadro;17-07-2008;Derivados;PRT;
7400401212;S5I3;18476;SP - COMERCIO DE CARNES UNIP LDA;CQ_BSP_S5I3;Contrato Quadro;24-05-2010;Derivados;PRT;
7400343874;V0JE;09486;VULCAL - VULCANIZACOES E LUBRIFICANTES S.A.;CQ_BSP_V0JE;Contrato Quadro;09-09-2008;Derivados;PRT;
9002666111;OEC0;03269;OLIVERXIRA- IMOBILIARIA E CONSTRUCAO, LDA;OEC0;Contrato Quadro;31-10-2008;Derivados;PRT;
9002263897;S2LF;09588;SILVESTRE FESTAS-TENDAS EQUIPAMENTOS FESTAS,LDA;S2LF;Contrato Quadro;28-10-2008;Derivados;PRT;
8029661391;PXNP;18479;PROAÇO SOC.CONSTRUÇOES METALICAS LDA;CQ_BSP_PXNP;Contrato Quadro;20-05-2010;Derivados;PRT;
2100650509;O48Y;09117;MANUEL PEREIRA E FERREIRA, LDA;CQ_BSP_O48Y;Contrato Quadro;30-06-2008;Derivados;PRT;
9000636149;GD4V;09610;GRAFICA CENTRAL MEALHADENSE LDA.;GD4V;Contrato Quadro;11-09-2008;Derivados;PRT;
8006650651;CP00;03282;CAFIR - FABRICA DE PEUGAS LDA;CP00;Contrato Quadro;26-05-2008;Derivados;PRT;
8039546173;UE6Y;23326;BRITO & MIRANDA S.A.;UE6Y;Contrato Quadro;04-02-2013;Derivados;PRT;
9000681335;SUC1;09333;SURCOTUL-SOCIEDADE URBANIZACAO CONSTRUCOES,LDA;CQ_BSP_SUC1;Contrato Quadro;29-09-2008;Derivados;PRT;
7400292205;P1O9;18080;PLANALISE, PRODUTOS PARA ANALISES LDA;CQ_BSP_P1O9;Contrato Quadro;31-03-2010;Derivados;PRT;
8046085738;KIUC;09138;JOSNOG - CONSTRUCOES LDA;CQ_BSP_KIUC;Contrato Quadro;30-06-2008;Derivados;PRT;
8046541082;V0P5;18246;VIBRACUBO- PAVIMENTACAO LDA;CQ_BSP_V0P5;Contrato Quadro;14-04-2010;Derivados;PRT;
8030412135;O4IW;09255;MAJESFRAPE - MAQUINAS, FERRAMENTAS E REPRESENTACOES, LDA;CQ_BSP_O4IW;Contrato Quadro;09-07-2008;Derivados;PRT;
8002289041;R0KH;09468;RIBAPAO-SOCIEDADE PANIFICADORA LDA;CQ_BSP_R0KH;Contrato Quadro;06-10-2008;Derivados;PRT;
8024729876;R0QY;18309;RATO & BRAGA-EMPRESA DE TRABALHO TEMPORARIO,LDA;CQ_BSP_R0QY;Contrato Quadro;28-04-2010;Derivados;PRT;
7400578144;DUVU;18481;CONVENIENCIA CAPAZ - EXPLORACAO DE ESTABELECIMENTOS DE COMERCIO LDA;CQ_BSP_DUVU;Contrato Quadro;04-06-2010;Derivados;PRT;
8018555951;BYYE;18484;ANABELA CRISTIANA LIMA RIBEIRO LOURENCO SOARES;BYYE;Contrato Quadro;24-05-2010;Derivados;PRT;
7400154391;O51N;09524;MARCAL DUARTE & MARCAL LDA;O51N;Contrato Quadro;18-07-2008;Derivados;PRT;
5100276960;P1PN;18534;PERFILCASAS-CONSTRUCOES E OBRAS PUBLICAS LDA;CQ_BSP_P1PN;Contrato Quadro;08-06-2010;Derivados;PRT;
7400212384;S2JA;09099;SOCIEDADE AGRICOLA CASA ARANDA LDA;CQ_BSP_S2JA;Contrato Quadro;16-07-2008;Derivados;PRT;
7400122578;KIWE;09182;JERONIMO PEREIRA RIBEIRO, LDA;KIWE;Contrato Quadro;30-06-2008;Derivados;PRT;
3351006951;IHQK;18355;IMOBILIARIA AVELARES LDA.;CQ_BSP_IHQK;Contrato Quadro;27-05-2010;Derivados;PRT;
7400496116;RUJB;09590;REBOQUES M. AFONSO-SOCIEDADE UNIPESSOAL LDA;RUJB;Contrato Quadro;27-10-2008;Derivados;PRT;
2561001669;TB34;18356;TABACOS ANTONIO RITO, LDA;CQ_BSP_TB34;Contrato Quadro;03-05-2010;Derivados;PRT;
8031204066;D6RW;09269;CORMOURA-COMERCIO DE ARTIGOS DE PESCA LDA;CQ_BSP_D6RW;Contrato Quadro;22-08-2008;Derivados;PRT;
7400177726;C516;18359;COMDESIGN UNIPESSOAL LDA;CQ_BSP_C516;Contrato Quadro;06-05-2010;Derivados;PRT;
9002370676;DUIV;18362;CARLOS SOUSA & ADAO SILVA,LDA;CQ_BSP_DUIV;Contrato Quadro;27-05-2010;Derivados;PRT;
7400589522;EUWS;18364;ELECTRODOMESTICOS J CARVALHO & FILHO UNIP LDA;CQ_BSP_EUWS;Contrato Quadro;19-05-2010;Derivados;PRT;
7400138123;D7Q0;10239;CONSTRUCOES FELJOR LDA;CQ_BSP_D7Q0;Contrato Quadro;18-09-2008;Derivados;PRT;
8046358283;TDIZ;09342;TENDA DAS IDEIAS - LIVRARIA, UNIPESSOAL, LDA;CQ_BSP_TDIZ;Contrato Quadro;25-07-2008;Derivados;PRT;
1700130267;S2LP;09614;SINAMED - PRESTACAO SERVICOS MEDICOS LDA;CQ_BSP_S2LP;Contrato Quadro;14-08-2008;Derivados;PRT;
8046458897;KK8V;10069;JAIME ALMEIDA,LDA;CQ_BSP_KK8V;Contrato Quadro;15-09-2008;Derivados;PRT;
8029447631;D71K;09532;CONSTRUCOES GOMES & JUNIOR,LDA;CQ_BSP_D71K;Contrato Quadro;30-09-2008;Derivados;PRT;
7401060144;I0VD;08995;IBHERSTYLING - COMERCIO PARA AUTOMOVEIS, UNIPESSOAL LDA;CQ_BSP_I0VD;Contrato Quadro;25-06-2008;Derivados;PRT;
7400570517;S44O;17546;RESTELO XXI S.A.;S44O;Contrato Quadro;24-02-2010;Derivados;PRT;
7400353135;C3LA;08982;CANTARIAS BRITO & CARNEIRO LDA;C3LA;Contrato Quadro;03-07-2008;Derivados;PRT;
8004403771;NHCQ;05201;MARIA DE FATIMA MAGALHAES;NHCQ;Contrato Quadro;21-06-2010;Derivados;PRT;
1944;KQWF;16530;JMDB REPRESENTACAO E DISTRIBUICAO DE MARCAS UNIPESSOAL LDA;KQWF;Contrato Quadro;15-02-2010;Derivados;PRT;
162146;S47H;17557;RECHEIO - CASH & CARRY S.A.;S47H;Contrato Quadro;15-02-2010;Derivados;PRT;
46765;GNNC;18046;GELADOS MENORQUINA PORTUGAL LDA;CQ_BSP_GNNC;Contrato Quadro;02-06-2010;Derivados;PRT;
7400444327;ONS2;18136;NJD PROJECTOS CONSTRUCAO SA;CQ_BSP_ONS2;Contrato Quadro;14-04-2010;Derivados;PRT;
8028926615;M2MP;18139;MENDES & IRMAO-COMERCIO CANDEEIROS,LDA;CQ_BSP_M2MP;Contrato Quadro;11-06-2010;Derivados;PRT;
2631002815;D6OL;09170;DINOLUX - INDUSTRIA E COMERCIO DE MATERIAL ELECTRICO, SA;D6OL;Contrato Quadro;10-07-2008;Derivados;PRT;
7400431337;SOA8;09162;SUPERAINHA-SUPERMERCADOS LDA;CQ_BSP_SOA8;Contrato Quadro;14-07-2008;Derivados;PRT;
7400051932;U044;09494;URBIRESTAURO - CONSTRUCOES LDA;U044;Contrato Quadro;02-09-2008;Derivados;PRT;
7400701195;VUL4;18253;VIOLASCONSTROI UNIPESSOAL LDA;CQ_BSP_VUL4;Contrato Quadro;08-06-2010;Derivados;PRT;
8008385325;A3VJ;09022;ALVES & ALVES,LDA;A3VJ;Contrato Quadro;23-06-2008;Derivados;PRT;
5100410415;SYM9;18254;SEPRIMA MATÉRIA PRIMAS E SERVIÇO LDA;CQ_BSP_SYM9;Contrato Quadro;22-04-2010;Derivados;PRT;
8044857033;TTQ0;18255;TRANSPORTES TOUCEDO LDA;CQ_BSP_TTQ0;Contrato Quadro;28-04-2010;Derivados;PRT;
8006946903;P01A;03377;PATINTER - PORTUGUESA DE AUTOMOVEIS TRANSPORTADORES, S.A.;P01A;Contrato Quadro;25-08-2008;Derivados;PRT;
2100139679;O4F5;09221;MARQUES RASO LDA;CQ_BSP_O4F5;Contrato Quadro;30-06-2008;Derivados;PRT;
8046574222;D6RN;09259;DAUD & DAUD-SOCIEDADE DE INVESTIMENTOS IMOBILIARIOS,LDA;CQ_BSP_D6RN;Contrato Quadro;22-08-2008;Derivados;PRT;
1700016181;O3OW;08939;MARIA ISABEL DE ALMEIDA SOUSA;O3OW;Contrato Quadro;11-06-2008;Derivados;PRT;
7400062454;QDE1;09184;QUIKEMBAL-COMERCIO DE EMBALAG.,LDA;CQ_BSP_QDE1;Contrato Quadro;11-07-2008;Derivados;PRT;
7400695333;TE34;18089;TORRE DA ROCHA - REALIZACOES TURISTICAS LDA;CQ_BSP_TE34;Contrato Quadro;14-04-2010;Derivados;PRT;
8044541443;D6TA;09324;DETEXFIOS - FIOS ARTIGOS TEXTEIS LDA;D6TA;Contrato Quadro;04-08-2008;Derivados;PRT;
7400379387;O51A;09508;MUNDO SALGUEIRO - MUNDO SALGUEIRO PRODUCAO E ENGARRAFAMENTO DE VINHO E;CQ_BSP_O51A;Contrato Quadro;04-09-2008;Derivados;PRT;
8004795545;LIK2;07937;LUSOVENCOR-PUBLICIDADE E VENDAS LDA;LIK2;Contrato Quadro;17-04-2008;Derivados;PRT;
8032767068;OP20;09780;O POTE 2 - SNACK-BAR LDA;OP20;Contrato Quadro;02-09-2008;Derivados;PRT;
8046550853;KJZP;09850;JESUINO FREITAS - SOC.CONSTRUCOES,LDA;CQ_BSP_KJZP;Contrato Quadro;26-08-2008;Derivados;PRT;
7400265647;S2N8;09890;SOARES & ABEL COMERCIO DE PNEUS LDA.;CQ_BSP_S2N8;Contrato Quadro;28-08-2008;Derivados;PRT;
8006116335;SOXS;09863;SELEPRINTER-SOC.GRAFICA,LDA;CQ_BSP_SOXS;Contrato Quadro;05-09-2008;Derivados;PRT;
8046029980;D61M;08651;DESENTOPE - TECNICAS DE LIMPEZAS MECANIZADAS LDA;D61M;Contrato Quadro;06-06-2008;Derivados;PRT;
9002482535;D620;08662;CONSTRUCOES LOGO DEUS LDA;D620;Contrato Quadro;03-07-2008;Derivados;PRT;
8037969871;FU5J;18630;FLORICULTURA SANTA FILOMENA,LDA;CQ_BSP_FU5J;Contrato Quadro;22-07-2010;Derivados;PRT;
2671001233;LIJF;07853;LINHA AZUL-PISCINAS, LDA;LIJF;Contrato Quadro;11-04-2008;Derivados;PRT;
2311001073;FUEE;07946;FATOPER - UTILIDADES, EQUIPAMENTOS E INVESTIMENTOS IMOBILIARIOS, LDA;FUEE;Contrato Quadro;15-04-2008;Derivados;PRT;
8030301283;EQ46;08264;EMPRESA PORTUGUESA DE ELASTOMEROS LDA;EQ46;Contrato Quadro;01-11-2013;Derivados;PRT;
7400495173;P1A9;09641;PASS - RELACOES PUBLICAS, MARKETING E PUBLICIDADE, LDA;P1A9;Contrato Quadro;06-08-2008;Derivados;PRT;
7400207168;B9GU;08365;ALDEIAS DO AVE CONSTRUCOES PROMOCAO IMOBILIARIA LDA;B9GU;Contrato Quadro;30-06-2009;Derivados;PRT;
1700018404;O4AR;09135;MACOVEX MATERIAIS DE CONSTRUCAO SA;O4AR;Contrato Quadro;03-07-2008;Derivados;PRT;
7400170255;TGBI;07356;ALTRI SGPS SA;TGBI;Contrato Quadro;20-12-2016;Derivados;PRT;
2801000966;D5TL;08476;COMVAL COMERCIO DE VALVULAS LDA.;D5TL;Contrato Quadro;08-07-2008;Derivados;PRT;
8046457563;R0JP;08361;RODRIGUES & PINTO, LDA;R0JP;Contrato Quadro;09-05-2008;Derivados;PRT;
8042738569;A3X6;09289;ATLANTICA-INDUSTRIA PORCELANAS,LDA;CQ_BSP_A3X6;Contrato Quadro;03-10-2008;Derivados;PRT;
5100485341;EO1W;08529;EUNICE BASTOS DOS REIS, UNIPESSOAL LDA;EO1W;Contrato Quadro;25-07-2008;Derivados;PRT;
9000594712;O30L;08640;MECANICA EXACTA S.A.;O30L;Contrato Quadro;20-05-2008;Derivados;PRT;
7400626357;BWVB;17488;BAYSWATER, LDA;CQ_BSP_BWVB;Contrato Quadro;02-03-2010;Derivados;PRT;
7400317092;R0KN;09756;REMECOSO - INVESTIMENTOS IMOBILIARIOS LDA;CQ_BSP_R0KN;Contrato Quadro;07-08-2008;Derivados;PRT;
8030282902;O4MM;09336;MACOR MEDICA SERVICOS MEDICOS LDA;O4MM;Contrato Quadro;01-08-2008;Derivados;PRT;
8042284509;M238;09371;MATA-BORRAO - PUBLICIDADE E ARTES GRAFICAS UNIPESSOAL LDA;M238;Contrato Quadro;24-09-2008;Derivados;PRT;
9002036749;O42H;09053;NOVA DIMENSAO-SOCIEDADE CONSTRUCOES IMOBILIARIAS L;CQ_BSP_O42H;Contrato Quadro;04-07-2008;Derivados;PRT;
7400345637;GEZW;08307;GLOBALMAPA ENGENHARIA E TOPOGRAFIA LDA;GEZW;Contrato Quadro;30-04-2008;Derivados;PRT;
7400232680;D76I;09619;CASTRO GONCALVES UNIPESSOAL, LDA;CQ_BSP_D76I;Contrato Quadro;30-07-2008;Derivados;PRT;
5100431972;FF98;09621;FARMACIA CRUZ UNIPESSOAL LDA;FF98;Contrato Quadro;30-07-2008;Derivados;PRT;
8008944121;BWV9;17484;ANTONIO RODRIGUES MOTA & FOS.,LDA;BWV9;Contrato Quadro;01-03-2010;Derivados;PRT;
7400440834;KIHV;08988;JOAO FERREIRA SAMPAIO UNIPESSOAL LDA;KIHV;Contrato Quadro;16-07-2008;Derivados;PRT;
2100573546;P1AF;09693;PORTELA - EQUIPAMENTO HOSPITALAR E GERIATRICO, LDA;CQ_BSP_P1AF;Contrato Quadro;02-09-2008;Derivados;PRT;
1700025261;I1E0;20943;INTERESCRITORIO - MOBILIARIO INTERNACIONAL PARA ESCRITORIO LDA.;I1E0;Contrato Quadro;09-08-2011;Derivados;PRT;
8041886381;L0CA;09001;LEILOEIRA CORTE REAL, LDA.;L0CA;Contrato Quadro;24-06-2008;Derivados;PRT;
26065;DC42;09026;DULCIDIO BASTOS LDA;DC42;Contrato Quadro;14-07-2008;Derivados;PRT;
8041783075;GRX3;08990;GLOBALE RC URNAS LDA;GRX3;Contrato Quadro;22-07-2008;Derivados;PRT;
7400534061;E1TX;18449;ECOCAR - RECICLAGEM E TRANSPORTE DE RESIDUOS METALICOS LDA.;CQ_BSP_E1TX;Contrato Quadro;18-05-2010;Derivados;PRT;
8046519674;IUBA;18450;IRMAOS SOUSA - PAVIMENTACAO DE PEDRA LDA;CQ_BSP_IUBA;Contrato Quadro;17-05-2010;Derivados;PRT;
9001963748;SOWF;09806;SUAVECEL INDUSTRIA TRANSFORMADORA DE PAPEL, SA;CQ_BSP_SOWF;Contrato Quadro;05-09-2008;Derivados;PRT;
7400243649;FEZW;07909;VEIGA FARMA, SOCIEDADE UNIPESSOAL LDA;FEZW;Contrato Quadro;09-04-2008;Derivados;PRT;
8021050511;OP25;18472;MIGUEL CUNHA FERNANDES;OP25;Contrato Quadro;21-05-2010;Derivados;PRT;
9000750726;BIF7;09018;BIJU-RIA IMPORTACAO E EXPORTACAO LDA;BIF7;Contrato Quadro;19-06-2008;Derivados;PRT;
9002498475;BG2G;09767;ALUPONTE - SOCIEDADE DE CONSTRUCOES, UNIPESSOAL LDA;BG2G;Contrato Quadro;29-08-2008;Derivados;PRT;
2070007856;BD9I;09232;ANTONIO SANTOS & COMPANHIA;CQ_BSP_BD9I;Contrato Quadro;01-07-2008;Derivados;PRT;
7400474439;GD5Y;09872;GARCA BRANCA LDA;GD5Y;Contrato Quadro;26-09-2008;Derivados;PRT;
7400449408;I0UI;07995;IMOCAMARATEINTER - SOCIEDADE GESTAO IMOBILIARIA LDA;I0UI;Contrato Quadro;23-05-2008;Derivados;PRT;
7400024789;HDHM;08308;HNTRONICA-COMERCIO DE EQUIPAMENTOS ELECTRICOS, LDA;HDHM;Contrato Quadro;28-05-2008;Derivados;PRT;
7400236464;SU08;04635;SBA EUROPE UNIPESSOAL, LDA;CQ_BSP_SU08;Contrato Quadro;05-09-2008;Derivados;PRT;
8042770349;L0CH;09155;LOURO & SANTOS LDA;L0CH;Contrato Quadro;02-07-2008;Derivados;PRT;
2541002739;BD7R;09206;AQUAPRESSOR - COMERCIO DE MATERIAIS DE CONSTRUCAO LDA;BD7R;Contrato Quadro;16-04-2009;Derivados;PRT;
2801004465;I0UM;08253;INTERZONA - TRANSPORTES E DISTRIBUICAO DE MERCADORIAS LDA;I0UM;Contrato Quadro;07-05-2008;Derivados;PRT;
8004940934;B08L;08285;BARATA E MARCELINO ENGENHARIA ENERGETICA SA;B08L;Contrato Quadro;04-03-2010;Derivados;PRT;
8025159230;P16S;08599;PEDOURO - CALCADOS, LDA;P16S;Contrato Quadro;20-06-2008;Derivados;PRT;
8009695942;O5DL;09644;MANUEL JESUS LOPES & CA, LDA;O5DL;Contrato Quadro;04-08-2008;Derivados;PRT;
7400230659;S2JP;09213;SODIJO - SOCIEDADE DE GESTAO INVESTIMENTO,LDA;S2JP;Contrato Quadro;29-07-2008;Derivados;PRT;
1700036785;L0BU;08431;LATORN - INDUSTRIA METALURGICA, LDA;L0BU;Contrato Quadro;11-06-2008;Derivados;PRT;
7400251170;SNXH;08589;SERRALHARIA MECANICA LUNAVALV LDA;SNXH;Contrato Quadro;23-05-2008;Derivados;PRT;
1700103621;O4LN;09306;MARISCOS BARROSINHO LDA;CQ_BSP_O4LN;Contrato Quadro;04-08-2008;Derivados;PRT;
8042724777;ILEB;03149;IMPORCELOS - IMPORTACAO DE LOUCAS E BRINQUEDOS LDA;ILEB;Contrato Quadro;08-10-2019;Derivados;PRT;
8004554888;GS80;08606;GARRETT S.A.;GS80;Contrato Quadro;08-09-2008;Derivados;PRT;
7400348822;FF6P;09143;FARMACIA EUSIL UNIP LDA;CQ_BSP_FF6P;Contrato Quadro;26-06-2008;Derivados;PRT;
50179;SOHS;09370;SALIA MARIA GRILO FERNANDES TIAGO;SOHS;Contrato Quadro;14-07-2008;Derivados;PRT;
8040986884;O1FC;07871;MATIAS COSTA -TRANSPORTES LDA;O1FC;Contrato Quadro;13-05-2008;Derivados;PRT;
8009304552;S2UP;11999;SEABRA & IRMAO-TORNO FRESA,LDA;CQ_BSP_S2UP;Contrato Quadro;11-12-2008;Derivados;PRT;
8046378135;BFQ7;09652;AUSOTEX-IMPORTACAO EXPORTACAO E COMERCIALIZACAO DE TEXTEIS LDA.;CQ_BSP_BFQ7;Contrato Quadro;05-08-2008;Derivados;PRT;
9002012117;GD58;09751;GOMALVES-SOCIEDADE CONSTRUCOES LDA;CQ_BSP_GD58;Contrato Quadro;08-08-2008;Derivados;PRT;
9001434776;G655;09760;GADELHO & FILHOS SA.;G655;Contrato Quadro;08-09-2008;Derivados;PRT;
7400411595;EA8R;08012;ESTRELA ARTESANAL QUEIJARIA LDA;EA8R;Contrato Quadro;14-05-2008;Derivados;PRT;
8001496970;T0CA;05777;TEXMIN TEXTIL MINHO,SA;CQ_BSP_T0CA;Contrato Quadro;16-03-2010;Derivados;PRT;
8026287720;P19M;09473;KARABOGA, LDA;CQ_BSP_P19M;Contrato Quadro;23-09-2008;Derivados;PRT;
8046373990;FJ4F;17951;FERNANDO GONCALVES LDA;CQ_BSP_FJ4F;Contrato Quadro;15-05-2014;Derivados;PRT;
7400422155;EU4A;09561;EDITORNO - SOCIEDADE DE CONSTRUCOES LDA;CQ_BSP_EU4A;Contrato Quadro;31-07-2008;Derivados;PRT;
7400260383;G654;09737;GONCALVES & CAPELINHA LDA;CQ_BSP_G654;Contrato Quadro;11-08-2008;Derivados;PRT;
2100604943;EIFT;07880;ENATECNICA EQUIPAMENTOS ESCRITORIO, LDA;EIFT;Contrato Quadro;29-05-2008;Derivados;PRT;
8009075198;SQ85;10991;SOCIEDADE AGRO-PECUARIA DO VALE DA ADEGA S.A.;SQ85;Contrato Quadro;05-05-2010;Derivados;PRT;
7400259436;M2MR;18145;MARTINS & BRANDAO LDA;M2MR;Contrato Quadro;13-05-2010;Derivados;PRT;
7400088388;J0A6;08494;JOCER - INDUSTRIA DE MOVEIS E ESTOFOS,LDA;J0A6;Contrato Quadro;20-05-2008;Derivados;PRT;
8040044131;FA5H;08521;FAFEDIESEL-COM.ASSISTENCIA AUTO,LDA;FA5H;Contrato Quadro;06-06-2008;Derivados;PRT;
8021747788;O2QS;08522;MAGALHAES E MAGALHAES LDA;O2QS;Contrato Quadro;16-06-2008;Derivados;PRT;
7400573763;BYGJ;18346;ANA ISABEL ANTAO CORREIA;BYGJ;Contrato Quadro;07-05-2010;Derivados;PRT;
3351009369;G65N;09962;GUTENGRAFICA - ARTES GRAFICAS, LDA;G65N;Contrato Quadro;05-09-2008;Derivados;PRT;
7400076710;A3WP;09189;APMANOS - MONTAGENS E ISOLAMENTOS, LDA;A3WP;Contrato Quadro;28-08-2008;Derivados;PRT;
7400269577;M236;09258;MACOFREI - CALEIRAS E PERFIS LDA;M236;Contrato Quadro;10-07-2008;Derivados;PRT;
8040677929;KJ0E;09268;JET STAND MONTAGENS DE STANDS FEIRAS E EXPOSICOES LDA;KJ0E;Contrato Quadro;15-07-2008;Derivados;PRT;
7400365573;M2NT;18387;MOURA & RODRIGUES LDA;CQ_BSP_M2NT;Contrato Quadro;17-05-2010;Derivados;PRT;
8022793241;S338;14457;SOCIEDADE AGROBOLETOS,UNIPESSOAL LDA;CQ_BSP_S338;Contrato Quadro;08-06-2010;Derivados;PRT;
8043623956;O5GZ;09695;MARIA ASSUNCAO PORTELA - UNIPESSOAL LDA;O5GZ;Contrato Quadro;02-09-2008;Derivados;PRT;
7400410518;BFOY;09630;ALVARO MIGUEL CASTRO DE OLIVEIRA;CQ_BSP_BFOY;Contrato Quadro;07-08-2008;Derivados;PRT;
7400435397;SU1N;08398;SANTO SGPS S.A.;SU1N;Contrato Quadro;09-07-2008;Derivados;PRT;
7400342288;A3ZV;09769;ABREU & MOREIRA LDA;CQ_BSP_A3ZV;Contrato Quadro;11-08-2008;Derivados;PRT;
5100338728;DUJX;18378;DOCES DA QUINTA FABRICO DE BOLOS E DOCARIAS LDA;CQ_BSP_DUJX;Contrato Quadro;09-08-2010;Derivados;PRT;
7400459137;FJY3;18379;FERMENTOPAO DOCES CONVENTUAIS LDA;CQ_BSP_FJY3;Contrato Quadro;04-08-2010;Derivados;PRT;
7400100249;FJY4;18380;FERMENTOPAO - PAO ALENTEJANO S.A.;CQ_BSP_FJY4;Contrato Quadro;04-08-2010;Derivados;PRT;
9002521416;PXIC;18382;PREPLANTA-VIVEIROS HORTICOLAS,LDA;CQ_BSP_PXIC;Contrato Quadro;11-05-2010;Derivados;PRT;
7400436694;F95H;18385;FERMINOVA IV PORTO - INVESTIMENTOS, S.A.;CQ_BSP_F95H;Contrato Quadro;09-06-2010;Derivados;PRT;
8046411897;M24E;09617;MELEIRO - UNIPESSOAL LDA;CQ_BSP_M24E;Contrato Quadro;30-07-2008;Derivados;PRT;
9002684014;BFXT;09730;BORGES CASIMIRO MARQUES & ALVES SOCIEDADE MEDIACAO IMOBILIARIA LDA;CQ_BSP_BFXT;Contrato Quadro;24-11-2008;Derivados;PRT;
2100006059;D5SH;08463;CARPINTARIA DO PARQUE, LDA;D5SH;Contrato Quadro;09-05-2008;Derivados;PRT;
9002681551;L0CJ;09165;LUZIO,LDA;L0CJ;Contrato Quadro;25-07-2008;Derivados;PRT;
9002685466;BFVH;09676;A TORRE - SERVICOS E RESTAURACAO, LDA;CQ_BSP_BFVH;Contrato Quadro;07-08-2008;Derivados;PRT;
9002301763;TRNO;09744;TRANSLAMELAS-TRANSPORTES RODOVIARIOS, LDA;CQ_BSP_TRNO;Contrato Quadro;06-08-2008;Derivados;PRT;
2100155851;LIJ5;07835;LARGOPESCA PESCA E COMERCIALIZACAO, SA;LIJ5;Contrato Quadro;04-04-2008;Derivados;PRT;
7400508380;S2NL;09943;SODIVALENCA - SOCIEDADE GESTORA DE PARTICIPACOES SOCIAIS, LDA;S2NL;Contrato Quadro;03-09-2008;Derivados;PRT;
9002333312;BG9L;09907;A TELHA DO PAO - SOCIEDADE DE PADARIA E PASTELARIA LDA;CQ_BSP_BG9L;Contrato Quadro;05-09-2008;Derivados;PRT;
7400297563;SP36;09978;S.G.S.-SOCIEDADE MEDIADORA DE SEGUROS LDA;CQ_BSP_SP36;Contrato Quadro;29-09-2008;Derivados;PRT;
8038370117;GNO5;18318;GRUMAN - GRUAS DE MANGUALDE, LDA;GNO5;Contrato Quadro;14-05-2010;Derivados;PRT;
8008009546;CMLB;17048;CALSIL-MALHAS LDA;CMLB;Contrato Quadro;21-02-2007;Derivados;PRT;
7400021863;PL53;10053;PINHAIS CABELEIREIROS LDA;CQ_BSP_PL53;Contrato Quadro;23-09-2008;Derivados;PRT;
7400094322;OPDA;10032;ORAL PLAN - CONSULTADORIA NA AREA DA SAUDE LDA;CQ_BSP_OPDA;Contrato Quadro;15-09-2008;Derivados;PRT;
8046527287;KGO1;08015;JOSE MARIA GONCALVES FERREIRA LDA;KGO1;Contrato Quadro;22-04-2008;Derivados;PRT;
8038874831;L0BO;08002;LAGOSINTER - SUPERMERCADOS LIMITADA;L0BO;Contrato Quadro;30-04-2008;Derivados;PRT;
8027459318;EJHE;08057;EDUARDO JOAQUIM FIGUEIRA & FILHOS LDA;EJHE;Contrato Quadro;11-04-2008;Derivados;PRT;
8046379847;V0IP;08085;VICENTE & CAMPOS-COMERCIO SIMPLIFICADO DE FERRAGENS E FERRAMENTAS,LDA;V0IP;Contrato Quadro;15-04-2008;Derivados;PRT;
8002272065;S06O;01496;SOMALIA-SOCIEDADE DE MALHAS LDA;CQ_BSP_S06O;Contrato Quadro;01-08-2008;Derivados;PRT;
1700196284;C3ML;09303;CLAUDIA & RAQUEL, LDA;C3ML;Contrato Quadro;16-07-2008;Derivados;PRT;
8000170836;ECD4;01546;EVICAR-COMERCIO CAMIOES,S.A;ECD4;Contrato Quadro;05-06-2008;Derivados;PRT;
3611001773;D5RQ;08455;COMETIL-COMERCIO DE EQUIPAMENTO TECNICO INDUSTRIAL, LDA;D5RQ;Contrato Quadro;30-05-2008;Derivados;PRT;
9002629292;GVDH;08449;GRANITOS VALE DE AGUIAR LDA;GVDH;Contrato Quadro;04-07-2008;Derivados;PRT;
7400375425;SA9U;08768;SORRISO AUTENTICO LDA;SA9U;Contrato Quadro;08-07-2008;Derivados;PRT;
7400434104;O4MF;09318;MIKE S INVESTIMENTOS IMOBILIARIOS LDA.;O4MF;Contrato Quadro;16-10-2008;Derivados;PRT;
2100924727;E1C9;08513;ESTEVAL INVESTIMENTOS IMOBILIARIOS, SA;E1C9;Contrato Quadro;27-08-2008;Derivados;PRT;
2101128948;ITVW;08006;INTERBAULHE TRANSPORTES UNIPESSOAL, LDA;ITVW;Contrato Quadro;08-04-2008;Derivados;PRT;
7400475093;D742;09576;CDCVA CENTRO DIAGONOSTICO CARDIOVASCULAR DO ALGARVE LDA;D742;Contrato Quadro;28-08-2008;Derivados;PRT;
8046542267;DQJA;17814;CONHECER MAIS TI CONSULTORIA EM TECNOLOGIA DE INFORMACAO SA;CQ_BSP_DQJA;Contrato Quadro;24-11-2010;Derivados;PRT;
8041918681;TES8;04111;TRANSPORTES ENCARNACAO SA;TES8;Contrato Quadro;06-02-2007;Derivados;PRT;
9002490386;SOQG;09657;SAMOA-SOCIEDADE DE CONSTRUCAO CIVIL LDA;CQ_BSP_SOQG;Contrato Quadro;03-10-2008;Derivados;PRT;
5100262187;R0IY;07558;RICARDO & BARBOSA LDA;R0IY;Contrato Quadro;06-05-2008;Derivados;PRT;
8008346496;E00O;03308;EDOR FABRICA DE ELASTICOS, LDA;E00O;Contrato Quadro;14-05-2009;Derivados;PRT;
8021405543;O4SR;09453;MARMOGUIA-MARMORES CANTARIAS,LDA;CQ_BSP_O4SR;Contrato Quadro;14-07-2008;Derivados;PRT;
7400040996;BEP6;09338;ASSOCIACAO DE APOIO SOCIAL DE PERAFITA;CQ_BSP_BEP6;Contrato Quadro;10-02-2009;Derivados;PRT;
7400369711;BC78;09078;BIOBRANCO II - COMPRA E VENDA DE BIOMASSA LDA.;BC78;Contrato Quadro;03-06-2009;Derivados;PRT;
8001615441;B9EX;08346;AURACORK - AUGUSTO DE OLIVEIRA PAIS E COMPANHIA, LDA;SGC 208743;Contrato Quadro;30-04-2008;Derivados;PRT;
8010552614;O45C;09083;MOBILADORA IDEAL TERRUGEM,LDA;CQ_BSP_O45C;Contrato Quadro;20-06-2008;Derivados;PRT;
7400403183;BD5M;09134;AUTO REPARADORA JOSE COSTA, UNIPESSOAL LDA;BD5M;Contrato Quadro;04-07-2008;Derivados;PRT;
6220013195;M23F;09445;MILLOT - EMPRESA GERAL ELECTRICIDADE, LDA;CQ_BSP_M23F;Contrato Quadro;22-07-2008;Derivados;PRT;
8046397069;RUKD;09649;MASSA INSOLVENTE DE RAFAEL GUEDES OLIVEIRA LDA;CQ_BSP_RUKD;Contrato Quadro;18-08-2008;Derivados;PRT;
7400093905;A40U;09867;ALVES & AGOSTINHO CONSTRUCOES LDA;A40U;Contrato Quadro;30-10-2008;Derivados;PRT;
8042723736;DT7G;09912;DURIARTE SOC SERVICOS TECNICOS CONSTRUCAO CIVIL ELECTRICIDADE LDA;CQ_BSP_DT7G;Contrato Quadro;23-09-2008;Derivados;PRT;
9001991672;KK5E;09910;JOAQUIM FARINHA & FILHOS LDA;CQ_BSP_KK5E;Contrato Quadro;22-06-2009;Derivados;PRT;
7400177718;ONI6;18049;MIRA PARQUE - PADARIA PASTELARIA, LDA;CQ_BSP_ONI6;Contrato Quadro;12-04-2010;Derivados;PRT;
8046350760;BXQX;18051;ADELINO MOREIRA REIS - UNIPESSOAL LDA;CQ_BSP_BXQX;Contrato Quadro;19-03-2010;Derivados;PRT;
1700097451;A3ON;07885;AMILCARTRANS - TRANSPORTES UNIPESSOAL LDA;A3ON;Contrato Quadro;20-06-2008;Derivados;PRT;
2431009513;I0UL;;INOXTUBO SA;I0UL;Contrato Quadro;07-05-2008;Derivados;PRT;
8040416459;L0BS;08337;LUZIMECA - INSTALACOES TECNICAS ESPECIAIS, LDA;L0BS;Contrato Quadro;11-06-2008;Derivados;PRT;
7400095455;K7ZO;08119;JAC - NEGOCIOS E GESTAO S.A.;K7ZO;Contrato Quadro;07-08-2008;Derivados;PRT;
7400420623;DE4I;07949;DICAS DE SUCESSO-PROMOCAO E ARRENDAMENTO DE IMOVEIS LDA;DE4I;Contrato Quadro;04-04-2008;Derivados;PRT;
8046570123;P15T;08342;PARAMIDOURO - CONSTRUCOES LIMITADA;P15T;Contrato Quadro;23-05-2008;Derivados;PRT;
9000682018;B9GS;08363;AREA GABINETE ESTUDOS PROJECTOS,LDA;B9GS;Contrato Quadro;24-06-2008;Derivados;PRT;
8018438911;B9J9;08403;ALVES GOMES & CARVALHO,LDA;B9J9;Contrato Quadro;06-05-2008;Derivados;PRT;
6221060869;SU0Q;08104;SDL SOCIEDADE DE DECORACOES;SU0Q;Contrato Quadro;28-05-2008;Derivados;PRT;
5100312157;PKQX;09235;P A G R - EMPREENDIMENTOS IMOBILIARIOS SA;PKQX;Contrato Quadro;20-08-2008;Derivados;PRT;
9001651172;S2ID;08937;SADOFOGO EQUIPAMENTO PROTECCAO SEGURANCA UNIPESSOAL LDA;S2ID;Contrato Quadro;11-09-2008;Derivados;PRT;
7400424159;SQ5O;08335;SALK PROPERTIES PORTUGAL LDA;SQ5O;Contrato Quadro;23-04-2008;Derivados;PRT;
8001327733;FDN2;01582;FABRICA MALHAS TIVA,LDA;FDN2;Contrato Quadro;08-10-2013;Derivados;PRT;
8046256015;PF0A;02643;PINHOTEX - COMERCIO FIOS TEXTEIS, LDA;PF0A;Contrato Quadro;23-06-2008;Derivados;PRT;
2100682859;BF3P;09446;ANADIAGRO COMERCIO DE FITOFARMACOS LDA;BF3P;Contrato Quadro;05-08-2008;Derivados;PRT;
7400182568;LFCY;08497;LATERTEX FASHION CONFECCOES LDA;LFCY;Contrato Quadro;24-06-2008;Derivados;PRT;
2100711583;D5V2;08514;CAVES SANTA MARTA VINHOS E DERIVADOS CRL;D5V2;Contrato Quadro;18-06-2008;Derivados;PRT;
8046148335;O5PX;09805;NASCIFER SERRALHARIA CIVIL LDA;CQ_BSP_O5PX;Contrato Quadro;26-08-2008;Derivados;PRT;
7400399047;QS0G;08466;QUARCA - IMOBILIARIA, S.A.;QS0G;Contrato Quadro;20-05-2008;Derivados;PRT;
3931007213;HGIM;08483;HM2 SOCIEDADE GESTORA INVESTIMENTOS LDA;HGIM;Contrato Quadro;19-06-2008;Derivados;PRT;
1700071930;M20R;08481;BLUE DAWN SOCIEDADE GESTORA DE INVESTIMENTOS LDA;M20R;Contrato Quadro;03-06-2008;Derivados;PRT;
9002676368;GTKR;18118;GARAGEM SANTA TERESA LDA;CQ_BSP_GTKR;Contrato Quadro;08-04-2010;Derivados;PRT;
8039669222;A3OW;08008;ANTUNES & DUARTE,LDA;A3OW;Contrato Quadro;10-04-2008;Derivados;PRT;
7400026846;E1SE;18125;EUROVIGIA SERVICOS DE SEGURANCA LDA;CQ_BSP_E1SE;Contrato Quadro;06-05-2010;Derivados;PRT;
7400287775;D5D1;08075;CASL CONSTRUCOES LDA;D5D1;Contrato Quadro;07-05-2008;Derivados;PRT;
8044234121;P18I;09070;PARAISO - ACTIVIDADES HOTELEIRAS LDA;P18I;Contrato Quadro;19-06-2008;Derivados;PRT;
7400369597;E1DW;09307;ENGISOM - IMPORTACAO EXPORTACAO MATERIAL SOM LDA;E1DW;Contrato Quadro;25-07-2008;Derivados;PRT;
7400274383;J0A2;07841;JORDAOTIR - TRANSPORTES UNIPESSOAL LDA;J0A2;Contrato Quadro;27-08-2008;Derivados;PRT;
2841001415;ITNP;07851;IMOBILIARIA TRANSMONTANA, LDA;ITNP;Contrato Quadro;03-04-2008;Derivados;PRT;
7400283700;C3LO;09124;CONVEXSTILE - ARTE E DESIGN UNIPESSOAL LDA;C3LO;Contrato Quadro;07-07-2008;Derivados;PRT;
8008651761;H0I3;08207;HABITASINTRA-EMP.URBANOS,LDA;H0I3;Contrato Quadro;24-04-2008;Derivados;PRT;
7400301288;IE9B;08333;IBERMODULO - ALUGUER DE MODULOS E EQUIPAMENTOS, LDA;IE9B;Contrato Quadro;02-02-2017;Derivados;PRT;
8017875469;IA5U;08385;ICOPA - INDUSTRIA E COMERCIO DE PRODUTOS ALIMENTARES, S.A.;IA5U;Contrato Quadro;27-05-2008;Derivados;PRT;
8025150663;D5OS;08360;CASA DAS JANTES DE NARCISO MONTEIRO XAVIER,LDA;D5OS;Contrato Quadro;30-06-2008;Derivados;PRT;
8043741667;AOHT;04585;AMF, LDA;AOHT;Contrato Quadro;11-06-2008;Derivados;PRT;
7400372435;M22R;09131;MARQUES & SANTIAGO - SERVICO APOIO A CRIANCA LDA;M22R;Contrato Quadro;02-07-2008;Derivados;PRT;
1700144932;BD98;09225;BARROSO & CA LDA;CQ_BSP_BD98;Contrato Quadro;03-07-2008;Derivados;PRT;
7400401380;BD55;09122;ANGROLA S-PROMOCAO IMOBILIARIA LDA;CQ_BSP_BD55;Contrato Quadro;21-07-2008;Derivados;PRT;
7400032108;D5V5;08520;CONSTRUCOES LOPES & JOEL, LDA;D5V5;Contrato Quadro;24-09-2008;Derivados;PRT;
7400409959;RTYS;08556;RUVILFER SOCIEDADE DE CONSTRUCAO CIVIL E OBRAS PUBLICAS LDA;RTYS;Contrato Quadro;29-05-2008;Derivados;PRT;
7400162087;FEYI;07582;FARMACIA DA PENHA UNIPESSOAL LDA;FEYI;Contrato Quadro;26-03-2008;Derivados;PRT;
259774;DL1F;06015;DULCETEXTIL LDA;DL1F;Contrato Quadro;26-03-2008;Derivados;PRT;
8030547340;MU22;04167;MUNDI GLOBE TRADING COMERCIO INTERNACIONAL, S.A.;MU22;Contrato Quadro;15-04-2008;Derivados;PRT;
7400047151;I0UE;07862;INIGMA - SOC. MEDIACAO IMOBILIARIA LDA;I0UE;Contrato Quadro;23-06-2008;Derivados;PRT;
8008249284;KJ1A;09286;JOSE RAMIRO GUERRA MOREIRA;CQ_BSP_KJ1A;Contrato Quadro;26-09-2008;Derivados;PRT;
8020657111;TRNK;09366;TRANSPORTADORA RODOVIARIA MODERNA DE POMBAL, LDA;CQ_BSP_TRNK;Contrato Quadro;04-09-2008;Derivados;PRT;
8036073235;ERLU;03111;EUROCHOCOLATE SOCIEDADE REPRESENTACOES LDA;cq 17249;Contrato Quadro;18-07-2008;Derivados;PRT;
8046576522;O4SN;09437;NOGUEIRA & GASPAR - CONSTRUCOES, LDA;CQ_BSP_O4SN;Contrato Quadro;25-07-2008;Derivados;PRT;
8008978609;RLIC;01105;RILIX - INDUSTRIA DE CALCADO LDA;RLIC;Contrato Quadro;10-04-2002;Derivados;PRT;
9000676445;BTFW;08349;BEIRA SUMOS LDA;BTFW;Contrato Quadro;23-05-2008;Derivados;PRT;
3311001580;V09F;04603;VETALMEX - ADITIVOS QUIMICOS, LDA.;V09F;Contrato Quadro;25-09-2013;Derivados;PRT;
7400239898;O5GO;09682;MOTIVO DE CONVERSA, LDA;CQ_BSP_O5GO;Contrato Quadro;18-09-2008;Derivados;PRT;
2100188392;A3ZH;09684;MASSA INSOLVENTE DE AGROQUISA - AGROQUIMICOS, SA;A3ZH;Contrato Quadro;15-09-2008;Derivados;PRT;
2078;PD01;03631;PINGO DOCE-DISTRIBUICAO ALIMENTAR S.A.;PD01;Contrato Quadro;26-08-2014;Derivados;PRT;
8039118357;KIVY;09146;CHAIR WORLD LDA;CQ_BSP_KIVY;Contrato Quadro;26-06-2008;Derivados;PRT;
9002411731;M24M;09673;SUNREST 97, RESTAURACAO RAPIDA UNIPESSOAL, LDA.;CQ_BSP_M24M;Contrato Quadro;27-08-2008;Derivados;PRT;
218152;KJ3V;09362;JOARTES-ARTES GRAFICAS,LDA;KJ3V;Contrato Quadro;08-08-2008;Derivados;PRT;
7400032094;D6TI;09347;CLAUDIA RESENDE, UNIPESSOAL LDA;CQ_BSP_D6TI;Contrato Quadro;14-07-2008;Derivados;PRT;
8046559470;PQ61;09703;PEOPLES PHONE, EQUIPAMENTO DE TELECOMUNICACOES S.A.;CQ_BSP_PQ61;Contrato Quadro;11-08-2008;Derivados;PRT;
7400435185;D7DW;09811;DISTRIALPIARCA - SOCIEDADE GESTORA DE PARTICIPACOES SOCIAIS LDA;CQ_BSP_D7DW;Contrato Quadro;10-09-2008;Derivados;PRT;
7400234943;M19Z;05064;MCS TEXTILE SOLUTIONS, LDA;M19Z;Contrato Quadro;27-08-2008;Derivados;PRT;
1700115466;QDCP;09820;QUEIJADINHA DO CACEM, PASTELARIA LDA;QDCP;Contrato Quadro;13-08-2008;Derivados;PRT;
1700022626;F7L7;09826;PORTORIENTE, S.A.;F7L7;Contrato Quadro;20-08-2008;Derivados;PRT;
8001929253;C09R;01381;CONSORIMA-COMERCIO PRODUTOS QUIMICOS, S.A.;C09R;Contrato Quadro;30-07-2008;Derivados;PRT;
8046570741;D6ZV;09500;CONSTRUCOES A.MARTINS & M.SILVA LDA;CQ_BSP_D6ZV;Contrato Quadro;23-07-2008;Derivados;PRT;
8001764975;D6TG;09340;CERAMICA DE PEGOES - J. G. SILVA S.A.;D6TG;Contrato Quadro;11-09-2008;Derivados;PRT;
7400357021;O4SS;09459;MJFT CONSTRUCOES UNIPESSOAL LDA;CQ_BSP_O4SS;Contrato Quadro;23-09-2008;Derivados;PRT;
55185;MUL2;04414;MANOEL D. POCAS JUNIOR - VINHOS, S.A.;CQ_BSP_MUL2;Contrato Quadro;27-06-2008;Derivados;PRT;
1700102732;KIOI;09072;JOSE MARCELO - INSTALACOES ELECTRICAS LDA;KIOI;Contrato Quadro;25-06-2008;Derivados;PRT;
7400352552;LS9I;09421;L RIBEIRO PROMOCAO DISTRIBUICAO ALIMENTAR LDA;CQ_BSP_LS9I;Contrato Quadro;15-09-2008;Derivados;PRT;
8046490618;D6G6;08979;COUTO SERENO, UNIPESSOAL LDA;D6G6;Contrato Quadro;10-07-2008;Derivados;PRT;
8046576520;O4SM;09435;NOGUEIRA RODRIGUES E FILHOS, LDA;O4SM;Contrato Quadro;25-07-2008;Derivados;PRT;
8046346227;O1FA;07868;MAGIC EME GESTAO DE RESTAURANTES SA;O1FA;Contrato Quadro;20-05-2008;Derivados;PRT;
2351005929;C098;02810;CARLOS E LUZ CONSTRUCAO COMPRA E VENDA DE IMOVEIS LDA;C098;Contrato Quadro;12-12-2008;Derivados;PRT;
7400403792;D5NM;08347;CENTRAL DE ALMOSTER UNIPESSOAL LDA;D5NM;Contrato Quadro;25-06-2008;Derivados;PRT;
5100329261;C3HQ;08352;CONSMAVE- MATERIAIS DE CONSTRUÇÃO DE AVEIRO SA;C3HQ;Contrato Quadro;30-04-2008;Derivados;PRT;
151132;IFJJ;09175;IFERMOL-INDUSTRIA DE FERRAMENTAS E MOLDES LDA;CQ_BSP_IFJJ;Contrato Quadro;13-10-2008;Derivados;PRT;
3901001443;M20G;08357;MARTINS & IRMAO LDA;M20G;Contrato Quadro;05-05-2008;Derivados;PRT;
7400455947;FF6Z;09180;FORMULA FELIZ - AUTO REPARADORA LDA;CQ_BSP_FF6Z;Contrato Quadro;11-07-2008;Derivados;PRT;
8006625497;BD79;09187;AUTO ACESSORIOS GIL VICENTE,LDA;CQ_BSP_BD79;Contrato Quadro;03-07-2008;Derivados;PRT;
8040505031;F7GP;09476;F2J LDA;CQ_BSP_F7GP;Contrato Quadro;06-10-2008;Derivados;PRT;
5100472773;PKP5;09087;PINTURA CERTA - SERVIÇOS DE PINTURA LDA;PKP5;Contrato Quadro;30-06-2008;Derivados;PRT;
7400349285;PKQG;09197;PRE AVE - PRE ESFORCADOS LDA;CQ_BSP_PKQG;Contrato Quadro;29-07-2008;Derivados;PRT;
8002207905;EIKO;08344;EVICAR IMOBILIARIA-COMPRA VENDA PROP.LDA;EIKO;Contrato Quadro;05-06-2008;Derivados;PRT;
8039069942;IPZA;09535;INSTALADORA PINHEIRO MANSO INDUSTRIA PICHELARIA LDA;CQ_BSP_IPZA;Contrato Quadro;28-07-2008;Derivados;PRT;
8029207783;ONJT;18060;MAQUIMOURA-REP.E ALUGER DE MAQ.,LDA;CQ_BSP_ONJT;Contrato Quadro;12-04-2010;Derivados;PRT;
7400459816;C3NR;09571;CAMPOLIDE XXI, INVESTIMENTOS IMOBILIARIOS, S.A.;CQ_BSP_C3NR;Contrato Quadro;22-08-2008;Derivados;PRT;
7400374292;OM2H;17528;NATURAL - INDUSTRIA DE PAPEL S.A.;CQ_BSP_OM2H;Contrato Quadro;11-02-2010;Derivados;PRT;
7400206867;OMPX;08459;OPTICA MEDICA PEDRA VERDE UNIPESSOAL LDA;OMPX;Contrato Quadro;29-05-2008;Derivados;PRT;
8043539910;O2O6;08479;MACARONESIA TOURS-AG VIAGENS TURISMO,LDA;O2O6;Contrato Quadro;20-05-2008;Derivados;PRT;
7400034343;B9MS;08485;A AREAL IMOBILIARIA, S.A.;B9MS;Contrato Quadro;17-12-2009;Derivados;PRT;
17864;BA9F;08890;ATRON CABOS, S.A.;CQ_BSP_BA9F;Contrato Quadro;24-05-2010;Derivados;PRT;
5100276420;O1GB;07893;MÉDICOS ORGANIZADOS PARA SERVIÇOS DE SAÚDE LDA;O1GB;Contrato Quadro;23-04-2008;Derivados;PRT;
8041608496;SVPW;07891;SERRACAO VERDE PINHO, LDA;SVPW;Contrato Quadro;20-05-2008;Derivados;PRT;
7400364682;BBZ5;09003;AURELIA GOUVEIA E FILHOS LDA;BBZ5;Contrato Quadro;21-07-2008;Derivados;PRT;
9002033498;O45D;09085;MANUEL CHAVES DA SILVA;O45D;Contrato Quadro;24-06-2008;Derivados;PRT;
7400309974;I0UK;08069;IRISGREEN - INVESTIMENTOS IMOBILIARIOS LDA;I0UK;Contrato Quadro;26-06-2008;Derivados;PRT;
7400282068;V0IX;08517;VIVALISA - LIMPEZA INDUSTRIAL E SERVICOS DO AMBIENTE LDA;V0IX;Contrato Quadro;15-05-2008;Derivados;PRT;
7400079392;M1L5;05604;MAITEC PROJECTOS METALOMECANICOS LDA;CQ_BSP_M1L5;Contrato Quadro;21-09-2007;Derivados;PRT;
9002366622;WMTE;03033;VITOR MOTA & SILVA - CONSTRUCOES E IMOBILIARIA, LDA;CQ_BSP_WMTE;Contrato Quadro;12-12-2005;Derivados;PRT;
7400167130;FQ04;05607;FERNANDO QUINTELAS LDA;CQ_BSP_FQ04;Contrato Quadro;31-01-2008;Derivados;PRT;
8027078554;N00E;03514;NIOBEL - IMPORTACAO, EXPORTACAO, TRANSFORMACAO E COMERCIO DE PRODUTOS;CQ_BSP_N00E;Contrato Quadro;21-09-2007;Derivados;PRT;
5100267008;CZUA;05643;CARLOS MOURA COMERCIO DE VESTUARIO E CALCADO LDA;CQ_BSP_CZUA;Contrato Quadro;31-08-2007;Derivados;PRT;
7400203846;HI0P;05626;HABISERVE - INVESTIMENTOS IMOBILIARIOS LIMITADA;CQ_BSP_HI0P;Contrato Quadro;03-10-2007;Derivados;PRT;
0000074998;J03H;05388;JULAR-MADEIRAS,SA;CQ_BSP_J03H;Contrato Quadro;26-09-2007;Derivados;PRT;
1700124128;IP20;05627;INERTOMAQUINAS - PEDREIRAS E BRITAS, UNIPESSOAL LDA;CQ_BSP_IP20;Contrato Quadro;31-08-2007;Derivados;PRT;
9002508732;T0BX;05532;TRANSALOIA - TRANSPORTE DE PASSAGEIROS LDA;CQ_BSP_T0BX;Contrato Quadro;05-03-2008;Derivados;PRT;
7400359540;V0FN;05546;VISTALOBOS - PROMOTORES IMOBILIARIOS LDA;CQ_BSP_V0FN;Contrato Quadro;29-08-2007;Derivados;PRT;
3931008410;K7EB;05614;JARDIM DAS BRINCADEIRAS - CRECHE E JARDIM DE INFANCIA, LDA;CQ_BSP_K7EB;Contrato Quadro;03-10-2007;Derivados;PRT;
8045938843;BE6Q;05625;BRICOBRANCO - SOCIEDADE DE DISTRIBUICAO DE BRICOLAGE LDA;CQ_BSP_BE6Q;Contrato Quadro;08-10-2007;Derivados;PRT;
7400002152;K7FK;05632;FCC FARMACIA UNIPESSOAL LDA;CQ_BSP_K7FK;Contrato Quadro;04-10-2007;Derivados;PRT;
5100370389;KMDF;02330;CAVES CAMPELO SA;CQ_BSP_KMDF;Contrato Quadro;23-03-2005;Derivados;PRT;
8001161703;GBTF;03034;FABOLACHA-FAB.BOLACHAS SABORAVEL,LDA;CQ_BSP_GBTF;Contrato Quadro;28-12-2005;Derivados;PRT;
2101156328;GIPP;05570;GRANITOS IRMAOS PEIXOTO, LDA;CQ_BSP_GIPP;Contrato Quadro;20-09-2007;Derivados;PRT;
7400323799;VRL4;05555;VNP RESTAURACAO LDA;CQ_BSP_VRL4;Contrato Quadro;03-09-2007;Derivados;PRT;
2551000944;S1VT;05526;SOCIMPAUTO - IMPORTACAO E COMERCIO DE ACESSORIOS PARA AUTOMOVEIS LDA;CQ_BSP_S1VT;Contrato Quadro;01-10-2007;Derivados;PRT;
7400179103;PM39;05504;PAULO MACHADO & IRMAO - ALIMENTOS CONGELADOS LDA;CQ_BSP_PM39;Contrato Quadro;01-10-2007;Derivados;PRT;
8002156855;G4SK;05621;GIL & ALVES,LDA;CQ_BSP_G4SK;Contrato Quadro;13-09-2007;Derivados;PRT;
8009146601;PCDN;03204;PORTAX-COMPONENTES DE MOVEIS S.A.;CQ_BSP_PCDN;Contrato Quadro;04-04-2008;Derivados;PRT;
7400292118;NMQT;05507;MALVELAR II - INDUSTRIA TEXTIL LDA;CQ_BSP_NMQT;Contrato Quadro;04-09-2007;Derivados;PRT;
8008728277;I0PX;05605;INOXHOTEL-EQUIP.HOTELARIA,LDA;CQ_BSP_I0PX;Contrato Quadro;09-10-2007;Derivados;PRT;
7400278500;K7FX;05631;KHRIA - CONSTRUCAO E RECUPERACAO DE IMOVEIS ANTIGOS LDA;CQ_BSP_K7FX;Contrato Quadro;03-09-2007;Derivados;PRT;
8046162782;KISU;02676;AUFERMA-INVESTIMENTOS IMOBILIARIOS SA;CQ_BSP_KISU;Contrato Quadro;19-07-2005;Derivados;PRT;
7400372153;HUL2;05494;HIBISCOMED UNIPESSOAL LDA;CQ_BSP_HUL2;Contrato Quadro;04-09-2007;Derivados;PRT;
8005941571;P0WU;05655;PEREIRA & GOULART LDA;CQ_BSP_P0WU;Contrato Quadro;24-09-2007;Derivados;PRT;
8001485156;MDR0;00737;M. OLIVEIRA REIS SA;CQ_BSP_MDR0;Contrato Quadro;20-09-2007;Derivados;PRT;
7400216689;A309;05659;AMP - UNIPESSOAL LDA.;CQ_BSP_A309;Contrato Quadro;17-09-2007;Derivados;PRT;
8001618223;CIS4;;CONTINENTAL IMPORTADORA,SA;CQ_BSP_CIS4;Contrato Quadro;20-12-2004;Derivados;PRT;
8030064121;NMLN;05473;MEDISERVICOS - PRESTACAO DE SERVICOS MEDICOS, S.A.;CQ_BSP_NMLN;Contrato Quadro;28-09-2007;Derivados;PRT;
5100261422;AB09;01542;ALCIDES BRANCO & Cª SA;CQ_BSP_AB09;Contrato Quadro;12-09-2007;Derivados;PRT;
8046423617;TH0T;05662;TRANSPORTES HEITOR & CARLOS LDA;CQ_BSP_TH0T;Contrato Quadro;28-09-2007;Derivados;PRT;
5100268958;NND4;05642;MÁRMORES E GRANITOS A SOUSA LDA;CQ_BSP_NND4;Contrato Quadro;04-09-2007;Derivados;PRT;
8046010842;M1LL;05661;MONIZ & CORREIA - HIGIENE E LIMPEZA LDA.;CQ_BSP_M1LL;Contrato Quadro;17-10-2007;Derivados;PRT;
9002684986;EC7G;05667;EDUARDO BAPTISTA DA SILVA LDA.;CQ_BSP_EC7G;Contrato Quadro;09-02-2009;Derivados;PRT;
8022507268;O05C;05668;OLIVEIRA & VAZ LDA;CQ_BSP_O05C;Contrato Quadro;04-09-2007;Derivados;PRT;
2100150050;5CF4;00979;COFIDIS SUCURSAL DA S.A. FRANCESA COFIDIS;CQ_BSP_5CF4;Contrato Quadro;18-11-2002;Derivados;PRT;
1700074657;B2XN;05665;A.COUTO GUERREIRO,LDA;CQ_BSP_B2XN;Contrato Quadro;19-10-2007;Derivados;PRT;
8046348580;NNGD;05657;MINI MERCADO DIONIZIO, UNIPESSOAL LDA;CQ_BSP_NNGD;Contrato Quadro;04-09-2007;Derivados;PRT;
8046328807;AUSD;02992;A.C.NUNES SOCIEDADE UNIPESSOAL LDA;CQ_BSP_AUSD;Contrato Quadro;02-11-2005;Derivados;PRT;
8003114686;DDTP;02301;CUNHA DUARTE, SA;CQ_BSP_DDTP;Contrato Quadro;18-08-2005;Derivados;PRT;
8008018687;P06J;05499;PLASTICOS LINOBELA-PROD.A.IND.P.M.LDA;CQ_BSP_P06J;Contrato Quadro;09-11-2007;Derivados;PRT;
15563;SL2E;05654;SANTANA LDA., SUCESSORA DE J. PAULINO PEREIRA;CQ_BSP_SL2E;Contrato Quadro;01-10-2007;Derivados;PRT;
11910;JFLO;00455;J.L. FONTES LDA;CQ_BSP_JFLO;Contrato Quadro;27-11-2015;Derivados;PRT;
7400375472;S1VQ;05513;SINTETICAMENTE - UNIPESSOAL LDA;CQ_BSP_S1VQ;Contrato Quadro;19-10-2007;Derivados;PRT;
6221002005;C2VF;05616;CESAM - ESPECIALIDADES FARMACEUTICAS LDA;CQ_BSP_C2VF;Contrato Quadro;28-07-2009;Derivados;PRT;
1700157366;K7HW;05638;JOAQUIM JORGE MARTINHO ALVES;CQ_BSP_K7HW;Contrato Quadro;16-10-2007;Derivados;PRT;
7400093291;DD1D;05664;DURA CONSTRUCAO UNIPESSOAL LDA;CQ_BSP_DD1D;Contrato Quadro;18-09-2007;Derivados;PRT;
1700205249;RIX2;05585;R C O PRODUCOES GRAFICAS LDA;CQ_BSP_RIX2;Contrato Quadro;17-09-2007;Derivados;PRT;
9001332166;EIMQ;03525;EMPR IMOBILIARIOS MONTALEGRE,LDA;CQ_BSP_EIMQ;Contrato Quadro;28-04-2006;Derivados;PRT;
8010762931;CZWY;05671;CARLOS LOURENCO FILHO & GENRO,LDA;CQ_BSP_CZWY;Contrato Quadro;27-09-2007;Derivados;PRT;
7400155841;IGIC;03039;IMORANAINTER-SOCIEDADE DE GESTAO IMOBILIARIA, LDA;CQ_BSP_IGIC;Contrato Quadro;22-11-2005;Derivados;PRT;
3671002257;FRJN;05670;FISIO ROMA-CLINICA DE FISIOTERAPIA, LDA;CQ_BSP_FRJN;Contrato Quadro;23-09-2013;Derivados;PRT;
9001477438;O059;05501;O.G.M.-TRATAMENTO SUPERFICIES ANTICORROSAO,LDA;CQ_BSP_O059;Contrato Quadro;04-10-2007;Derivados;PRT;
8007632916;J088;05672;PIZZARTE - INDUSTRIA HOTELEIRA, LDA;CQ_BSP_J088;Contrato Quadro;15-10-2007;Derivados;PRT;
2100579763;TBAE;05588;THE BESTSPORT COM ART DESPORTIVOS, LDA;CQ_BSP_TBAE;Contrato Quadro;24-09-2007;Derivados;PRT;
9000807805;A2Z5;05574;ALVES & FILHOS,LDA;CQ_BSP_A2Z5;Contrato Quadro;27-09-2007;Derivados;PRT;
9001434541;T01Z;03898;TRANSPERA-TRANSPORTES LDA;CQ_BSP_T01Z;Contrato Quadro;20-09-2006;Derivados;PRT;
7400050436;H0EI;05573;HOTILHA ACTIVIDADES HOTELEIRAS LDA;CQ_BSP_H0EI;Contrato Quadro;17-09-2007;Derivados;PRT;
7400181292;F5FA;05566;FRANCISMARCO - SERRALHARIA, LDA;CQ_BSP_F5FA;Contrato Quadro;09-10-2007;Derivados;PRT;
2391006088;PG7Y;05558;PROSILAR INDUSTRIA E COMERCIO DE PRODUTOS ALIMENTARES LDA;CQ_BSP_PG7Y;Contrato Quadro;18-10-2013;Derivados;PRT;
7400249799;LCPT;05038;LESILAN - COMERCIO DE PRONTO A VESTIR, S.A.;CQ_BSP_LCPT;Contrato Quadro;04-10-2007;Derivados;PRT;
7400029627;ARDP;03718;AUTO REPARADORA DA MUNA, LDA;CQ_BSP_ARDP;Contrato Quadro;11-08-2006;Derivados;PRT;
1700065823;C2UK;05508;CLASSAUDIO-IMP. & DIST. PRODUTOS MULTIMEDIA, UNIPESSOAL,LDA;CQ_BSP_C2UK;Contrato Quadro;28-09-2007;Derivados;PRT;
8038075582;I0PQ;05531;IBERSTILO-INDUSTRIA MOBILIARIO,LDA;CQ_BSP_I0PQ;Contrato Quadro;20-09-2007;Derivados;PRT;
8046413105;BE6O;05572;BRUN DA MONTANA-CENTRO DE CANICULTURA DA MADEIRA,UNIPESSOAL, LDA;CQ_BSP_BE6O;Contrato Quadro;27-09-2007;Derivados;PRT;
5100372308;T0C6;05675;TEFAGESU TECNICAS DE FABRICO DE PECAS E GESTAO DE SUBCONTRATOS PARA A;CQ_BSP_T0C6;Contrato Quadro;06-09-2007;Derivados;PRT;
8002294670;BDDG;01614;ACO - FABRICA CALCADO, S.A.;CQ_BSP_BDDG;Contrato Quadro;01-02-2017;Derivados;PRT;
8043220991;E11C;05564;EDIFICIOS PARK - EMPREENDIMENTOS IMOBILIARIOS E TURISTICOS S.A.;CQ_BSP_E11C;Contrato Quadro;01-10-2007;Derivados;PRT;
2751003019;CZPP;05634;CONSTRUCOES HABICUNHA, LDA;CQ_BSP_CZPP;Contrato Quadro;27-09-2007;Derivados;PRT;
9002630790;O003;03455;O.C.E.O.P - OEIRAS CONST EDIFICIOS O. PUBLICAS, LD;CQ_BSP_O003;Contrato Quadro;15-05-2006;Derivados;PRT;
8028334359;O05D;05673;OLIVEIRA & VITALINA,LDA;CQ_BSP_O05D;Contrato Quadro;26-09-2007;Derivados;PRT;
8046500136;QDM1;05649;QUINTA DO MUROZ - PRODUCAO AGRICOLA E ANIMAL, LDA;CQ_BSP_QDM1;Contrato Quadro;03-10-2007;Derivados;PRT;
3191000151;H0F2;05680;HECTAGRO - SEMENTES E PRODUTOS PARA AGRICULTURA, LDA;CQ_BSP_H0F2;Contrato Quadro;17-09-2007;Derivados;PRT;
2751006057;I0Q9;05683;IMOCONFORTO-SOCIEDADE DE CONSTRUCOES DE PARENTE & GIL, LDA;CQ_BSP_I0Q9;Contrato Quadro;02-11-2007;Derivados;PRT;
8007024357;CYYS;05312;CEREALIS PRODUTOS ALIMENTARES S A;CQ_BSP_CYYS;Contrato Quadro;07-11-2014;Derivados;PRT;
7400082247;UCLP;03211;URBISIDRO, CONSTRUCOES, LDA;CQ_BSP_UCLP;Contrato Quadro;17-01-2006;Derivados;PRT;
9001952288;V0FR;05693;VIEGAS & TANICA LDA;CQ_BSP_V0FR;Contrato Quadro;21-09-2007;Derivados;PRT;
8046534251;FLN8;05687;FARMACIA LOBOS MAR, UNIPESSOAL, LDA;CQ_BSP_FLN8;Contrato Quadro;03-10-2007;Derivados;PRT;
7400232630;A30O;05694;ASINVEST - INVESTIMENTOS IMOBILIARIOS UNIPESSOAL LDA;CQ_BSP_A30O;Contrato Quadro;31-12-2007;Derivados;PRT;
7400379731;C3GH;08091;CCMA - OFICINAS DE SAUDE, LDA;C3GH;Contrato Quadro;18-04-2008;Derivados;PRT;
1700195844;SHL5;04235;SABIR HOTEIS LDA;CQ_BSP_SHL5;Contrato Quadro;20-11-2006;Derivados;PRT;
8001138213;ABMB;01396;ANTONIO BARROSO MALHAS, LDA;CQ_BSP_ABMB;Contrato Quadro;10-10-2007;Derivados;PRT;
8039115976;JP0F;04247;JALF-ARTIG.ESCRITORIO PAPELARIA,LDA.;CQ_BSP_JP0F;Contrato Quadro;01-02-2007;Derivados;PRT;
8043804057;F1VA;04245;LUDITE, S.A.;CQ_BSP_F1VA;Contrato Quadro;20-11-2006;Derivados;PRT;
7400245731;JS6L;04253;JOAQUIM DA ROCHA FERREIRA & FILHOS, LDA;CQ_BSP_JS6L;Contrato Quadro;16-11-2006;Derivados;PRT;
8029057098;M0PE;04252;MARINHO & MACEDO,LDA.;CQ_BSP_M0PE;Contrato Quadro;02-01-2007;Derivados;PRT;
8010593124;HA2I;04257;HOTEIS ALEXANDRE ALMEIDA,LDA;CQ_BSP_HA2I;Contrato Quadro;06-12-2006;Derivados;PRT;
8010577775;JS3O;04260;J.P. SILVA & MARCO FERREIRA LDA;CQ_BSP_JS3O;Contrato Quadro;17-11-2006;Derivados;PRT;
6220003029;V046;04227;VITOBRA - CONSTRUCAO CIVIL, LDA.;CQ_BSP_V046;Contrato Quadro;24-11-2006;Derivados;PRT;
8046249686;SI04;01294;SOMITEL SGPS S.A.;CQ_BSP_SI04;Contrato Quadro;18-11-2004;Derivados;PRT;
8046257234;GAL6;04262;GALERIA ARTE LIVRE - FERREIRA & FIGUEIRA LDA;CQ_BSP_GAL6;Contrato Quadro;15-11-2006;Derivados;PRT;
7400004172;S09X;03882;SOLUTI - COMERCIO INTERNACIONAL, S.A.;CQ_BSP_S09X;Contrato Quadro;29-02-2008;Derivados;PRT;
5100453883;PSQR;04250;PATRICIA SOTTO MAYOR ALVIM UNIPESSOAL SU;CQ_BSP_PSQR;Contrato Quadro;29-11-2006;Derivados;PRT;
3431001599;LDSV;04223;LEONEL DA SILVA VIEIRA FILIPE & IRMAO LDA;CQ_BSP_LDSV;Contrato Quadro;21-11-2006;Derivados;PRT;
1700121825;CJP0;04113;CONSTRUCOES JOSE PEREIRA & RIBEIRO LDA;CQ_BSP_CJP0;Contrato Quadro;20-11-2006;Derivados;PRT;
8046437435;PILK;04242;PROPISO-EMPREENDIMENTOS IMOBILIARIOS, S.A;CQ_BSP_PILK;Contrato Quadro;14-12-2006;Derivados;PRT;
8010365383;CCMH;02514;CAPA - ENGENHARIA E CONSTRUCOES METALOMECANICAS S.A.;CQ_BSP_CCMH;Contrato Quadro;11-01-2007;Derivados;PRT;
3801006571;AD8Q;04268;ADUBOS DEIBA - COMERCIALIZACAO DE ADUBOS LDA;CQ_BSP_AD8Q;Contrato Quadro;22-05-2014;Derivados;PRT;
2100177289;PHLR;02408;PRAIA MAR EMPREENDIMENTOS HOTELEIROS, SA;CQ_BSP_PHLR;Contrato Quadro;06-12-2006;Derivados;PRT;
8022549615;J04J;04258;LAND LORD - INDUSTRIA E INVESTIMENTOS, S.A.;CQ_BSP_J04J;Contrato Quadro;19-12-2006;Derivados;PRT;
8046300901;TPCG;03203;TEXTEIS PINTO COELHO E FILHO LDA;CQ_BSP_TPCG;Contrato Quadro;24-10-2023;Derivados;PRT;
;ASD4;01638;ANTOPEL-SOC.COM.REPRESENTACOES,LDA;CQ_BSP_ASD4;Contrato Quadro;23-04-2007;Derivados;PRT;
9001001304;FC1H;04249;FAC CONSTRUCOES,LDA.;CQ_BSP_FC1H;Contrato Quadro;20-12-2006;Derivados;PRT;
5100286830;CJM5;04256;CONSTRUCOES JOAO MOFREITA LDA;CQ_BSP_CJM5;Contrato Quadro;12-12-2006;Derivados;PRT;
7400187430;JOB6;04269;JOSE MANUEL RIBEIRO, LDA.;CQ_BSP_JOB6;Contrato Quadro;05-12-2006;Derivados;PRT;
8038258846;DSU8;04301;DISTRIMARCO SUPERMERCADOS,SA;CQ_BSP_DSU8;Contrato Quadro;12-12-2006;Derivados;PRT;
8046474726;GIL8;04293;GANDRALAR-EMPREENDIMENTOS IMOBILIARIOS LDA;CQ_BSP_GIL8;Contrato Quadro;14-12-2006;Derivados;PRT;
7400224684;D06I;04273;DISTRICEM-SOCIEDADE GESTORA DE PARTICIPACOES, S.A.;CQ_BSP_D06I;Contrato Quadro;29-11-2006;Derivados;PRT;
8039294501;SPTY;04283;SOPROI - SERVICOS E PROMOCAO DE INVESTIMENTOS, LDA;CQ_BSP_SPTY;Contrato Quadro;30-11-2006;Derivados;PRT;
7400224676;S0ZT;04264;SUPERCEM - DISTRIBUICAO DO CACEM SA;CQ_BSP_S0ZT;Contrato Quadro;29-11-2006;Derivados;PRT;
7400269867;TTDI;04286;TEKEVER - TECNOLOGIAS DE INFORMACAO, S.A.;CQ_BSP_TTDI;Contrato Quadro;04-12-2006;Derivados;PRT;
7400133619;M0PJ;04274;LEIRIMEMORIA - INVESTIMENTOS IMOBILIARIOS, LDA.;CQ_BSP_M0PJ;Contrato Quadro;07-12-2006;Derivados;PRT;
269266;L04O;04270;LIDERSOL-TECNICAS DE ENERGIA LDA;CQ_BSP_L04O;Contrato Quadro;29-11-2006;Derivados;PRT;
1700167654;M0PK;04275;LUSOFORMOSA - CONSTRUCOES LDA;CQ_BSP_M0PK;Contrato Quadro;04-12-2006;Derivados;PRT;
2100138391;L02R;04282;LEIRISLENA - ENGENHARIA E CONSTRUCOES, SA;CQ_BSP_L02R;Contrato Quadro;05-12-2006;Derivados;PRT;
9000626814;AVPF;04279;ABILIO CARLOS PINTO FELGUEIRAS LDA;CQ_BSP_AVPF;Contrato Quadro;30-11-2006;Derivados;PRT;
2100263642;FME5;04298;GLC GAS LUBRIFICANTES COMBUSTIVEIS, LDA;CQ_BSP_FME5;Contrato Quadro;29-11-2006;Derivados;PRT;
3751003092;FM0Y;04284;FLASH MILAO - ARTIGOS ITALIANOS, LDA.;CQ_BSP_FM0Y;Contrato Quadro;29-11-2006;Derivados;PRT;
3751004054;M0PN;04285;FRAME PACK LOGISTICA ADMINISTRACAO E MANUTENCAO LDA;CQ_BSP_M0PN;Contrato Quadro;29-11-2006;Derivados;PRT;
7400104741;RSUW;04296;RUI SILVA,SOCIEDADE UNIPESSOAL LDA;CQ_BSP_RSUW;Contrato Quadro;28-11-2006;Derivados;PRT;
7400229324;NCLG;04246;NAUTICA - CAPITAL - EMBARCACOES DE RECREIO LDA;CQ_BSP_NCLG;Contrato Quadro;30-11-2006;Derivados;PRT;
13390;REQQ;04311;REGAOESTE-REGAS E PRODUTOS PARA A AGRICULTURA, LDA;CQ_BSP_REQQ;Contrato Quadro;03-01-2007;Derivados;PRT;
9001875441;PIEE;04312;PAVIDOIS-COMERCIO, IMPORTACAO E EXPORTACAO, LDA;CQ_BSP_PIEE;Contrato Quadro;03-01-2007;Derivados;PRT;
9002126836;XCEP;04263;X2M CONTRUCOES E PROJECTOS UNIPESSOAL,LDA;CQ_BSP_XCEP;Contrato Quadro;13-12-2006;Derivados;PRT;
5100267415;JSWI;04271;JOAQUIM SANTOS TOMÁS & FILHOS LDA;CQ_BSP_JSWI;Contrato Quadro;12-12-2006;Derivados;PRT;
8043910726;G49T;04277;GUIMARAES & MACHADO CUNHA SA;CQ_BSP_G49T;Contrato Quadro;06-12-2006;Derivados;PRT;
3351005304;C16S;04310;CONSTRAZEITAO - SOCIEDADE CONSTRUCOES DE AZEITAO, LDA.;CQ_BSP_C16S;Contrato Quadro;19-01-2007;Derivados;PRT;
1700096633;VMIT;04233;VALENTE MARQUES - INDUSTRIAL, S.A.;CQ_BSP_VMIT;Contrato Quadro;04-11-2014;Derivados;PRT;
1700188483;K02V;04314;KRIABEBES BERCARIO CRECHE E JARDIM DE INFANCIA LDA;CQ_BSP_K02V;Contrato Quadro;12-12-2006;Derivados;PRT;
5100475772;O039;04324;ORGAMATIC - SISTEMAS DE INFORMATICA LDA;CQ_BSP_O039;Contrato Quadro;29-11-2006;Derivados;PRT;
8042154377;E0HI;04294;EMIDIO & HORACIO LDA;CQ_BSP_E0HI;Contrato Quadro;06-12-2006;Derivados;PRT;
7400106328;BI0I;04303;BRAWMINGEN INTERNACIONAL LIMPEZAS EXTERIORES UNIPESSOAL,LDA;CQ_BSP_BI0I;Contrato Quadro;12-12-2006;Derivados;PRT;
2431005647;F1Y4;04297;FBS - SISTEMAS INTEGRADOS S.A.;CQ_BSP_F1Y4;Contrato Quadro;30-11-2006;Derivados;PRT;
8040970955;R0BV;04289;ROSEBUD - COMERCIO E INDUSTRIA DE CONFECCOES, LDA;CQ_BSP_R0BV;Contrato Quadro;18-12-2006;Derivados;PRT;
7400252000;ARYL;04304;ARMANDO RITO S.A.;CQ_BSP_ARYL;Contrato Quadro;19-12-2006;Derivados;PRT;
8038511618;SD4U;04305;SICARZE SOCIEDADE INDUSTRIAL DE CARNES DO ZEZERE S A;CQ_BSP_SD4U;Contrato Quadro;10-10-2008;Derivados;PRT;
2101083804;M0J6;04313;MARFILPE MARMORES E GRANITOS, SA;CQ_BSP_M0J6;Contrato Quadro;06-12-2006;Derivados;PRT;
1700159203;S0N2;04306;SMC - SOCIEDADE METALO-MECANICA DO CENTRO, LDA.;CQ_BSP_S0N2;Contrato Quadro;30-11-2006;Derivados;PRT;
8006186635;B0BK;04331;BORFIL-EMPRESA DE BORDADOS S.A.;CQ_BSP_B0BK;Contrato Quadro;13-12-2006;Derivados;PRT;
8025660975;LDC8;04228;LUGRADE-BACALHAU DE COIMBRA,S.A.;CQ_BSP_LDC8;Contrato Quadro;13-12-2006;Derivados;PRT;
8008519135;SD4X;04309;SOCIEDADE DE CONSTRUCOES FOZ RIO LDA;CQ_BSP_SD4X;Contrato Quadro;16-01-2007;Derivados;PRT;
8044397526;ABUP;04326;AFONSO ALVES-CONSTRUCOES LDA;CQ_BSP_ABUP;Contrato Quadro;12-12-2006;Derivados;PRT;
8038149486;ICNC;03057;ICN IMOBILIARIA CONSTRUTORA NORTE LDA;CQ_BSP_ICNC;Contrato Quadro;11-08-2008;Derivados;PRT;
76118;ICOU;04315;IVO CUTELARIAS S.A.;CQ_BSP_ICOU;Contrato Quadro;14-12-2006;Derivados;PRT;
9000651907;D06N;04321;DECORAMBIENTE-DECORACOES E REVESTIMENTOS LDA;CQ_BSP_D06N;Contrato Quadro;04-01-2007;Derivados;PRT;
1700136271;EGDV;04318;ECOPALETES, LDA.;CQ_BSP_EGDV;Contrato Quadro;12-12-2006;Derivados;PRT;
1700174830;SRUL;04317;SARA REGO, UNIPESSOAL, LDA;CQ_BSP_SRUL;Contrato Quadro;14-12-2006;Derivados;PRT;
3431002653;OEPL;04323;OLIVEIRA & PIRES - SANEAMENTO E LIMPEZAS, LDA;CQ_BSP_OEPL;Contrato Quadro;12-12-2006;Derivados;PRT;
8000737381;FCEO;04334;FARMACIA CENTRAL OLIVAIS,LDA;CQ_BSP_FCEO;Contrato Quadro;12-12-2006;Derivados;PRT;
7400246489;CH5N;04337;CORPUS DOMUS - HEALTH CLUB - UNIPESSOAL, LDA;CQ_BSP_CH5N;Contrato Quadro;28-12-2006;Derivados;PRT;
1700177843;CTAZ;04348;COMERCIO TEXTIL ATLANTIC SUD LDA;CQ_BSP_CTAZ;Contrato Quadro;12-12-2006;Derivados;PRT;
8045034589;STML;04346;SUPER-TALHO MEDELENSE LDA;CQ_BSP_STML;Contrato Quadro;04-12-2006;Derivados;PRT;
8024415729;S10S;04345;SERVILIX, LDA;CQ_BSP_S10S;Contrato Quadro;19-12-2006;Derivados;PRT;
8040919998;AG2M;04338;ARMANDO GONCALVES E SILVA LDA;CQ_BSP_AG2M;Contrato Quadro;12-12-2006;Derivados;PRT;
7400352668;GN2G;05679;GRACINDA MANUELA ANTUNES FARMACIA UNIP LDA;CQ_BSP_GN2G;Contrato Quadro;21-09-2007;Derivados;PRT;
7400232885;FR2L;05697;ILUSTRE DESCOBERTA - UNIPESSOAL LDA;CQ_BSP_FR2L;Contrato Quadro;20-09-2007;Derivados;PRT;
7400251012;F5IL;05685;FBR - PROMOCAO IMOBILIARIA LDA;CQ_BSP_F5IL;Contrato Quadro;10-10-2007;Derivados;PRT;
8046555729;LT22;05696;LUSO TEMP - EMPRESA DE TRABALHO TEMPORARIO S.A.;CQ_BSP_LT22;Contrato Quadro;14-12-2007;Derivados;PRT;
7400335941;CZZR;05698;CANTINHO DO PELOURINHO LDA;CQ_BSP_CZZR;Contrato Quadro;17-09-2007;Derivados;PRT;
7400331318;SA85;05702;SANTOS AMARAL & GONCALVES PINTURAS ESTUQUES E REBOCOS LDA;CQ_BSP_SA85;Contrato Quadro;18-12-2007;Derivados;PRT;
7400107103;A30R;05704;ALUCRAM - TRANSF DE ALUMINIOS LDA;CQ_BSP_A30R;Contrato Quadro;09-10-2007;Derivados;PRT;
6221068754;ES75;05703;EUROPE SERVICOS SISTEMAS ELECTRONICOS E TELECOMUNICACOES SA;CQ_BSP_ES75;Contrato Quadro;17-09-2008;Derivados;PRT;
8046371215;GYGP;01091;GRANIDERA-GRANITOS DA PEDRA D'ERA LDA;CQ_BSP_GYGP;Contrato Quadro;15-11-2004;Derivados;PRT;
8002049418;ZSUH;03136;SUGAL ALIMENTOS S A;CQ_BSP_ZSUH;Contrato Quadro;15-02-2016;Derivados;PRT;
8023341866;CCCK;02012;CONSTROPE - CONSTRUCOES, S.A.;CQ_BSP_CCCK;Contrato Quadro;01-02-2005;Derivados;PRT;
2100168513;CAHD;03572;CONSTRUCOES ANTONIO GUERREIRO, SA;CQ_BSP_CAHD;Contrato Quadro;11-05-2006;Derivados;PRT;
1700130868;NNTU;05713;NUVENBAR - SOCIEDADE INVESTIMENTOS E GESTAO IMOBILIARIA LDA;CQ_BSP_NNTU;Contrato Quadro;15-10-2007;Derivados;PRT;
7400298576;TEFE;05718;T2T4 ENGENHARIA E INOVACAO LDA;CQ_BSP_TEFE;Contrato Quadro;03-10-2007;Derivados;PRT;
5100584349;BBQ6;05719;BOM BIFE - PREPARAÇÃO E COMÉRCIO DE CARNES LDA;CQ_BSP_BBQ6;Contrato Quadro;21-09-2007;Derivados;PRT;
8046408901;K7UW;05716;J ROXO ALUMINIOS LDA;CQ_BSP_K7UW;Contrato Quadro;03-10-2007;Derivados;PRT;
9002523545;TEDO;05720;TEIFIL-EMPRESA CONSTRUCAO CIVIL, LDA;CQ_BSP_TEDO;Contrato Quadro;27-11-2007;Derivados;PRT;
5100650877;STKJ;05723;JOSE TOMAS DA CUNHA E FILHOS LDA;CQ_BSP_STKJ;Contrato Quadro;24-01-2008;Derivados;PRT;
55427;PH4I;05726;PRECOURO-INDUSTRIA DE PREFABRICADOS DE COURO, S.A.;CQ_BSP_PH4I;Contrato Quadro;01-10-2007;Derivados;PRT;
8009162769;A31B;05727;AGLOFIBRA MADEIRAS LDA;CQ_BSP_A31B;Contrato Quadro;18-09-2007;Derivados;PRT;
8001463136;O05G;05725;OLIVEIRA & IRMAS,LDA;CQ_BSP_O05G;Contrato Quadro;01-10-2007;Derivados;PRT;
5100265192;UUAP;05750;UTILAGRO UTILIDADES AGRO PECUARIAS LDA;CQ_BSP_UUAP;Contrato Quadro;01-10-2007;Derivados;PRT;
7400180896;C2X3;05732;CARTOPSI COMERCIO DE AUTOMOVEIS LDA;CQ_BSP_C2X3;Contrato Quadro;19-08-2010;Derivados;PRT;
7400040335;B013;03542;BOLOFRESCO - PADARIA E PASTELARIA LDA;CQ_BSP_B013;Contrato Quadro;24-01-2008;Derivados;PRT;
8038562158;J08D;05746;JOGORTEX-FAB.CONFECCOES,LDA;CQ_BSP_J08D;Contrato Quadro;21-09-2007;Derivados;PRT;
7400211763;NNTO;05745;M.B.M.SILVA GOMES LDA;CQ_BSP_NNTO;Contrato Quadro;09-10-2007;Derivados;PRT;
7400027884;M1LZ;05747;MARTINS & MIRANDA LDA;CQ_BSP_M1LZ;Contrato Quadro;21-09-2007;Derivados;PRT;
8008150127;EFRL;05749;EDGAR FORTE REI COMERCIO AUTOMOVEIS,LDA;CQ_BSP_EFRL;Contrato Quadro;01-10-2007;Derivados;PRT;
7400123366;D0H9;05752;COLINAS CERTIMA - EMPREENDIMENTOS IMOBILIARIOS LDA;CQ_BSP_D0H9;Contrato Quadro;16-11-2007;Derivados;PRT;
7400297124;S1YR;05753;SOCIEDADE AGRO-PECUARIA FONTE DA TELHA LDA;CQ_BSP_S1YR;Contrato Quadro;26-09-2007;Derivados;PRT;
8038608183;C2X5;05754;CHAMBICOR-CONSTRUCAO CIVIL E INVESTIMENTOS IMOBILIARIOS LDA;CQ_BSP_C2X5;Contrato Quadro;24-10-2007;Derivados;PRT;
8044009771;TNEC;05733;TRANSPORTES NEVES E CRISTINA,LDA;CQ_BSP_TNEC;Contrato Quadro;26-09-2007;Derivados;PRT;
1700142736;E11Z;05742;EUROPENSIL - IMPORTACAO EXPORTACAO, LDA.;CQ_BSP_E11Z;Contrato Quadro;03-10-2007;Derivados;PRT;
2101012987;FT57;05744;FOGOTEJO - PROTECCAO E SEGURANCA, LDA;CQ_BSP_FT57;Contrato Quadro;04-12-2008;Derivados;PRT;
7400186533;DDZW;05738;D2 DIAMANT - EMPRESA DIST. MAQ. F. DIAMANTADAS LDA;CQ_BSP_DDZW;Contrato Quadro;18-09-2008;Derivados;PRT;
8030922034;C2WR;05739;CASTELHANO & FERREIRA-INDUSTRIA DE TECTOS FALSOS E DIVISORIAS S.A.;CQ_BSP_C2WR;Contrato Quadro;03-10-2007;Derivados;PRT;
6221007643;FE9N;05743;FAPLANA - FABRICA DE PLASTICOS DE LEIRIA, S.A.;CQ_BSP_FE9N;Contrato Quadro;26-12-2007;Derivados;PRT;
7400138199;PTDF;05741;BAROMETRO-MEDIACAO IMOBILIARIA LDA;CQ_BSP_PTDF;Contrato Quadro;01-10-2007;Derivados;PRT;
7400159828;GBKN;05740;GREGORIO ALVES TEIXEIRA - COMERCIO PRODUTOS ALIMENTARES UNIPESSOAL LDA;CQ_BSP_GBKN;Contrato Quadro;03-10-2007;Derivados;PRT;
8001162150;PPZC;05759;PREBEL-SOCIEDADE TECNICA DE PREFABRICACAO E CONSTRUCAO,S.A;CQ_BSP_PPZC;Contrato Quadro;03-10-2007;Derivados;PRT;
8009728352;S1YU;05760;SOCIEDADE CONSTRUCOES PRIMOS,S.A.;CQ_BSP_S1YU;Contrato Quadro;01-10-2007;Derivados;PRT;
7400186704;A2Y6;05454;ATLANTIPELES-REPRESENTACOES E COMERCIO,LDA;CQ_BSP_A2Y6;Contrato Quadro;27-08-2007;Derivados;PRT;
8046323337;D0HT;05765;CONFECCOES ALBERTINA PINTO PEREIRA & FILHA,LDA;CQ_BSP_D0HT;Contrato Quadro;09-10-2007;Derivados;PRT;
6221064106;SJIX;05768;S.P.A.C.G. AR CONDICIONADO GUIMARAES, LDA;CQ_BSP_SJIX;Contrato Quadro;16-10-2007;Derivados;PRT;
8005506324;GTM7;05767;GABINETE DE TOPOGRAFIA ALBINO MAIA LDA;CQ_BSP_GTM7;Contrato Quadro;03-10-2007;Derivados;PRT;
9000638830;S03U;03538;SOCIEDADE DE CONSTRUCOES EURICO & ISIDRO,LDA;CQ_BSP_S03U;Contrato Quadro;11-10-2007;Derivados;PRT;
7400139623;TSWM;03135;SODIREAL - SUPERMERCADOS LIMITADA;CQ_BSP_TSWM;Contrato Quadro;18-01-2006;Derivados;PRT;
7400021010;NO14;05771;MIGUEL VAZ UNIPESSOAL LDA;CQ_BSP_NO14;Contrato Quadro;03-12-2007;Derivados;PRT;
7400348338;D0I5;05770;CONSTRUCOES F. S. AMORIM LDA;CQ_BSP_D0I5;Contrato Quadro;12-10-2007;Derivados;PRT;
9002590900;H200;05769;HABIT 2003 - SOCIEDADE DE CONSTRUCOES, LDA.;CQ_BSP_H200;Contrato Quadro;30-11-2007;Derivados;PRT;
8024025186;TA27;05773;TRATAR TRATAMENTOS DE AR UNIPESSOAL LDA;CQ_BSP_TA27;Contrato Quadro;28-09-2007;Derivados;PRT;
9002294430;F5JW;05774;FRUTARVORE-COMERCIO PRODUTOS ALIMENTARES LDA .;CQ_BSP_F5JW;Contrato Quadro;08-10-2007;Derivados;PRT;
8007716346;RM3V;05775;ROSA MARIA & PRATA ARAUJO, LDA .;CQ_BSP_RM3V;Contrato Quadro;03-10-2007;Derivados;PRT;
7400049975;SIEG;03284;IMOSERMEC - SA;CQ_BSP_SIEG;Contrato Quadro;11-03-2008;Derivados;PRT;
8003018004;NO1L;05780;MANUEL CARVALHO DA SILVA LDA;CQ_BSP_NO1L;Contrato Quadro;19-11-2007;Derivados;PRT;
5100278891;EL1F;05784;EDIRESAL ALUMINIOS LDA;CQ_BSP_EL1F;Contrato Quadro;12-10-2007;Derivados;PRT;
8046597000;M1M8;05782;MALHOUCAR - COMERCIO DE AUTOMOVEIS, LDA;CQ_BSP_M1M8;Contrato Quadro;02-10-2007;Derivados;PRT;
8046568319;W03S;05789;WIRE MAZE - SISTEMAS DE INFORMACAO, S.A.;CQ_BSP_W03S;Contrato Quadro;16-02-2009;Derivados;PRT;
8042965010;V0FT;05785;VEL COMERCIO DE PRODUTOS ALIMENTARES LDA;CQ_BSP_V0FT;Contrato Quadro;10-10-2007;Derivados;PRT;
8010284954;B38C;05787;ARBOR-SOCIEDADE TRANSFORMADORA DE MADEIRAS LDA;CQ_BSP_B38C;Contrato Quadro;09-10-2007;Derivados;PRT;
7400369123;XGAS;05786;XANGAI GESTAO ACTIVOS S.A.;CQ_BSP_XGAS;Contrato Quadro;08-10-2007;Derivados;PRT;
7400236490;D0K1;05792;CLINICA VETERINARIA SANTA RITA UNIPESSOAL LDA;CQ_BSP_D0K1;Contrato Quadro;10-10-2007;Derivados;PRT;
7400391063;STKY;05794;SERVIREBOQUES SERVICOS DE REBOQUES LDA;CQ_BSP_STKY;Contrato Quadro;02-10-2007;Derivados;PRT;
2100750968;PIW3;05758;PROPOWER - PROMOCAO IMOBILIARIA, SA;CQ_BSP_PIW3;Contrato Quadro;14-12-2007;Derivados;PRT;
7400357442;FE9T;05797;SECTIMA FARMA LDA;CQ_BSP_FE9T;Contrato Quadro;03-10-2007;Derivados;PRT;
9002677880;B3A3;05799;AREAESCALA SOCIEDADE DE CONSTRUCOES LDA;CQ_BSP_B3A3;Contrato Quadro;02-11-2007;Derivados;PRT;
7400360334;INCI;05804;IMPORTANTE NA CONSTRUCAO INVESTIMENTOS IMOBILIARIOS LDA;CQ_BSP_INCI;Contrato Quadro;17-10-2007;Derivados;PRT;
7400130785;C2XK;05811;CONCEPTCLIMA - CONCEITO DE CLIMATIZACAO LDA;CQ_BSP_C2XK;Contrato Quadro;12-11-2007;Derivados;PRT;
8046498478;D0K0;05810;DISTRIAUDIO - ELECTRONICA CONSUMO SA;CQ_BSP_D0K0;Contrato Quadro;07-04-2008;Derivados;PRT;
8046478503;PIOK;05808;PLURALIDADE-INVESTIMENTOS IMOBILIARIOS, LDA;CQ_BSP_PIOK;Contrato Quadro;24-01-2008;Derivados;PRT;
8046084874;VEVE;05809;VALRESI-RECICLAGEM E VALORIZACAO DE RESIDUOS LDA;CQ_BSP_VEVE;Contrato Quadro;24-01-2008;Derivados;PRT;
7400342840;FJF6;05795;FUNDACAO JACQUELINE DIAS DE SOUSA;CQ_BSP_FJF6;Contrato Quadro;11-10-2007;Derivados;PRT;
;DDT2;02019;DIAS DE SOUSA - INSTRUMENTACAO ANALITICA E CIENTIFICA, S.A.;CQ_BSP_DDT2;Contrato Quadro;28-09-2007;Derivados;PRT;
8029443030;S2D5;07717;STRONG CHARON, SOLUCOES DE SEGURANCA, S.A.;S2D5;Contrato Quadro;06-01-2015;Derivados;PRT;
9000612919;B9MP;08475;ANTONIO MARQUES,LDA;B9MP;Contrato Quadro;12-05-2008;Derivados;PRT;
7400206530;PS4U;04288;PLANETICA PROJECTOS E CONSTRUCOES SA;CQ_BSP_PS4U;Contrato Quadro;22-12-2006;Derivados;PRT;
9002206693;000K;04344;EPOCA FRUTA MINI MERCADO LDA;CQ_BSP_000K;Contrato Quadro;06-12-2006;Derivados;PRT;
8025858301;EIIP;03067;EURIMOBE - ADMINISTRCAO DE INVESTIMENTOS IMOBILIARIOS S.A.;CQ_BSP_EIIP;Contrato Quadro;02-01-2007;Derivados;PRT;
7400092089;CPFD;03012;CENTRO PRAIA-IMOBILIARIA SA;CQ_BSP_CPFD;Contrato Quadro;29-12-2006;Derivados;PRT;
8042208933;P0KK;04332;POMBO & FERREIRA LDA;CQ_BSP_P0KK;Contrato Quadro;15-12-2006;Derivados;PRT;
8042867163;FC1W;04365;F. CAMPELOS, LDA;CQ_BSP_FC1W;Contrato Quadro;31-10-2013;Derivados;PRT;
8038630553;C1N5;04335;CELTICERAMICA-INDUST.CERAMICA PORTUGUESA SA;CQ_BSP_C1N5;Contrato Quadro;19-06-2009;Derivados;PRT;
5100271114;ATE6;04356;AVANTGARDE-TECNOLOGIAS DA COMUNICACAO LDA;CQ_BSP_ATE6;Contrato Quadro;18-12-2006;Derivados;PRT;
7400136954;APZ3;04357;AUTO PECAS OUREENSE-COMERCIO PECAS ACESSORIOS AUTO LDA;CQ_BSP_APZ3;Contrato Quadro;12-12-2006;Derivados;PRT;
7400071068;MS7G;04353;ITALMARKET LDA;CQ_BSP_MS7G;Contrato Quadro;01-03-2007;Derivados;PRT;
3941004497;I0D7;04378;INVISTA - SOCIEDADE MEDIACAO IMOBILIARIA, LDA;CQ_BSP_I0D7;Contrato Quadro;19-12-2006;Derivados;PRT;
1700193133;JOKD;04349;LUISOPTICA UNIPESSOAL LDA;CQ_BSP_JOKD;Contrato Quadro;26-08-2009;Derivados;PRT;
8046584201;DCN8;04374;DENTALPOWER, CLINICA MEDICA E DENTARIA LDA;CQ_BSP_DCN8;Contrato Quadro;28-12-2006;Derivados;PRT;
8008226340;ODP1;04376;OCULISTA PARQUE BENEDITA ,LDA;CQ_BSP_ODP1;Contrato Quadro;30-01-2007;Derivados;PRT;
2761001830;MOY0;04350;MARIA HELENA PINHO REBELO ALMEIDA & FILHO LDA.;CQ_BSP_MOY0;Contrato Quadro;28-12-2006;Derivados;PRT;
8010506446;E0HO;04347;ELACONTA - INFORMATICA SA;CQ_BSP_E0HO;Contrato Quadro;12-12-2006;Derivados;PRT;
2101147289;CHGJ;04377;CONSTRUCOES FILIPE & MARQUES, LDA;CQ_BSP_CHGJ;Contrato Quadro;05-01-2007;Derivados;PRT;
1700019026;L04Q;04352;LEAL E SOARES SA;CQ_BSP_L04Q;Contrato Quadro;21-12-2006;Derivados;PRT;
8046567259;LIL6;04383;LRPG-GESTAO IMOBILIARIA LDA;CQ_BSP_LIL6;Contrato Quadro;19-02-2007;Derivados;PRT;
8044610041;CH62;04362;CONSTRUCOES BODELOS,LDA;CQ_BSP_CH62;Contrato Quadro;12-12-2006;Derivados;PRT;
8041731166;AFRM;04367;ANTONIO FERREIRA RESENDE, LDA;CQ_BSP_AFRM;Contrato Quadro;20-12-2006;Derivados;PRT;
9002115959;F1Z6;04363;F. M. REIS - PROMOCAO IMOBILIARIA, LDA.;CQ_BSP_F1Z6;Contrato Quadro;18-12-2006;Derivados;PRT;
8026263076;R070;04385;RELGRAFICA-ARTES GRAFICAS,LDA;CQ_BSP_R070;Contrato Quadro;03-01-2007;Derivados;PRT;
7400245521;VL0K;04380;VV.M. LAR, COMPRA E VENDA DE PROPRIEDADES, LIMITADA;CQ_BSP_VL0K;Contrato Quadro;23-03-2007;Derivados;PRT;
7400081594;CA9U;04381;CARPINTARIA ALHANDRENSE- SERVICOS DE CARPINTARIA E MARCENARIA, LDA;CQ_BSP_CA9U;Contrato Quadro;22-12-2006;Derivados;PRT;
1700200000;I0CB;04351;IRMAPREDI SOCIEDADE CONSTRUCOES LDA;CQ_BSP_I0CB;Contrato Quadro;18-12-2006;Derivados;PRT;
7400142295;B0B6;04239;BRITO & QUELHAS, SOCIEDADE DE CONSTRUCOES LDA;CQ_BSP_B0B6;Contrato Quadro;28-11-2007;Derivados;PRT;
7400154257;FA2C;04364;FARMACIA AZUREM, BENVINDA ARANTES, SOCIEDADE UNIPESSOAL LDA;CQ_BSP_FA2C;Contrato Quadro;15-12-2006;Derivados;PRT;
9002441948;TS6Q;04399;TRANSPORTES SANTINHO & FILHA, LDA.;CQ_BSP_TS6Q;Contrato Quadro;27-12-2006;Derivados;PRT;
2101108161;B0C4;04397;BRAS E VASCONCELOS, LDA;CQ_BSP_B0C4;Contrato Quadro;16-01-2007;Derivados;PRT;
7400169595;OLM1;04387;O L MINHO CONSTRUCOES LDA;CQ_BSP_OLM1;Contrato Quadro;16-01-2007;Derivados;PRT;
9002252824;S12T;04396;SILTRAT-CONST E ENGENHARIA LDA;CQ_BSP_S12T;Contrato Quadro;10-04-2007;Derivados;PRT;
7400114113;O031;04251;OPACAV - CONSTRUCOES, LDA.;CQ_BSP_O031;Contrato Quadro;21-12-2006;Derivados;PRT;
8040191942;IL1A;04404;INTERORTO-ARTIGOS ORTOPEDICOS,LDA.;CQ_BSP_IL1A;Contrato Quadro;14-12-2006;Derivados;PRT;
3361005741;DD0C;04403;DECORPISUS-DECORACOES,LDA;CQ_BSP_DD0C;Contrato Quadro;19-12-2006;Derivados;PRT;
8004386451;PO08;04408;PINORVAL - INDUSTRIA DE MADEIRAS LDA;CQ_BSP_PO08;Contrato Quadro;19-12-2006;Derivados;PRT;
8020526431;MU9Y;04409;MOVIPINHO - INDUSTRIA TRANFORMACAO DE MADEIRAS, LDA;CQ_BSP_MU9Y;Contrato Quadro;19-12-2006;Derivados;PRT;
9000992155;CA9J;04394;CARLOS A.M. SURRADOR, LDA;CQ_BSP_CA9J;Contrato Quadro;15-12-2006;Derivados;PRT;
8009814001;P0LC;04384;PLURAL- PLANEAMENTO URBANO, REGIONAL E DE TRANSPORTES, UNIPESSOAL LDA;CQ_BSP_P0LC;Contrato Quadro;19-02-2007;Derivados;PRT;
1700147361;AR1T;04405;ANTONIO RODRIGUES ANTUNES - FARMACIA UNIPESSOAL, LDA;CQ_BSP_AR1T;Contrato Quadro;20-12-2006;Derivados;PRT;
7400119325;TALD;04395;TRANSPORTES ATALAIA, LDA.;CQ_BSP_TALD;Contrato Quadro;22-12-2006;Derivados;PRT;
7400153424;L05B;04402;LOUSAMAIA LDA;CQ_BSP_L05B;Contrato Quadro;18-12-2006;Derivados;PRT;
8038782857;LP0C;04406;LIVRARIA PRETEXTO,LDA;CQ_BSP_LP0C;Contrato Quadro;18-12-2006;Derivados;PRT;
14316;CJ7X;04417;CONFEITARIA ELVINA, LDA;CQ_BSP_CJ7X;Contrato Quadro;15-01-2007;Derivados;PRT;
5100283186;P0NN;04418;PRODEXCEL - INGREDIENTES ALIMENTARES LDA;CQ_BSP_P0NN;Contrato Quadro;15-01-2007;Derivados;PRT;
8009351621;FMLU;04415;FRAMELRO - METALOMECANICA LDA;CQ_BSP_FMLU;Contrato Quadro;15-01-2007;Derivados;PRT;
1700075446;JB5N;04398;JOSE ALBERTO RAMOS LDA;CQ_BSP_JB5N;Contrato Quadro;26-12-2006;Derivados;PRT;
3931003436;MDZN;04429;MOMATE-SOCIEDADE DE CONSTRUCOES, LDA;CQ_BSP_MDZN;Contrato Quadro;09-02-2007;Derivados;PRT;
8023547717;F0MY;03873;FILOPA S A;CQ_BSP_F0MY;Contrato Quadro;14-10-2013;Derivados;PRT;
1700101920;P0NW;04438;PAM-PRODUCAO E DISTRIBUICAO HORTICOLA DO LITORAL, LDA;CQ_BSP_P0NW;Contrato Quadro;18-09-2008;Derivados;PRT;
9002577097;CJFL;04423;CONSTRUCOES J. A. FERNANDES LDA;CQ_BSP_CJFL;Contrato Quadro;20-12-2006;Derivados;PRT;
9002601580;AM63;04430;AMORIM & MIRANDA ALMEIDA LDA;CQ_BSP_AM63;Contrato Quadro;16-01-2007;Derivados;PRT;
8002587234;C1XN;04433;COPREL COMERCIO DISTRIBUICAO E SERVICOS ENERGETICOS LDA;CQ_BSP_C1XN;Contrato Quadro;11-01-2007;Derivados;PRT;
8027801094;M0UF;04434;MAFRIPEIXE - COMERCIO DE PEIXE, LDA;CQ_BSP_M0UF;Contrato Quadro;02-03-2007;Derivados;PRT;
9000677059;DBLS;03103;DUARTE & BARBOSA,LDA;CQ_BSP_DBLS;Contrato Quadro;30-11-2005;Derivados;PRT;
3521002259;FODU;04421;SIMOES & BARREIRA LDA;CQ_BSP_FODU;Contrato Quadro;31-01-2007;Derivados;PRT;
1700143820;MLI4;04432;MARIA LEONOR CRUZ SIMOES DE OLIVEIRA BARREIRA LDA;CQ_BSP_MLI4;Contrato Quadro;31-01-2007;Derivados;PRT;
9002278885;AOEB;04444;A.H.S. NEVES - CORTICAS LDA;CQ_BSP_AOEB;Contrato Quadro;27-12-2006;Derivados;PRT;
89693;A1S7;04442;ADIMOVEIS-INDUSTRIA E COMERCIO DE MOVEIS E ESTRUTURAS METALICAS L;CQ_BSP_A1S7;Contrato Quadro;01-03-2007;Derivados;PRT;
3931002866;CM0X;04446;CONSTRUCOES MONIZ & PRIOR LDA;CQ_BSP_CM0X;Contrato Quadro;27-03-2007;Derivados;PRT;
8000506152;G4CO;04447;GUILHERME & NEVES,CONSTRUTORES,LDA;CQ_BSP_G4CO;Contrato Quadro;02-01-2007;Derivados;PRT;
1700126290;HMDI;04448;HERMENEGILDO MOTA DE CAMPOS & FILHOS LDA;CQ_BSP_HMDI;Contrato Quadro;10-01-2007;Derivados;PRT;
8009458464;PE1B;04449;PEDRO EVARISTO,LDA;CQ_BSP_PE1B;Contrato Quadro;02-01-2007;Derivados;PRT;
1700144993;FS74;04426;NUNES E FILHAS, LDA;CQ_BSP_FS74;Contrato Quadro;23-09-2013;Derivados;PRT;
5100273130;EFDE;03071;ECOFRUTAS-ESTACAO FRUTEIRA DA ESTREMADURA LDA;CQ_BSP_EFDE;Contrato Quadro;23-11-2005;Derivados;PRT;
7400232640;CJH5;04441;CONSTRUCOES TEIXEIRA CUNHA 2006 LDA;CQ_BSP_CJH5;Contrato Quadro;16-03-2007;Derivados;PRT;
8046428430;SQ02;04428;SALEMA QUINTELA - CONSTRUCOES, S.A.;CQ_BSP_SQ02;Contrato Quadro;15-01-2007;Derivados;PRT;
8046315292;IE11;04427;INTER-ESTORE-INDUSTRIA DE ESTORES LDA;CQ_BSP_IE11;Contrato Quadro;29-12-2006;Derivados;PRT;
117565;V08T;04452;VIAPOR - EQUIPAMENTOS E SERVICOS LDA;CQ_BSP_V08T;Contrato Quadro;28-12-2006;Derivados;PRT;
1700209966;IAA9;04451;I A AFONSO & FILHOS SA;CQ_BSP_IAA9;Contrato Quadro;27-12-2006;Derivados;PRT;
8028708181;O641;10111;MARNORTE-MARMORES NORTE,SA;CQ_BSP_O641;Contrato Quadro;08-09-2008;Derivados;PRT;
7400219866;PH61;05807;PETROTERRAS COMBUSTIVEIS E LUBRIFICANTES LDA;CQ_BSP_PH61;Contrato Quadro;10-10-2007;Derivados;PRT;
8041047577;K61Q;05316;J.A.J. CAN-CLI LDA;CQ_BSP_K61Q;Contrato Quadro;06-12-2007;Derivados;PRT;
7400339945;V0FV;05800;VENTILESPACO - INSTALACOES ESPECIAIS UNIPESSOAL LDA.;CQ_BSP_V0FV;Contrato Quadro;09-10-2007;Derivados;PRT;
7400045665;D00Q;03618;D T - CONSTRUCOES, LDA;CQ_BSP_D00Q;Contrato Quadro;11-07-2006;Derivados;PRT;
8008318233;EFNA;05793;EUROACO - SOCIEDADE COMERCIAL DE FERRO,ACO E MATERIAIS DE CONSTRUCAO C;CQ_BSP_EFNA;Contrato Quadro;25-10-2007;Derivados;PRT;
5100260622;M1MG;05806;MONTENEGRO FERNANDES E CA S A;CQ_BSP_M1MG;Contrato Quadro;31-03-2008;Derivados;PRT;
8021527156;RJ6I;05814;REVIGRES - INDUSTRIA DE REVESTIMENTOS DE GRES LDA;CQ_BSP_RJ6I;Contrato Quadro;03-11-2010;Derivados;PRT;
8030255479;NO75;05819;MBA MARKETING E BRINDES LDA;CQ_BSP_NO75;Contrato Quadro;20-11-2007;Derivados;PRT;
8001581807;DEEP;01968;CACHAPUZ EQUIPAMENTOS PESAGEM LDA;CQ_BSP_DEEP;Contrato Quadro;27-01-2005;Derivados;PRT;
5100264463;PH5E;05821;PROMECEL INDUSTRIA DE COMPONENTES MECANICOS E ELECTRICOS LDA;CQ_BSP_PH5E;Contrato Quadro;08-10-2007;Derivados;PRT;
7400314863;K7Y2;05820;JAIME GOMES DUARTE INVESTIMENTOS IMOBILIARIOS LDA;CQ_BSP_K7Y2;Contrato Quadro;10-10-2007;Derivados;PRT;
8006954973;GSTC;03048;FONSECA SANTOS & RALHA,LDA;CQ_BSP_GSTC;Contrato Quadro;13-12-2005;Derivados;PRT;
8004013658;JDCN;03484;JOTICASA - SOCIEDADE DE CONSTRUCOES SA;CQ_BSP_JDCN;Contrato Quadro;21-04-2006;Derivados;PRT;
8046319443;A325;05823;ARCAPECAS - COMERCIO DE PECAS AUTOMOVEIS LDA;CQ_BSP_A325;Contrato Quadro;04-10-2007;Derivados;PRT;
7400136759;ECCY;02955;ENCAIXE - SOCIEDADE DE CONSTRUCOES CIVIS LDA;CQ_BSP_ECCY;Contrato Quadro;07-12-2005;Derivados;PRT;
7400175958;CCS9;03441;C4 CONSTRUCAO S A;CQ_BSP_CCS9;Contrato Quadro;14-07-2006;Derivados;PRT;
9002661455;K83C;05824;J. C. PEREIRA & FILHOS, LDA;CQ_BSP_K83C;Contrato Quadro;11-06-2008;Derivados;PRT;
1700108508;D0LR;05815;CARMO E PENAS, LDA;CQ_BSP_D0LR;Contrato Quadro;02-10-2007;Derivados;PRT;
9000676193;OPT6;05827;OBRIVERCA - CONSTRUCOES PROJECTOS SA;CQ_BSP_OPT6;Contrato Quadro;10-10-2007;Derivados;PRT;
9002238343;BV0X;05818;BRAND VIEW - TRADING, UNIPESSOAL, LDA.;CQ_BSP_BV0X;Contrato Quadro;30-11-2007;Derivados;PRT;
8021412330;P0XM;05828;PINHEIRO & ARMANDO,LDA;CQ_BSP_P0XM;Contrato Quadro;20-11-2007;Derivados;PRT;
7400226622;P20A;05831;PREDIALMARKET 2 - CONSTRUCAO, COMPRA E VENDA DE IMOVEIS LDA;CQ_BSP_P20A;Contrato Quadro;02-11-2007;Derivados;PRT;
7400287113;D0NO;05832;DOUROPERFIL - COMERCIO ALUMINIOS LDA;CQ_BSP_D0NO;Contrato Quadro;17-10-2007;Derivados;PRT;
8002047999;EPZ1;05843;ELECTRO PROGRESSO-FERNANDO RODRIGUES,LDA;CQ_BSP_EPZ1;Contrato Quadro;16-10-2007;Derivados;PRT;
8045023210;L0A0;05845;LOGIPLUS - DISTRIBUICAO DE SERVICOS E LOGISTICA LDA;CQ_BSP_L0A0;Contrato Quadro;19-12-2007;Derivados;PRT;
9002593857;NOAT;05844;METALCOVO-METALURGICA COVO LDA;CQ_BSP_NOAT;Contrato Quadro;12-10-2007;Derivados;PRT;
8043376072;B3DE;05833;ALBINO ALMEIDA & FILHO,LDA;CQ_BSP_B3DE;Contrato Quadro;26-11-2007;Derivados;PRT;
8039675283;SJME;05830;SERRACENTRO-SERRACAO DO CENTRO LDA;CQ_BSP_SJME;Contrato Quadro;22-10-2007;Derivados;PRT;
7400342754;BL0Y;05829;BATALHATEMPRA LDA;CQ_BSP_BL0Y;Contrato Quadro;19-10-2007;Derivados;PRT;
9001448244;FPNY;05848;FALCAO PATRICIO LDA;CQ_BSP_FPNY;Contrato Quadro;17-10-2007;Derivados;PRT;
8043308558;JCUK;02791;JCRP - PROMOCAO E MEDIACAO IMOBILIARIA, LDA;CQ_BSP_JCUK;Contrato Quadro;05-11-2007;Derivados;PRT;
8009370809;TM1P;05850;TRANSPORTES MATOS & FILHOS LDA;CQ_BSP_TM1P;Contrato Quadro;18-10-2007;Derivados;PRT;
8007333792;P3A0;05835;PLANUS 3-ARQUITECTOS ASSOCIADOS,LDA;CQ_BSP_P3A0;Contrato Quadro;22-02-2008;Derivados;PRT;
7400303387;SL2H;05834;SPEDIBERIA LDA;CQ_BSP_SL2H;Contrato Quadro;25-06-2010;Derivados;PRT;
8000037905;T0CB;05838;TANAGRA EMPREITEIROS S.A.;CQ_BSP_T0CB;Contrato Quadro;11-01-2008;Derivados;PRT;
7400070268;NOAN;05841;MIGUEL LAIA UNIPESSOAL LDA;CQ_BSP_NOAN;Contrato Quadro;10-10-2007;Derivados;PRT;
8042114525;ULBU;05837;UNIAO DE LOJAS DE BRINQUEDOS UNIPESSOAL LDA;CQ_BSP_ULBU;Contrato Quadro;25-10-2007;Derivados;PRT;
7400400420;K85Z;05839;J PINHO - PRE INSTALACOES E SISTEMAS DE AR CONDICIONADO LDA;CQ_BSP_K85Z;Contrato Quadro;11-10-2007;Derivados;PRT;
7400285548;RRZH;05842;REMETSA RECICLAGEM METAIS SA;CQ_BSP_RRZH;Contrato Quadro;11-10-2007;Derivados;PRT;
9001906770;ZSDJ;03078;A.J.S.-SOC CONST LDA;CQ_BSP_ZSDJ;Contrato Quadro;27-12-2005;Derivados;PRT;
8045439451;IFEJ;05853;IBANEZ FINCAS E INVERSIONES SL;CQ_BSP_IFEJ;Contrato Quadro;19-11-2007;Derivados;PRT;
8479;NCTN;02716;M. CARDOSO S.A.;CQ_BSP_NCTN;Contrato Quadro;04-12-2007;Derivados;PRT;
8039414475;ECCE;01064;ESCOLHA CERTA COMERCIO E DISTRIBUICAO DE ARTIGOS LAR SAS;CQ_BSP_ECCE;Contrato Quadro;14-03-2006;Derivados;PRT;
9001965231;S1YS;05756;SOARES & ORQUIDEA SOCIEDADE CONSTRUCOES LDA;CQ_BSP_S1YS;Contrato Quadro;30-01-2008;Derivados;PRT;
8028171574;D0OD;05849;CLINICA MEDICA-DENTARIA DE LECA DO BALIO, LDA;CQ_BSP_D0OD;Contrato Quadro;20-11-2007;Derivados;PRT;
7400084034;NO3S;05801;M.L.S.-COMERCIO PNEUS AUTOMOVEIS UNIPESSOAL,LDA;CQ_BSP_NO3S;Contrato Quadro;19-10-2007;Derivados;PRT;
8006672669;DE16;05846;DISOTEL-EQUIPAMENTOS DISTRIBUICAO ALIMENTAR HOTELARIA SA;CQ_BSP_DE16;Contrato Quadro;30-10-2007;Derivados;PRT;
9002420174;IGEL;05669;IBERGRU - ALUGUER DE GRUAS E EQUIPAMENTOS S.A.;CQ_BSP_IGEL;Contrato Quadro;21-04-2014;Derivados;PRT;
7400090928;WIS8;05858;WASSERBURG IMOBILIARIA S.A.;CQ_BSP_WIS8;Contrato Quadro;20-11-2007;Derivados;PRT;
8042790490;B3F9;05863;A.M.AMARAL-PECAS ACES.AUTO LDA;CQ_BSP_B3F9;Contrato Quadro;17-10-2007;Derivados;PRT;
8046323377;K83P;05822;JOSE MARIA & FILHOS LDA;CQ_BSP_K83P;Contrato Quadro;15-10-2007;Derivados;PRT;
8020834379;VTLK;03221;VINEVES, S.A.;CQ_BSP_VTLK;Contrato Quadro;24-10-2007;Derivados;PRT;
7400347362;VL10;05866;VERDALCANCE LDA;CQ_BSP_VL10;Contrato Quadro;22-10-2007;Derivados;PRT;
7400251051;FM26;05864;FARMACIA MEIRA & MANSO LDA;CQ_BSP_FM26;Contrato Quadro;26-10-2007;Derivados;PRT;
1700057970;TIVZ;05857;TF-SOCIEDADE IMOBILIARIA, S.A.;CQ_BSP_TIVZ;Contrato Quadro;20-11-2007;Derivados;PRT;
7400138159;HL0P;05852;HIPERMOTOS LDA;CQ_BSP_HL0P;Contrato Quadro;22-10-2007;Derivados;PRT;
8008777318;K88B;05868;JAF-LUBRIFICANTES E ACESSORIOS,LDA;CQ_BSP_K88B;Contrato Quadro;30-10-2007;Derivados;PRT;
8046340618;T0CF;05867;TELORD - INSTALACOES REDES TELECOMUNICACOES LDA;CQ_BSP_T0CF;Contrato Quadro;12-10-2007;Derivados;PRT;
2360001811;GV0A;03967;GRUPO VISABEIRA SA;CQ_BSP_GV0A;Contrato Quadro;30-10-2007;Derivados;PRT;
217576;AAEX;05271;AGERE EMPRESA DE AGUAS EFLUENTES E RESIDUOS DE BRAGA E M;CQ_BSP_AAEX;Contrato Quadro;29-02-2008;Derivados;PRT;
8017864629;D0QI;05874;COMPAGUE-COMERCIO PROD.GRAFICOS,LDA;CQ_BSP_D0QI;Contrato Quadro;12-10-2007;Derivados;PRT;
7400230171;B3HY;05873;ADVANCEPLUS LDA;CQ_BSP_B3HY;Contrato Quadro;23-10-2007;Derivados;PRT;
7400384984;D0SH;05876;CHAVE OFFICE LDA;CQ_BSP_D0SH;Contrato Quadro;15-10-2007;Derivados;PRT;
7400241246;FHEA;05878;FRIBERCO-EQUIPAMENTOS HOTELEIROS,REFRIGERACAO E AR CONDICIONADO LDA;CQ_BSP_FHEA;Contrato Quadro;07-11-2007;Derivados;PRT;
7400243863;BD0N;05813;BONACCI CONSTRUCOES E EMPREENDIMENTOS LDA;CQ_BSP_BD0N;Contrato Quadro;05-11-2007;Derivados;PRT;
8000866521;NOAJ;05879;MARIA DE LOURDES MIRA DE CRESPO S.A.;CQ_BSP_NOAJ;Contrato Quadro;18-10-2007;Derivados;PRT;
8039362426;QC06;05862;QUIMITORRES-DISTRIBUICAO COMBUSTIVEIS,LDA.;CQ_BSP_QC06;Contrato Quadro;29-10-2007;Derivados;PRT;
8022125440;FEJV;05884;FATIBOBINA ELECTRICIDADE,LDA;CQ_BSP_FEJV;Contrato Quadro;23-10-2007;Derivados;PRT;
7400023041;EC9H;05888;EXPERT.EXP BUSINESS TECHNOLOGY CONSULTING SA;CQ_BSP_EC9H;Contrato Quadro;18-10-2007;Derivados;PRT;
8000513764;B3K9;05887;ANTONIO SILVA GOMES & FILHOS.LDA.;CQ_BSP_B3K9;Contrato Quadro;18-10-2007;Derivados;PRT;
8007484915;A33S;05891;ACN A CUNHA NETO LDA;CQ_BSP_A33S;Contrato Quadro;08-11-2007;Derivados;PRT;
8046263489;PH9J;05896;PICHELARIA DOMINGOS SANTOS-SOCIEDADE UNIPESSOAL, LDA;CQ_BSP_PH9J;Contrato Quadro;30-10-2007;Derivados;PRT;
7400034974;V0G0;05897;VIMIDIGITAL - TIPOGRAFIA DIGITAL, ESTAMPARIA SERIGRAFIA, LDA;CQ_BSP_V0G0;Contrato Quadro;29-10-2007;Derivados;PRT;
5100485975;L0A2;05902;LUSOALIMENTOS - DISTRIBUICAO S.A.;CQ_BSP_L0A2;Contrato Quadro;28-12-2007;Derivados;PRT;
9000624159;S207;05898;SOCIEDADE MEDICINAL SOUZA SOARES, S.A.;CQ_BSP_S207;Contrato Quadro;28-11-2007;Derivados;PRT;
30977;P0P7;04634;PIRES & IRMAO LDA;CQ_BSP_P0P7;Contrato Quadro;19-07-2021;Derivados;PRT;
7400392909;STMM;05905;SUPERMEDRONHEIRA - SUPERMERCADOS LDA;CQ_BSP_STMM;Contrato Quadro;25-10-2007;Derivados;PRT;
7400392907;STMK;05906;SODIFERREIRAS SUPERMERCADOS LDA;CQ_BSP_STMK;Contrato Quadro;25-10-2007;Derivados;PRT;
7400270164;IIW4;05908;INFOCAPITAL-REPRESENTACAO INFORMATICA SA;CQ_BSP_IIW4;Contrato Quadro;30-10-2007;Derivados;PRT;
8017699072;M03R;02872;M.A.SILVA-CORTICAS, S.A.;CQ_BSP_M03R;Contrato Quadro;24-10-2007;Derivados;PRT;
8028035447;RRUP;05890;RUI ROMANO, S.A.;CQ_BSP_RRUP;Contrato Quadro;03-12-2007;Derivados;PRT;
8039320134;RRUO;04735;RESPOL RESINAS S A;CQ_BSP_RRUO;Contrato Quadro;19-12-2016;Derivados;PRT;
7400230964;AEQR;05909;AGRO EXITO LDA;CQ_BSP_AEQR;Contrato Quadro;31-10-2007;Derivados;PRT;
8042684044;GEX3;05913;PLACOIBERICA 3 - INDUSTRIA DE PERFIS S.A.;CQ_BSP_GEX3;Contrato Quadro;15-11-2007;Derivados;PRT;
8046378744;A343;05915;AUTOMATEX - EQUIPAMENTOS INDUSTRIAIS LDA;CQ_BSP_A343;Contrato Quadro;09-11-2007;Derivados;PRT;
7400399949;PL1U;05910;PHARMALTURA LDA;CQ_BSP_PL1U;Contrato Quadro;31-10-2007;Derivados;PRT;
7400147579;NOYA;05917;MUNDUS PERFECTUS - PRODUTOS PARA O LAR E INDUSTRIA S.A.;CQ_BSP_NOYA;Contrato Quadro;12-12-2007;Derivados;PRT;
266198;A19S;05921;ARCEN ENGENHARIA S.A.;CQ_BSP_A19S;Contrato Quadro;20-12-2007;Derivados;PRT;
222331;LJ60;09190;LABORE SINALIZACAO DE SEGURANCA E RODOVIARIA SOCIEDADE UNIPESSOAL LDA;CQ_BSP_LJ60;Contrato Quadro;30-06-2008;Derivados;PRT;
7400087124;O2WT;08597;NASCER E CRESCER - CLINICA PEDIATRICA LDA;O2WT;Contrato Quadro;15-07-2008;Derivados;PRT;
24245;AOE9;04440;ANTONIO OLIVEIRA CARVALHO & COMPANHIA LDA;CQ_BSP_AOE9;Contrato Quadro;11-01-2007;Derivados;PRT;
7400038087;FS72;04424;FERNANDO SANTOS & ANTUNES, LDA;CQ_BSP_FS72;Contrato Quadro;24-01-2007;Derivados;PRT;
7400139240;RC3I;04436;R AO CUBO - SOCIEDADE DE MEDIACAO IMOBILIARIA, LDA;CQ_BSP_RC3I;Contrato Quadro;12-02-2007;Derivados;PRT;
2100821652;CFEG;02913;CUSTODIO FERNANDES-IMPORT.EXPORT.MATERIAIS CONST. CIVIL LDA.;CQ_BSP_CFEG;Contrato Quadro;17-01-2007;Derivados;PRT;
1700069158;AH94;04435;AUTO ESCAPE DE ALFRAGIDE, ASSIST.VENDA DE ACESSORIOS, LDA;CQ_BSP_AH94;Contrato Quadro;08-02-2007;Derivados;PRT;
8009239731;S194;04455;SINFLEX - INDUSTRIA DE MOLAS TECNICAS, LDA;CQ_BSP_S194;Contrato Quadro;28-12-2006;Derivados;PRT;
2671010423;PCFZ;04431;POLICLINICA CENTRAL DA FIGUEIRA DA FOZ, LDA;CQ_BSP_PCFZ;Contrato Quadro;29-12-2006;Derivados;PRT;
7400035416;CSNG;04456;CONSTRUCOES SARAIVA MENDES E SARAIVA LDA;CQ_BSP_CSNG;Contrato Quadro;02-01-2007;Derivados;PRT;
7400232094;SE7X;04460;SRA D ALEGRIA CENTRO CLINICO MEDICINA DO TRABALHO LDA;CQ_BSP_SE7X;Contrato Quadro;09-02-2007;Derivados;PRT;
1700049332;Q00V;04443;QN - EDICAO E CONTEUDOS S.A.;CQ_BSP_Q00V;Contrato Quadro;28-12-2006;Derivados;PRT;
7400217672;B03G;04453;BOCADINHO - SERVICOS DE RESTAURACAO, LDA.;CQ_BSP_B03G;Contrato Quadro;28-02-2007;Derivados;PRT;
141235;FG10;04464;FERNANDO GRACA - SAPATARIAS LDA;CQ_BSP_FG10;Contrato Quadro;27-12-2006;Derivados;PRT;
7400164211;L04J;04466;LUX - HEALTH CLUB LDA;CQ_BSP_L04J;Contrato Quadro;01-02-2007;Derivados;PRT;
8038501522;V08V;04465;VIEIRA & FILHOS LDA;CQ_BSP_V08V;Contrato Quadro;29-12-2006;Derivados;PRT;
7400054993;A1SK;04463;AMBIGROUP RESIDUOS, S.A.;CQ_BSP_A1SK;Contrato Quadro;10-04-2007;Derivados;PRT;
10146;JT1J;04459;JOMIDOS - SOCIEDADE IMOBILIARIA , LDA;CQ_BSP_JT1J;Contrato Quadro;13-04-2007;Derivados;PRT;
117055;AC2F;04299;ACIB - ASSOCIACAO COMERCIAL E INDUSTRIAL DE BARCELOS;CQ_BSP_AC2F;Contrato Quadro;16-03-2007;Derivados;PRT;
18241;FEHY;04477;FILIPE & HENRIQUES,LDA;CQ_BSP_FEHY;Contrato Quadro;21-03-2007;Derivados;PRT;
8046401036;S19Z;04487;SINCRONIA DO TEMPO RELOJOARIA E CONSULTADORIA S A;CQ_BSP_S19Z;Contrato Quadro;04-05-2007;Derivados;PRT;
7400016797;M0UV;04473;MICRODIAG - LABORATORIA ANATOMIA PATOLOGICA LDA;CQ_BSP_M0UV;Contrato Quadro;29-12-2006;Derivados;PRT;
8005187887;XL01;04471;XAVIERES,LDA;CQ_BSP_XL01;Contrato Quadro;10-01-2007;Derivados;PRT;
7400288243;I0IU;04478;OBLYQUOS SA;CQ_BSP_I0IU;Contrato Quadro;13-03-2007;Derivados;PRT;
8025999796;FZ00;04479;FARMACIA PAULA DE CAMPOS LDA;CQ_BSP_FZ00;Contrato Quadro;14-02-2007;Derivados;PRT;
8024261027;CQ41;04486;CONFECCOES POPEGO LDA;CQ_BSP_CQ41;Contrato Quadro;03-04-2007;Derivados;PRT;
8008223661;FCSX;01572;FIOFIBRA - COMPANHIA PRODUTORA DE FIBRAS SINTETICAS SA;CQ_BSP_FCSX;Contrato Quadro;15-05-2015;Derivados;PRT;
1700102800;PD0D;04472;PLUS DISCOUNT-SUPERMERCADOS LDA;CQ_BSP_PD0D;Contrato Quadro;17-01-2007;Derivados;PRT;
8008093200;CALB;01699;CALBRITA SOCIEDADE DE BRITAS SA;CQ_BSP_CALB;Contrato Quadro;09-01-2007;Derivados;PRT;
7400093812;FPUV;04474;FARMACIA PACHECO, LDA;CQ_BSP_FPUV;Contrato Quadro;28-02-2007;Derivados;PRT;
1700200939;TV02;04475;TOUPEIRA VERDE - PERFURACOES HORIZONTAIS DIRIGIDAS, LDA.;CQ_BSP_TV02;Contrato Quadro;09-03-2007;Derivados;PRT;
1700165313;AHDK;04476;ASSOCIACAO DE SOCORROS MUTUOS DOS EMPREGADOS DO ESTADO;CQ_BSP_AHDK;Contrato Quadro;23-03-2007;Derivados;PRT;
7400054678;FPE8;04491;FARMACIA POPULAR DA ENCARNACAO SA;CQ_BSP_FPE8;Contrato Quadro;10-01-2007;Derivados;PRT;
7400290233;VM1D;04503;VOLUME MAXIMO UNIPESSOAL LDA;CQ_BSP_VM1D;Contrato Quadro;15-01-2007;Derivados;PRT;
2100226860;I0IN;04507;INDUMOTOR - IND ACESSORIOS AUTO, LDA;CQ_BSP_I0IN;Contrato Quadro;10-01-2007;Derivados;PRT;
5100430736;R0EF;04504;RECIPE - SOCIEDADE FARMACEUTICA, UNIPESSOAL LDA;CQ_BSP_R0EF;Contrato Quadro;08-01-2007;Derivados;PRT;
7400093807;FHDV;04505;FARMACIA HORTAS DA SILVA, UNIPESSOAL, LDA;CQ_BSP_FHDV;Contrato Quadro;28-02-2007;Derivados;PRT;
7400222200;FBLH;04506;FILIPE BIDARRA-PRODUCAO E COMERCIALIZACAO DE FLORES - UNIPESSOAL, LDA;CQ_BSP_FBLH;Contrato Quadro;10-01-2007;Derivados;PRT;
8043440231;AEXB;04512;AGECE-MONTAGEM E COMERCIO BICICLETAS, S.A.;CQ_BSP_AEXB;Contrato Quadro;05-01-2007;Derivados;PRT;
7400194430;N04P;04489;NELSON & NELSON- CONSTRUCAO CIVIL, LDA;CQ_BSP_N04P;Contrato Quadro;18-01-2007;Derivados;PRT;
3391002220;TTNE;04488;T.N.C. TELECOMUNICACOES NOVAS DO CENTRO LDA;CQ_BSP_TTNE;Contrato Quadro;16-02-2007;Derivados;PRT;
3351008467;FDNL;04490;FMJM - DECORACAO DE MONTRAS E STANDS LDA;CQ_BSP_FDNL;Contrato Quadro;11-01-2007;Derivados;PRT;
1700006240;P0O9;04515;PAPELARIA LATINA, LDA;CQ_BSP_P0O9;Contrato Quadro;02-05-2007;Derivados;PRT;
7400231491;CJJP;04510;CASAS DA LEZIRIA - CONSTRUCOES,LDA;CQ_BSP_CJJP;Contrato Quadro;23-01-2007;Derivados;PRT;
7400098482;E0LA;04508;EDITADIL-EMPRESA DE OBRAS E CONSTRUCAO CIVIL,LDA;CQ_BSP_E0LA;Contrato Quadro;30-01-2007;Derivados;PRT;
7400294778;E0LB;04509;ESSENCIAL CAR SOC COMERCIAL DE AUTOMOVEIS LDA;CQ_BSP_E0LB;Contrato Quadro;17-01-2007;Derivados;PRT;
7400292413;PDX4;04492;PAO DOS ANJOS LDA;CQ_BSP_PDX4;Contrato Quadro;25-01-2007;Derivados;PRT;
;SREY;04502;STALIA REAL ESTATE S.L.;CQ_BSP_SREY;Contrato Quadro;12-01-2007;Derivados;PRT;
7400106576;JT1S;04511;MACEDO CARVALHO & FERREIRA LDA;CQ_BSP_JT1S;Contrato Quadro;08-01-2007;Derivados;PRT;
8008388934;JA8M;04516;J.S.ARAUJO-SERRALHARIA,LDA;CQ_BSP_JA8M;Contrato Quadro;17-01-2007;Derivados;PRT;
7400245749;P0OB;04520;PRESSCOM - IMPRESSORES ASSOCIADOS LDA;CQ_BSP_P0OB;Contrato Quadro;16-01-2007;Derivados;PRT;
2491002628;VV02;01650;VITOR VIEIRA LDA;CQ_BSP_VV02;Contrato Quadro;11-01-2007;Derivados;PRT;
7400248743;S1A4;04524;SUPERJUNCAL SUPERMERCADOS LDA.;CQ_BSP_S1A4;Contrato Quadro;05-01-2007;Derivados;PRT;
2100953452;S1A3;04523;SUPERMO - SUPERMERCADOS, SA;CQ_BSP_S1A3;Contrato Quadro;05-01-2007;Derivados;PRT;
7400220440;CJK3;04521;CENTRO DIAGNOSTICO MERCADO S.A.;CQ_BSP_CJK3;Contrato Quadro;22-02-2007;Derivados;PRT;
7400219198;T09V;04519;TCRM - IMAGEM E DIAGNOSTICO S.A.;CQ_BSP_T09V;Contrato Quadro;09-03-2007;Derivados;PRT;
8045488515;CTRF;04526;CATANHOINVESTMENTS S.A.;CQ_BSP_CTRF;Contrato Quadro;23-02-2007;Derivados;PRT;
7400272591;RPBL;04528;RAIACAMPO-COMERCIO PRODUTOS AGROPECUARIOS LDA;CQ_BSP_RPBL;Contrato Quadro;04-01-2007;Derivados;PRT;
2100173626;M0UI;04457;MARLAGOS INICIATIVAS TURISTICAS, LDA;CQ_BSP_M0UI;Contrato Quadro;24-01-2007;Derivados;PRT;
1700058076;S1A2;04518;SOREPURB-EMPREENDIMENTOS IMOBILIARIOS LDA;CQ_BSP_S1A2;Contrato Quadro;12-03-2007;Derivados;PRT;
8032622080;H09P;04533;HOSPITEX-MATERIAL HOSPITALAR LDA;CQ_BSP_H09P;Contrato Quadro;21-06-2007;Derivados;PRT;
7400290340;P0OC;04527;PROPRIURBE PROPRIEDADES URBANIZACOES SA;CQ_BSP_P0OC;Contrato Quadro;19-01-2007;Derivados;PRT;
5100281011;C1Y8;04540;COLMART INDUSTRIA DE COLCHOES LDA;CQ_BSP_C1Y8;Contrato Quadro;26-02-2007;Derivados;PRT;
1700147172;ATQG;04514;A ROMA MODERNA - PRODUTOS ALIMENTARES, LDA;CQ_BSP_ATQG;Contrato Quadro;18-04-2007;Derivados;PRT;
8007874092;GOS7;04542;GRACIANO ONOFRE SILVA & ROMAO,LDA;CQ_BSP_GOS7;Contrato Quadro;12-01-2007;Derivados;PRT;
7400195754;CLXW;04534;CONSTRUCOES LEAO, LDA;CQ_BSP_CLXW;Contrato Quadro;11-01-2007;Derivados;PRT;
8024270934;PN09;04543;PARQUEADORA NELSON & LUIS GARCIA,LDA;CQ_BSP_PN09;Contrato Quadro;10-05-2007;Derivados;PRT;
8001577476;AHFB;04544;ADEGA COOPERATIVA CADAVAL CRL;CQ_BSP_AHFB;Contrato Quadro;12-01-2007;Derivados;PRT;
8038269418;DDOW;02897;DEROVO DERIVADOS DE OVOS S A;CQ_BSP_DDOW;Contrato Quadro;27-10-2014;Derivados;PRT;
7400296034;CJKL;04546;CASAS CONTIGO - IMOBILIARIA, LDA;CQ_BSP_CJKL;Contrato Quadro;15-01-2007;Derivados;PRT;
5100307714;A1T0;04551;AUDITWARE CONTABILIDADE ADMINISTRACAO E EQUIPAMENTOS SA;CQ_BSP_A1T0;Contrato Quadro;20-04-2007;Derivados;PRT;
2100964500;TL19;04553;TEMPO IRIA EMPRESA TRABALHO TEMPORARIO UNIPESSOAL, LDA;CQ_BSP_TL19;Contrato Quadro;26-01-2007;Derivados;PRT;
8002453916;L06I;04554;LAGE & SA, LDA;CQ_BSP_L06I;Contrato Quadro;21-02-2007;Derivados;PRT;
7400245967;PL1B;04555;PREDISERVE-PREDIAL URBANIZACAO CONSTRUTORA E SERVICOS LDA;CQ_BSP_PL1B;Contrato Quadro;08-02-2007;Derivados;PRT;
7400255114;CJKV;04549;COSMOQUATTRO - IMPORTACAO E EXPORTACAO LDA;CQ_BSP_CJKV;Contrato Quadro;18-01-2007;Derivados;PRT;
7400019598;FE2E;04552;FARMACIA DA QUINTA - UNIPESSOAL LDA;CQ_BSP_FE2E;Contrato Quadro;15-01-2007;Derivados;PRT;
1700048741;J05E;04557;JOELMASI - EMPRESA DE CONSTRUCOES, UNIPESSOAL LDA;CQ_BSP_J05E;Contrato Quadro;01-02-2007;Derivados;PRT;
2671007804;D6B3;08904;CONSTRUCOES ALDIFOZ LDA;D6B3;Contrato Quadro;11-06-2008;Derivados;PRT;
7400484468;KJYA;09815;JJ CEREJO CONST CIVIL PINT E REVEST LDA;CQ_BSP_KJYA;Contrato Quadro;10-09-2008;Derivados;PRT;
7400404836;TRCW;05919;TRANSPORTES ROGERIO COELHO LDA;CQ_BSP_TRCW;Contrato Quadro;29-10-2007;Derivados;PRT;
2651007247;SJTQ;05920;SIEFER-SOCIEDADE IMPORTADORA E EXPORTADORA DE FERRAGENS E FERRAMENTAS,;CQ_BSP_SJTQ;Contrato Quadro;02-11-2007;Derivados;PRT;
38020;TPCE;01467;TEKA PORTUGAL SA;CQ_BSP_TPCE;Contrato Quadro;02-10-2013;Derivados;PRT;
7400388314;S20R;05925;SUPERLEIRIA - SOCIEDADE GESTORA DE PARTICIPACOES SOCIAIS LDA.;CQ_BSP_S20R;Contrato Quadro;31-10-2007;Derivados;PRT;
8009800257;GE2Q;05927;GUAFIL-SOC.URBANIZADORA EMPREEND.IMOBIL.CONST.CIVIL,LDA;CQ_BSP_GE2Q;Contrato Quadro;21-11-2007;Derivados;PRT;
9000817182;NP36;05924;MARFERREIRA-MARMORES GRANITOS FERREIRA,LDA;CQ_BSP_NP36;Contrato Quadro;29-10-2007;Derivados;PRT;
8000576968;SSTL;05928;SANMARTIN SOCIEDADE TEXTIL LDA;CQ_BSP_SSTL;Contrato Quadro;10-03-2008;Derivados;PRT;
33098;F5NJ;05929;FAPILOR - FABRICA PALITEIRA LORVAO LDA;CQ_BSP_F5NJ;Contrato Quadro;16-11-2007;Derivados;PRT;
7400085323;FA4F;05932;FRUTAS ALTITUDE;CQ_BSP_FA4F;Contrato Quadro;03-05-2010;Derivados;PRT;
7400277875;TZ00;05931;TOLERANCIA ZERO - PRODUCOES MUSICAIS UNIPESSOAL LDA;CQ_BSP_TZ00;Contrato Quadro;07-11-2007;Derivados;PRT;
7400374591;STNF;05930;SOMA SUPERIOR LDA.;CQ_BSP_STNF;Contrato Quadro;06-12-2007;Derivados;PRT;
7400385128;B3SF;05936;ALBERTO EHRHARDT G SILVA LDA;CQ_BSP_B3SF;Contrato Quadro;06-11-2007;Derivados;PRT;
7400388498;STNM;05944;SUPERALMADA - SOCIEDADE GESTORA DE PARTICIPACOES SOCIAIS, LDA;CQ_BSP_STNM;Contrato Quadro;06-02-2014;Derivados;PRT;
7400319983;PP2A;05941;PLANO PRINCIPAL EMPREENDIMENTOS S.A.;CQ_BSP_PP2A;Contrato Quadro;26-11-2007;Derivados;PRT;
8045388764;M1NN;05938;MPO - MAQUINAS PORTUARIAS S.A.;CQ_BSP_M1NN;Contrato Quadro;11-07-2008;Derivados;PRT;
7400198437;GRNU;05939;PRINTIFY SA;CQ_BSP_GRNU;Contrato Quadro;21-11-2007;Derivados;PRT;
7400358088;B3U2;05943;ANSERPIA LDA;CQ_BSP_B3U2;Contrato Quadro;14-12-2007;Derivados;PRT;
7400309861;IBQE;05954;IRMAOS BATISTA LDA.;CQ_BSP_IBQE;Contrato Quadro;05-11-2007;Derivados;PRT;
8039590370;NPHS;05942;M.HENRIQUES SA;CQ_BSP_NPHS;Contrato Quadro;22-11-2007;Derivados;PRT;
7400180994;NPN2;05957;NORTIPARM - PROJECTOS E INVESTIMENTOS IMOBILIARIOS, LDA;CQ_BSP_NPN2;Contrato Quadro;28-12-2007;Derivados;PRT;
8029710626;B3XX;05958;AUTOZITANIA - ACESSORIOS E SOBRESSALENTES S.A.;CQ_BSP_B3XX;Contrato Quadro;22-11-2007;Derivados;PRT;
8046275629;B3X6;05951;ANTONIO FREITAS & MAGALHAES LDA;CQ_BSP_B3X6;Contrato Quadro;09-11-2007;Derivados;PRT;
8046501420;EVIF;05959;ELECTRO VIMEA INSTALACOES ELECTRICAS LDA;CQ_BSP_EVIF;Contrato Quadro;13-11-2007;Derivados;PRT;
;M1O5;05961;MADEIRA XXI SA (USE NPQ3);CQ_BSP_M1O5;Contrato Quadro;21-11-2007;Derivados;PRT;
8046492186;NPQ3;27100;MADEIRA XXI SA;CQ_BSP_NPQ3;Contrato Quadro;21-11-2007;Derivados;PRT;
8008362260;GL17;05969;GILCAR-COMERCIO DE AUTOMOVEIS LDA;CQ_BSP_GL17;Contrato Quadro;08-11-2007;Derivados;PRT;
1700043819;P0YK;05967;PETERCAR - COMERCIO AUTOMOVEIS, LDA;CQ_BSP_P0YK;Contrato Quadro;22-11-2007;Derivados;PRT;
7400384652;TDOL;05966;TRILHOS DA MEMORIA - ACTIVIDADES HOTELEIRAS, UNIPESSOAL, LDA.;CQ_BSP_TDOL;Contrato Quadro;19-11-2007;Derivados;PRT;
7400176794;MAQV;03512;MHM ACTIVIDADES MEDICAS E PARAMEDICAS LDA;CQ_BSP_MAQV;Contrato Quadro;24-04-2006;Derivados;PRT;
8040008801;G4VA;05971;GUIMARPEIXE - COMERCIO DE PRODUTOS ALIMENTARES, S.A.;CQ_BSP_G4VA;Contrato Quadro;09-01-2017;Derivados;PRT;
8001156574;B431;;A RETALHISTA-INVESTIMENTO IMOBILIARIO E TURISTICOS LDA;CQ_BSP_B431;Contrato Quadro;14-11-2007;Derivados;PRT;
8004798583;LA8L;05975;LAURENTINA ARROYO & FOS LDA;CQ_BSP_LA8L;Contrato Quadro;04-01-2008;Derivados;PRT;
7400328145;DP1O;05984;DON POLLO - CHURRASQUEIRA LDA;CQ_BSP_DP1O;Contrato Quadro;19-11-2007;Derivados;PRT;
7400072429;P0YN;05985;PROMONTORIO - ARQUITECTOS ASSOCIADOS, LDA.;CQ_BSP_P0YN;Contrato Quadro;23-11-2007;Derivados;PRT;
8019155154;K921;05972;JOSE AVELINO PINTO - CONSTRUCAO & ENGENHARIA, S.A.;CQ_BSP_K921;Contrato Quadro;21-11-2007;Derivados;PRT;
8044040053;RJZX;05979;RS-RUI SANTOS CLIMATIZACAO LDA;CQ_BSP_RJZX;Contrato Quadro;20-11-2007;Derivados;PRT;
7400220109;D1AT;05981;CONSTRUCOES J FARRAJOTA LDA;CQ_BSP_D1AT;Contrato Quadro;13-12-2007;Derivados;PRT;
7400321814;B43U;05980;ANDRADE DOS ANJOS & ANJOS LDA;CQ_BSP_B43U;Contrato Quadro;22-11-2007;Derivados;PRT;
7400239015;PHU4;05990;PORTLEN HOLDINGS SA;CQ_BSP_PHU4;Contrato Quadro;15-11-2007;Derivados;PRT;
7400240360;NQ3E;05982;MEMMO BALEEIRA - HOTELARIA E TURISMO S.A.;CQ_BSP_NQ3E;Contrato Quadro;14-02-2008;Derivados;PRT;
8004296451;J08U;05978;J.A.MEIRELES,LDA;CQ_BSP_J08U;Contrato Quadro;20-11-2007;Derivados;PRT;
3431001798;CU7L;04855;CURTUMES RODRIGUES, S.A.;CQ_BSP_CU7L;Contrato Quadro;26-03-2008;Derivados;PRT;
2100259188;GI1E;05970;GALECIA-PRODUTOS PARA INDUSTRIA CONSTRUCAO,SA;CQ_BSP_GI1E;Contrato Quadro;26-12-2007;Derivados;PRT;
8038134239;SNKV;06017;S.M.I.C. SERVICO MEDICO DE IMAGEM COMPUTORIZADA S.A.;CQ_BSP_SNKV;Contrato Quadro;31-01-2008;Derivados;PRT;
9000689890;D1AZ;05974;CARLOS SABIDO & FILHOS SA;CQ_BSP_D1AZ;Contrato Quadro;03-12-2007;Derivados;PRT;
7400012030;D1GC;06053;CAVES DO MONTE VINHOS SA;CQ_BSP_D1GC;Contrato Quadro;21-12-2007;Derivados;PRT;
2661003856;TDHN;06021;TRANSPORTES DE CARGA J.C.C., LDA;CQ_BSP_TDHN;Contrato Quadro;29-11-2007;Derivados;PRT;
8046489687;NSQS;03086;M S DELFINO SA;CQ_BSP_NSQS;Contrato Quadro;25-11-2005;Derivados;PRT;
8046452068;FVBA;06043;FARMACIA VIEIRA BARATA - UNIPESSOAL LDA;CQ_BSP_FVBA;Contrato Quadro;29-09-2009;Derivados;PRT;
7400211222;D1FH;06036;COSTA TROPICAL-CONSTRUCOES UNIPESSOAL LDA;CQ_BSP_D1FH;Contrato Quadro;21-11-2007;Derivados;PRT;
8046543589;D1FU;06045;CONSTRUCOES JOSE PEREIRA GONCALVES, LDA;CQ_BSP_D1FU;Contrato Quadro;27-11-2007;Derivados;PRT;
8005092487;B4BU;06048;BARRASIL IMOVEIS VIANA,LDA;CQ_BSP_B4BU;Contrato Quadro;27-11-2007;Derivados;PRT;
3491007732;A35C;06009;ARQUICITY LDA;CQ_BSP_A35C;Contrato Quadro;28-12-2007;Derivados;PRT;
2391013578;ARCO;01135;ARLINDO CORREIA & FILHOS S.A.;CQ_BSP_ARCO;Contrato Quadro;23-09-2005;Derivados;PRT;
1700028696;A36I;06049;AGOSTINHO BARROS DA COSTA & FILHOS ,LDA;CQ_BSP_A36I;Contrato Quadro;27-11-2007;Derivados;PRT;
1700010157;D1GD;06055;CLINICA MEDICO - DENTARIA SANDRA SILVA, LDA;CQ_BSP_D1GD;Contrato Quadro;28-11-2007;Derivados;PRT;
9000611368;SJWQ;05960;SOLIDARIEDADE EAMIZADE-COOPERATIVA HABITACAO ECONOMICA,CRL;CQ_BSP_SJWQ;Contrato Quadro;29-02-2008;Derivados;PRT;
7400015447;K9HM;06084;J P FERREIRA & FERREIRA LDA;CQ_BSP_K9HM;Contrato Quadro;28-11-2007;Derivados;PRT;
8015998576;VM27;06082;VEMONOR-VEDACOES MOBILIARIO DO NORTE LDA;CQ_BSP_VM27;Contrato Quadro;30-11-2007;Derivados;PRT;
1700024829;K9HF;06079;JOSE S RODRIGUES - PROD. ALIMENTARES, LDA.;CQ_BSP_K9HF;Contrato Quadro;28-11-2007;Derivados;PRT;
9002200086;ID5V;06064;INFRASUL - CONSTRUCOES E INFRAESTRUTURAS LDA;CQ_BSP_ID5V;Contrato Quadro;17-12-2007;Derivados;PRT;
2100319626;PS9I;06087;PAULO SERRA & IRMAOS, LDA;CQ_BSP_PS9I;Contrato Quadro;04-12-2007;Derivados;PRT;
8020930216;LG88;06101;LUZ E SIMAS VESTUARIO E DECORACAO LDA;CQ_BSP_LG88;Contrato Quadro;05-12-2007;Derivados;PRT;
8018469001;RZS0;02398;RACOES ZEZERE S A;CQ_BSP_RZS0;Contrato Quadro;30-11-2007;Derivados;PRT;
7400214665;M1P5;06118;MAILGLOBE TRANSPORTE CORREIO URGENTE LDA;CQ_BSP_M1P5;Contrato Quadro;29-11-2007;Derivados;PRT;
7400014894;D1N1;06135;COSTA MORADA - EMPREENDIMENTOS IMOBILIARIOS LDA;CQ_BSP_D1N1;Contrato Quadro;29-11-2007;Derivados;PRT;
8005721041;S1ZP;05875;SUIGRANJA SOCIEDADE AGRICOLA SA;CQ_BSP_S1ZP;Contrato Quadro;23-10-2013;Derivados;PRT;
7400401854;NQPL;06098;MICELA - SOCIEDADE FARMACEUTICA, LDA;CQ_BSP_NQPL;Contrato Quadro;07-12-2007;Derivados;PRT;
7400398648;SJZU;06110;SORRISO FRESCO - LDA;CQ_BSP_SJZU;Contrato Quadro;20-12-2007;Derivados;PRT;
9002592089;GNTB;06134;GEORGINA NETO DOS SANTOS LDA;CQ_BSP_GNTB;Contrato Quadro;29-11-2007;Derivados;PRT;
8001445122;P0ZD;06148;PAULINO & GOMES,LDA;CQ_BSP_P0ZD;Contrato Quadro;05-12-2007;Derivados;PRT;
7400328379;RK45;06130;RETAIL CONCEPT, S.A.;CQ_BSP_RK45;Contrato Quadro;30-11-2007;Derivados;PRT;
8001180771;ARSE;00815;AMORIM CORK FLOORING SA;CQ_BSP_ARSE;Contrato Quadro;21-11-2014;Derivados;PRT;
8046204650;P6A0;06117;PLANO 6-PRODUCOES AUDIOVISUAIS,LDA;CQ_BSP_P6A0;Contrato Quadro;03-12-2007;Derivados;PRT;
5100579770;PHLW;06126;PNH - PROFESSIONAL FURNITURE & INNOVATION LDA;CQ_BSP_PHLW;Contrato Quadro;18-05-2009;Derivados;PRT;
8044489305;ZCGE;06150;ZULGESTE CONTAB GESTAO EMPRESAS LD;CQ_BSP_ZCGE;Contrato Quadro;10-12-2007;Derivados;PRT;
8044674110;PIOZ;06153;PANDIBRINCA-COMERCIO INTERNACIONAL, LDA;CQ_BSP_PIOZ;Contrato Quadro;03-12-2007;Derivados;PRT;
9000434093;KHVG;08690;JOSE LUIS GOMES BESSA;KHVG;Contrato Quadro;30-05-2008;Derivados;PRT;
7400353840;U03V;07896;URBANHAIR - COSMETICA PROFISSIONAL LDA;U03V;Contrato Quadro;10-04-2008;Derivados;PRT;
8042706740;M20X;08573;MATA E VASCONCELOS LDA;M20X;Contrato Quadro;16-05-2008;Derivados;PRT;
8009039005;KHJV;08500;JOSE CASTRO CARNEIRO & FOS,LDA;KHJV;Contrato Quadro;20-05-2008;Derivados;PRT;
7400368498;KHJX;08501;KORRIDAS E KOMPANHIA ACTIVIDADES DESPORTIVAS E LAZER LDA;KHJX;Contrato Quadro;17-07-2008;Derivados;PRT;
7400404404;B9NC;08506;ARTEVIS-PREST SERV ARTES GRAFICAS LDA;B9NC;Contrato Quadro;06-06-2008;Derivados;PRT;
8039822656;C3IF;08512;CORREIA & IRMAOS LDA;C3IF;Contrato Quadro;09-06-2008;Derivados;PRT;
5100282967;D5U1;08487;CONSTRUCOES HORA E AREAL LDA;D5U1;Contrato Quadro;28-12-2009;Derivados;PRT;
1700049703;D64E;08714;CONSTRUCOES CARLOS BARROS & FILHOS LDA;D64E;Contrato Quadro;11-07-2008;Derivados;PRT;
7400208639;RUWG;10107;RUY ROSARIO - IMOBILIARIA, SOCIEDADE UNIPESSOAL LDA;CQ_BSP_RUWG;Contrato Quadro;25-02-2009;Derivados;PRT;
9000661268;RR9E;08831;RESTAURANTE BRASA DE BRILHANTINA & MARIA ADOZINDA LDA;RR9E;Contrato Quadro;01-08-2008;Derivados;PRT;
1700146197;O303;08634;MARIA LUCILIA CONCEICAO FERREIRA;O303;Contrato Quadro;24-06-2008;Derivados;PRT;
7400460313;D7QR;10315;CFTV - CENTRO FARMACEUTICO DE TORRES VEDRAS, LDA;CQ_BSP_D7QR;Contrato Quadro;06-10-2008;Derivados;PRT;
8045374108;S1A9;04560;SOC.VITICOLA FOZ TAVORA,LDA;CQ_BSP_S1A9;Contrato Quadro;25-01-2007;Derivados;PRT;
8007082242;JP7I;04561;JEREMIAS DE MACEDO E COMPANHIA LIMITADA;CQ_BSP_JP7I;Contrato Quadro;09-02-2007;Derivados;PRT;
7400191434;FMI9;04567;FERNANDO MARQUES GOUVEIA & C , LDA.;CQ_BSP_FMI9;Contrato Quadro;19-01-2007;Derivados;PRT;
7400217413;JIWC;04566;JOAQUIM BARROS LDA;CQ_BSP_JIWC;Contrato Quadro;25-01-2007;Derivados;PRT;
5100391830;A1T3;04556;APA - ADMINISTRAÇÃO DO PORTO DE AVEIRO OAD;CQ_BSP_A1T3;Contrato Quadro;14-03-2007;Derivados;PRT;
7400241260;CJHI;04580;CARTAZ DE LUXO - CONSTRUCOES LDA;CQ_BSP_CJHI;Contrato Quadro;22-01-2007;Derivados;PRT;
27678;B0ET;04575;AGRIPUR - GESTAO AGRICOLA IMOBILIARIA SA;CQ_BSP_B0ET;Contrato Quadro;15-03-2007;Derivados;PRT;
7400007102;FTUM;04568;FARMACIA TAVEIRA, UNIPESSOAL, LDA;CQ_BSP_FTUM;Contrato Quadro;20-01-2007;Derivados;PRT;
40797;K036;04571;JOMAFE - SOCIEDADE DE CONSTRUCOES, SA;CQ_BSP_K036;Contrato Quadro;29-03-2007;Derivados;PRT;
7400139841;F2DN;04587;FONSE - SOCIEDADE INDUSTRIAL DE CONSTRUCOES LDA;CQ_BSP_F2DN;Contrato Quadro;19-01-2007;Derivados;PRT;
5100277652;TM19;04582;TOMASIO MATERIAIS DE CONSTRUCAO LDA;CQ_BSP_TM19;Contrato Quadro;27-02-2007;Derivados;PRT;
8038268232;N04U;04577;NUVITAGRO-PRODUTOS P/AGRICULTURA,LDA;CQ_BSP_N04U;Contrato Quadro;26-01-2007;Derivados;PRT;
7400276756;T09Z;04573;TRANSREGIO TRANSPORTES LDA;CQ_BSP_T09Z;Contrato Quadro;30-01-2007;Derivados;PRT;
8019602997;F2BS;04579;FAMIKRON FABRICA DE CORTANTES MOLDES E PECAS DE PRECISAO SA;CQ_BSP_F2BS;Contrato Quadro;26-01-2007;Derivados;PRT;
1700093441;MX5Z;04586;MANUEL PAIVA SOCIEDADE GESTAO IMOBILIARIA LDA;CQ_BSP_MX5Z;Contrato Quadro;26-01-2007;Derivados;PRT;
8040319776;M0VO;04589;MULTIFIXO-COMERCIO E REPRESENTACOES,LDA;CQ_BSP_M0VO;Contrato Quadro;08-02-2007;Derivados;PRT;
242314;AMY0;04588;LEIRISTONE INDUSTRIA DE MARMORES LDA;CQ_BSP_AMY0;Contrato Quadro;31-01-2007;Derivados;PRT;
50312;AHNX;04592;AUGUSTO DE JESUS RAIMUNDO-PASTELARIA E CAFETARIA. LDA.;CQ_BSP_AHNX;Contrato Quadro;05-02-2007;Derivados;PRT;
8046323552;L06O;04595;LOURENCO & DIAS VIEIRA, LDA;CQ_BSP_L06O;Contrato Quadro;13-02-2007;Derivados;PRT;
7400272037;F2F0;04599;FCISCO CONSTRUCOES LDA;CQ_BSP_F2F0;Contrato Quadro;23-02-2007;Derivados;PRT;
8045781085;AHKJ;04584;AUGUSTO CUNHA CIMENTEIRA INDUSTRIAL DA VARZEA LDA;CQ_BSP_AHKJ;Contrato Quadro;07-02-2007;Derivados;PRT;
8043537365;JA8Q;04593;JOSE A CORREIA-COM. AUTO. LDA;CQ_BSP_JA8Q;Contrato Quadro;02-04-2007;Derivados;PRT;
5100464867;V09H;04604;VARZIOURO - COMERCIO DE OURIVERSARIA E RELOJOARIA LDA;CQ_BSP_V09H;Contrato Quadro;13-02-2007;Derivados;PRT;
8046395558;JQEJ;04605;JOSE LUIS BRANCO-COMERCIO CONGELADOS LDA;CQ_BSP_JQEJ;Contrato Quadro;01-02-2007;Derivados;PRT;
8007103441;CSPR;03162;BLOCO-SOCIEDADE IMPERMEABILIZACAO REVESTIMENTOS,SA;CQ_BSP_CSPR;Contrato Quadro;22-11-2007;Derivados;PRT;
8038127673;S1AW;04598;SUPERCORUCHE - SUPERMERCADOS S.A.;CQ_BSP_S1AW;Contrato Quadro;05-02-2007;Derivados;PRT;
8046499288;S1AV;04597;SUPERVENTE - SOCIEDADE GESTORA DE PARTICIPACOES SOCIAIS, LIMITADA.;CQ_BSP_S1AV;Contrato Quadro;05-02-2007;Derivados;PRT;
7400193289;C1ZF;04608;CACOETE & SILVA - INVESTIMENTOS IMOBILIARIOS E CONSTRUCAO CIVIL, LDA;CQ_BSP_C1ZF;Contrato Quadro;10-04-2007;Derivados;PRT;
9002476042;G4DN;04611;GRANICAVEZ - INDUSTRIA DE GRANITO, LDA;CQ_BSP_G4DN;Contrato Quadro;02-02-2007;Derivados;PRT;
2431002891;RP1E;04613;RIBEIRO PEIXOTO & PEIXOTO LDA;CQ_BSP_RP1E;Contrato Quadro;05-02-2007;Derivados;PRT;
4271000023;JT5X;04612;J. B. & RODRIGUES, LIMITADA;CQ_BSP_JT5X;Contrato Quadro;31-01-2007;Derivados;PRT;
7400278312;IDQY;04618;INCIDENCIAS DE LUZ - ILUMINACOES FESTIVAS LDA;CQ_BSP_IDQY;Contrato Quadro;09-02-2007;Derivados;PRT;
3351009574;S1BF;04619;SANCOVEDRAS-SANCAS E ESTUQUES, LDA.;CQ_BSP_S1BF;Contrato Quadro;23-03-2007;Derivados;PRT;
7400300492;RCY5;04621;RESTAURANTE CESAR LDA;CQ_BSP_RCY5;Contrato Quadro;19-02-2007;Derivados;PRT;
5100317493;JK2R;04622;JOSE COELHO DA SILVA & CA, S.A.;CQ_BSP_JK2R;Contrato Quadro;08-02-2007;Derivados;PRT;
8027672441;IP1N;04620;INTERFIBRAS PLASTICOS REFORCADOS,LDA;CQ_BSP_IP1N;Contrato Quadro;06-02-2007;Derivados;PRT;
2101035520;P0P5;04626;POLVORIO COMERCIO DE PESCADO, LDA;CQ_BSP_P0P5;Contrato Quadro;05-02-2007;Derivados;PRT;
5100381513;P0P6;04629;PRODINOX - PRODUTOS INOX LDA;CQ_BSP_P0P6;Contrato Quadro;09-02-2007;Derivados;PRT;
7400114375;XCI0;02734;X FIOS - COMERCIO IMPORTACAO EXPORTACAO TEXTEIS LDA;CQ_BSP_XCI0;Contrato Quadro;10-02-2014;Derivados;PRT;
8046283066;V09X;04631;VERDECAMPO CARPINTARIA UNIPESSOAL LDA;CQ_BSP_V09X;Contrato Quadro;08-02-2007;Derivados;PRT;
7400087940;CK2M;04627;CONSTRUCOES ANDRE FILIPE LDA;CQ_BSP_CK2M;Contrato Quadro;13-02-2007;Derivados;PRT;
7400284243;B0FQ;04632;BRANCO & FERNANDES-PROMOTORES IMOBILIARIOS LDA;CQ_BSP_B0FQ;Contrato Quadro;09-02-2007;Derivados;PRT;
8001754829;S1BY;04657;SOGRATOL-SOC.GRAFICA TORRIENSE, LDA;CQ_BSP_S1BY;Contrato Quadro;02-04-2007;Derivados;PRT;
5100536858;SCWM;04636;SILFESAN - SERRALHARIA CIVIL E TORNEARIA LDA;CQ_BSP_SCWM;Contrato Quadro;23-03-2007;Derivados;PRT;
1700168033;B0FR;04637;BERNARMAR II - COMERCIO DE PEIXE E MARISCO LDA;CQ_BSP_B0FR;Contrato Quadro;23-03-2007;Derivados;PRT;
8008813438;EO1M;08458;ESNOR-ESCORAMENTOS NORTE,LDA;EO1M;Contrato Quadro;03-06-2008;Derivados;PRT;
8046353287;FAUR;09498;FARMACIA AGRA, UNIPESSOAL LDA;CQ_BSP_FAUR;Contrato Quadro;30-07-2008;Derivados;PRT;
8009681864;M24R;09743;MIDAS-OURIVESARIA,LDA;CQ_BSP_M24R;Contrato Quadro;08-08-2008;Derivados;PRT;
7400000948;BH1B;10133;BARAO & COSTA LDA;CQ_BSP_BH1B;Contrato Quadro;30-09-2008;Derivados;PRT;
7400144068;D7O8;10169;CARPINTARIA A DIAS SOCIEDADE UNIPESSOAL LDA;D7O8;Contrato Quadro;15-09-2008;Derivados;PRT;
8021561681;J08Z;06156;J.C.NASCIMENTO,LDA;CQ_BSP_J08Z;Contrato Quadro;03-12-2007;Derivados;PRT;
7400221840;G4VU;06158;GAFFASHION COMERCIO DE ACESSORIOS DE MODA LDA;CQ_BSP_G4VU;Contrato Quadro;13-12-2007;Derivados;PRT;
1700001894;FPK3;06144;FARMACIA PAULA FILES UNIPESSOAL LDA;CQ_BSP_FPK3;Contrato Quadro;07-12-2007;Derivados;PRT;
7400053099;D1Q5;06159;CLINICA MEDICO DENTARIA DR. ANGELO FONSECA & DRA. ANDREA MAGALHAES LDA;CQ_BSP_D1Q5;Contrato Quadro;11-12-2007;Derivados;PRT;
5100261083;T0D5;06161;TRIMUNDO SOCIEDADE DE REPRESENTACOES LDA;CQ_BSP_T0D5;Contrato Quadro;04-12-2007;Derivados;PRT;
7400138269;NQVV;06142;MOUTINHO CARDOSO LDA;CQ_BSP_NQVV;Contrato Quadro;26-12-2007;Derivados;PRT;
8046497254;B4P7;06149;ALFREDO SA RODRIGUES & FILHOS LDA;CQ_BSP_B4P7;Contrato Quadro;05-12-2007;Derivados;PRT;
8021014384;SK2B;06160;S. ROQUE - MAQUINAS E TECNOLOGIAS LASER, S.A.;CQ_BSP_SK2B;Contrato Quadro;23-10-2008;Derivados;PRT;
1700197285;D1OW;06146;CONSTRUCOES TAVARES & LEI LDA;CQ_BSP_D1OW;Contrato Quadro;30-11-2007;Derivados;PRT;
8041471715;S23C;06163;SOCIEDADE TURISTICA DA CARRAPATEIRA LDA;CQ_BSP_S23C;Contrato Quadro;21-01-2008;Derivados;PRT;
8030156945;S23L;06169;SANTOS & AMELIA SILVA LDA;CQ_BSP_S23L;Contrato Quadro;02-01-2008;Derivados;PRT;
9002588363;D1QY;06166;CRISGELO, MANUTENCAO E REPARACAO DE EQUIPAMENTO DE HOTELARIA SOCIEDADE;CQ_BSP_D1QY;Contrato Quadro;03-12-2007;Derivados;PRT;
8002046351;CP0E;01171;CAMILO PINTO,SA;CQ_BSP_CP0E;Contrato Quadro;16-01-2008;Derivados;PRT;
2101310236;B4TR;06171;ACORPAR - SGPS, SA;CQ_BSP_B4TR;Contrato Quadro;06-12-2007;Derivados;PRT;
8023523233;NRD4;06180;NORTICER-SERIGRAFIA EM TELAS PLASTICAS,LDA;CQ_BSP_NRD4;Contrato Quadro;06-12-2007;Derivados;PRT;
8029696631;D1TB;06188;COOP.AGRICOLA NELAS,CRL;CQ_BSP_D1TB;Contrato Quadro;31-12-2007;Derivados;PRT;
5100285781;L0AK;06176;LOMBA & ARAUJO LDA;CQ_BSP_L0AK;Contrato Quadro;06-12-2007;Derivados;PRT;
7400288061;M1PX;06199;MMC MADEIRA MEDICAL CENTER S A;CQ_BSP_M1PX;Contrato Quadro;12-12-2007;Derivados;PRT;
7400044693;A381;06183;AGOSPAN PADARIA E PASTELARIA LDA;CQ_BSP_A381;Contrato Quadro;20-12-2007;Derivados;PRT;
9002489963;K9XV;06202;JOAO DA SILVA & COMPANHIA, LDA;CQ_BSP_K9XV;Contrato Quadro;20-12-2007;Derivados;PRT;
1700088726;LGWT;06200;INTRUM PORTUGAL UNIPESSOAL LDA;CQ_BSP_LGWT;Contrato Quadro;20-12-2007;Derivados;PRT;
7400368111;VPV8;06208;VETI PAREDES VESTUARIO CONFECCOES LDA;CQ_BSP_VPV8;Contrato Quadro;04-12-2007;Derivados;PRT;
7400099841;NRNI;06212;MELBILEX SOC.AGRO-PECUARIA UNIPESSOAL LDA;CQ_BSP_NRNI;Contrato Quadro;10-12-2007;Derivados;PRT;
7400421465;S23Y;06215;SODICAMARATE - HARD DISCOUNT;CQ_BSP_S23Y;Contrato Quadro;26-12-2007;Derivados;PRT;
2781001106;I0RJ;06221;IPROM - PRODUTOS METALICOS LDA;CQ_BSP_I0RJ;Contrato Quadro;21-12-2007;Derivados;PRT;
2711002636;F5XP;06218;FORMAS - COMERCIO DE MOVEIS LDA;CQ_BSP_F5XP;Contrato Quadro;06-12-2007;Derivados;PRT;
7400385773;KEUL;06219;K ELEMENTS UNIPESSOAL LDA;CQ_BSP_KEUL;Contrato Quadro;11-12-2007;Derivados;PRT;
8022379898;NROK;06227;NHS-REPRESENTACOES,COMERCIO E SERVICOS, LDA;CQ_BSP_NROK;Contrato Quadro;17-12-2007;Derivados;PRT;
7400340019;VL11;06223;VICONGEL LDA;CQ_BSP_VL11;Contrato Quadro;17-12-2007;Derivados;PRT;
8045382294;D1X6;06210;CONSTRIMOCAL-IMOBILIARIA LDA.;CQ_BSP_D1X6;Contrato Quadro;07-01-2008;Derivados;PRT;
6220004749;LGXI;06242;LAFITTE CORK PORTUGAL S.A.;CQ_BSP_LGXI;Contrato Quadro;26-12-2007;Derivados;PRT;
8000953340;TEAD;03373;TRANSGRUA -TRANSPORTES, REPRESENTACOES E ALUGUER DE EQUIPAMENTOS, S.A.;CQ_BSP_TEAD;Contrato Quadro;20-12-2007;Derivados;PRT;
9002139348;S243;06228;SOARES & LOPES - CONSTRUCAO CIVIL,LDA;CQ_BSP_S243;Contrato Quadro;13-12-2007;Derivados;PRT;
8005697968;M1QC;06271;MARTINS E VILAS LDA;CQ_BSP_M1QC;Contrato Quadro;14-12-2007;Derivados;PRT;
7400384666;DBJF;06254;DANTONIO - BAR, SNACK BAR, RESTAURANTE, SIMILARES DE HOTELARIA LDA;CQ_BSP_DBJF;Contrato Quadro;07-12-2007;Derivados;PRT;
8039844123;M1QB;06265;MOBICARP - IND.MOBILIARIO CARPINTARIA, LDA.;CQ_BSP_M1QB;Contrato Quadro;14-12-2007;Derivados;PRT;
2681001186;A38Z;06247;ANTONIO & FERNANDO SILVA LDA;CQ_BSP_A38Z;Contrato Quadro;20-12-2007;Derivados;PRT;
8046525108;D1XT;06238;COVEMA - MADEIRAS, LDA;CQ_BSP_D1XT;Contrato Quadro;18-12-2007;Derivados;PRT;
1700182436;F5Y0;06245;FOZMARINA CONSTRUCAO E INVESTIMENTOS IMOBILIARIOS LDA;CQ_BSP_F5Y0;Contrato Quadro;17-12-2007;Derivados;PRT;
8001006681;H0FY;06278;HORTA & FERREIRA,LDA;CQ_BSP_H0FY;Contrato Quadro;17-12-2007;Derivados;PRT;
7400413191;IHEL;06296;IMO HIGHT E LOW-INVESTIMENTOS IMOBILIARIOS LDA;CQ_BSP_IHEL;Contrato Quadro;23-01-2008;Derivados;PRT;
7400388782;EG41;06252;ECLODIR - PARTICIPACOES E SERVICOS LDA;CQ_BSP_EG41;Contrato Quadro;07-04-2008;Derivados;PRT;
9002373020;B4ZJ;06257;A. M. BRITO & FILHOS - CARPINTARIA LDA;CQ_BSP_B4ZJ;Contrato Quadro;28-12-2007;Derivados;PRT;
8046556753;SNLX;06282;FARMACIA COSTA OLIVEIRA LDA;CQ_BSP_SNLX;Contrato Quadro;14-12-2007;Derivados;PRT;
7400301491;NTRL;06267;NUMARC TRANSPORTES RODOVIARIOS LDA;CQ_BSP_NTRL;Contrato Quadro;24-01-2008;Derivados;PRT;
7400317020;B4ZP;06285;ARMINDA OLIVEIRA UNIPESSOAL LDA;CQ_BSP_B4ZP;Contrato Quadro;14-12-2007;Derivados;PRT;
9000689734;DD30;06275;DENTAL CLINICA MODERNO LDA;CQ_BSP_DD30;Contrato Quadro;10-12-2008;Derivados;PRT;
1700207247;S249;06300;SOARES & GREGO, LDA;CQ_BSP_S249;Contrato Quadro;15-01-2008;Derivados;PRT;
2481004043;P0ZK;06284;PEREIRA & PESTANA TRANSPORTES, LDA;CQ_BSP_P0ZK;Contrato Quadro;18-12-2007;Derivados;PRT;
8046430726;T0D9;06295;TIMESTAMP - SISTEMAS DE INFORMACAO SA;CQ_BSP_T0D9;Contrato Quadro;28-01-2008;Derivados;PRT;
8045820171;A391;06306;AERONORTE TRANSPORTES AEREOS SA;CQ_BSP_A391;Contrato Quadro;08-01-2008;Derivados;PRT;
8001591497;MS0S;03551;MAROUCO, S.A.;CQ_BSP_MS0S;Contrato Quadro;17-06-2009;Derivados;PRT;
9001868550;SK4E;06334;SDD - SOLUCOES EM MADEIRA, LDA;CQ_BSP_SK4E;Contrato Quadro;28-12-2007;Derivados;PRT;
9001767777;STQQ;06342;SULDEZ - SOCIEDADE ELECTROMECANICA LDA;CQ_BSP_STQQ;Contrato Quadro;02-01-2008;Derivados;PRT;
7400350749;IGIL;06354;INTERTOMARIMO SOCIEDADE GESTAO IMOBILIARIA LDA;CQ_BSP_IGIL;Contrato Quadro;03-01-2008;Derivados;PRT;
8004389301;FMFT;00818;FABRICA DE MALHAS FILOBRANCA SA;CQ_BSP_FMFT;Contrato Quadro;21-11-2013;Derivados;PRT;
8028233117;U03E;06339;UNIQUATRO-METALURGICA,LDA;CQ_BSP_U03E;Contrato Quadro;29-01-2008;Derivados;PRT;
7400133268;NRVV;06340;MANUEL JOAQUIM ALVES CARVALHO LDA;CQ_BSP_NRVV;Contrato Quadro;21-12-2007;Derivados;PRT;
7400401611;D20D;06356;CAFETARIAS JERONIMO & GONCALVES LDA;CQ_BSP_D20D;Contrato Quadro;08-01-2008;Derivados;PRT;
7400029943;Z001;03742;ZOOFEIRA - ARTIGOS PARA ANIMAIS UNIPESSOAL LDA;CQ_BSP_Z001;Contrato Quadro;12-06-2006;Derivados;PRT;
9000969765;LGXK;06249;LORMOR-SOCIEDADE AGRO PECUARIA,LDA;CQ_BSP_LGXK;Contrato Quadro;23-09-2008;Derivados;PRT;
9000658454;VFOM;06351;VITOR FERNANDO OLIVEIRA MONTEIRO,LDA;CQ_BSP_VFOM;Contrato Quadro;21-12-2007;Derivados;PRT;
8041664463;A39B;06380;ALVILAR - CONSTRUCAO CIVIL LDA;CQ_BSP_A39B;Contrato Quadro;22-02-2008;Derivados;PRT;
1700198435;V0GI;06383;VERCOOPE UNIAO DAS ADEGAS COOPERATIVAS DA REGIAO DOS VINHOS VERDES UCR;CQ_BSP_V0GI;Contrato Quadro;08-01-2008;Derivados;PRT;
7400220409;D20E;06386;CONSTRUCOES ARUNCALAR LDA;CQ_BSP_D20E;Contrato Quadro;29-01-2008;Derivados;PRT;
8031189983;M1QG;06359;M. CRUZ & SOARES LDA;CQ_BSP_M1QG;Contrato Quadro;18-12-2007;Derivados;PRT;
7400393218;L0AS;06400;LAGOAVIVA - SOCIEDADE IMOBILIARIA S.A.;CQ_BSP_L0AS;Contrato Quadro;26-12-2007;Derivados;PRT;
8032301407;NRZB;06403;METALVISA-SERRALHARIA MECANICA, LDA;CQ_BSP_NRZB;Contrato Quadro;15-01-2008;Derivados;PRT;
9002561605;C33H;06406;COSTA & MACHADO - GABINETE DE CONTABILIDADE, LDA;CQ_BSP_C33H;Contrato Quadro;20-12-2007;Derivados;PRT;
7400000117;S24F;06411;SILVA & MARTINS CAMPOS LDA;CQ_BSP_S24F;Contrato Quadro;21-04-2008;Derivados;PRT;
9001054400;STQT;06408;STILC SERVICOS TECNICOS DE INFORMATICA LOGISTICA E COMUNICACAO LDA;CQ_BSP_STQT;Contrato Quadro;31-12-2007;Derivados;PRT;
1700201803;BB3Y;06409;BELMIRO BRAGANCA, CONSTRUCOES CIVIS, LDA;CQ_BSP_BB3Y;Contrato Quadro;21-04-2008;Derivados;PRT;
2100246363;B52D;06420;BRITO & BRITO, LDA;CQ_BSP_B52D;Contrato Quadro;11-01-2008;Derivados;PRT;
8008007975;RK9L;06430;REPRESENTACOES INTERNACIONAIS LOBO, LDA;CQ_BSP_RK9L;Contrato Quadro;02-01-2008;Derivados;PRT;
7400358113;PNJ7;06427;P M P I ACO DECORACAO INOVACAO LDA;CQ_BSP_PNJ7;Contrato Quadro;27-12-2007;Derivados;PRT;
7400312980;C33W;06438;CELIGRAL - CONSTRUCOES LDA;CQ_BSP_C33W;Contrato Quadro;26-12-2007;Derivados;PRT;
7400294673;B56Y;06441;AFRICORTE-IMP.E COM.FERRAM.MAQ.LDA;CQ_BSP_B56Y;Contrato Quadro;22-02-2008;Derivados;PRT;
8023656180;D7CJ;09776;CENTRO DE JARDINAGEM SOGRENE,LDA;CQ_BSP_D7CJ;Contrato Quadro;12-08-2008;Derivados;PRT;
7400452289;E1F2;09791;ECOLOFT - MEDIACAO IMOBILIARIA LDA;CQ_BSP_E1F2;Contrato Quadro;11-09-2008;Derivados;PRT;
7400240019;AI6V;04651;ANTONIO AUGUSTO ALVES DA COSTA TELES LDA;CQ_BSP_AI6V;Contrato Quadro;12-02-2007;Derivados;PRT;
7400105519;TL02;03384;TEXMADE - TEXTEIS, LDA;CQ_BSP_TL02;Contrato Quadro;05-05-2006;Derivados;PRT;
7400121933;I0JQ;04653;IMOPEDROSO - SOCIEDADE DE GESTAO IMOBILIARIA LDA;CQ_BSP_I0JQ;Contrato Quadro;21-07-2008;Derivados;PRT;
7400124896;M0XB;04654;MORIZIMO LDA;CQ_BSP_M0XB;Contrato Quadro;21-07-2008;Derivados;PRT;
8037952044;F2PK;04660;FMIR FORNECIMENTO MATERIAIS ISOLAMENTO LDA;CQ_BSP_F2PK;Contrato Quadro;08-03-2007;Derivados;PRT;
12361;D08I;04662;RNM - PRODUTOS QUIMICOS S.A.;CQ_BSP_D08I;Contrato Quadro;03-07-2015;Derivados;PRT;
9000690473;O04D;04663;ODIMACO-CONSTRUCOES LDA;CQ_BSP_O04D;Contrato Quadro;01-06-2007;Derivados;PRT;
5100600791;I0JR;04664;IMOLIMAINTER - SOCIEDADE DE GESTÃO IMOBILIÁRIA LDA;CQ_BSP_I0JR;Contrato Quadro;13-02-2007;Derivados;PRT;
8046517020;ZLUD;02193;ZUME-CONSTRUCOES S.A.;CQ_BSP_ZLUD;Contrato Quadro;20-02-2006;Derivados;PRT;
8024668931;DCDO;02194;CENTRO CERRO-EMP CONST CIVIL OBRAS PUBLICAS S.A.;CQ_BSP_DCDO;Contrato Quadro;29-09-2008;Derivados;PRT;
8026874338;CLL0;03375;CREIXOAUTO - COMBUSTIVEIS E LUBRIFICANTES, S.A.;CQ_BSP_CLL0;Contrato Quadro;08-03-2006;Derivados;PRT;
1700114214;TJ00;00470;TRIMALHAS - KNIT INSPIRATION SA;CQ_BSP_TJ00;Contrato Quadro;01-08-2006;Derivados;PRT;
7400157139;SFC9;04671;SELENIS FIBRAS-PROD. COMERCIALIZ. DE FIBRAS DE POLIEST. P/IND TEX,LDA;CQ_BSP_SFC9;Contrato Quadro;14-03-2007;Derivados;PRT;
5100265777;N0KI;04682;MICROPLASTICOS S.A.;CQ_BSP_N0KI;Contrato Quadro;14-10-2008;Derivados;PRT;
7400248210;CK6Y;04670;CONSTRUCOES GONDARIZ UNIPESSOAL LDA;CQ_BSP_CK6Y;Contrato Quadro;15-02-2007;Derivados;PRT;
8040209521;JL0N;04678;JOSE LUIS-MADEIRAS,LDA;CQ_BSP_JL0N;Contrato Quadro;19-03-2007;Derivados;PRT;
8005608121;MC02;03311;MUNDAGRO-SOCIEDADE COMERCIAL DE PRODUTOS AGRICOLAS E PECUARIOS, LIMITA;CQ_BSP_MC02;Contrato Quadro;07-03-2006;Derivados;PRT;
243973;I02A;01433;INTRIPAS-INDUSTRIA DE TRIPAS DO TRANCAO, LDA.;CQ_BSP_I02A;Contrato Quadro;27-02-2014;Derivados;PRT;
7400123400;E0N2;04655;EVERESTE INVESTE UNIPESSOAL LDA;CQ_BSP_E0N2;Contrato Quadro;21-07-2008;Derivados;PRT;
7400000551;O04E;04684;OBLATUM - SOCIEDADE FARMACEUTICA UNIPESSOAL, LDA;CQ_BSP_O04E;Contrato Quadro;21-02-2007;Derivados;PRT;
8008565341;B0G5;04677;PROVENCE INTERNATIONAL LDA EM LIQUIDACAO;CQ_BSP_B0G5;Contrato Quadro;19-03-2007;Derivados;PRT;
5100279121;P0PG;04676;PROVENCE MOBILIARIO LDA;CQ_BSP_P0PG;Contrato Quadro;27-02-2007;Derivados;PRT;
7400289889;PBOZ;04680;PHARMA BELEZA LDA;CQ_BSP_PBOZ;Contrato Quadro;12-03-2007;Derivados;PRT;
8046322591;N0RR;04686;MIGUEL FERREIRA-INDUSTRIA MOBILIARIO, LDA.;CQ_BSP_N0RR;Contrato Quadro;02-03-2007;Derivados;PRT;
8043849697;FTPL;04687;FIRMINO TEIXEIRA PEREIRA LDA;CQ_BSP_FTPL;Contrato Quadro;17-04-2007;Derivados;PRT;
8040141215;S1CD;04683;SISQUAL WORKFORCE MANAGEMENT LDA;CQ_BSP_S1CD;Contrato Quadro;01-03-2007;Derivados;PRT;
9001529639;FMT0;03290;AMERICOLD PORTO WAREHOUSING SA;CQ_BSP_FMT0;Contrato Quadro;27-03-2006;Derivados;PRT;
8022336589;F2W1;04690;FAMETAL-FABRICA PORTUGUESA DE ESTRUTURAS METALICAS S.A.;CQ_BSP_F2W1;Contrato Quadro;21-02-2007;Derivados;PRT;
130967;VAQ0;04693;VLFH-AUTO PECAS-COMPRA E VENDA DE VEICULOS COMERCIO DE PECAS E AC;CQ_BSP_VAQ0;Contrato Quadro;08-03-2007;Derivados;PRT;
8030684147;BFTW;04691;A CARVALHO & SIMOES, LDA;CQ_BSP_BFTW;Contrato Quadro;23-02-2007;Derivados;PRT;
7400001059;CKAG;04694;CASA AGRICOLA ARCO LDA;CQ_BSP_CKAG;Contrato Quadro;16-02-2007;Derivados;PRT;
5100269870;PEQ3;04695;PORTOSAUDE EQUIPAMENTOS CLINICOS LABORATORIAIS E HOSPITALARES LDA;CQ_BSP_PEQ3;Contrato Quadro;26-02-2007;Derivados;PRT;
7400268350;JR5H;04689;JOAO ONEILL PEDROSA, UNIPESSOAL LDA;CQ_BSP_JR5H;Contrato Quadro;02-03-2007;Derivados;PRT;
8010751805;JPTP;03108;JOAO PIRES INTERNACIONAL TRANSPORTES,LDA;CQ_BSP_JPTP;Contrato Quadro;11-01-2006;Derivados;PRT;
8043658995;JR8U;04697;JOAO LAGOS SPORTS-GESTAO EVENTOS,SA;CQ_BSP_JR8U;Contrato Quadro;07-03-2007;Derivados;PRT;
5100304792;LL0V;04704;LOVE LIFE - REPRESENTAÇÕES E EXPLORAÇÃO COMERCIAL LDA;CQ_BSP_LL0V;Contrato Quadro;09-03-2007;Derivados;PRT;
3491002341;PJNF;04696;PAULO JORGE MARQUES SIMOES SANTO;CQ_BSP_PJNF;Contrato Quadro;30-03-2007;Derivados;PRT;
5100261998;FFRL;03309;F S FERREIRA RAMALHO LDA;CQ_BSP_FFRL;Contrato Quadro;02-03-2006;Derivados;PRT;
7400211444;CQ73;04699;CHAIMITE - PADARIA E PASTELARIA, LDA;CQ_BSP_CQ73;Contrato Quadro;12-03-2007;Derivados;PRT;
8001337052;JAG2;03289;JODIQUE ARTES GRAFICAS,LDA;CQ_BSP_JAG2;Contrato Quadro;02-03-2006;Derivados;PRT;
7400102782;RS5D;04708;RIO STATE - EMPREENDIMENTOS IMOBILIARIOS S.A.;CQ_BSP_RS5D;Contrato Quadro;23-02-2007;Derivados;PRT;
8044757737;ARVP;02257;ASTA REGIA - VINHOS DE PORTUGAL SA;CQ_BSP_ARVP;Contrato Quadro;10-03-2006;Derivados;PRT;
6220004030;D08K;04702;DIMOPE - DISTRIBUIDORA DE MOTOCICLOS E PECAS, LDA.;CQ_BSP_D08K;Contrato Quadro;02-03-2007;Derivados;PRT;
7400022898;EL0I;04723;EGIESTRELA-CONSTRUCOES LDA.;CQ_BSP_EL0I;Contrato Quadro;11-04-2007;Derivados;PRT;
5100264630;TTMC;02295;TMC TRANSPORTES MARIO CARDADEIRO SA;CQ_BSP_TTMC;Contrato Quadro;22-02-2005;Derivados;PRT;
9002641057;V0AL;04725;VIBORA - MANUFACTURAS TEXTEIS LDA;CQ_BSP_V0AL;Contrato Quadro;26-02-2007;Derivados;PRT;
8030661883;EERP;03046;EQUIPRAIA-COMERCIO DE EQUIPAMENTOS E REPRESENTACOES DA PRAIA DA VITORI;CQ_BSP_EERP;Contrato Quadro;09-12-2005;Derivados;PRT;
8025516104;F2YN;04726;F.MARQUES DA SILVA S.A.;CQ_BSP_F2YN;Contrato Quadro;27-10-2014;Derivados;PRT;
7400088885;O04I;04728;ORVEME - CONSTRUCAO CIVIL LDA;CQ_BSP_O04I;Contrato Quadro;14-06-2007;Derivados;PRT;
3931002119;A1Z3;04727;JOAQUIM JOSE;CQ_BSP_A1Z3;Contrato Quadro;28-03-2007;Derivados;PRT;
8046340830;CK7K;04713;CAMPO DE FLORES - CRECHES E JARDINS DE INFANCIA,LDA;CQ_BSP_CK7K;Contrato Quadro;23-03-2007;Derivados;PRT;
2100968934;A1XX;04706;ALVENOBRA - SOCIEDADE DE CONSTRUCOES LDA.;CQ_BSP_A1XX;Contrato Quadro;27-03-2007;Derivados;PRT;
9002684175;TFBL;04724;TRANSPORTES FATIMA BRIGIDA LDA;CQ_BSP_TFBL;Contrato Quadro;08-03-2007;Derivados;PRT;
1700178451;A1Z6;04729;AKI-DEL-MAR - COMERCIO E INDUSTRIA DE MARISCOS LDA;CQ_BSP_A1Z6;Contrato Quadro;02-04-2007;Derivados;PRT;
8022777764;T0A7;04705;TELUSCOP - TELECOMUNICACOES, ELECTRICIDADE, CONSTRUCAO CIVIL E OBRAS P;CQ_BSP_T0A7;Contrato Quadro;27-03-2007;Derivados;PRT;
5100286262;P0PU;04716;PROCURTEX COMERCIO DE PRODUTOS QUIMICOS E PELES LDA EM LIQUIDACAO;CQ_BSP_P0PU;Contrato Quadro;07-03-2007;Derivados;PRT;
8021271605;AJ6M;04714;AVICOLA ANSIANENSE, LDA;CQ_BSP_AJ6M;Contrato Quadro;16-03-2007;Derivados;PRT;
8045138267;AJ5R;04711;APOLINO FERREIRA & FILHOS, LDA;CQ_BSP_AJ5R;Contrato Quadro;29-03-2007;Derivados;PRT;
8045795217;JKXZ;04712;J RIO CONSTRUCAO CIVIL LDA;CQ_BSP_JKXZ;Contrato Quadro;16-03-2007;Derivados;PRT;
7400077990;AL2R;04717;ARIEIV LDA;CQ_BSP_AL2R;Contrato Quadro;09-03-2007;Derivados;PRT;
2100648122;M10U;04741;MASSA INSOLVENTE DE METALGUI-ESTRUTURAS METALICAS LDA;CQ_BSP_M10U;Contrato Quadro;13-03-2007;Derivados;PRT;
8005537217;C21Z;04738;COESA-COMPOSTOS ESPECIFICOS PARA ANIMAIS LDA;CQ_BSP_C21Z;Contrato Quadro;18-04-2007;Derivados;PRT;
8041634586;JA94;04730;JOSE ANICETO & IRMAO LDA;CQ_BSP_JA94;Contrato Quadro;13-03-2007;Derivados;PRT;
7400291109;PD0K;04744;PEDRAS D ARA - EXTRACCAO E COMERCIO DE ROCHAS ORNAMENTAIS LDA;CQ_BSP_PD0K;Contrato Quadro;14-03-2007;Derivados;PRT;
7400202751;CEA2;04743;CREME E AROMA - CAFETARIA, LDA;CQ_BSP_CEA2;Contrato Quadro;11-04-2007;Derivados;PRT;
9000661736;SF5B;04734;SOC CONST TERRAPLANAGENS CARLOS JOSE,LDA;CQ_BSP_SF5B;Contrato Quadro;20-04-2007;Derivados;PRT;
8030662085;CDZO;02289;CONZEL-CONSTRUCOES ZEZERE SA;CQ_BSP_CDZO;Contrato Quadro;17-02-2005;Derivados;PRT;
8042062367;CD00;03241;SORTILEGIO, LDA;CQ_BSP_CD00;Contrato Quadro;08-03-2006;Derivados;PRT;
8039530580;I0KH;04742;INERITOS-CONSTRUCOES,LDA;CQ_BSP_I0KH;Contrato Quadro;12-03-2007;Derivados;PRT;
8042972270;CKJR;04748;CARREGALPECAS-ACESSORIOS AUTOMOVEIS,LDA.;CQ_BSP_CKJR;Contrato Quadro;15-03-2007;Derivados;PRT;
2641007128;H0AZ;04749;HORIZONTE-TERMICO - DECORACAO DE INTERIORES LDA;CQ_BSP_H0AZ;Contrato Quadro;15-03-2007;Derivados;PRT;
8009744114;PACJ;03021;PINTOBAR-EXPLORACAO AVICOLA LDA;CQ_BSP_PACJ;Contrato Quadro;13-03-2007;Derivados;PRT;
3811002191;Q00Y;04758;QUADRADO-SOCIEDADE COMERCIAL DE SERVICOS E ADMINISTRACAO LDA;CQ_BSP_Q00Y;Contrato Quadro;04-04-2007;Derivados;PRT;
8030961880;CCA8;01154;CASA CADAVAL - INVESTIMENTOS AGRICOLAS, S.A.;CQ_BSP_CCA8;Contrato Quadro;26-11-2004;Derivados;PRT;
;TPD0;01157;TRANSPORTES PAULO DUARTE,LDA.;CQ_BSP_TPD0;Contrato Quadro;19-11-2004;Derivados;PRT;
8009125750;MPCF;01167;MOISES PINTO CARVALHO & FILHOS LDA;CQ_BSP_MPCF;Contrato Quadro;02-10-2003;Derivados;PRT;
57345;LPS1;01176;PIZARRO SA;CQ_BSP_LPS1;Contrato Quadro;14-11-2005;Derivados;PRT;
8043646658;IS12;01178;IC2A - SOCIEDADE DE RESTAURACAO, SA;CQ_BSP_IS12;Contrato Quadro;17-11-2004;Derivados;PRT;
8038355256;BRPT;01179;BRAGALUX MONTAGENS ELECTRICAS SA;CQ_BSP_BRPT;Contrato Quadro;18-11-2004;Derivados;PRT;
8038210114;PEES;01180;POTAUCO - EQUIPAMENTOS E SISTEMAS ELECTRICOS SA;CQ_BSP_PEES;Contrato Quadro;18-11-2004;Derivados;PRT;
8044010255;51RK;01233;INFRAESTRUTURAS DE PORTUGAL S.A.;CQ_BSP_51RK;Contrato Quadro;07-11-2003;Derivados;PRT;
8046385477;AEC0;01239;ARTIPORTELA - ARTEFACTOS DE CIMENTO SA;CQ_BSP_AEC0;Contrato Quadro;02-12-2003;Derivados;PRT;
8046532283;CIIN;01261;CANICENTROGOLDEN - INVESTIMENTOS IMOBILIARIOS LDA;CQ_BSP_CIIN;Contrato Quadro;13-07-2005;Derivados;PRT;
;DAUV;01264;CERAMICA AVELAR SA,TORRES VEDRAS;CQ_BSP_DAUV;Contrato Quadro;01-09-2004;Derivados;PRT;
2360001464;EEDC;01268;EDIVISA EMPRESA DE CONSTRUCOES SA;CQ_BSP_EEDC;Contrato Quadro;30-09-2004;Derivados;PRT;
5100271244;FSSS;01269;FERNANDO SIMAO SGPI SA;CQ_BSP_FSSS;Contrato Quadro;25-08-2004;Derivados;PRT;
9001828005;UQDC;01270;VISABEIRA - IMOBILIARIA SA;CQ_BSP_UQDC;Contrato Quadro;30-09-2004;Derivados;PRT;
3421002041;AM09;01271;A FERREIRA MOTOR COMERCIO DE AUTOMOVEIS LDA;CQ_BSP_AM09;Contrato Quadro;01-09-2004;Derivados;PRT;
8003228035;MRGT;01273;MRG ENGENHARIA E CONSTRUCAO SA;CQ_BSP_MRGT;Contrato Quadro;01-09-2004;Derivados;PRT;
8008742675;MCAV;01274;METALURGICA CENTRAL ALHOS VEDROS LDA;CQ_BSP_MCAV;Contrato Quadro;31-08-2004;Derivados;PRT;
;BR09;01275;BALUARTE-SOCIEDADE DE RECOLHA E RECUPERACAO DE DESPERDICIOS, LDA;CQ_BSP_BR09;Contrato Quadro;02-08-2005;Derivados;PRT;
8027130849;NMXS;01282;MADEIRA & MADEIRA-IMPORT.FER.FERRAMENTAS,SA;CQ_BSP_NMXS;Contrato Quadro;28-12-2005;Derivados;PRT;
8023978352;MCEI;01285;METALOCARDOSO - CONSTRUCOES METALICAS GALVANIZACAO SA;CQ_BSP_MCEI;Contrato Quadro;08-09-2004;Derivados;PRT;
5100261230;JESP;01286;J.P.C. ELASTICOS S.A.;CQ_BSP_JESP;Contrato Quadro;01-10-2004;Derivados;PRT;
5100460170;TSLO;01289;TEXTIL SAMCASI LDA;CQ_BSP_TSLO;Contrato Quadro;07-06-2005;Derivados;PRT;
8002781944;51GO;01292;CUDELL - OUTDOOR SOLUTIONS, S.A.;CQ_BSP_51GO;Contrato Quadro;24-09-2003;Derivados;PRT;
8023049791;MMES;01293;MONSEGUR -CONSTRUCAO E SINALIZACAO S.A.;CQ_BSP_MMES;Contrato Quadro;26-07-2005;Derivados;PRT;
5100272191;CS0R;01302;CAFE - SOCIEDADE DE CONSTRUCOES, S.A.;CQ_BSP_CS0R;Contrato Quadro;26-11-2004;Derivados;PRT;
8024692762;AFPL;01306;ARTUR FERNANDO PINTO LEITE & IRMAO;CQ_BSP_AFPL;Contrato Quadro;07-11-2002;Derivados;PRT;
9001778449;ISG0;01308;ILIDIO DOS SANTOS GALEIRAS E CA LDA;CQ_BSP_ISG0;Contrato Quadro;26-11-2004;Derivados;PRT;
2360006013;JDEV;02524;INFINITUM INDUSTRIA CONFECCOES LDA;CQ_BSP_JDEV;Contrato Quadro;04-07-2005;Derivados;PRT;
9001330591;AIOD;02525;AVEILAR IMOVEIS LDA;CQ_BSP_AIOD;Contrato Quadro;08-06-2005;Derivados;PRT;
5100272258;AUBB;02527;A BRAGANCANA CONSTRUCOES UNIPESSOALLDA LDA;CQ_BSP_AUBB;Contrato Quadro;24-05-2005;Derivados;PRT;
7400037305;FNLR;02531;FRUTAS NUFRI UNIPESSOAL, LDA.;CQ_BSP_FNLR;Contrato Quadro;01-08-2006;Derivados;PRT;
8046523166;TIOM;02532;TOPIMUS - EMPREENDIMENTOS IMOBILIARIOS S.A.;CQ_BSP_TIOM;Contrato Quadro;06-06-2005;Derivados;PRT;
8021765055;MDB6;02533;MOMEL-COMERCIO DE ARTIGOS SANITARIOS E REGA,S.A.;CQ_BSP_MDB6;Contrato Quadro;09-05-2005;Derivados;PRT;
8022864247;BCEF;02542;ADEGA COOPERATIVA FAVAIOS;CQ_BSP_BCEF;Contrato Quadro;24-05-2005;Derivados;PRT;
8020839251;REER;02547;ROLEAR-AUTOMATIZACOES ESTUDOS E REPRESENTACOES S.A.;CQ_BSP_REER;Contrato Quadro;13-07-2005;Derivados;PRT;
8009376710;NDPC;02548;MAISA-SOC.CONST.CIVIL,LDA;CQ_BSP_NDPC;Contrato Quadro;08-06-2005;Derivados;PRT;
;AEA3;02553;AUTORODOVIA-PECAS E ACESSORIOS,LDA;CQ_BSP_AEA3;Contrato Quadro;08-06-2005;Derivados;PRT;
7400097302;APIV;02554;ANIBAL PINTO INACIO LDA;CQ_BSP_APIV;Contrato Quadro;07-06-2005;Derivados;PRT;
2101049462;DPIM;02562;DPI DECAPAGEM E PINTURAS INDUSTRIAIS, LDA;CQ_BSP_DPIM;Contrato Quadro;04-07-2005;Derivados;PRT;
9000669734;TSTQ;02563;SETCOM SGPS, SA;CQ_BSP_TSTQ;Contrato Quadro;07-07-2005;Derivados;PRT;
1700141662;CED5;02570;CONVERFLEX - TRANSFORMACAO E COMERCIO DE EMBALAGENS, LDA;CQ_BSP_CED5;Contrato Quadro;04-07-2005;Derivados;PRT;
8002360719;SFME;02571;SOFAMOVEL-SOCIEDADE DE FABRICACAO DE MOVEIS E MADEIRA LDA;CQ_BSP_SFME;Contrato Quadro;18-05-2005;Derivados;PRT;
2521007519;AECH;02572;ABER HYDRAULICS, S.A.;CQ_BSP_AECH;Contrato Quadro;08-06-2005;Derivados;PRT;
8046490933;DSGM;02573;CONSTRUCOES SO DO MINHO- EMPREENDIMENTOS IMOB. LDA.;CQ_BSP_DSGM;Contrato Quadro;28-06-2005;Derivados;PRT;
8029786059;FMGA;02574;FARMI REPARACOES LDA;CQ_BSP_FMGA;Contrato Quadro;08-06-2005;Derivados;PRT;
8025832051;TEGC;02575;TRANSGRANITOS-MARMORES GRANIT.A.TAMEGA,LDA;CQ_BSP_TEGC;Contrato Quadro;06-06-2005;Derivados;PRT;
6220009774;UUET;02578;URTURLAGOS - EMPREENDIMENTOS URBANOS E TURISTICOS,LDA;CQ_BSP_UUET;Contrato Quadro;03-08-2005;Derivados;PRT;
8000402358;TERU;02580;DOGEL UNIPESSOAL LDA;CQ_BSP_TERU;Contrato Quadro;20-05-2005;Derivados;PRT;
5100267006;TDPF;02581;TODOPAPEL COMERCIO DE PAPEL UNIPESSOAL LDA;CQ_BSP_TDPF;Contrato Quadro;20-05-2005;Derivados;PRT;
9002582706;SCUP;02582;SUCESUL CONSTRUCOES LDA;CQ_BSP_SCUP;Contrato Quadro;01-08-2006;Derivados;PRT;
1700121430;BMMI;02585;ALL2IT - INFOCOMUNICACOES S.A.;CQ_BSP_BMMI;Contrato Quadro;08-06-2005;Derivados;PRT;
8007260454;SGAD;02588;SGAL - SOCIEDADE GESTORA ALTA DE LISBOA S.A.;CQ_BSP_SGAD;Contrato Quadro;24-05-2005;Derivados;PRT;
8044133766;JCIB;02590;J. BRITO & COSTA-SOCIEDADE IMOBILIARIA LDA;CQ_BSP_JCIB;Contrato Quadro;28-07-2005;Derivados;PRT;
8024545224;MGEE;02591;ZAGAS S.A;CQ_BSP_MGEE;Contrato Quadro;25-05-2005;Derivados;PRT;
8040618811;BRPA;02595;BARATA & RAMILO S.A.;CQ_BSP_BRPA;Contrato Quadro;31-03-2015;Derivados;PRT;
7400047930;LHET;02599;LENA HOTEIS E TURISMO, SGPS, SA;CQ_BSP_LHET;Contrato Quadro;13-01-2006;Derivados;PRT;
9002104691;ECEW;02602;ENQUADRA - CONSTRUCAO,COMPRA E VENDA DE IMOVEIS LDA;CQ_BSP_ECEW;Contrato Quadro;04-07-2005;Derivados;PRT;
8000090520;REBE;02603;REBEL-REP.EQ.BRITAN.ENGENHARIA,LDA;CQ_BSP_REBE;Contrato Quadro;14-07-2005;Derivados;PRT;
9002643404;ECVA;02605;ECOVOUGA - EMPRESA DE CONSTRUCOES DO VOUGA LDA;CQ_BSP_ECVA;Contrato Quadro;04-07-2005;Derivados;PRT;
7400007717;MNIN;02607;ALERT LIFE SCIENCES COMPUTING S.A.;CQ_BSP_MNIN;Contrato Quadro;04-07-2005;Derivados;PRT;
9000674186;SILU;02609;SUB TOTAL MAQUINAS EQUIPAMENTOS INFORMATICA,LDA;CQ_BSP_SILU;Contrato Quadro;24-06-2005;Derivados;PRT;
8046414697;PECP;02610;PROJCFI - FORMACAO E CONSULTORIA PROFISSIONAL, LDA.;CQ_BSP_PECP;Contrato Quadro;03-06-2005;Derivados;PRT;
2581000375;ETA1;02611;ESTAMPARIA TEXTIL ADALBERTO PINTO SILVA,SA;CQ_BSP_ETA1;Contrato Quadro;17-01-2002;Derivados;PRT;
3543;CHVD;02612;A. MOREIRA DIAS, LDA;CQ_BSP_CHVD;Contrato Quadro;27-09-2005;Derivados;PRT;
2101242442;PDLX;02616;PRAIA DE LOBOS - EMPREENDIMENTOS TURISTICOS, S.A.;CQ_BSP_PDLX;Contrato Quadro;15-07-2005;Derivados;PRT;
9002683748;AATJ;02619;AROUCONSTROI - ENGENHARIA E CONSTRUCOES SA;CQ_BSP_AATJ;Contrato Quadro;14-07-2005;Derivados;PRT;
6221006277;MEAF;02624;MT-INSTALACOES TECNICAS SA;CQ_BSP_MEAF;Contrato Quadro;03-06-2005;Derivados;PRT;
9000815195;FCAM;02625;FARCIMAR- SOLUCOES EM PRE-FABRICADOS DE BETAO,S.A.;CQ_BSP_FCAM;Contrato Quadro;14-07-2005;Derivados;PRT;
8007375271;TET2;02635;HAEGERTEC- TELECOMUNICACOES E ELECTRONICA S.A.;CQ_BSP_TET2;Contrato Quadro;15-11-2005;Derivados;PRT;
9000661590;JSFA;02637;J. ANTONIO DA SILVA, LDA.;CQ_BSP_JSFA;Contrato Quadro;28-07-2005;Derivados;PRT;
8029849501;VGIA;02658;VIMIBRITA SOC EXPLORACAO GRANITOS SA;CQ_BSP_VGIA;Contrato Quadro;05-08-2005;Derivados;PRT;
1700214900;SIIO;02659;SINOP IMOBILIARIA S.A.;CQ_BSP_SIIO;Contrato Quadro;05-08-2005;Derivados;PRT;
8008962171;CJFC;02661;CARLOS JOSE FERNANDES & COMPANHIA LDA;CQ_BSP_CJFC;Contrato Quadro;15-07-2005;Derivados;PRT;
8009256181;CTMI;02664;JOSE MARIA SOUSA TEIXEIRA & FILHOS, LDA;CQ_BSP_CTMI;Contrato Quadro;23-06-2005;Derivados;PRT;
9002158350;GUUU;02665;GUEDOL-ENGENHARIA SA;CQ_BSP_GUUU;Contrato Quadro;27-07-2005;Derivados;PRT;
9002640535;UCRQ;02668;URBIMOR - CONSTRUCOES, LDA;CQ_BSP_UCRQ;Contrato Quadro;21-06-2005;Derivados;PRT;
8023499127;MVBL;02669;BILTEC - SOCIEDADE DE CONSTRUCOES LDA;CQ_BSP_MVBL;Contrato Quadro;13-07-2005;Derivados;PRT;
9001781537;UTCL;02679;SORODRIPER-SOC.CONSTRUCOES, LDA.;CQ_BSP_UTCL;Contrato Quadro;17-10-2005;Derivados;PRT;
9000898861;NCLV;02681;NUNESLAR-CONSTRUCOES SOCIEDADE UNIPESSOAL LDA;CQ_BSP_NCLV;Contrato Quadro;28-07-2005;Derivados;PRT;
8020219351;VBLJ;02683;VIDRARIA BRACARENSE,LDA;CQ_BSP_VBLJ;Contrato Quadro;19-10-2005;Derivados;PRT;
8046389225;ISIM;02685;INFRAIMO - SOCIEDADE IMOBILIARIA, LDA;CQ_BSP_ISIM;Contrato Quadro;11-08-2005;Derivados;PRT;
8026421836;IRML;02686;IMOBILIARIA RIBEIRO & MAGALHAES,LDA;CQ_BSP_IRML;Contrato Quadro;08-08-2005;Derivados;PRT;
9000737071;MIAS;02688;MAGRIDOURO - COMERCIO E INDUSTRIA DE AUTOMOVEIS, LDA;CQ_BSP_MIAS;Contrato Quadro;26-07-2005;Derivados;PRT;
8039212337;UTLR;02689;URBITUA-SOCIEDADE IMOBILIARIA DA TUA,LDA;CQ_BSP_UTLR;Contrato Quadro;17-08-2005;Derivados;PRT;
9002082885;QCRI;02690;QUARTO CRESCENTE - REALIZACOES IMOBILIARIAS, LDA;CQ_BSP_QCRI;Contrato Quadro;15-07-2005;Derivados;PRT;
2100173334;MTLH;;MANUEL TEIXEIRA LDA;CQ_BSP_MTLH;Contrato Quadro;26-07-2005;Derivados;PRT;
8008925381;FDCL;02692;FSM INDUSTRIA DE CONFECCOES S A;CQ_BSP_FDCL;Contrato Quadro;15-07-2005;Derivados;PRT;
8027785222;PDAL;02693;PAVIAZEMEIS - PAVIMENTACOES DE AZEMEIS LDA;CQ_BSP_PDAL;Contrato Quadro;21-07-2005;Derivados;PRT;
9002661804;FCLW;02694;FREISANTOS - SOCIEDADE CONSTRUCOES, LDA.;CQ_BSP_FCLW;Contrato Quadro;21-07-2005;Derivados;PRT;
1700186932;PIEI;02696;PORTO INFANTE EMPREENDIMENTOS IMOBILIARIOS LDA;CQ_BSP_PIEI;Contrato Quadro;27-07-2005;Derivados;PRT;
23746;VMSY;02702;VALENTE MARQUES, S.A.;CQ_BSP_VMSY;Contrato Quadro;26-06-2017;Derivados;PRT;
2100149253;OMSQ;02703;OMNITRADE REVESTIMENTOS METALICOS,SA;CQ_BSP_OMSQ;Contrato Quadro;19-07-2005;Derivados;PRT;
8010610766;CGCX;02707;CONSTRUCOES GERMANO CARDOSO LDA;CQ_BSP_CGCX;Contrato Quadro;12-07-2005;Derivados;PRT;
3461011103;RILH;02709;RESO-TRANSPORTES INTERNACIONAIS, LDA;CQ_BSP_RILH;Contrato Quadro;29-08-2005;Derivados;PRT;
8027417555;MSFU;02715;MOURA SILVA & FILHOS SA;CQ_BSP_MSFU;Contrato Quadro;10-10-2005;Derivados;PRT;
1700170117;EBRO;02737;CONSTRUCOES ALBERTO & ROCHA, LDA;CQ_BSP_EBRO;Contrato Quadro;08-08-2005;Derivados;PRT;
9000614687;TSVT;02738;TEIXEIRAS & SOARES-LDA.;CQ_BSP_TSVT;Contrato Quadro;11-08-2005;Derivados;PRT;
8046265148;ALRP;02748;ARCOLOMBA - CONSTRUCAO CIVIL, COMPRA E VENDA DE IMOVEIS E REVENDA DOS;CQ_BSP_ALRP;Contrato Quadro;31-08-2005;Derivados;PRT;
8041123531;D624;08665;COM PASSO IMP.EXP.CALCADO,LDA;D624;Contrato Quadro;09-06-2008;Derivados;PRT;
7400240991;N3BH;04757;RORIZFARMA, LDA;CQ_BSP_N3BH;Contrato Quadro;03-05-2007;Derivados;PRT;
2571007289;QVPP;04751;J QUEIROZ SA;CQ_BSP_QVPP;Contrato Quadro;16-03-2007;Derivados;PRT;
7400303015;N2S5;04732;MELHOR MEDIA - CENTRO DE LINGUAS, EXPLICACOES E APOIO ESCOLAR, LDA;CQ_BSP_N2S5;Contrato Quadro;03-03-2014;Derivados;PRT;
9002598372;B0H1;04747;BAUBOSQUE INV IMOBILIARIOS E TURISTICOS LDA;CQ_BSP_B0H1;Contrato Quadro;20-04-2007;Derivados;PRT;
9002656420;AJZK;04755;A CIGARRA-SOCIEDADE AGRICOLA, LDA;CQ_BSP_AJZK;Contrato Quadro;20-04-2007;Derivados;PRT;
8003001363;PJTM;04756;PLACIDO JOSE SIMOES SA;CQ_BSP_PJTM;Contrato Quadro;14-03-2007;Derivados;PRT;
8046488986;G4FH;04754;PENTAGONO SAUDE UNIPESSOAL LD;CQ_BSP_G4FH;Contrato Quadro;20-03-2007;Derivados;PRT;
8037300375;ITGD;03322;INTERAGUA,TECNOLOGIA GESTAO AGUA,LDA;CQ_BSP_ITGD;Contrato Quadro;28-03-2006;Derivados;PRT;
8007418001;S1DT;04762;SANTOS & OLIVEIRA,LDA;CQ_BSP_S1DT;Contrato Quadro;12-03-2007;Derivados;PRT;
8005501661;M11S;04763;M.J.PINHO LDA;CQ_BSP_M11S;Contrato Quadro;16-03-2007;Derivados;PRT;
7400228898;EL0Y;04769;EURO-COMBUSTIVEIS, LDA;CQ_BSP_EL0Y;Contrato Quadro;19-03-2007;Derivados;PRT;
9000747338;I0KM;04766;INEMER-INDUSTRIA ELEMENTOS ROSCADOS LDA;CQ_BSP_I0KM;Contrato Quadro;26-08-2015;Derivados;PRT;
9001824082;G012;03254;GERALDES & GERALDES CONSTRUCAO CIVIL LDA;CQ_BSP_G012;Contrato Quadro;21-04-2006;Derivados;PRT;
8000309504;TDMP;03341;TRANSOLEIROS-TRANSPORTES MERCADORIAS, LDA;CQ_BSP_TDMP;Contrato Quadro;30-03-2006;Derivados;PRT;
7400196420;PEIY;04752;PLACE2LIVE EMPREENDIMENTOS IMOBILIARIOS LDA;CQ_BSP_PEIY;Contrato Quadro;12-03-2007;Derivados;PRT;
5100455465;MELE;01604;MALHAS EICAL-EMP.IND.CAVADO LDA;CQ_BSP_MELE;Contrato Quadro;29-03-2006;Derivados;PRT;
8000737149;CSGP;02233;CONSTRUCOES SILVA & GUERREIRO,LDA.;CQ_BSP_CSGP;Contrato Quadro;28-04-2005;Derivados;PRT;
7400108307;JNS0;03275;JOAQUIM NUNES SILVA, UNIPESSOAL LDA;CQ_BSP_JNS0;Contrato Quadro;21-03-2006;Derivados;PRT;
3571005515;GV0J;04786;G VITERBO - DECORACOES LDA;CQ_BSP_GV0J;Contrato Quadro;10-04-2007;Derivados;PRT;
7400056681;VIL0;03452;VIPAMCONSTROI IMOBILIARIA LDA;CQ_BSP_VIL0;Contrato Quadro;02-06-2006;Derivados;PRT;
5100385190;S02G;03450;SERSILPORT - SOCIEDADE INDUSTRIAL PORTAS E FOLHEAD;CQ_BSP_S02G;Contrato Quadro;27-04-2006;Derivados;PRT;
8020562537;CML1;03405;CARNES MIRANDA LDA;CQ_BSP_CML1;Contrato Quadro;10-05-2006;Derivados;PRT;
2100867698;GMTP;02304;FILINTO MOTA SUCRS SA;CQ_BSP_GMTP;Contrato Quadro;16-03-2006;Derivados;PRT;
7400248836;E0PB;04772;EMBAIXADA DOS SABORES - ACTIVIDADES HOTELEIRAS LDA;CQ_BSP_E0PB;Contrato Quadro;27-04-2007;Derivados;PRT;
1095;JBCA;04630;J.SOARES CORREIA - ARMAZENS DE FERRO SA;CQ_BSP_JBCA;Contrato Quadro;04-11-2014;Derivados;PRT;
5100270874;C22C;04776;CONFORLIMPA (TEJO) MULTISERVIÇOS SA;CQ_BSP_C22C;Contrato Quadro;28-03-2007;Derivados;PRT;
7400168099;N3N9;04768;MARE CHEIA - SANTA LUZIA, COOPERATIVA DE HABITACAO E CONSTRUCAO CRL;CQ_BSP_N3N9;Contrato Quadro;12-04-2007;Derivados;PRT;
8046334952;OD09;04773;OFICINA DIGITAL - IMPRESSAO E ARTES GRAFICAS, LDA;CQ_BSP_OD09;Contrato Quadro;23-03-2007;Derivados;PRT;
8038244010;TB0G;04778;TRANSPORTES BARBOSA,LDA.;CQ_BSP_TB0G;Contrato Quadro;27-04-2007;Derivados;PRT;
5100590007;JUMF;04781;JOSÉ GADELHO DE CASTRO & FILHOS LDA;CQ_BSP_JUMF;Contrato Quadro;23-03-2007;Derivados;PRT;
7400267609;CL29;04780;COLOMBO-FARMA, UNIPESSOAL LDA;CQ_BSP_CL29;Contrato Quadro;28-03-2007;Derivados;PRT;
8002050913;TSPI;03164;TOUL-SOCIEDADE PORTUGUESA DE DESIDRATACAO, LDA;CQ_BSP_TSPI;Contrato Quadro;21-03-2007;Derivados;PRT;
1700195064;LPLN;04779;LAR PENINSULAR LDA;CQ_BSP_LPLN;Contrato Quadro;21-03-2007;Derivados;PRT;
7400273430;EPAQ;04807;EMPADALAND PRODUTOS ALIMENTARES LDA;CQ_BSP_EPAQ;Contrato Quadro;10-05-2007;Derivados;PRT;
7400285106;CKUR;04789;CELPAPEL-EQUIPAMENTOS INDUSTRIAIS LDA;CQ_BSP_CKUR;Contrato Quadro;12-04-2007;Derivados;PRT;
8045815745;E0P5;04809;ERAINVESTE - MEDIACAO IMOBILIARIA LDA;CQ_BSP_E0P5;Contrato Quadro;12-04-2007;Derivados;PRT;
8043393033;CKUQ;04788;CONFECCOES J.S.F., LDA;CQ_BSP_CKUQ;Contrato Quadro;21-03-2007;Derivados;PRT;
7400213349;RB02;03501;RIBEIRO BARBOSA & FIGUEIREDO - ALUMINIOS LDA;CQ_BSP_RB02;Contrato Quadro;01-05-2006;Derivados;PRT;
1700202153;MILG;02405;MEDIO INFORMATICO LDA;CQ_BSP_MILG;Contrato Quadro;22-04-2005;Derivados;PRT;
7400165525;R008;03397;RIBEIRO & CASTRO LDA;CQ_BSP_R008;Contrato Quadro;10-05-2006;Derivados;PRT;
9002461141;JV8L;04799;JOSE LEITE RODRIGUES LDA;CQ_BSP_JV8L;Contrato Quadro;26-03-2007;Derivados;PRT;
8008069828;PSL0;03429;PINHEIRO & SANTOS LDA;CQ_BSP_PSL0;Contrato Quadro;03-04-2006;Derivados;PRT;
7400134850;IPJD;04791;IMOVICAMPOS PROPRIEDADES JOSE CAMPOS E FILHOS LDA;CQ_BSP_IPJD;Contrato Quadro;23-03-2007;Derivados;PRT;
8008313431;B00F;03383;BARREIROS & BARREIROS,LDA;CQ_BSP_B00F;Contrato Quadro;27-03-2006;Derivados;PRT;
8044387261;FCBD;04797;FERNANDO CARVALHO-INDUSTRIA ARTES GRAFICAS,LDA;CQ_BSP_FCBD;Contrato Quadro;21-03-2007;Derivados;PRT;
1700132707;NL0O;04801;NOVAS LETRAS, CENTRO ARTISTICO E MUSICAL, LDA;CQ_BSP_NL0O;Contrato Quadro;23-03-2007;Derivados;PRT;
8046374687;DC2F;04798;DIVINE CAR - COMERCIO AUTOMOVEIS, LDA.;CQ_BSP_DC2F;Contrato Quadro;29-03-2007;Derivados;PRT;
7400171070;P0QH;04806;PORTUGAL & RIBEIRO LDA;CQ_BSP_P0QH;Contrato Quadro;17-04-2007;Derivados;PRT;
7400246285;DA3R;04810;DUO ANETTEJORGE - ARTIGOS DE DECORACAO LDA;CQ_BSP_DA3R;Contrato Quadro;29-03-2007;Derivados;PRT;
2481001274;FPI0;03361;FRULACT INDUSTRIA AGRO ALIMENTAR, SA;CQ_BSP_FPI0;Contrato Quadro;17-08-2023;Derivados;PRT;
8046482637;N4PN;04824;SMILE UP, S.A.;CQ_BSP_N4PN;Contrato Quadro;30-03-2007;Derivados;PRT;
7400174169;G4GM;04817;GRANILOPES - EXPLORACAO DE GRANITOS, LDA.;CQ_BSP_G4GM;Contrato Quadro;23-03-2007;Derivados;PRT;
5100284456;M13J;04820;MGI MENAGE E DECORAÇÃO LDA;CQ_BSP_M13J;Contrato Quadro;28-03-2007;Derivados;PRT;
8045488461;P0QI;04812;PRETETES - CONSTRUCAO CIVIL E OBRAS PUBLICAS, SA;CQ_BSP_P0QI;Contrato Quadro;23-03-2007;Derivados;PRT;
1700116276;A1SB;04823;ANSERFOZ - CONSTRUCOES LDA;CQ_BSP_A1SB;Contrato Quadro;23-03-2007;Derivados;PRT;
;N4PM;04818;MANOEL D. POCAS JUNIOR - VINHOS, S.A.;CQ_BSP_N4PM;Contrato Quadro;10-04-2007;Derivados;PRT;
8028260560;HPT7;04821;HUMBERTO POCAS S.A.;CQ_BSP_HPT7;Contrato Quadro;23-03-2007;Derivados;PRT;
5100283561;M13I;04819;MAEXPA PORTUGAL-INVESTIMENTOS IMOBILIÁRIOS SA;CQ_BSP_M13I;Contrato Quadro;20-03-2007;Derivados;PRT;
8046420272;FNDJ;04822;FERNANDO NOGUEIRA DA FONSECA LDA;CQ_BSP_FNDJ;Contrato Quadro;20-06-2007;Derivados;PRT;
2571002105;PSCQ;02016;PENTAFIEL SOCIEDADE DE CONSTRUCOES LDA;CQ_BSP_PSCQ;Contrato Quadro;29-12-2005;Derivados;PRT;
8008621460;AKC3;04814;ANARIC - INDUSTRIA DE ESTOFOS LDA;CQ_BSP_AKC3;Contrato Quadro;22-03-2007;Derivados;PRT;
7400310445;DRCY;04815;DRA ROSA CRISTINA FONSECA LDA;CQ_BSP_DRCY;Contrato Quadro;04-04-2007;Derivados;PRT;
8005380298;TTML;03419;TRANSPORTES OS TRES MOSQUETEIROS LDA;CQ_BSP_TTML;Contrato Quadro;12-05-2006;Derivados;PRT;
8002648650;IMFN;02544;RODRIGUES & PAIXAO, S.A.;CQ_BSP_IMFN;Contrato Quadro;09-02-2006;Derivados;PRT;
7400142208;IGDP;03180;INDUGEST SGPS, SA;CQ_BSP_IGDP;Contrato Quadro;09-02-2006;Derivados;PRT;
2100051541;QMEH;02397;QUINTA MIRABELA ESTABELECIMENTOS HOTELEIROS S A;CQ_BSP_QMEH;Contrato Quadro;16-03-2005;Derivados;PRT;
8046455439;CKVJ;04800;CALANDRA BASILIO, LDA.;CQ_BSP_CKVJ;Contrato Quadro;23-03-2007;Derivados;PRT;
8028642996;VVEB;02372;VENTARCO - VENTILACAO E AR CONDICIONADO LDA;CQ_BSP_VVEB;Contrato Quadro;01-08-2006;Derivados;PRT;
8007629656;WSDD;02370;WILARCO - SOCIEDADE DISTRIBUIDORA DE EQUIPAMENTOS, LDA;CQ_BSP_WSDD;Contrato Quadro;05-04-2006;Derivados;PRT;
7400172440;FCVV;03427;FARMACIA C. VEIGA, UNIPESSOAL, LDA;CQ_BSP_FCVV;Contrato Quadro;19-05-2006;Derivados;PRT;
8046255962;P0QK;04826;P.J.M.A. - REVESTIMENTOS, UNIPESSOAL LDA;CQ_BSP_P0QK;Contrato Quadro;11-04-2007;Derivados;PRT;
8040691148;N4NR;04831;M.J.F. PRODUTOS AGRICOLAS LDA;CQ_BSP_N4NR;Contrato Quadro;10-04-2007;Derivados;PRT;
8041346751;TTTC;02339;TINTEX - TINTURARIA TEXTIL DE CERVEIRA SA;CQ_BSP_TTTC;Contrato Quadro;21-04-2006;Derivados;PRT;
8021854325;MP11;04833;MOLBAR - FABRICA DE PLASTICOS LDA;CQ_BSP_MP11;Contrato Quadro;23-03-2007;Derivados;PRT;
9000691643;N55B;04836;MONTE MORADO-INDUSTRIAS HOTELEIRAS LDA.;CQ_BSP_N55B;Contrato Quadro;29-03-2007;Derivados;PRT;
8046305022;S24V;06459;SERGIO & EDITE-ESPETACULOS, LDA;CQ_BSP_S24V;Contrato Quadro;21-12-2007;Derivados;PRT;
8041578583;NSNQ;06460;SCRIPTA CODE LDA;CQ_BSP_NSNQ;Contrato Quadro;26-12-2007;Derivados;PRT;
7400007659;FN7U;06450;FARMACIA MONTEJUNTO UNIPESSOAL LDA;CQ_BSP_FN7U;Contrato Quadro;18-01-2008;Derivados;PRT;
8046349917;FJSJ;02762;FERDIOR JOIAS LDA;CQ_BSP_FJSJ;Contrato Quadro;17-08-2005;Derivados;PRT;
9002439413;SE7Y;06533;SUCATAS DE RAMIL S.A.;CQ_BSP_SE7Y;Contrato Quadro;28-12-2007;Derivados;PRT;
7400151264;Q019;06479;QPH-REDES E SERVICOS DE TELECOMUNICACOES, LDA;CQ_BSP_Q019;Contrato Quadro;04-04-2008;Derivados;PRT;
7400312814;D26L;06473;CONFINIT ALUMINIOS S.A.;CQ_BSP_D26L;Contrato Quadro;03-01-2008;Derivados;PRT;
7400377566;EG64;06494;ESPIRAL DE SORRISOS LDA;CQ_BSP_EG64;Contrato Quadro;20-02-2008;Derivados;PRT;
8046532077;RQ2B;06487;REAL PRIMAVERA-IMOBILIARIA E CONSTRUCOES LDA;CQ_BSP_RQ2B;Contrato Quadro;15-01-2008;Derivados;PRT;
7400108785;KAKZ;06510;JOSE ARANTES - IMP EXP COMER. BOVINOS E PROD AGROPECUARIOS, LDA;CQ_BSP_KAKZ;Contrato Quadro;10-01-2008;Derivados;PRT;
8004882170;F60J;06501;FIGUEIREDO & FILHOS LDA;CQ_BSP_F60J;Contrato Quadro;12-03-2008;Derivados;PRT;
8008582799;EO0E;06512;ESTILO-ARMAZENISTA OURIVESARIA,LDA.;CQ_BSP_EO0E;Contrato Quadro;15-01-2008;Derivados;PRT;
2571001514;B5AB;06508;AGV - TRANSPORTES DE MERCADORIAS LDA;CQ_BSP_B5AB;Contrato Quadro;21-01-2008;Derivados;PRT;
7400385189;H0G8;06500;HERBS & SPICES LDA;CQ_BSP_H0G8;Contrato Quadro;20-02-2008;Derivados;PRT;
3941008194;D26F;06468;CRIVOLAR - CONSTRUCOES, LDA;CQ_BSP_D26F;Contrato Quadro;29-01-2008;Derivados;PRT;
5100286154;BWCL;06518;BEST WEAR CONFECCOES LDA;CQ_BSP_BWCL;Contrato Quadro;07-01-2008;Derivados;PRT;
8004905399;M1QQ;06524;MARQUES & PINTO, LIMITADA;CQ_BSP_M1QQ;Contrato Quadro;08-01-2008;Derivados;PRT;
8046349920;FJIL;06506;FERDIOR JOIAS II, LDA.;CQ_BSP_FJIL;Contrato Quadro;16-01-2008;Derivados;PRT;
1700052634;KALW;06534;JPM AUTOMACAO E EQUIPAMENTOS INDUSTRIAIS, S A;CQ_BSP_KALW;Contrato Quadro;14-01-2008;Derivados;PRT;
1700161049;D26N;06484;DAMOSLUZ - IND COM CANDEEIROS IMPORT EXPORT LDA;CQ_BSP_D26N;Contrato Quadro;21-04-2008;Derivados;PRT;
8045709817;D27V;06521;CELESTE SILVA BARROS SA LDA;CQ_BSP_D27V;Contrato Quadro;08-01-2008;Derivados;PRT;
7400089263;D28O;06546;CONSTRUCOES AUGUSTO FILIPE LDA;CQ_BSP_D28O;Contrato Quadro;31-12-2007;Derivados;PRT;
8021686878;M1QR;06544;MAITRADE LDA;CQ_BSP_M1QR;Contrato Quadro;12-03-2008;Derivados;PRT;
8046565222;R0I5;06545;REEFTOURS - TURISMO DE NATUREZA E ANIMACAO TURISTICA,LDA.;CQ_BSP_R0I5;Contrato Quadro;26-03-2008;Derivados;PRT;
8040948161;B5AK;06522;AMANDIO SOUSA NEVES LDA;CQ_BSP_B5AK;Contrato Quadro;10-01-2008;Derivados;PRT;
7400377548;S253;06547;SODIPAREDES - SUPERMERCADOS LDA;CQ_BSP_S253;Contrato Quadro;15-01-2008;Derivados;PRT;
8042817007;D26M;06482;CONSTRUCOES IRMAOS SERINO LDA;CQ_BSP_D26M;Contrato Quadro;17-01-2008;Derivados;PRT;
7400405617;B5AL;06527;ASSESSOR GLOBAL LDA;CQ_BSP_B5AL;Contrato Quadro;02-01-2008;Derivados;PRT;
8045739548;SK7U;06560;SOFTREIS - INFORMATICA, UNIPESSOAL LDA;CQ_BSP_SK7U;Contrato Quadro;08-01-2008;Derivados;PRT;
8010520054;NT61;;MUNDO AQUATICO - PARQUES OCEANOGRAFICOS DE ENTRETENIMENTO EDUCATIVO S.;CQ_BSP_NT61;Contrato Quadro;13-03-2008;Derivados;PRT;
1700200609;S251;06538;SOCIEDADE DE CONSTRUCOES MODULAR PEDROGUENSE LDA;CQ_BSP_S251;Contrato Quadro;16-01-2008;Derivados;PRT;
8004445509;V0GR;06562;VELOSO & TROCA, LDA;CQ_BSP_V0GR;Contrato Quadro;28-03-2008;Derivados;PRT;
8005247318;EDCC;03104;EMPRESA CONSTRUCOES CARACAS,LDA;CQ_BSP_EDCC;Contrato Quadro;21-12-2005;Derivados;PRT;
8030160341;GHEQ;06548;GEO HIDROL, EQUIPAMENTOS PARA FUNDACOES E GEOTECNIA, UNIPESSOAL LDA;CQ_BSP_GHEQ;Contrato Quadro;04-01-2008;Derivados;PRT;
2341007527;NT0W;06517;NORTEOESTE - ALUMINIOS LDA;CQ_BSP_NT0W;Contrato Quadro;17-01-2008;Derivados;PRT;
8046321083;TMG1;00710;TEXTIL MANUEL GONCALVES SGPS SA;CQ_BSP_TMG1;Contrato Quadro;02-01-2002;Derivados;PRT;
8021595836;E02M;00711;EXPOTIME-S.A.;CQ_BSP_E02M;Contrato Quadro;28-12-2016;Derivados;PRT;
8044784791;MAZ5;00712;MUNDIPERFIL S.A.;CQ_BSP_MAZ5;Contrato Quadro;29-11-2017;Derivados;PRT;
8024648221;54PH;00713;PEREIRA DA CUNHA SA;CQ_BSP_54PH;Contrato Quadro;11-11-2013;Derivados;PRT;
8042604292;TIR0;00714;TEMPUS DISTRIBUICAO - SOCIEDADE COMERCIAL DE RELOJOARIA S.A.;CQ_BSP_TIR0;Contrato Quadro;02-08-2005;Derivados;PRT;
8006439586;DDSF;00716;DOMINGOS DE SOUSA & FILHOS SA;CQ_BSP_DDSF;Contrato Quadro;18-12-2017;Derivados;PRT;
8007997463;PSFN;00717;PAUL STRICKER SA;CQ_BSP_PSFN;Contrato Quadro;23-11-2015;Derivados;PRT;
8002285436;5LMH;00718;LAMEIRINHO - INDUSTRIA TEXTIL SA;CQ_BSP_5LMH;Contrato Quadro;13-03-2014;Derivados;PRT;
8001073292;MOSI;00720;MIGUEL OLIVEIRA SUCRS.,SA;CQ_BSP_MOSI;Contrato Quadro;12-05-2015;Derivados;PRT;
8020597450;LGPD;00721;LOJA GATO PRETO-ARTESANATO DECORACOES LDA;CQ_BSP_LGPD;Contrato Quadro;29-10-2014;Derivados;PRT;
8035345343;R01I;00722;RIBEIRO & GONCALVES MACHADO, LDA.;CQ_BSP_R01I;Contrato Quadro;20-03-2002;Derivados;PRT;
8007619316;G1EK;00723;MALHAS G.M. SA;CQ_BSP_G1EK;Contrato Quadro;17-11-2003;Derivados;PRT;
8046557954;NEE0;00724;NORTEFIL - IMPORTACAO E EXPORTACAO LDA;CQ_BSP_NEE0;Contrato Quadro;27-07-2004;Derivados;PRT;
8040316910;TCM1;00731;TREGALI INDUSTRIA E CONFECCAO DE MALHAS UNIPESSOAL LDA;CQ_BSP_TCM1;Contrato Quadro;15-11-2004;Derivados;PRT;
8015933960;C08O;00735;CUNHA & FREITAS LDA;CQ_BSP_C08O;Contrato Quadro;27-11-2002;Derivados;PRT;
8026426822;APT7;00736;APT-ASSOCIACAO PRODUTORES TABACO;CQ_BSP_APT7;Contrato Quadro;03-02-2004;Derivados;PRT;
;CDC0;00739;CAIMA - INDUSTRIA DE CELULOSE, SA;CQ_BSP_CDC0;Contrato Quadro;30-12-2002;Derivados;PRT;
8008182918;CLHD;00753;CHUVITEX TRADING LDA;CQ_BSP_CLHD;Contrato Quadro;25-10-2006;Derivados;PRT;
8002856063;ASN5;00756;ARMANDO,SILVA & MATOS LDA;CQ_BSP_ASN5;Contrato Quadro;02-08-2017;Derivados;PRT;
8009726859;CCL6;00773;CLIQUE - CALCADO LDA;CQ_BSP_CCL6;Contrato Quadro;12-06-2002;Derivados;PRT;
8001779279;TMGO;00779;TEXTIL MANUEL GONCALVES SA;CQ_BSP_TMGO;Contrato Quadro;22-05-2005;Derivados;PRT;
8001557684;SIP1;00787;SELENIS PORTUGAL, S.A.;CQ_BSP_SIP1;Contrato Quadro;26-10-2005;Derivados;PRT;
;TCEN;;TOTTA CREDITO ESPECIALIZADO INST.FINANC.CREDITO SA (USAR TTCE);CQ_BSP_TCEN;Contrato Quadro;26-04-2005;Derivados;PRT;
8006105726;LIEL;00802;LUSOPIYUS-IMPORTACAO EXPORTACAO,LDA;CQ_BSP_LIEL;Contrato Quadro;16-01-2006;Derivados;PRT;
7400022372;UUFT;00811;U.F.T. - UNITED FASHION TEXTILES TEAM - IMPORT EXPORT LDA;CQ_BSP_UUFT;Contrato Quadro;15-11-2004;Derivados;PRT;
8007932523;ADMS;00827;AVELANA-FABRICA MALHAS S.A.;CQ_BSP_ADMS;Contrato Quadro;03-10-2013;Derivados;PRT;
8009012449;5PGI;00835;THE NAVIGATOR COMPANY S.A;CQ_BSP_5PGI;Contrato Quadro;12-02-2003;Derivados;PRT;
8000320639;SGAN;00836;SOGENAVE - SOC. GERAL ABAST. A NAVEGACAO E INDUSTRIA HOTELEIRA SA;CQ_BSP_S058;Contrato Quadro;05-11-2015;Derivados;PRT;
2381000173;F0AF;00450;FATOMIPE-EQUIPAMENTOS AGRICOLAS S.A.;CQ_BSP_F0AF;Contrato Quadro;19-05-2003;Derivados;PRT;
8003097410;DSSB;00451;DAT SCHAUB PORTO -IND.ALIMENTAR SA;CQ_BSP_DSSB;Contrato Quadro;14-11-2003;Derivados;PRT;
4465;53IB;00453;COMPANHIA INDUSTRIAL RESINAS SINTETICAS-CIRES S.A.;CQ_BSP_53IB;Contrato Quadro;21-02-2003;Derivados;PRT;
;LFCT;00454;LUSO FINSA-IND.E COM.MAD. LDA;CQ_BSP_LFCT;Contrato Quadro;22-10-2002;Derivados;PRT;
6221053800;EMRD;00458;GLOBALVALOS IMOBILIARIA,S.A.;CQ_BSP_EMRD;Contrato Quadro;09-05-2005;Derivados;PRT;
26378;AMRW;00459;ARROZEIRAS MUNDIARROZ SA.;CQ_BSP_AMRW;Contrato Quadro;03-12-2004;Derivados;PRT;
1700087974;C08P;00460;BESTOFGIFTS LDA;CQ_BSP_C08P;Contrato Quadro;26-11-2004;Derivados;PRT;
21510;AEAG;00462;AGRIFAIA - MAQUINAS E ALFAIAS AGRICOLAS, LDA.;CQ_BSP_AEAG;Contrato Quadro;16-07-2015;Derivados;PRT;
;CC0H;00463;COLQUIMICA-INDUSTRIA NACIONAL COLAS S A VALONGO ( USAR CINC );CQ_BSP_CC0H;Contrato Quadro;10-02-2003;Derivados;PRT;
;UP00;00465;UCHIYAMA PORTUGAL - VEDANTES, LDA;CQ_BSP_UP00;Contrato Quadro;02-03-2005;Derivados;PRT;
6220006423;A085;00466;A SAMPAIO & FILHOS - TEXTEIS S.A.;CQ_BSP_A085;Contrato Quadro;07-06-2006;Derivados;PRT;
8004508477;LCVN;01530;LIMA COMPANHIA SA;CQ_BSP_LCVN;Contrato Quadro;31-03-2006;Derivados;PRT;
;LG0E;01532;LIDERGRAF-ARTES GRAFICAS SA;CQ_BSP_LG0E;Contrato Quadro;10-11-2003;Derivados;PRT;
8036349680;C08L;01545;CORTICOL-CORTICAS SA;CQ_BSP_C08L;Contrato Quadro;07-11-2001;Derivados;PRT;
8045210458;NFTL;01557;NEW FIELD TEXTEIS LDA;CQ_BSP_NFTL;Contrato Quadro;24-05-2005;Derivados;PRT;
8001027713;COL1;01571;CONFECCOES OCTA LDA;CQ_BSP_COL1;Contrato Quadro;07-01-2015;Derivados;PRT;
8000161069;01VR;01587;SECIL COMPANHIA GERAL DE CAL E CIMENTO S.A.;CQ_BSP_01VR;Contrato Quadro;07-06-2016;Derivados;PRT;
8019592682;TDFC;01640;TERRAS DE FELGUEIRAS CAVES FELGUEIRAS CRL;CQ_BSP_TDFC;Contrato Quadro;03-02-2006;Derivados;PRT;
8042764295;NMNO;01642;MORAIS E MATOS INDUSTRIA DE MALHAS S A;CQ_BSP_NMNO;Contrato Quadro;11-10-2013;Derivados;PRT;
2641002918;M04D;01655;MAGCOP PORTO - DISTRIBUICAO DE EQUIPAMENTOS GRAFICOS LDA;CQ_BSP_M04D;Contrato Quadro;05-05-2004;Derivados;PRT;
;CCG5;01656;CARBOGAL-CARBONOS PORTUGAL,SA;CQ_BSP_CCG5;Contrato Quadro;30-06-2004;Derivados;PRT;
8002296677;CCL1;01667;COSTA & CARNEIRO SA;CQ_BSP_CCL1;Contrato Quadro;07-12-2004;Derivados;PRT;
2391002740;O000;01671;OLIVEIRA & CARVALHO, LDA.;CQ_BSP_O000;Contrato Quadro;14-03-2017;Derivados;PRT;
8046558387;H00Z;01706;HOMEFLAVOURS - TEXTEIS LDA;CQ_BSP_H00Z;Contrato Quadro;08-05-2006;Derivados;PRT;
8024364138;OOS1;;OLEOCOM-COMERCIO OLEAGINOSAS,SA;CQ_BSP_OOS1;Contrato Quadro;04-07-2005;Derivados;PRT;
8038689213;PMTL;01729;PIQUEMALHAS-MALHAS TEXTEIS,LDA;CQ_BSP_PMTL;Contrato Quadro;27-11-2002;Derivados;PRT;
;TLLG;01730;TEXTEIS LEIPER,LDA;CQ_BSP_TLLG;Contrato Quadro;24-02-2006;Derivados;PRT;
8046144895;HPET;01760;HPEM - HIGIENE PUBLICA EM;CQ_BSP_HPET;Contrato Quadro;29-09-2005;Derivados;PRT;
5100478615;DFTL;01830;COSTA & FILHOS SA;CQ_BSP_DFTL;Contrato Quadro;09-05-2005;Derivados;PRT;
8028860320;TI00;01851;TETRIBERICA SA;CQ_BSP_TI00;Contrato Quadro;12-12-2007;Derivados;PRT;
8045454797;LMLO;01314;LLESCO - SOCIEDADE DE CONSTRUCOES DE EDIFICIOS, UNIPESSOAL LDA;CQ_BSP_LMLO;Contrato Quadro;30-11-2004;Derivados;PRT;
2100582791;EVLF;01346;ESTALAGEM VALE LDA;CQ_BSP_EVLF;Contrato Quadro;26-12-2005;Derivados;PRT;
211555;52AA;01363;ANTONIO ALMEIDA  CORTICAS S.A.;CQ_BSP_52AA;Contrato Quadro;07-04-2003;Derivados;PRT;
8001040481;JPLT;01366;J.PINTO LEITAO SA;CQ_BSP_JPLT;Contrato Quadro;14-08-2017;Derivados;PRT;
;SEEU;10881;SETH-SOC EMPREITADAS E TRABALHOS HIDRAULICOS,SA;CQ_BSP_SEEU;Contrato Quadro;15-06-2005;Derivados;PRT;
9001864000;E0QG;04837;EMPREITOLAR - CONSTRUCOES, LDA.;CQ_BSP_E0QG;Contrato Quadro;02-04-2007;Derivados;PRT;
8010284358;CU6U;04839;CONSTRUCOES RITES, LDA;CQ_BSP_CU6U;Contrato Quadro;02-04-2007;Derivados;PRT;
8046421832;GTL1;03433;G.M. TRANSPORTES, LDA;CQ_BSP_GTL1;Contrato Quadro;27-04-2006;Derivados;PRT;
8046553083;SF9G;04840;SILVA BRANCO & BASTO LDA;CQ_BSP_SF9G;Contrato Quadro;05-04-2007;Derivados;PRT;
2100835858;IFC9;04843;IRMAOS FERREIRA COSTA INDUSTRIA DE COMERCIO DE CARNES, LDA;CQ_BSP_IFC9;Contrato Quadro;02-04-2007;Derivados;PRT;
8001839940;MTCG;02332;MT - MADEIRAS SA;CQ_BSP_MTCG;Contrato Quadro;20-04-2007;Derivados;PRT;
8000477474;L07N;04845;LEITE & MESQUITA,LDA;CQ_BSP_L07N;Contrato Quadro;26-04-2007;Derivados;PRT;
7400024026;HCMY;04846;HORTA C MONTEIRO-CONSTRUCOES,LDA.;CQ_BSP_HCMY;Contrato Quadro;19-04-2007;Derivados;PRT;
8046555635;HCN1;04844;HORTA, C MONTEIRO - ACTIVIDADES AGROPECUARIAS, LDA;CQ_BSP_HCN1;Contrato Quadro;19-04-2007;Derivados;PRT;
8046207923;F3F7;04829;FERRARIAS,LDA.;CQ_BSP_F3F7;Contrato Quadro;02-04-2007;Derivados;PRT;
8027933261;A22I;04832;ALACO-REVESTIMENTOS METALICOS,SA;CQ_BSP_A22I;Contrato Quadro;28-03-2007;Derivados;PRT;
5100265048;REVA;02394;RAM'S-MATERIAL ELECTRICO,LDA.;CQ_BSP_REVA;Contrato Quadro;02-04-2007;Derivados;PRT;
8008175057;IDCQ;02509;ECOLAUNDOS S A;CQ_BSP_IDCQ;Contrato Quadro;11-05-2005;Derivados;PRT;
8042498959;CGCM;01249;CONSTRUCOES GONCALVES CARRILHO LDA;CQ_BSP_CGCM;Contrato Quadro;28-02-2005;Derivados;PRT;
8002066192;IEI0;03386;INASI-COM.IND.MAQ.VIATURAS LDA;CQ_BSP_IEI0;Contrato Quadro;29-06-2006;Derivados;PRT;
;CTPU;01359;AUTO SUECO, LDA;CQ_BSP_CTPU;Contrato Quadro;10-11-2005;Derivados;PRT;
5100343456;DAEQ;03313;DIVMAC PROJECTOS AUTOMATISMOS E PERIFÉRICOS INDUSTRIAIS SA;CQ_BSP_DAEQ;Contrato Quadro;24-05-2006;Derivados;PRT;
31636;R0F3;04854;ROSEIRO & ROSEIRO - COMERCIO DE BEBIDAS E PRODUTOS ALIMENTARES LDA.;CQ_BSP_R0F3;Contrato Quadro;24-01-2008;Derivados;PRT;
8021035790;PBMI;03314;PINTO BRASIL - FABRICA DE MAQUINAS INDUSTRIAIS, S.A.;CQ_BSP_PBMI;Contrato Quadro;24-05-2006;Derivados;PRT;
2100254825;S1F5;04828;SUMOCERVE COMERCIO GERAL DE BEBIDAS E OUTROS, LDA;CQ_BSP_S1F5;Contrato Quadro;26-06-2007;Derivados;PRT;
8046400333;CG03;03391;CUNHA GUIMARAES & SOUSA LDA;CQ_BSP_CG03;Contrato Quadro;01-06-2006;Derivados;PRT;
7400207075;SPQ9;04838;SOPANTEC-SOCIEDADE PRODUTOS PARA AGRICULTURA-NOVAS TECNICAS, LDA;CQ_BSP_SPQ9;Contrato Quadro;10-04-2007;Derivados;PRT;
7400196359;ACD5;03598;ASM CENTRO CLINICO DE FARO, LDA.;CQ_BSP_ACD5;Contrato Quadro;22-05-2006;Derivados;PRT;
8044118352;LPSW;02724;LEAL DO PACO - CONSTRUCOES S.A.;CQ_BSP_LPSW;Contrato Quadro;01-09-2005;Derivados;PRT;
8001612701;CDDH;02363;CHAMAGAS-CENTRAL DISTRIBUIDORA DE GAS,LDA;CQ_BSP_CDDH;Contrato Quadro;13-04-2006;Derivados;PRT;
2100709521;I0L9;04858;IMOARNOIA - INVESTIMENTOS IMOBILIARIA ETURISTICOS, LDA;CQ_BSP_I0L9;Contrato Quadro;04-04-2007;Derivados;PRT;
2360001706;V020;03897;VISABEIRA IMOBILIARIA SA;CQ_BSP_V020;Contrato Quadro;11-04-2007;Derivados;PRT;
7400196376;CMTW;03597;CERVEJARIA MARISQUEIRA SEVILHA MAR, LDA.;CQ_BSP_CMTW;Contrato Quadro;22-05-2006;Derivados;PRT;
8001502490;FCDN;03412;F.COSTA-INDUSTRIAS MADEIRA,SA;CQ_BSP_FCDN;Contrato Quadro;02-05-2006;Derivados;PRT;
8009866086;ANDI;02424;ASSOCIACAO NACIONAL DAS INDUSTRIAS DE VESTUARIO CONFECAO E MODA ANIVEC;CQ_BSP_ANDI;Contrato Quadro;30-05-2006;Derivados;PRT;
8041817826;FEC6;04857;F.LUIS-GESTAO E CONTABILIDADE,LDA;CQ_BSP_FEC6;Contrato Quadro;30-03-2007;Derivados;PRT;
8046479135;CIIP;03213;CGE-INVESTIMENTOS IMOBILIARIOS,LDA.;CQ_BSP_CIIP;Contrato Quadro;24-01-2006;Derivados;PRT;
8042409999;CM69;04856;CONSTRUTORA MARACAY,LDA;CQ_BSP_CM69;Contrato Quadro;17-04-2007;Derivados;PRT;
8010377543;JF0X;03500;JOSE FRANCISCO COSTA & CA.LDA;CQ_BSP_JF0X;Contrato Quadro;09-05-2006;Derivados;PRT;
8008564785;S1FL;04860;SETESPI - SOCIEDADE DE CONSTRUCAO E IMOBILIARIA, LDA;CQ_BSP_S1FL;Contrato Quadro;02-04-2007;Derivados;PRT;
8046553721;CALG;02430;CASA ADENTRO - CONSTRUCOES LDA;CQ_BSP_CALG;Contrato Quadro;22-04-2005;Derivados;PRT;
8046314522;I0LC;04871;INSTITUTO DE BELEZA MANUELA REBELO - SOCIEDADE UNIPESSOAL LDA;CQ_BSP_I0LC;Contrato Quadro;04-04-2007;Derivados;PRT;
5100265987;AQNS;04853;A PETALA COMERCIO DE FLORES E PLANTAS ARTIFICIAIS LDA;CQ_BSP_AQNS;Contrato Quadro;10-04-2007;Derivados;PRT;
8043128271;FD0Q;04852;FREGAZE REDES E DERIVADOS DE ARAME LDA;CQ_BSP_FD0Q;Contrato Quadro;10-04-2007;Derivados;PRT;
7400046545;R019;03556;RUBICER LDA;CQ_BSP_R019;Contrato Quadro;02-07-2007;Derivados;PRT;
9002676332;B0HX;04862;BALDESTONE - CONSTRUCOES, LDA;CQ_BSP_B0HX;Contrato Quadro;17-04-2007;Derivados;PRT;
8007531152;GSNO;03096;FRANCISCO S.M.OLIVEIRA,LDA.;CQ_BSP_GSNO;Contrato Quadro;19-01-2006;Derivados;PRT;
9002492278;IS1T;04865;IMOVISAO SUL - GESTAO E INVESTIMENTOS IMOBILIARIOS SA;CQ_BSP_IS1T;Contrato Quadro;11-06-2007;Derivados;PRT;
9000668307;CO43;04861;CONSTRUCOES OPINIAO,LDA;CQ_BSP_CO43;Contrato Quadro;10-04-2007;Derivados;PRT;
;S1FP;04870;SYSTEMAIR SA;CQ_BSP_S1FP;Contrato Quadro;12-04-2007;Derivados;PRT;
8029315075;ADP2;01108;REYNAERS ALUMINIUM ALUPOL SA;CQ_BSP_ALUP;Contrato Quadro;13-10-2004;Derivados;PRT;
9002584385;MCO0;03495;MANUEL CARDOSO OLIVEIRA UNIP. LDA;CQ_BSP_MCO0;Contrato Quadro;11-09-2006;Derivados;PRT;
8046411595;SDAK;03490;SIVIFEGO - SOCIEDADE ACTIVIDADES IMOBILIARIAS, LDA;CQ_BSP_SDAK;Contrato Quadro;20-04-2007;Derivados;PRT;
8046472460;DK05;04864;DIVINO KAFE - SOCIEDADE DE EXPLORACAO HOTELEIRA DE PASTELARIA E SNACK-;CQ_BSP_DK05;Contrato Quadro;12-04-2007;Derivados;PRT;
8008576581;PLLL;02204;PLASTIFERRO-COMERCIO E INSTALACAO DE MATERIAIS S.A.;CQ_BSP_PLLL;Contrato Quadro;27-04-2007;Derivados;PRT;
1700111894;AKM8;04879;ALTO DO MACAO IMOBILIARIA LDA;CQ_BSP_AKM8;Contrato Quadro;20-04-2007;Derivados;PRT;
8046460049;MDNA;03376;MOLDECAR - INDUSTRIA DE MOLDES, LDA;CQ_BSP_MDNA;Contrato Quadro;28-03-2006;Derivados;PRT;
9000698671;B0HY;04880;BIDIESEL REPARACOES LDA;CQ_BSP_B0HY;Contrato Quadro;17-05-2007;Derivados;PRT;
7400178902;IIT0;03334;IMO - RUBRAS IMOBILIARIA LDA;CQ_BSP_IIT0;Contrato Quadro;19-07-2006;Derivados;PRT;
8009399563;CSL1;03440;CARLOS SIMOES,LDA;CQ_BSP_CSL1;Contrato Quadro;08-03-2007;Derivados;PRT;
8022706009;A23D;04881;A.E.BRILHA - SOCIEDADE IMOBILIARIA LDA;CQ_BSP_A23D;Contrato Quadro;21-10-2008;Derivados;PRT;
7400023558;B0I4;04882;BAIRRONFE - AGROPECUARIA, LDA;CQ_BSP_B0I4;Contrato Quadro;11-04-2007;Derivados;PRT;
9002421707;S03L;03506;GRECA - ARTES GRAFICAS LDA;CQ_BSP_S03L;Contrato Quadro;27-04-2006;Derivados;PRT;
9000087576;A23F;04885;ALBUQUERQUE E SIMOES EMPREENDIMENTOS IMOBILIARIOS S A;CQ_BSP_A23F;Contrato Quadro;30-04-2007;Derivados;PRT;
5100275139;C24G;04883;COLUSALI - SOCIEDADE INVESTIMENTOS IMOBILIARIOS, LDA;CQ_BSP_C24G;Contrato Quadro;05-04-2007;Derivados;PRT;
7400306473;PI1N;04886;PANORAMA INOVADOR - UNIPESSOAL LDA;CQ_BSP_PI1N;Contrato Quadro;05-04-2007;Derivados;PRT;
2101499594;AQQF;04884;ANFILTEX MALHAS E CONFECCOES, LDA;CQ_BSP_AQQF;Contrato Quadro;13-04-2007;Derivados;PRT;
8028899909;EPEE;02399;EPG-ESTUDOS, PROJECTOS E DISTRIBUICAO GAS,LDA;CQ_BSP_EPEE;Contrato Quadro;20-04-2006;Derivados;PRT;
;BPC4;09378;BENTO PEDROSO-CONSTRUCOES,SA;CQ_BSP_BPC4;Contrato Quadro;10-04-2007;Derivados;PRT;
8003805683;CL34;04887;CHARANA-ARTES GRAFICAS,LDA;CQ_BSP_CL34;Contrato Quadro;12-04-2007;Derivados;PRT;
7400027859;N3QS;04889;MATOS PINHO, LDA;CQ_BSP_N3QS;Contrato Quadro;10-04-2007;Derivados;PRT;
2100213968;NS01;03304;NOVA SMEIT MONTAGENS MANUTENCAO E REPARACAO DE EQUIPAMENTOS, SA;CQ_BSP_NS01;Contrato Quadro;19-07-2006;Derivados;PRT;
7400074829;TF1C;04890;TRANSPORTES FARINHA & MATEUS LDA;CQ_BSP_TF1C;Contrato Quadro;20-04-2007;Derivados;PRT;
7400204350;B03H;04893;BENTO & MATOS LDA;CQ_BSP_B03H;Contrato Quadro;24-04-2007;Derivados;PRT;
8027268859;ACF1;03486;ACACIO DA CARIDADE FERREIRA & IRMAO S.A.;CQ_BSP_ACF1;Contrato Quadro;02-05-2006;Derivados;PRT;
7400267691;FE4B;04894;FLASH DI MILANO II - SAPATARIAS LDA;CQ_BSP_FE4B;Contrato Quadro;30-04-2007;Derivados;PRT;
2071005712;JHER;04891;J.P. SA COUTO S.A.;CQ_BSP_JHER;Contrato Quadro;27-12-2007;Derivados;PRT;
8041767071;RTCL;03212;POMBALPREDIOS-SOCIEDADE CONSTRUCOES LDA.;CQ_BSP_RTCL;Contrato Quadro;17-01-2006;Derivados;PRT;
7400219954;AQSG;04896;ARMANDO MARQUES - SERVICOS ADUANEIROS, LDA.;CQ_BSP_AQSG;Contrato Quadro;25-06-2007;Derivados;PRT;
14700;MALF;02377;MARTINS & AZEVEDO, LDA;CQ_BSP_MALF;Contrato Quadro;11-03-2005;Derivados;PRT;
135343;SVLB;04899;SAGA VIAGENS, LDA;CQ_BSP_SVLB;Contrato Quadro;22-05-2007;Derivados;PRT;
8020528610;O3PZ;08948;MARIA TERESA VIEIRA PESSOA;O3PZ;Contrato Quadro;16-06-2008;Derivados;PRT;
8007442519;51BK;01370;BASEDOIS-INFORMATICA TELECOMUNICACOES,LDA;CQ_BSP_51BK;Contrato Quadro;18-09-2003;Derivados;PRT;
8023778582;JDN1;01383;JOSE DE MELLO SAUDE S.A.;CQ_BSP_JDN1;Contrato Quadro;29-06-2005;Derivados;PRT;
8031130691;MP05;01384;PARAFUSEX LDA;CQ_BSP_MP05;Contrato Quadro;25-02-2004;Derivados;PRT;
5100624988;TPEQ;01388;TMG TECIDOS PLASTIFICADOS OUTROS REVESTIMENTOS INDUSTRIA AUTOMOVEL SA;CQ_BSP_TPEQ;Contrato Quadro;22-05-2005;Derivados;PRT;
8038259565;T007;01389;TMG - ACABAMENTOS TEXTEIS S.A.;CQ_BSP_T007;Contrato Quadro;22-02-2005;Derivados;PRT;
5100625024;TVDM;01390;TMG - TECIDOS PARA VESTUARIO E DECORACAO SA;CQ_BSP_TVDM;Contrato Quadro;22-05-2005;Derivados;PRT;
9000702272;CMGQ;01391;CONCEICAO & MARTINS-TEXTEIS,LDA;CQ_BSP_CMGQ;Contrato Quadro;12-12-2005;Derivados;PRT;
8008464901;AMNU;01401;ANTONIO MANUEL MIRANDA SILVA,LDA;CQ_BSP_AMNU;Contrato Quadro;28-11-2003;Derivados;PRT;
42;AMC8;01403;ARSOPI-INDUSTRIAS METALURGICAS ARLINDO S.PINHO LDA;CQ_BSP_AMC8;Contrato Quadro;13-03-2023;Derivados;PRT;
8037790068;EP04;01405;MANITOU PORTUGAL S.A.;CQ_BSP_EP04;Contrato Quadro;23-07-2003;Derivados;PRT;
;BC08;;BARROPEL-ARMAZENS COMP.P/CALCADO,LDA ( USAR BCPC );CQ_BSP_BC08;Contrato Quadro;18-10-2004;Derivados;PRT;
2861000521;BE06;01408;BRASIPEL - IMPORTACAO E EXPORTACAO, LDA;CQ_BSP_BE06;Contrato Quadro;14-03-2003;Derivados;PRT;
;CML5;01410;CALSIL-MALHAS,LDA;CQ_BSP_CML5;Contrato Quadro;11-05-2006;Derivados;PRT;
8007766325;CI07;01413;COMINCA-COM.IND.CALCADO,LDA;CQ_BSP_CI07;Contrato Quadro;04-11-2002;Derivados;PRT;
;CI08;01416;CRUMAR-COMERCIO INTERNACIONAL,LDA;CQ_BSP_CI08;Contrato Quadro;11-11-2003;Derivados;PRT;
0000010106;E031;01423;EUROTEX-IMPORTACAO EXPORTACAO, LDA;CQ_BSP_E031;Contrato Quadro;24-09-2007;Derivados;PRT;
8031454344;01YQ;01424;JOAQUIM LIMA, LDA;CQ_BSP_01YQ;Contrato Quadro;05-01-2006;Derivados;PRT;
8003226166;FAF1;01428;FERPINTA - INDUSTRIA DE TUBOS DE ACO DE FERNANDO PINHO TEIXEIRA S.A.;CQ_BSP_FAF1;Contrato Quadro;23-05-2017;Derivados;PRT;
8010167974;FM07;01429;FERVI-IMPORTACAO E EXPORTACAO, S.A.;CQ_BSP_FM07;Contrato Quadro;03-07-2015;Derivados;PRT;
;F0B7;;FORRESTER&Cia.,SA (Gr.Sogrape);CQ_BSP_F0B7;Contrato Quadro;14-10-2005;Derivados;PRT;
8001217058;ITBS;01432;ICB - INDUSTRIAS DE CONDUTORES ELECTRICOS E TELEFONICOS SA;CQ_BSP_ITBS;Contrato Quadro;12-12-2002;Derivados;PRT;
8040225472;JDM2;01435;JOAPS-CONFECCAO MALHAS LDA;CQ_BSP_JDM2;Contrato Quadro;28-06-2002;Derivados;PRT;
8001213259;JCI3;01437;JOMIRPECAS - COMERCIO E INDUSTRIA AUTO S.A.;CQ_BSP_JCI3;Contrato Quadro;19-12-2003;Derivados;PRT;
8045826937;MAZM;01439;M A PEREIRA ARMAZEM DE FIOS,LDA;CQ_BSP_MAZM;Contrato Quadro;17-10-2003;Derivados;PRT;
;MDP9;01441;MODELMALHAS-INDUSTRIA MALHAS,LDA.;CQ_BSP_MDP9;Contrato Quadro;11-11-2002;Derivados;PRT;
;P04I;01449;PROMOL,SA;CQ_BSP_P04I;Contrato Quadro;18-03-2004;Derivados;PRT;
8046457741;PTUT;01450;P.R.P.TEXTEIS-SOCIEDADE UNIPESSOAL LDA;CQ_BSP_PTUT;Contrato Quadro;08-10-2015;Derivados;PRT;
;Q003;01451;QUIMIALMEL- QUIMICOS E MINERAIS LDA;CQ_BSP_Q003;Contrato Quadro;23-10-2002;Derivados;PRT;
201355;S06Q;01454;SAMARFIL - SOCIEDADE TEXTIL, LIMITADA;CQ_BSP_S06Q;Contrato Quadro;06-11-2014;Derivados;PRT;
8044778791;SS0O;01455;SEAFOOD SOLUTIONS, COMERCIO DE PRODUTOS ALIMENTARES, SOCIEDADE UNIPESS;CQ_BSP_SS0O;Contrato Quadro;20-05-2015;Derivados;PRT;
56352;SDVD;01458;SOGRAPE DISTRIBUICA0 S.A.;CQ_BSP_SDVD;Contrato Quadro;14-10-2005;Derivados;PRT;
2311002943;SISO;01459;SOGRAPE SGPS SA;CQ_BSP_SISO;Contrato Quadro;14-10-2005;Derivados;PRT;
8007636892;SFLO;01460;SOLINHAS ACABAMENTO DE FIOS LDA.;CQ_BSP_SFLO;Contrato Quadro;05-11-2013;Derivados;PRT;
9001912411;TDT5;01462;TECIAVE - COMERCIO DE TECIDOS, LDA.;CQ_BSP_TDT5;Contrato Quadro;12-06-2003;Derivados;PRT;
8005609291;TPS1;01463;THYSSEN Portugal,Agos Serv.Lda;CQ_BSP_TPS1;Contrato Quadro;13-06-2002;Derivados;PRT;
;GC06;01475;GELPEIXE-ALIMENTOS CONGELADOS,SA;CQ_BSP_GC06;Contrato Quadro;07-05-2002;Derivados;PRT;
0000182652;MCIR;01501;M.C.I.-MAQUINAS COSTURA INDUSTRIAIS, SA;CQ_BSP_MCIR;Contrato Quadro;07-06-2002;Derivados;PRT;
;NPDT;01507;NORBAIN PORTUGAL-EQUIPAMENTOS DE SEGURANGA;CQ_BSP_NPDT;Contrato Quadro;22-02-2005;Derivados;PRT;
;FDT7;;FLEXITEX FABRICA DE TECIDOS S.A.;CQ_BSP_FDT7;Contrato Quadro;16-04-2004;Derivados;PRT;
8031001593;SSA3;01523;SANER - SOCIEDADE ALIMENTAR DO NORTE S.A;CQ_BSP_SSA3;Contrato Quadro;03-11-2003;Derivados;PRT;
;A08Z;01525;A.A.Ferreira,S.A.(Gr.Sogrape)(USE BR45);CQ_BSP_A08Z;Contrato Quadro;14-10-2005;Derivados;PRT;
8001138651;FDS1;01529;FIPER-FIACAO S.PEDRO,LDA;CQ_BSP_FDS1;Contrato Quadro;09-06-2003;Derivados;PRT;
8040302582;A08O;00955;ADP-AGUAS DE PORTUGAL, SGPS, SA;CQ_BSP_A08O;Contrato Quadro;15-11-2001;Derivados;PRT;
8000339820;MTLI;00956;METROPOLITANO LISBOA;CQ_BSP_MTLI;Contrato Quadro;07-08-2002;Derivados;PRT;
8042951733;HRS0;00965;HOTI CENTRO - HOTEIS, LDA;CQ_BSP_HRS0;Contrato Quadro;27-03-2003;Derivados;PRT;
8044567470;SGA2;00966;SAG GEST-SOLUCOES AUTOMOVEL GLOBAIS SGPS SA;CQ_BSP_SGA2;Contrato Quadro;18-03-2003;Derivados;PRT;
8000149861;CASY;00974;CAVES ALIANCA SA;CQ_BSP_CASY;Contrato Quadro;20-10-2003;Derivados;PRT;
8000818514;SML6;00975;SOMAPLA- SOCIEDADE INDUSTRIAL DE MATERIAS PLASTICAS LDA;CQ_BSP_SML6;Contrato Quadro;08-08-2003;Derivados;PRT;
4571000052;PCSQ;00978;BIAL - PORTELA & CA. S.A.;CQ_BSP_PCSQ;Contrato Quadro;04-11-2014;Derivados;PRT;
65274;S06F;00980;SOCIEDADE TRANSPORTES COLECTIVOS DO PORTO SA;CQ_BSP_S06F;Contrato Quadro;18-09-2003;Derivados;PRT;
55852;CPI1;00982;CELOPLAS - PLASTICOS PARA A INDUSTRIA,S.A.;CQ_BSP_CPI1;Contrato Quadro;24-11-2003;Derivados;PRT;
2311003158;LAAB;00983;LACTOGAL PRODUTOS ALIMENTARES SA;CQ_BSP_LAAB;Contrato Quadro;15-05-2003;Derivados;PRT;
2391014852;51GP;00985;DST - SGPS S.A.;CQ_BSP_51GP;Contrato Quadro;07-07-2003;Derivados;PRT;
;SL0B;;BANCO SANTANDER TOTTA S.A.;CQ_BSP_SL0B;Contrato Quadro;18-07-2006;Derivados;PRT;
2311002805;SVS4;00987;ROZES S.A.;CQ_BSP_SVS4;Contrato Quadro;07-07-2003;Derivados;PRT;
8000758051;SIHT;00995;SALVOR - SOCIEDADE DE INVESTIMENTO HOTELEIRO, S.A.;CQ_BSP_SIHT;Contrato Quadro;04-08-2006;Derivados;PRT;
9344;AJSL;01005;ALMIRO J. SILVA SA;CQ_BSP_AJSL;Contrato Quadro;15-10-2004;Derivados;PRT;
1360;CCIT;01007;CINCA - COMPANHIA INDUSTRIAL DE CERAMICA, S.A.;CQ_BSP_CCIT;Contrato Quadro;02-12-2002;Derivados;PRT;
;MEDT;01008;MUNDOTEXTIL - INDUSTRIAS TEXTEIS SA (USAR MTSU);CQ_BSP_MEDT;Contrato Quadro;23-12-2004;Derivados;PRT;
2228;52PF;01015;IMPRENSA NACIONAL CASA DA MOEDA S.A.;CQ_BSP_52PF;Contrato Quadro;01-02-2002;Derivados;PRT;
6221074617;L00X;01018;LENOBETAO-S.A.;CQ_BSP_L00X;Contrato Quadro;02-12-2003;Derivados;PRT;
8008973922;RCLL;01019;RIBEIRO COUTINHO,LDA;CQ_BSP_RCLL;Contrato Quadro;16-08-2005;Derivados;PRT;
8001158406;SAMT;01020;SOCIEDADE AUTOMOVEIS MADEIRA (SAM) LDA;CQ_BSP_SAMT;Contrato Quadro;07-12-2015;Derivados;PRT;
5100463810;LAPA;01026;COLMOL COLCHOES S A;CQ_BSP_LAPA;Contrato Quadro;25-05-2004;Derivados;PRT;
8009748752;CGAS;01044;CONSTRUCOES GABRIEL A S COUTO SA;CQ_BSP_CGAS;Contrato Quadro;13-10-2004;Derivados;PRT;
8022639770;LUUU;01047;LUSITANIAGAS COMPANHIA DE GAS DO CENTRO S.A.;CQ_BSP_LUUU;Contrato Quadro;24-05-2004;Derivados;PRT;
2100332799;V019;01055;VISABEIRA INFRAESTRUTURAS, S.A.;CQ_BSP_V019;Contrato Quadro;30-09-2004;Derivados;PRT;
8006992081;RDCL;01062;RODRIGUES  DELGADO & COMPANHIA SA;CQ_BSP_RDCL;Contrato Quadro;18-11-2004;Derivados;PRT;
8002774137;EISS;01069;EMPREZA INDUSTRIAL SAMPEDRO S.A.;CQ_BSP_EISS;Contrato Quadro;16-12-2002;Derivados;PRT;
8046249645;S04E;01070;SOMITEL ENGENHARIA, LDA;CQ_BSP_S04E;Contrato Quadro;18-11-2004;Derivados;PRT;
8009228721;AASM;01071;ARAUJO & SANTOS LDA;CQ_BSP_AASM;Contrato Quadro;27-09-2004;Derivados;PRT;
202766;IIMF;01074;IMPAR INDUSTRIA DE MADEIRAS E PARQUETES SA;CQ_BSP_IIMF;Contrato Quadro;17-09-2004;Derivados;PRT;
3471007887;DSDS;10860;CERTAR - SOCIEDADE DE CONSTRUCOES, S.A.;CQ_BSP_DSDS;Contrato Quadro;18-10-2004;Derivados;PRT;
;DCUI;;CIVILRIA CONSTRUCOES SA;CQ_BSP_DCUI;Contrato Quadro;11-07-2004;Derivados;PRT;
8002599201;JSDD;01078;J GOMES-SOCIEDADE CONSTRUCOES CAVADO SA;CQ_BSP_JGCF;Contrato Quadro;22-09-2004;Derivados;PRT;
6221068230;FPCL;01079;FRIGUARDA PRODUTOS CONGELADOS LDA;CQ_BSP_FPCL;Contrato Quadro;14-10-2004;Derivados;PRT;
3511006282;VRIL;01082;VIA RIO - IMOBILIARIA, LDA;CQ_BSP_VRIL;Contrato Quadro;15-10-2004;Derivados;PRT;
78941;G1HR;01083;GOGAR-SOCIEDADE DE CONSTRUCAO LDA;CQ_BSP_G1HR;Contrato Quadro;15-10-2004;Derivados;PRT;
2100621125;C09E;01087;CORREIA & NOBREGA - CONSTRUCOES LDA;CQ_BSP_C09E;Contrato Quadro;12-10-2004;Derivados;PRT;
3631001684;T010;01090;TEJO BRINDE-COMERCIO DE BRINDES PROMOCIONAIS, LDA;CQ_BSP_T010;Contrato Quadro;14-10-2005;Derivados;PRT;
8024332321;TGPT;01092;TRIVALOR-SOCIEDADE GESTORA DE PARTICIPACOES SOCIAIS S.A.;CQ_BSP_TGPT;Contrato Quadro;11-04-2017;Derivados;PRT;
8026033113;53EC;01093;ATL-EMPRESA ENGENHARIA CONSTRUCCAO CIVIL,LDA;CQ_BSP_53EC;Contrato Quadro;12-10-2004;Derivados;PRT;
8035332452;JILP;01096;JOMORSIL-IMOVEIS,LDA;CQ_BSP_JILP;Contrato Quadro;15-06-2005;Derivados;PRT;
2100232995;ESCE;08702;ESMALTICER - ESMALTES CERAMICOS LDA.;CQ_BSP_E02W;Contrato Quadro;16-11-2004;Derivados;PRT;
8019984640;TCCE;01101;TECNOREM-ENGENHARIA E CONSTRUCOES S.A.;CQ_BSP_TCCE;Contrato Quadro;17-11-2004;Derivados;PRT;
8046528905;54AH;01106;AREA H-IMOBILIARIA, LDA;CQ_BSP_54AH;Contrato Quadro;28-09-2004;Derivados;PRT;
8029866421;T00Y;01107;TURMUGE - EMPREENDIMENTOS TURISTICOS, S.A.;CQ_BSP_T00Y;Contrato Quadro;27-10-2004;Derivados;PRT;
8019979199;IESI;01111;INFORLANDIA SISTEMAS E SERVICOS DE INFORMATICA LDA;CQ_BSP_IESI;Contrato Quadro;11-02-2004;Derivados;PRT;
;WM00;01114;WORLDMETAL-MONTAGENS E CONSTRUCAO CIVIL,LDA;CQ_BSP_WM00;Contrato Quadro;28-10-2004;Derivados;PRT;
3431001923;MDCV;01120;MARSIPEL-INDUSTRIA CURTUMES SA;CQ_BSP_MDCV;Contrato Quadro;14-07-2009;Derivados;PRT;
8046523165;SEEC;01122;SIEB-CONSULTORIA E ENGENHARIA S.A.;CQ_BSP_SEEC;Contrato Quadro;17-01-2006;Derivados;PRT;
8006134740;C09D;01123;CAMEIRINHA - MAQUINAS AGRICOLAS LDA;CQ_BSP_C09D;Contrato Quadro;22-11-2004;Derivados;PRT;
8009739258;CDQB;01137;CASA PELES - CONFECCOES S.A.;CQ_BSP_CDQB;Contrato Quadro;10-11-2004;Derivados;PRT;
8044128401;FDF0;01138;FRIGOSERVICE-LOGISTICA DE FRIO LDA;CQ_BSP_FDF0;Contrato Quadro;28-04-2006;Derivados;PRT;
8043613501;AMNQ;01140;ANTONIO MELO MARTINS, LDA;CQ_BSP_AMNQ;Contrato Quadro;11-11-2004;Derivados;PRT;
8038899191;CSOD;01141;CONSTANTINOS S.A.;CQ_BSP_CSOD;Contrato Quadro;12-06-2015;Derivados;PRT;
8042986437;SANW;01142;SOCIEDADE AGRICOLA DO MONTE NOVO E FIGUEIRINHA LDA;CQ_BSP_SANW;Contrato Quadro;22-11-2004;Derivados;PRT;
8008261983;M047;01146;M.C.PAZ,LDA;CQ_BSP_M047;Contrato Quadro;04-11-2005;Derivados;PRT;
8046252066;EPCS;01147;EUREKA PLAST COMERCIO DE MATERIAS PLASTICAS S.A.;CQ_BSP_EPCS;Contrato Quadro;29-11-2017;Derivados;PRT;
;AM0B;01150;ANTONIO MEIRELES,S A;CQ_BSP_AM0B;Contrato Quadro;17-11-2004;Derivados;PRT;
8021133841;MCFL;01152;MANUEL COSTA AMARO & CA.,LDA;CQ_BSP_MCFL;Contrato Quadro;15-11-2004;Derivados;PRT;
9001629318;D5VQ;08525;CONSTRUTORA RIO LDA;D5VQ;Contrato Quadro;30-06-2008;Derivados;PRT;
7400151235;VSWE;09860;VITOR SA IMOBILIARIA LDA;CQ_BSP_VSWE;Contrato Quadro;09-09-2008;Derivados;PRT;
8010691638;A3WN;09168;ALMEIDA & GOUVEIA,LDA;A3WN;Contrato Quadro;21-07-2008;Derivados;PRT;
8029663016;FPF7;04900;BIDFOOD PORTUGAL, S.A.;CQ_BSP_FPF7;Contrato Quadro;22-05-2007;Derivados;PRT;
9001913426;N69O;04901;MODIFUSAO-MODA INTERNACIONAL LDA;CQ_BSP_N69O;Contrato Quadro;30-04-2007;Derivados;PRT;
9002395824;JWU4;04898;J.G.R.A. CONSTRUCOES, LDA;CQ_BSP_JWU4;Contrato Quadro;09-05-2007;Derivados;PRT;
8015769927;RPVA;02393;RAMOFER IMPORTACOES - EXPORTACOES LDA;CQ_BSP_RPVA;Contrato Quadro;10-01-2006;Derivados;PRT;
8004745359;F0TZ;04902;FILIPES & FILHOS LDA;CQ_BSP_F0TZ;Contrato Quadro;18-06-2007;Derivados;PRT;
9002639334;GCDN;03493;A. I. - ARTS INVESTMENTS - CONSULTORES E INVESTIMENTOS, S. A.;CQ_BSP_GCDN;Contrato Quadro;11-05-2006;Derivados;PRT;
2100077855;P02Q;03497;PREDICLUB SOCIEDADE MEDIACAO IMOBILIARIA LDA;CQ_BSP_P02Q;Contrato Quadro;27-04-2006;Derivados;PRT;
7400076056;AC2E;04910;ARENES CAR - REPARACAO COMERCIO DE AUTOMOVEIS LDA;CQ_BSP_AC2E;Contrato Quadro;23-04-2007;Derivados;PRT;
7400108809;BTMI;04904;B.T.M IMPORTACAO E EXPORTACAO DE CONFECCOES S.A.;CQ_BSP_BTMI;Contrato Quadro;30-04-2007;Derivados;PRT;
7400205508;THP3;04908;T H P-UNIPESSOAL, LDA;CQ_BSP_THP3;Contrato Quadro;07-05-2007;Derivados;PRT;
1700169736;L07S;04909;LIDERSAT - SOCIEDADE TECNICA DE COMERCIO E ASSISTENCIA TECNICA APARELH;CQ_BSP_L07S;Contrato Quadro;31-05-2007;Derivados;PRT;
5100263752;PEK0;04918;PENGEST PLANEAMENTO ENGENHARIA E GESTAO S.A.;CQ_BSP_PEK0;Contrato Quadro;25-05-2007;Derivados;PRT;
9000685209;VOID;02646;VIDROFORNENSE COMERCIO E INDUSTRIA DE VIDROS E ESPELHOS LDA;CQ_BSP_VOID;Contrato Quadro;23-07-2007;Derivados;PRT;
9002330709;S1G2;04915;SCOHA - EMPREENDIMENTOS IMOBILIARIOS SA;CQ_BSP_S1G2;Contrato Quadro;25-06-2007;Derivados;PRT;
7400177194;TCHA;04917;TERTULIA CONSULTORIA EM ENGENHARIA LDA;CQ_BSP_TCHA;Contrato Quadro;19-06-2007;Derivados;PRT;
8046448883;I0LN;04919;INTERLOUSADA - TRANSPORTES LDA;CQ_BSP_I0LN;Contrato Quadro;10-05-2007;Derivados;PRT;
7400074009;MCL0;03392;MEGADIMENSAO CONSTRUCOES, LIMITADA;CQ_BSP_MCL0;Contrato Quadro;27-04-2006;Derivados;PRT;
9002638588;CDT3;03404;GTS GRUPO TROFA SAUDE SGPS SA;CQ_BSP_CDT3;Contrato Quadro;24-04-2006;Derivados;PRT;
8046527662;TSNO;02660;SINOP - SOCIEDADE DE INFRAESTRUTURAS E OBRAS PUBLICAS - ANTONIO MOREIR;CQ_BSP_TSNO;Contrato Quadro;05-08-2005;Derivados;PRT;
174073;R0F6;04920;RIBEIRO & IRMA, LDA;CQ_BSP_R0F6;Contrato Quadro;23-04-2007;Derivados;PRT;
7400114719;RA8N;04924;REFUGIO ATLANTICO EXPLORACAO HOTELEIRA E TURISTICA S.A.;CQ_BSP_RA8N;Contrato Quadro;29-06-2007;Derivados;PRT;
8043329471;JL02;03535;J.LIMA & C.SANTOS-TEXTEIS LDA;CQ_BSP_JL02;Contrato Quadro;10-05-2006;Derivados;PRT;
8026401291;U02K;04927;UNIBORDA - BORDADOS, LDA;CQ_BSP_U02K;Contrato Quadro;23-04-2007;Derivados;PRT;
8046276744;MCEQ;03533;MUNDICOM - CONSULTORIA E INVESTIMENTOS IMOBILIARIOS, S.A.;CQ_BSP_MCEQ;Contrato Quadro;24-07-2006;Derivados;PRT;
8046485636;CS0K;03534;C. SANTOS - TEXTEIS, LDA;CQ_BSP_CS0K;Contrato Quadro;10-05-2006;Derivados;PRT;
9000970999;IRV5;04929;INTER RICO RESTAURACAO E COMERCIO DE VESTUARIO LDA;CQ_BSP_IRV5;Contrato Quadro;16-05-2007;Derivados;PRT;
8010517353;RM2W;04930;ROLMAQUINAS-ROLAMENTOS MAQUINAS,LDA;CQ_BSP_RM2W;Contrato Quadro;23-04-2007;Derivados;PRT;
8038212627;R0F7;04931;ROMEIRO - MOVEIS E EQUIPAMENTOS, LDA;CQ_BSP_R0F7;Contrato Quadro;19-04-2007;Derivados;PRT;
8006679767;BH0L;04938;BIOSONDA COMERCIO DE MATERIAL HOSPITALAR LDA;CQ_BSP_BH0L;Contrato Quadro;04-06-2007;Derivados;PRT;
7400309420;C252;04939;CACHORRIMOV - GESTAO IMOBILIARIA LDA;CQ_BSP_C252;Contrato Quadro;19-04-2007;Derivados;PRT;
5100272084;DL13;04940;DIHEL LIMA & LIMA LDA;CQ_BSP_DL13;Contrato Quadro;19-04-2007;Derivados;PRT;
8007767378;BM1C;04937;BIOMEDICA-SOCIEDADE DE PRODUTOS MEDICOS LDA;CQ_BSP_BM1C;Contrato Quadro;04-06-2007;Derivados;PRT;
8021390140;M15I;04933;AJUSTE & CONTROLO, LDA;CQ_BSP_M15I;Contrato Quadro;13-07-2007;Derivados;PRT;
8040236317;A247;04945;AMARAL & FILHOS DISTRIBUICAO SA;CQ_BSP_A247;Contrato Quadro;30-04-2007;Derivados;PRT;
8003084335;ABTP;03569;ANTONIO BORGES TRAVASSOS,LDA;CQ_BSP_ABTP;Contrato Quadro;27-09-2006;Derivados;PRT;
7400082639;AQV9;04935;ANTONIO LUCAS R. M. PINTO,CONSTRUCOES E ELECTRICIDADES UNIPESSOAL,LDA;CQ_BSP_AQV9;Contrato Quadro;10-05-2007;Derivados;PRT;
8030132242;GA3W;04934;GUIMABOMBAS-IMPORTACAO DE BOMBAS AUTOMEDIDORAS,LDA;CQ_BSP_GA3W;Contrato Quadro;13-07-2007;Derivados;PRT;
7400225746;CL83;04947;COLOR JEANS LAVANDARIA TINTURARIA LDA;CQ_BSP_CL83;Contrato Quadro;26-04-2007;Derivados;PRT;
8030000428;VDVD;02499;VERCOR-ARTIGOS ELECTRICOS, SA;CQ_BSP_VDVD;Contrato Quadro;18-05-2005;Derivados;PRT;
8046591430;JGWO;04949;JOSE COSTA REIS - CONSTRUCOES, LDA;CQ_BSP_JGWO;Contrato Quadro;27-04-2007;Derivados;PRT;
8046410703;I0LT;04948;IMPORTE COMERCIO INTERNACIONAL S A;CQ_BSP_I0LT;Contrato Quadro;03-05-2007;Derivados;PRT;
2571003018;IMYL;04944;IRMAOS MAGALHAES, S.A.;CQ_BSP_IMYL;Contrato Quadro;14-06-2007;Derivados;PRT;
9002170656;E0RW;04954;EUROZINCO - PRODUTOS DE METALIZACAO, LDA;CQ_BSP_E0RW;Contrato Quadro;07-05-2007;Derivados;PRT;
9002645862;G4I0;04955;GESINSERDE - GESTAO E INOVACAO SERVICOS DESPORTIVO;CQ_BSP_G4I0;Contrato Quadro;30-04-2007;Derivados;PRT;
8020601611;R0F9;04959;RTE S.A.;CQ_BSP_R0F9;Contrato Quadro;04-05-2007;Derivados;PRT;
9002115998;D098;04958;DECANOR - RECUPERACAO COMPONENTES METALICOS LDA;CQ_BSP_D098;Contrato Quadro;08-05-2007;Derivados;PRT;
9002605721;B0IG;04962;BARREIROS MARTINS-ACTIVIDADES HOTELEIRAS,LDA;CQ_BSP_B0IG;Contrato Quadro;01-10-2007;Derivados;PRT;
7400312519;F3SB;04961;FSB - COMERCIO E RECUPERACAO DE RESIDUOS, LDA;CQ_BSP_F3SB;Contrato Quadro;09-05-2007;Derivados;PRT;
2100881854;E0RY;04960;EMPIRENT ALUGUER DE EMPILHADORES, SA;CQ_BSP_E0RY;Contrato Quadro;07-05-2007;Derivados;PRT;
8000085948;CU9Z;04952;C. SANTOS-VEICULOS E PECAS A.A;CQ_BSP_CU9Z;Contrato Quadro;14-05-2007;Derivados;PRT;
9002681252;ACLR;03053;A M PONCIANO CONSTRUCOES UNIPESSOAL LDA;CQ_BSP_ACLR;Contrato Quadro;23-05-2007;Derivados;PRT;
7400233225;C25C;04965;CALAPEZ & COIMBRA - COMPRA VENDA DE BENS IMOB, LDA;CQ_BSP_C25C;Contrato Quadro;21-05-2007;Derivados;PRT;
1700109808;I017;03498;IMORIBE IMOBILIARIA DE RIBEIRAO SA;CQ_BSP_I017;Contrato Quadro;28-04-2006;Derivados;PRT;
7400088068;DCL2;03609;DCD CONSTRUCOES LDA;CQ_BSP_DCL2;Contrato Quadro;11-09-2006;Derivados;PRT;
7400059326;PCS6;03499;PLATAFORMA COMBUSTIVEIS S.A.;CQ_BSP_PCS6;Contrato Quadro;28-04-2006;Derivados;PRT;
8027301759;CO6J;04973;CEREALIS MOAGENS S A;CQ_BSP_CO6J;Contrato Quadro;07-11-2014;Derivados;PRT;
1700019873;EN7P;04979;EMILIO MARTINS GOMES CONSTRUCOES LDA;CQ_BSP_EN7P;Contrato Quadro;18-05-2007;Derivados;PRT;
9002584482;M16G;04977;MARLIGI - CONSTRUCAO EVENDA DE IMOVEIS,LDA;CQ_BSP_M16G;Contrato Quadro;16-05-2007;Derivados;PRT;
8008584735;SPOE;02587;SOC.CONSTRUCOES FERREIRA & PEDROSO,LDA;CQ_BSP_SPOE;Contrato Quadro;24-05-2005;Derivados;PRT;
7400221834;CL9Q;04964;CONSTRUCOES DIAS E TRINDADE LDA;CQ_BSP_CL9Q;Contrato Quadro;09-07-2007;Derivados;PRT;
1700214002;SCE5;03559;SCRAPS COMERCIO DE METAIS LDA;CQ_BSP_SCE5;Contrato Quadro;05-05-2006;Derivados;PRT;
8038510237;M16E;04975;MOLEIRO & FILHO-SOCIEDADE DE EXPLORACAO AGRICOLA LDA;CQ_BSP_M16E;Contrato Quadro;23-05-2007;Derivados;PRT;
8028832785;VS2V;04976;VILA SA - CONSTRUTORES LDA;CQ_BSP_VS2V;Contrato Quadro;15-05-2007;Derivados;PRT;
8018596242;IFMO;01158;INTERFIOS - FIOS E MALHAS LDA;CQ_BSP_IFMO;Contrato Quadro;17-12-2013;Derivados;PRT;
7400329236;I0M1;04974;IMOVALDEVEZINTER - SOCIEDADE GESTAO IMOBILIARIA LDA;CQ_BSP_I0M1;Contrato Quadro;20-06-2007;Derivados;PRT;
8008298829;SAQD;02503;QUINTA DO BUCHEIRO,LDA;CQ_BSP_SAQD;Contrato Quadro;08-06-2005;Derivados;PRT;
2391013951;S040;03558;SCRAPS - SOCIEDADE IMOBILIARIA S.A.;CQ_BSP_S040;Contrato Quadro;05-05-2006;Derivados;PRT;
5100413825;M16A;04963;MANUEL & JOAQUIM DIAS LDA;CQ_BSP_M16A;Contrato Quadro;09-05-2007;Derivados;PRT;
8046593812;AMQ0;03273;AFR - MOLDES - FABRICACAO DE MOLDES PARA PLASTICOS, LDA.;CQ_BSP_AMQ0;Contrato Quadro;12-04-2006;Derivados;PRT;
8039848864;AAPD;03079;AGROZEL AGRO PECUARIA DO ZEZERE S.A.;CQ_BSP_AAPD;Contrato Quadro;24-02-2014;Derivados;PRT;
9002630903;HSR9;04989;H S RODRIGUES SERRALHARIA CIVIL S.A;CQ_BSP_HSR9;Contrato Quadro;28-05-2007;Derivados;PRT;
7400208567;PEK2;04985;P.D.F.-DESENHO E INDUSTRIA TEXTIL LDA;CQ_BSP_PEK2;Contrato Quadro;17-05-2007;Derivados;PRT;
9002577128;E0RU;04953;ENGIPREDIOS- SOCIEDADE DE CONSTRUCOES LDA;CQ_BSP_E0RU;Contrato Quadro;18-03-2009;Derivados;PRT;
5100279270;KFTL;04988;KOISAS FIXES NOVIDADES TEXTEIS LAR OSC;CQ_BSP_KFTL;Contrato Quadro;22-05-2007;Derivados;PRT;
8042012352;LDJB;04986;LOUSACAPOTAS-FABRICA DE ENCERADOS LDA;CQ_BSP_LDJB;Contrato Quadro;29-05-2007;Derivados;PRT;
8004471296;AL8N;04993;AUTO RABAL COMERCIO DE AUTOMOVEIS E ACESSORIOS LDA;CQ_BSP_AL8N;Contrato Quadro;04-06-2007;Derivados;PRT;
2100256752;CM9X;04994;CLINICA DENTARIA FISCHER & AVILA, LDA;CQ_BSP_CM9X;Contrato Quadro;23-05-2007;Derivados;PRT;
7400057406;BJI4;12397;ATELIER DOS TECIDOS LDA;CQ_BSP_BJI4;Contrato Quadro;31-12-2008;Derivados;PRT;
9001801695;B02X;03741;BORGES & BORGES LDA;CQ_BSP_B02X;Contrato Quadro;20-06-2006;Derivados;PRT;
64447;M054;03721;MAQUIJIG - AUTOMATIZACAO INDUSTRIAL LDA;CQ_BSP_M054;Contrato Quadro;04-07-2006;Derivados;PRT;
10633;RS0S;03687;NEVAG II - SGPS, S.A.;CQ_BSP_RS0S;Contrato Quadro;17-12-2010;Derivados;PRT;
2441004513;S07J;03706;STIFS - SOCIEDADE TRANSPORTADORA DE FATIMA, LDA;CQ_BSP_S07J;Contrato Quadro;26-06-2006;Derivados;PRT;
8027803832;M05H;03746;MACROPECAS-RECUPERACAO MECANICA,LDA;CQ_BSP_M05H;Contrato Quadro;20-09-2006;Derivados;PRT;
8046346011;T01K;03757;TRFL - TRANSPORTES RIJO & FILHO LDA;CQ_BSP_T01K;Contrato Quadro;30-08-2006;Derivados;PRT;
8028233751;AP0A;03748;AUTO PARQUE-HORACIO ANTUNES FERREIRA LDA;CQ_BSP_AP0A;Contrato Quadro;14-07-2006;Derivados;PRT;
7400220353;R01Z;03759;RUSTIMARMORES COMERCIO MARMORES LDA;CQ_BSP_R01Z;Contrato Quadro;12-06-2006;Derivados;PRT;
8039731111;T01J;03752;TRILOGIA-GESTAO IMOVEIS,SA;CQ_BSP_T01J;Contrato Quadro;25-09-2006;Derivados;PRT;
7400220312;A0A0;03749;ALUMINIOS VIEIRA & FILHOS LDA;CQ_BSP_A0A0;Contrato Quadro;14-06-2006;Derivados;PRT;
8043251196;P05F;03751;PRIMOFRUTA-SOCIEDADE HORTOFRUTICOLA  LDA;CQ_BSP_P05F;Contrato Quadro;12-06-2006;Derivados;PRT;
2101691413;HDFD;03769;HENRIQUE DE FIGUEIREDO CONSTRUCOES, LDA;CQ_BSP_HDFD;Contrato Quadro;14-06-2006;Derivados;PRT;
7400149136;JB03;03765;J AMORIM E QUELHAS DIAS LDA;CQ_BSP_JB03;Contrato Quadro;10-07-2006;Derivados;PRT;
9002608381;RGSX;03646;RESIDENCIA GERIATRICA SANTA INES LDA;CQ_BSP_RGSX;Contrato Quadro;31-08-2006;Derivados;PRT;
8042569152;G1RZ;03764;GABIMARAO CONSTRUCOES SA;CQ_BSP_G1RZ;Contrato Quadro;08-06-2006;Derivados;PRT;
8009371206;F0IV;03768;FRANCISCO BARBOSA & IRMAO,LDA;CQ_BSP_F0IV;Contrato Quadro;21-06-2006;Derivados;PRT;
8006957676;JAZ9;03756;JOSE A.GUARDADO CARVALHO & FOS.,LDA;CQ_BSP_JAZ9;Contrato Quadro;16-06-2006;Derivados;PRT;
1700214479;IF09;03785;IMO FAUSTO - INVESTIMENTOS IMOBILIARIOS E TURISTICOS SA;CQ_BSP_IF09;Contrato Quadro;12-07-2006;Derivados;PRT;
8046448872;DH02;03788;DREAM HOMES - COMPRA VENDA DE IMOVEIS, LDA.;CQ_BSP_DH02;Contrato Quadro;09-06-2006;Derivados;PRT;
7400015072;C0C1;03783;CMPVC - CLINICA MEDICA PRIVADA VALE CAMBRA LDA;CQ_BSP_C0C1;Contrato Quadro;12-07-2006;Derivados;PRT;
2861000494;CMET;03784;CENTRO MEDICO DA PRACA LDA;CQ_BSP_CMET;Contrato Quadro;12-07-2006;Derivados;PRT;
8028753538;ARN4;03762;ANTONIO R.MARTINS LDA;CQ_BSP_ARN4;Contrato Quadro;12-06-2006;Derivados;PRT;
8009880113;PIL2;03787;POLIMAIA IMOBILIARIA LDA;CQ_BSP_PIL2;Contrato Quadro;14-06-2006;Derivados;PRT;
9002479293;000E;03790;UTIL PILAR - CONSTRUCOES LDA;CQ_BSP_000E;Contrato Quadro;21-06-2006;Derivados;PRT;
8005923701;DDIE;02725;LUBRIDAO - COMERCIO DE COMBUSTIVEIS E LUBRIFICANTES S.A.;CQ_BSP_DDIE;Contrato Quadro;24-09-2008;Derivados;PRT;
8040399516;AACG;02928;MDA - DISTRIBUICAO LDA.;CQ_BSP_AACG;Contrato Quadro;20-07-2006;Derivados;PRT;
8045177133;ACH8;;A.COUTO GUERREIRO,LDA;CQ_BSP_ACH8;Contrato Quadro;20-06-2006;Derivados;PRT;
5100522728;D014;03789;DONPLAS - PLASTICOS FLEXIVEIS PARA PIROTECNIA LDA;CQ_BSP_D014;Contrato Quadro;04-07-2006;Derivados;PRT;
2100607801;S07Y;03761;SEGUREZA SEGURANCA PRIVADA, LDA;CQ_BSP_S07Y;Contrato Quadro;21-06-2006;Derivados;PRT;
9002508654;C0C0;03779;CORTARTE - INDUSTRIA DE CORTANTES GRAFICOS E CLICHES LDA;CQ_BSP_C0C0;Contrato Quadro;04-07-2006;Derivados;PRT;
8004484928;H015;03739;HORIZMOTO-BICICLETAS MOTORIZADAS;CQ_BSP_H015;Contrato Quadro;30-06-2006;Derivados;PRT;
8027414797;M05L;03760;MITCHELL & SOUSA LDA;CQ_BSP_M05L;Contrato Quadro;29-06-2006;Derivados;PRT;
8046337805;T01P;03797;TNL - SOCIEDADE EQUIPAMENTOS ECOLOGICOS E SISTEMAS AMBIENTAIS S.A.;CQ_BSP_T01P;Contrato Quadro;09-06-2006;Derivados;PRT;
9000654683;TEEM;02677;S.E.M. - SOCIEDADE DE EMPREITADAS DO MARCO LDA;CQ_BSP_TEEM;Contrato Quadro;09-03-2011;Derivados;PRT;
72472;DSTB;02731;DOMINGOS SILVA TEIXEIRA, S.A.;CQ_BSP_DSTB;Contrato Quadro;25-08-2005;Derivados;PRT;
7400003725;B02Z;03786;BERNARDES E BARREIROS LDA;CQ_BSP_B02Z;Contrato Quadro;04-07-2006;Derivados;PRT;
8023174433;AMUI;03754;ALFREDO MOREIRA DA SILVA & FILHOS LDA;CQ_BSP_AMUI;Contrato Quadro;19-06-2006;Derivados;PRT;
7400074690;I01G;03581;INVESTHOME - CONSTRUCAO E IMOBILIARIA S.A.;CQ_BSP_I01G;Contrato Quadro;24-07-2006;Derivados;PRT;
2100275960;DST1;03696;DOMINGOS DA SILVA TEIXEIRA- IMOBILIARIA SA;CQ_BSP_DST1;Contrato Quadro;24-07-2006;Derivados;PRT;
9002620578;CEM3;03781;CABELOS EM MOVIMENTO - CABELEIREIROS UNIPESSOAL, LDA;CQ_BSP_CEM3;Contrato Quadro;30-06-2006;Derivados;PRT;
7400198887;I02X;03766;IBERBUILDING - INVESTIMENTOS IMOBILIARIOS S.A.;CQ_BSP_I02X;Contrato Quadro;07-07-2006;Derivados;PRT;
8025858258;VG01;03594;VILA GALE SOCIEDADE DE EMPREENDIMENTOS TURISTICOS S A;CQ_BSP_VG01;Contrato Quadro;25-05-2007;Derivados;PRT;
33913;HMP6;03810;HOMERO MARQUES PEREIRA & COMPANHIA LDA;CQ_BSP_HMP6;Contrato Quadro;10-08-2007;Derivados;PRT;
8027728317;J00X;03812;JOUTIL-PLASTICOS, JOGOS E UTILITARIOS LDA;CQ_BSP_J00X;Contrato Quadro;17-07-2006;Derivados;PRT;
8045020920;A0AY;03738;ATA-GESTAO HOTELEIRA,LDA.;CQ_BSP_A0AY;Contrato Quadro;28-06-2006;Derivados;PRT;
8041880834;RR0A;03778;RODRIGO RAIMUNDO & FILHOS LDA;CQ_BSP_RR0A;Contrato Quadro;26-06-2006;Derivados;PRT;
9002438445;GTDB;03743;GALERIA TORRE DE ANTO, ARTE E ANTIGUIDADES, LDA.;CQ_BSP_GTDB;Contrato Quadro;14-06-2006;Derivados;PRT;
8001417692;PS0T;01022;PROBAR INDUSTRIA ALIMENTAR SA;CQ_BSP_PS0T;Contrato Quadro;14-06-2006;Derivados;PRT;
5100371548;ZN00;03744;ZONA NORTE - IMPORTACAO DE MODA LDA;CQ_BSP_ZN00;Contrato Quadro;18-07-2006;Derivados;PRT;
8025265259;R022;03804;RIOCANOS-CANALIZACOES,LDA;CQ_BSP_R022;Contrato Quadro;23-06-2006;Derivados;PRT;
7400163132;VM03;03827;VITOR MARTINS - ARQUITECTOS, LDA;CQ_BSP_VM03;Contrato Quadro;30-06-2006;Derivados;PRT;
8043289229;D015;03795;DEGAIA-PARTICIPACOES E INVESTIMENTOS,SA.;CQ_BSP_D015;Contrato Quadro;04-07-2006;Derivados;PRT;
8046554361;M05Y;03808;M.J.N.P - COMERCIO AUTO LDA;CQ_BSP_M05Y;Contrato Quadro;29-06-2006;Derivados;PRT;
1700169894;N00W;03791;NATURALSOL - COSMETICA E SOLARIOS, LDA;CQ_BSP_N00W;Contrato Quadro;28-06-2006;Derivados;PRT;
8029663892;RMEL;03803;RUI MARTINS-ENGENHARIA,LDA;CQ_BSP_RMEL;Contrato Quadro;26-06-2006;Derivados;PRT;
8040546471;TPL4;03802;TRADING POST, LDA;CQ_BSP_TPL4;Contrato Quadro;17-07-2006;Derivados;PRT;
1700001488;AFAL;02353;ALBERTO FERREIRA & AGUIAR LDA;CQ_BSP_AFAL;Contrato Quadro;19-06-2006;Derivados;PRT;
7400232602;JCOS;03826;JOAO CARLOS OLIVEIRA RODRIGUES E FILHOS LDA;CQ_BSP_JCOS;Contrato Quadro;23-06-2006;Derivados;PRT;
8038049110;OL01;03838;O LIBERAL-EMPRESA ARTES GRAFICAS,LDA;CQ_BSP_OL01;Contrato Quadro;22-06-2006;Derivados;PRT;
7400166705;N00Z;03821;NOVAVAGOS - CONSTRUCOES, LDA;CQ_BSP_N00Z;Contrato Quadro;28-06-2006;Derivados;PRT;
8040275803;SIL5;03847;SEDNORTE - IMOBILIARIA, LDA.;CQ_BSP_SIL5;Contrato Quadro;18-09-2006;Derivados;PRT;
8007677134;SOSS;03835;SERRALHARIA O SETENTA, SA;CQ_BSP_SOSS;Contrato Quadro;05-07-2006;Derivados;PRT;
8001723298;D019;03834;DELTA-SOC.TECNICA ELECTRICIDADE,LDA;CQ_BSP_D019;Contrato Quadro;07-07-2006;Derivados;PRT;
1700094988;PS12;03849;PEDROSA SANTOS & FILHA - MEDIACAO IMOBILIARIA LDA;CQ_BSP_PS12;Contrato Quadro;04-07-2006;Derivados;PRT;
8038051621;J00Z;03822;JOFILIPES - ESCAVACOES E TRANSPORTES LDA;CQ_BSP_J00Z;Contrato Quadro;12-07-2006;Derivados;PRT;
8046557373;A0C9;03814;ANAQUATICO - ARTIGOS DESPORTIVOS LDA;CQ_BSP_A0C9;Contrato Quadro;11-07-2006;Derivados;PRT;
8046493632;J011;03832;JOLEC COMERCIO DE MATERIAL ELECTRICO UNIPESSOAL LDA;CQ_BSP_J011;Contrato Quadro;27-07-2006;Derivados;PRT;
3411006368;JD05;03856;JOSE DOMINGUES ROQUE,LDA;CQ_BSP_JD05;Contrato Quadro;05-07-2006;Derivados;PRT;
9000627969;RIL3;03854;RIBOLIMAR-EQUIPAMENTOS INDUSTRIAIS, LDA.;CQ_BSP_RIL3;Contrato Quadro;28-06-2006;Derivados;PRT;
7400110655;E040;03859;ENGIACO - CONSTRUCOES EM ESTRUTURAS METALICAS LDA;CQ_BSP_E040;Contrato Quadro;06-07-2006;Derivados;PRT;
8008362283;T01U;03842;TIPOPRADO - ARTES GRAFICAS, LDA;CQ_BSP_T01U;Contrato Quadro;13-07-2006;Derivados;PRT;
8017832185;M067;03857;M.T.T. - TRANSPORTES E TERRAPLANAGENS LDA;CQ_BSP_M067;Contrato Quadro;12-07-2006;Derivados;PRT;
8042179349;S093;03817;SISTCLIMA-SISTEMAS CLIMATIZACAO AUTOMACAO,LDA;CQ_BSP_S093;Contrato Quadro;25-07-2006;Derivados;PRT;
8044444553;AHCO;03863;ACTIVIDADES HOTELEIRAS CALIFA,LDA;CQ_BSP_AHCO;Contrato Quadro;08-08-2006;Derivados;PRT;
9000675726;FM0B;03836;FERREIRA MARTINS & SIMOES-SOC.CONST,LDA;CQ_BSP_FM0B;Contrato Quadro;16-08-2006;Derivados;PRT;
1700099784;N00Y;03799;NUTRICAMPO PRODUCAO RACOES SA;CQ_BSP_N00Y;Contrato Quadro;23-10-2013;Derivados;PRT;
;GGUL;;G GUEDES UNIPESSOAL LDA;CQ_BSP_GGUL;Contrato Quadro;26-05-2006;Derivados;PRT;
8001929496;A0C2;03809;ALBUFEIRA HOTEL, GMBH & CO, BETRIEBS KG;CQ_BSP_A0C2;Contrato Quadro;14-08-2006;Derivados;PRT;
2661002825;DCL5;03867;DIAS CORK, LDA;CQ_BSP_DCL5;Contrato Quadro;15-09-2006;Derivados;PRT;
1700202341;C0D8;03866;CHAVIQUENTE-CANALIZACOES E CLIMATIZACOES, UNIPESSOAL LDA;CQ_BSP_C0D8;Contrato Quadro;13-07-2006;Derivados;PRT;
6220002607;SS8M;04995;SILVIL-CONSTRUCOES SILVALOPES,LDA;CQ_BSP_SS8M;Contrato Quadro;04-07-2007;Derivados;PRT;
8028718514;GDJE;03530;GERCIMA INDUSTRIA DE JANELAS E PORTAS ISOLANTES LIMITADA;CQ_BSP_GDJE;Contrato Quadro;03-05-2006;Derivados;PRT;
8009170160;GCPB;02313;GARAGEM CENTRAL PENAFIEL,SA;CQ_BSP_GCPB;Contrato Quadro;20-12-2005;Derivados;PRT;
8007103749;MMAW;02546;CARACO ESTRUTURAS METALICAS SA;CQ_BSP_MMAW;Contrato Quadro;04-07-2005;Derivados;PRT;
9000706991;CO7O;05002;CONSTRUCOES LUCIANO MARTINS LDA;CQ_BSP_CO7O;Contrato Quadro;17-05-2007;Derivados;PRT;
7400274491;R2L0;05004;RESTOCAR 2 LDA;CQ_BSP_R2L0;Contrato Quadro;08-06-2007;Derivados;PRT;
9000778296;F3VQ;05003;FRANCISCO DUARTE PREGO & FILHOS,LDA;CQ_BSP_F3VQ;Contrato Quadro;12-09-2007;Derivados;PRT;
8007583840;TCCQ;05005;TRANSPORTES CENTRAIS CASTELO PAIVA,LDA;CQ_BSP_TCCQ;Contrato Quadro;27-06-2007;Derivados;PRT;
1700119509;T00I;03604;TORMETAIS SOCIEDADE COMERCIALIZACAO METAIS LDA;CQ_BSP_T00I;Contrato Quadro;12-05-2006;Derivados;PRT;
7400138840;VDS7;05001;VIEIRA DA SILVA & MOTA LDA;CQ_BSP_VDS7;Contrato Quadro;06-06-2007;Derivados;PRT;
3671002536;AL9I;05006;AROMAC-ESSENCIAS E PRODUTOS AROMATICOS INDUSTRIAIS, LDA;CQ_BSP_AL9I;Contrato Quadro;01-06-2007;Derivados;PRT;
2100950643;ETME;03585;ESPACO TRES MIL E TRINTA SOCIEDADE IMOBILIARIA, LDA;CQ_BSP_ETME;Contrato Quadro;27-04-2006;Derivados;PRT;
8021967004;ACTP;03474;ACT-C-INDUSTRIA DE CORTICAS SA;CQ_BSP_ACTP;Contrato Quadro;20-04-2006;Derivados;PRT;
7400257821;JY03;05007;MASSA INSOLVENTE DE JURISVENDA VENDAS JUDICIAIS E EXTRA JUDICIAIS LDA;CQ_BSP_JY03;Contrato Quadro;17-07-2007;Derivados;PRT;
9000757835;RM08;03692;RETAS - MATERIAIS DE CONSTRUCAO LDA;CQ_BSP_RM08;Contrato Quadro;24-07-2006;Derivados;PRT;
8027657864;COE8;05009;CLINICA OFTALMOLOGICA DR REICH DE ALMEIDA LDA;CQ_BSP_COE8;Contrato Quadro;21-06-2007;Derivados;PRT;
8023813417;G19G;03563;GALCOPOR-GALVANIZADOS PORTUGAL,LDA;CQ_BSP_G19G;Contrato Quadro;12-06-2006;Derivados;PRT;
7400187818;I01I;03629;IMOSUCAS SOCIEDADE GESTORA DE BENS IMOBILIARIOS, LDA;CQ_BSP_I01I;Contrato Quadro;05-06-2006;Derivados;PRT;
7400289833;IID8;05013;INTERCOSMOS INTERNACIONAL COSMETICOS LDA;CQ_BSP_IID8;Contrato Quadro;08-06-2007;Derivados;PRT;
8000782351;TPUX;05017;TOBIS PORTUGUESA,SA;CQ_BSP_TPUX;Contrato Quadro;28-05-2007;Derivados;PRT;
5100268644;II2C;05018;INTERPONTO COMERCIO INTERNACIONAL EQUIPAMENTOS IFTCA LDA;CQ_BSP_II2C;Contrato Quadro;29-06-2007;Derivados;PRT;
;ZEZE;01276;ZEZEROVO-PRODUCAO AGRICOLA AVICOLA ZEZERE,SA.;CQ_BSP_ZEZE;Contrato Quadro;15-11-2004;Derivados;PRT;
7400336924;CULF;05025;CJMS UNIPESSOAL LDA;CQ_BSP_CULF;Contrato Quadro;06-06-2007;Derivados;PRT;
7400306639;DP1A;05027;DOCES PARCEIROS - PADARIA E PASTELARIA LIMITADA;CQ_BSP_DP1A;Contrato Quadro;28-05-2007;Derivados;PRT;
2711003631;JY3L;05023;JOAQUIM FERREIRA PEREIRA - TRANSPORTES LDA;CQ_BSP_JY3L;Contrato Quadro;06-06-2007;Derivados;PRT;
9001470287;C25V;05000;CONTE & GIULIANELLI LDA;CQ_BSP_C25V;Contrato Quadro;20-06-2007;Derivados;PRT;
8025403024;SIIL;02036;SII-SOCIEDADE INVESTIMENTOS IMOBILIARIOS S.A.;CQ_BSP_SIIL;Contrato Quadro;04-07-2007;Derivados;PRT;
7400281118;IL1K;05028;INOCAM SOLUCOES DE MANUFACTURA ASSISTIDA POR COMPUTADOR LDA;CQ_BSP_IL1K;Contrato Quadro;19-07-2007;Derivados;PRT;
5100275320;CO8E;05014;CBE - PROJECTOS E ENGENHARIA EM TELECOMUNICAÇÕES SA;CQ_BSP_CO8E;Contrato Quadro;11-12-2007;Derivados;PRT;
7400225038;AUQ8;05024;AGENDA SETTING-PROCESSAMENTO DE DADOS, LDA;CQ_BSP_AUQ8;Contrato Quadro;24-09-2007;Derivados;PRT;
9001821578;CO9F;05031;CONSTRUCOES LOTEGAIA LDA;CQ_BSP_CO9F;Contrato Quadro;06-06-2007;Derivados;PRT;
9001898563;VCLC;03300;VICARLOS CONSTRUCOES,LDA;CQ_BSP_VCLC;Contrato Quadro;15-03-2006;Derivados;PRT;
8006274767;AITM;01985;ARANTEX - INDUSTRIA TEXTIL MALHAS LDA;CQ_BSP_AITM;Contrato Quadro;28-01-2005;Derivados;PRT;
7400321980;FCRW;05037;FACHADA COM REQUINTE LDA;CQ_BSP_FCRW;Contrato Quadro;21-06-2007;Derivados;PRT;
8046260899;JXY9;04999;JOSE LUIS MENDONCA & FILHOS LDA;CQ_BSP_JXY9;Contrato Quadro;05-07-2007;Derivados;PRT;
8044701719;CUCF;05033;CARLOS SILVINO MOREIRA BARBOSA, LDA.;CQ_BSP_CUCF;Contrato Quadro;13-07-2007;Derivados;PRT;
7400286561;N82X;05039;HOLON S.A.;CQ_BSP_N82X;Contrato Quadro;29-06-2007;Derivados;PRT;
8022436365;N832;05036;MARINHO PIRES & GONCALVES LDA;CQ_BSP_N832;Contrato Quadro;29-06-2007;Derivados;PRT;
7400213075;DFL6;05040;DIANFAR-PRODUTOS FARMACEUTICOS LDA;CQ_BSP_DFL6;Contrato Quadro;16-07-2007;Derivados;PRT;
7400061178;FMDQ;03712;FARMACIA MACETA DE PAULO JORGE SOUSA UNIP LDA;CQ_BSP_FMDQ;Contrato Quadro;26-06-2006;Derivados;PRT;
2641004816;F3WV;05034;FLUPOL - SURFACE ENGINEERING, S.A.;CQ_BSP_F3WV;Contrato Quadro;06-06-2007;Derivados;PRT;
9002340788;DMKF;05044;DRALMAQ - COMERCIO DE MAQUINAS E FERRAMENTAS, LDA;CQ_BSP_DMKF;Contrato Quadro;18-06-2007;Derivados;PRT;
8046420385;A26J;05045;ABRANCASA CONSTRUCOES LDA;CQ_BSP_A26J;Contrato Quadro;14-06-2007;Derivados;PRT;
8046503690;GL0X;04997;GAIVEO LUZIO-PINTURAS CONSTRUCAO CIVIL, LDA;CQ_BSP_GL0X;Contrato Quadro;28-06-2007;Derivados;PRT;
5100413555;FT01;03518;FIELTERM SA;CQ_BSP_FT01;Contrato Quadro;17-05-2006;Derivados;PRT;
7400151129;C26N;05051;CAMACHO & NASCIMENTO, JOALHEIROS, LIMITADA;CQ_BSP_C26N;Contrato Quadro;06-06-2007;Derivados;PRT;
7400213016;S1IP;05048;SOFEPRISMA - TOPOGRAFIA PROJECTOS UNIPESSOAL, LDA.;CQ_BSP_S1IP;Contrato Quadro;30-05-2007;Derivados;PRT;
145161;P0S4;05049;PRATA & FILHOS, LDA.;CQ_BSP_P0S4;Contrato Quadro;09-10-2007;Derivados;PRT;
7400008942;LPRT;05058;LUIS PAULO REPRESENTACOES LDA;CQ_BSP_LPRT;Contrato Quadro;20-07-2007;Derivados;PRT;
7400105841;QCUN;05053;QUALICONSTRUCOES - CONSTRUCAO CIVIL UNIPESSOAL LDA;CQ_BSP_QCUN;Contrato Quadro;31-05-2007;Derivados;PRT;
8008272142;M17B;05050;MENDES & DUARTE,LDA;CQ_BSP_M17B;Contrato Quadro;06-06-2007;Derivados;PRT;
8046401023;S1IS;05057;SICOREGUA SOCIEDADE IMOBILIARIA DA REGUA LDA.;CQ_BSP_S1IS;Contrato Quadro;08-06-2007;Derivados;PRT;
9002633420;EBEO;05046;ELECTRO AUGUSTO CESAR & FILHOS-COMERCIO DE ELECTRODOMESTICOS LDA;CQ_BSP_EBEO;Contrato Quadro;26-06-2007;Derivados;PRT;
8038393038;AHXT;04609;ARMANDO FERREIRA DA SILVA & FILHOS, LDA;CQ_BSP_AHXT;Contrato Quadro;11-09-2007;Derivados;PRT;
8042582879;N88O;05054;MAXIMINO BARBOSA,LDA;CQ_BSP_N88O;Contrato Quadro;20-09-2007;Derivados;PRT;
8046332186;COI6;05065;CARLOS ALBERTO LOPES VINTENA, SOCIEDADE UNIPESSOAL, LDA;CQ_BSP_COI6;Contrato Quadro;06-06-2007;Derivados;PRT;
1700095289;RGWP;05067;RMGO-PROJECTOS GESTAO E INSTALACOES ESPECIAIS LDA;CQ_BSP_RGWP;Contrato Quadro;25-07-2007;Derivados;PRT;
1700127453;EPIZ;05066;ECOTIR PORTO - SERVICOS DE TRANSPORTES LDA;CQ_BSP_EPIZ;Contrato Quadro;14-06-2007;Derivados;PRT;
8046522203;M1A1;05085;MEDIDATA.NET - SISTEMAS INFORMACAO AUTARQUIAS SA;CQ_BSP_M1A1;Contrato Quadro;19-06-2007;Derivados;PRT;
9002002514;PRL8;05077;PADARIA REBOLEIRENSE LDA;CQ_BSP_PRL8;Contrato Quadro;19-06-2007;Derivados;PRT;
8001754891;AUWZ;05071;ADEGA COOP.CARVOEIRA,SCRL;CQ_BSP_AUWZ;Contrato Quadro;22-06-2007;Derivados;PRT;
8046419005;SMDN;03479;SOMATEX MADEIRA - COMERCIO DE MATERIAIS DE CONSTRUCAO, UNIPESSOAL LDA;CQ_BSP_SMDN;Contrato Quadro;21-04-2006;Derivados;PRT;
2100123090;P0SC;05080;PAULA & PAULINO LDA;CQ_BSP_P0SC;Contrato Quadro;18-06-2007;Derivados;PRT;
9001653668;C019;03305;C.F.V.M.-SOC.CONST. FAB.VENDA MAT.CONST.CIVILLDA;CQ_BSP_C019;Contrato Quadro;21-08-2007;Derivados;PRT;
8009707798;TGMR;02551;TRANSPORTES GONCALO S.A.;CQ_BSP_TGMR;Contrato Quadro;12-05-2005;Derivados;PRT;
5100286044;COI4;05074;COSTA MARITIMA RESTAURANTE LDA;CQ_BSP_COI4;Contrato Quadro;20-06-2007;Derivados;PRT;
8046298090;M03Z;00719;MACHADO & CASTRO, LDA.;CQ_BSP_M03Z;Contrato Quadro;21-07-2017;Derivados;PRT;
2100192671;A26U;05069;ASCERT ELEVADORES, LDA;CQ_BSP_A26U;Contrato Quadro;02-07-2007;Derivados;PRT;
8006391577;PP03;03528;POLIMIL - INDUSTRIA POLIESTER E INOX LDA;CQ_BSP_PP03;Contrato Quadro;27-04-2006;Derivados;PRT;
8046531885;K04K;05093;JORGE FORTUNATO RAMOS-DESIGN E PUBLICIDADE, UNIPESSOAL, LDA;CQ_BSP_K04K;Contrato Quadro;22-06-2007;Derivados;PRT;
7400038239;SI2F;05083;SIEME III - INSTALACOES ESPECIAIS, LDA;CQ_BSP_SI2F;Contrato Quadro;22-06-2007;Derivados;PRT;
7400218859;SLIL;05084;SPARKEL LIMPEZAS INDUSTRIAIS, LDA;CQ_BSP_SLIL;Contrato Quadro;26-06-2007;Derivados;PRT;
8010800695;TF1H;05092;TRANSPORTES FOGUETE,LDA;CQ_BSP_TF1H;Contrato Quadro;04-09-2007;Derivados;PRT;
8029287663;CR65;05087;CROMOTEMA - ARTES GRAFICAS, LDA;CQ_BSP_CR65;Contrato Quadro;18-06-2007;Derivados;PRT;
8043536178;D00B;03460;DARIO & FREITAS LDA;CQ_BSP_D00B;Contrato Quadro;19-04-2006;Derivados;PRT;
7400176993;ED4I;05091;EDIFICAMOR CONSTRUCOES LDA;CQ_BSP_ED4I;Contrato Quadro;20-06-2007;Derivados;PRT;
8009156230;EL14;05088;EDUARDO, LIMA & COMPANHIA, S.A.;CQ_BSP_EL14;Contrato Quadro;21-06-2007;Derivados;PRT;
1700186128;S1KB;05090;S.H.N. - SOCIEDADE HIDROELECTRICA DO NORTE S.A.;CQ_BSP_S1KB;Contrato Quadro;13-07-2007;Derivados;PRT;
9001304418;IF25;05089;IRMAOS FERREIRAS & SOUSA S.A.;CQ_BSP_IF25;Contrato Quadro;03-07-2007;Derivados;PRT;
;S1KC;05101;SOMBRIBEL –;CQ_BSP_S1KC;Contrato Quadro;26-06-2007;Derivados;PRT;
7400047687;V0CF;05047;VITORINOX - REPRESENTACOES E ACESSORIOS PARA FLUIDOS LDA;CQ_BSP_V0CF;Contrato Quadro;07-08-2007;Derivados;PRT;
8046500532;RFLA;05060;RIBEIRO FRIO - EXPLORACAO DE RESTAURANTES E ESTABELECIMENTOS DE BEBIDA;CQ_BSP_RFLA;Contrato Quadro;18-06-2007;Derivados;PRT;
9001778881;EIVM;05105;EISNT - CENTRO DE FORMACAO PROFISSIONAL, ENGENHARIA INFORMATICA E SIST;CQ_BSP_EIVM;Contrato Quadro;15-06-2007;Derivados;PRT;
3941002520;P0SG;05096;PIMENTA & MARTO - SOCIEDADE PROJECTOS CONSTRUCOES,;CQ_BSP_P0SG;Contrato Quadro;27-07-2007;Derivados;PRT;
8001443204;SS8Q;05042;SOMATERIAL, LDA;CQ_BSP_SS8Q;Contrato Quadro;30-06-2009;Derivados;PRT;
8035409977;SIGV;03338;SIMOGA-SOCIEDADE IMOBILIARIA GAIA, S.A.;CQ_BSP_SIGV;Contrato Quadro;29-06-2007;Derivados;PRT;
7400092680;RNOZ;05026;RUI NEVES - CONSTRUCOES, LDA;CQ_BSP_RNOZ;Contrato Quadro;13-07-2007;Derivados;PRT;
8028097064;J00B;03457;JONOBRAS-MATERIAIS CONSTRUCAO LDA;CQ_BSP_J00B;Contrato Quadro;13-10-2006;Derivados;PRT;
9002029026;TCJN;05106;TOPMAIA COMERCIO INVESTIMENTOS IMOBILIARIOS,L;CQ_BSP_TCJN;Contrato Quadro;25-06-2007;Derivados;PRT;
8002558271;M1DO;05155;MOUTINHO & RIBEIRO LDA;CQ_BSP_M1DO;Contrato Quadro;29-06-2007;Derivados;PRT;
8006602898;RZAA;01287;PAINHAS S.A.;CQ_BSP_RZAA;Contrato Quadro;14-07-2008;Derivados;PRT;
8046559496;NB1Y;05086;MEGA-RACK - EQUIPAMENTOS DE ARMAZENAGEM, LDA;CQ_BSP_NB1Y;Contrato Quadro;29-06-2007;Derivados;PRT;
1952;BRQI;16579;NORS GROUP, SA;BRQI;Contrato Quadro;30-10-2014;Derivados;PRT;
2551004086;V01V;03816;VMG CONTABILIDADE FORMACAO E INFORMATICA LDA;CQ_BSP_V01V;Contrato Quadro;23-06-2006;Derivados;PRT;
9001038304;HVPL;03792;ONEVET GROUP, S A;CQ_BSP_HVPL;Contrato Quadro;10-07-2006;Derivados;PRT;
5100445337;R023;03824;RODRIGUES & FILHO LDA;CQ_BSP_R023;Contrato Quadro;17-07-2006;Derivados;PRT;
8023938937;AF1L;03840;ALBINO FRANCISCO SOUSA & FOS.,S.A.;CQ_BSP_AF1L;Contrato Quadro;05-04-2006;Derivados;PRT;
7400124491;T01T;03828;TAIPASLAVA - LAVAGEM E ACESSORIOS AUTO LDA;CQ_BSP_T01T;Contrato Quadro;31-07-2006;Derivados;PRT;
8007685246;MS1L;03825;MARIO DOS SANTOS & FILHOS LDA;CQ_BSP_MS1L;Contrato Quadro;18-07-2006;Derivados;PRT;
5100583555;JGL6;03800;J GOMES LDA;CQ_BSP_JGL6;Contrato Quadro;11-09-2006;Derivados;PRT;
9002665914;A0DX;03871;ALDA & VITORINO - CABELEIREIROS LDA;CQ_BSP_A0DX;Contrato Quadro;10-07-2006;Derivados;PRT;
8006108144;U00E;03846;URLAR-SOCIEDADE DE CONSTRUCOES,LDA;CQ_BSP_U00E;Contrato Quadro;13-09-2006;Derivados;PRT;
5100277039;B036;03858;BFR SOCIEDADE CONSTRUCOES IMOBILIARIA LDA;CQ_BSP_B036;Contrato Quadro;30-06-2006;Derivados;PRT;
7400230825;S09U;03876;SODIALCOBACA - SOCIEDADE GESTORA DE PARTICIPACOES SOCIAIS, LDA;CQ_BSP_S09U;Contrato Quadro;27-07-2006;Derivados;PRT;
7400208906;PTIL;03521;PENSAPLANO-INVESTIMENTOS TURISTICOS E IMOBILIARIOS, LDA;CQ_BSP_PTIL;Contrato Quadro;19-09-2006;Derivados;PRT;
7400182316;I03D;03877;INTERCARREGADO -SOCIEDADE DE GESTAO IMOBILIARIA, LDA;CQ_BSP_I03D;Contrato Quadro;30-06-2006;Derivados;PRT;
8022546328;C0FG;03878;CONCEICAO PEREIRA & CARVALHO, LIMITADA;CQ_BSP_C0FG;Contrato Quadro;31-07-2006;Derivados;PRT;
2100141280;G1VQ;03886;GRACA FERRAGENS E FERRAMENTAS, LDA;CQ_BSP_G1VQ;Contrato Quadro;07-08-2006;Derivados;PRT;
8032612621;FEGO;03885;FARINHAS & GUEIFAO,LDA;CQ_BSP_FEGO;Contrato Quadro;09-08-2006;Derivados;PRT;
8002929558;AATQ;03852;AUTO AGRICOLA SOBRALENSE LDA;CQ_BSP_AATQ;Contrato Quadro;27-09-2006;Derivados;PRT;
9002575049;EEPN;03841;EP ELEVADORES PADRAO LDA;CQ_BSP_EEPN;Contrato Quadro;07-08-2006;Derivados;PRT;
8008354304;MMPQ;02638;MOUTINHO & MARQUES, S.A.;CQ_BSP_MMPQ;Contrato Quadro;14-07-2006;Derivados;PRT;
38221;S09S;03874;SYMINGTON FAMILY ESTATES, VINHOS, S.A.;CQ_BSP_S09S;Contrato Quadro;18-06-2020;Derivados;PRT;
9000674975;S092;03815;SOC CONST FELIX & MESQUITA,LDA;CQ_BSP_S092;Contrato Quadro;26-09-2006;Derivados;PRT;
7400214901;SS0V;03793;CONSTRUTORA GRANVALE SA;CQ_BSP_SS0V;Contrato Quadro;27-02-2007;Derivados;PRT;
7400088486;3F00;03819;3 F.C.E.-FISCALIZACAO CONSULTORIA E ENGENHARIA LDA;CQ_BSP_3F00;Contrato Quadro;14-07-2006;Derivados;PRT;
9002486514;L016;03868;LEVELUX - COMERCIO REPRESENTACAO MATERIAL ELECTRICO ILUMINACAO LDA;CQ_BSP_L016;Contrato Quadro;11-07-2006;Derivados;PRT;
2100806888;MREL;03865;MASSA INSOLVENTE DE MONTADORES REUNIDOS DE ELECTRICIDADE LDA;CQ_BSP_MREL;Contrato Quadro;31-03-2009;Derivados;PRT;
8018914665;AFBQ;03870;AMERICO FIGUEIREDO BARROS LDA;CQ_BSP_AFBQ;Contrato Quadro;14-07-2006;Derivados;PRT;
8038491591;G1TO;03861;GASODUECA, COMERCIO DE COMBUSTIVEIS, LDA;CQ_BSP_G1TO;Contrato Quadro;12-07-2006;Derivados;PRT;
7400199087;S08N;03811;SPINOLA & FARIA LDA;CQ_BSP_S08N;Contrato Quadro;06-07-2006;Derivados;PRT;
9002031191;G1SX;03844;GERNUNO - CONSTRUCOES, LDA;CQ_BSP_G1SX;Contrato Quadro;31-07-2006;Derivados;PRT;
9002629010;ICTJ;03843;IMOBILIARIA E CONSTRUCOES SERGIO MAIA LDA;CQ_BSP_ICTJ;Contrato Quadro;12-07-2006;Derivados;PRT;
8046465389;VV06;03837;VICENTE VIEIRA SOCIEDADE CONSTRUCAO CIVIL UNIPESSOAL LDA;CQ_BSP_VV06;Contrato Quadro;10-07-2006;Derivados;PRT;
2100659314;IF0C;03860;INACIO FREITAS - PROMOCAO IMOBILIARIA LIMITADA;CQ_BSP_IF0C;Contrato Quadro;06-07-2006;Derivados;PRT;
8046491265;IR0D;03891;IMOBILIARIA REBELO & FILHOS LDA;CQ_BSP_IR0D;Contrato Quadro;20-07-2006;Derivados;PRT;
8046281314;T01Y;03893;TRALOPOR TRANSPORTES E LOGISTICA DE PORTALEGRE LDA;CQ_BSP_T01Y;Contrato Quadro;17-08-2006;Derivados;PRT;
16242;S09C;03833;SOCIEDADE ELECTRO IDEAL DE BRAGA LDA;CQ_BSP_S09C;Contrato Quadro;14-08-2006;Derivados;PRT;
9001906835;AG0I;03887;ATELIER GASTRONOMICO CATERING BANQUETES E CONGRESSOS LDA;CQ_BSP_AG0I;Contrato Quadro;21-07-2006;Derivados;PRT;
8007774942;JN3Q;03801;J. MAGALHAES LDA;CQ_BSP_JN3Q;Contrato Quadro;29-11-2006;Derivados;PRT;
9000666039;C0FH;03879;CRAVIPE - EXPLORACOES AGRO-INDUSTRIAIS, UNIPESSOAL LDA;CQ_BSP_C0FH;Contrato Quadro;19-09-2006;Derivados;PRT;
7400061922;T01X;03880;TRANSUCATAS - SOLUCOES AMBIENTAIS S.A.;CQ_BSP_T01X;Contrato Quadro;13-09-2006;Derivados;PRT;
8005238093;LDG2;03889;LUIS DIAS GARCIA & CA.,LDA;CQ_BSP_LDG2;Contrato Quadro;07-08-2006;Derivados;PRT;
57346;TPL5;03851;PIZARRO, S.A.;CQ_BSP_TPL5;Contrato Quadro;09-10-2006;Derivados;PRT;
8040270933;AMWG;03884;ANTONIO MANUEL M P CASA BRANCA,LDA;CQ_BSP_AMWG;Contrato Quadro;13-07-2006;Derivados;PRT;
8004238917;CFS3;03896;CONSTRUCOES FOCO, S.A.;CQ_BSP_CFS3;Contrato Quadro;06-07-2006;Derivados;PRT;
8026946477;O00T;03902;ODIALVES-CONSTRUCAO CIVIL OBRAS PUBLICAS,LDA;CQ_BSP_O00T;Contrato Quadro;11-07-2006;Derivados;PRT;
2249;E02Z;03869;ENDUTEX - SOCIEDADE GESTORA DE PARTICIPACOES SOCIAIS SGPS S.A.;CQ_BSP_E02Z;Contrato Quadro;17-07-2006;Derivados;PRT;
8046388359;ES0R;03905;ERGUIBETAO - SOCIEDADE CONSTRUCOES, S.A.;CQ_BSP_ES0R;Contrato Quadro;12-07-2006;Derivados;PRT;
9000674325;CIC2;03903;CONSTUCOES IMOBILIARIAS, CANDIDO & ANTUNES LDA;CQ_BSP_CIC2;Contrato Quadro;26-07-2006;Derivados;PRT;
5100608957;CLDF;03888;MEDICINA LABORATORIAL - DOUTOR CARLOS DA SILVA TORRES S.A.;CQ_BSP_CLDF;Contrato Quadro;04-08-2006;Derivados;PRT;
9001725502;OL02;03911;OLIVEIRIMO,PROMOTORES IMOBILIARIOS LDA - EM LIQUIDACAO;CQ_BSP_OL02;Contrato Quadro;31-07-2006;Derivados;PRT;
8046503975;C0GB;03917;CARTIREGAS - CONSTRUCAO E MANUTENCAO DE ESPACOS VERDES, LDA;CQ_BSP_C0GB;Contrato Quadro;26-07-2006;Derivados;PRT;
9002584832;CM0W;03912;CONSTRUCOES MOURINHA & SOBRAL LDA;CQ_BSP_CM0W;Contrato Quadro;18-07-2006;Derivados;PRT;
8046371276;TRMR;03916;TRANSPONTE-TRANSPORTES RODOVIARIOS MERCADORIAS PONTE DE SOR LDA;CQ_BSP_TRMR;Contrato Quadro;04-09-2006;Derivados;PRT;
2311003241;TFPH;01301;THE FLADGATE PARTNERSHIP-VINHOS S.A.;CQ_BSP_TFPH;Contrato Quadro;17-03-2017;Derivados;PRT;
0000016176;S0AC;03924;SOCIEDADE CONSTRUCOES JOPER, LDA;CQ_BSP_S0AC;Contrato Quadro;04-08-2006;Derivados;PRT;
7400110331;T020;03910;TEIXEIRA & MARTINS AUTOMOVEIS, LDA;CQ_BSP_T020;Contrato Quadro;14-07-2006;Derivados;PRT;
8046412626;RCGG;03920;RAMISA - CONSTRUCAO CIVIL, GESTAO E PROMOCAO DE IMOVEIS, LDA;CQ_BSP_RCGG;Contrato Quadro;29-09-2006;Derivados;PRT;
8046441657;CFLC;02684;CARLOS FILENO LDA;CQ_BSP_CFLC;Contrato Quadro;22-09-2006;Derivados;PRT;
7400175268;SRL1;03895;SUPERMERCADO ROSSIO, LDA;CQ_BSP_SRL1;Contrato Quadro;25-08-2006;Derivados;PRT;
2100919568;P06K;03908;PITAS & VIEIRA PROMOCAO IMOBILIARIA, LDA;CQ_BSP_P06K;Contrato Quadro;17-07-2006;Derivados;PRT;
1700015791;MTD1;03923;DUVALLI SA;CQ_BSP_MTD1;Contrato Quadro;11-09-2006;Derivados;PRT;
7400196468;PL08;03918;PUGILATUS,LDA;CQ_BSP_PL08;Contrato Quadro;22-08-2006;Derivados;PRT;
9002607232;CC0Y;03899;CONSCONTROL - CONSTRUCAO CIVIL E OBRAS PUBLICAS LDA;CQ_BSP_CC0Y;Contrato Quadro;27-07-2006;Derivados;PRT;
8046468669;PPG2;03927;PADARIA PASTELARIA GLICINIA LDA;CQ_BSP_PPG2;Contrato Quadro;13-07-2006;Derivados;PRT;
8005222001;MMIL;02645;MARTINS FERREIRA & CERQUEIRA SERRALHARIAS, LDA;CQ_BSP_MMIL;Contrato Quadro;28-07-2006;Derivados;PRT;
1700120840;K00N;03928;KEOPS - CENTRO DE CONTABILIDADE, LDA.;CQ_BSP_K00N;Contrato Quadro;12-07-2006;Derivados;PRT;
7400025595;M06S;03926;MMINVEST-INVEST IMOBILIARIOS UNIP LDA;CQ_BSP_M06S;Contrato Quadro;09-08-2006;Derivados;PRT;
9002672399;VS0P;03930;VINEIPOR - SOCIEDADE IMOBILIARIA LDA;CQ_BSP_VS0P;Contrato Quadro;04-08-2006;Derivados;PRT;
8038378890;B03B;03872;BRASOPI-COMERCIO VESTUARIO SA;CQ_BSP_B03B;Contrato Quadro;25-07-2006;Derivados;PRT;
8005411933;CA2P;03922;AQUINO CONSTRUCOES, S.A.;CQ_BSP_CA2P;Contrato Quadro;25-09-2006;Derivados;PRT;
8046275595;F0OV;03925;FREIPLANA - EMPREITEIROS DE OBRAS PUBLICAS,LDA.;CQ_BSP_F0OV;Contrato Quadro;22-08-2006;Derivados;PRT;
8010577600;PCVN;02739;PINCOLTEXTEIS CONFECCOES LIMITADA;CQ_BSP_PCVN;Contrato Quadro;11-09-2006;Derivados;PRT;
8044202855;METD;02758;MULTIESTAMPA ESTAMPARIA TEXTIL LDA;CQ_BSP_METD;Contrato Quadro;11-09-2006;Derivados;PRT;
8046482017;CIPA;02933;CANOVA - INVESTIMENTOS IMOBILIARIOS LDA;CQ_BSP_CIPA;Contrato Quadro;02-08-2006;Derivados;PRT;
9000643892;TFVD;;TFREITAS ENERGIAS S.A.;CQ_BSP_TFVD;Contrato Quadro;20-09-2007;Derivados;PRT;
9001009374;E045;03892;ENCONTRUS-SOCIEDADE HOTELEIRA,LDA;CQ_BSP_E045;Contrato Quadro;27-07-2006;Derivados;PRT;
8001551165;FMIT;03931;FELMICA MINERAIS INDUSTRIAIS SA;CQ_BSP_FMIT;Contrato Quadro;21-09-2006;Derivados;PRT;
9000680169;S0AS;03947;SOCIEDADE CONSTRUCOES SODUARTE,LDA;CQ_BSP_S0AS;Contrato Quadro;25-07-2006;Derivados;PRT;
7400194182;RLIE;03957;RIO LECA - INVESTIMENTOS E PARTICIPACOES IMOBILIARIAS, SA;CQ_BSP_RLIE;Contrato Quadro;15-11-2006;Derivados;PRT;
7400179212;CC0Z;03958;CONSTRUCOES COTRIM & ARAUJO LDA;CQ_BSP_CC0Z;Contrato Quadro;08-08-2006;Derivados;PRT;
8000783550;MMIV;03932;MOTAMINERAL MINERAIS INDUSTRIAIS S A;CQ_BSP_MMIV;Contrato Quadro;21-09-2006;Derivados;PRT;
8001931624;P06V;03949;PALMEIRA & FILHOS SA;CQ_BSP_P06V;Contrato Quadro;23-04-2007;Derivados;PRT;
8046271175;PO01;03934;PIROTECNIA OLEIRENSE - FOGOS DE ARTIFICIO, LDA;CQ_BSP_PO01;Contrato Quadro;18-08-2006;Derivados;PRT;
9001805425;E400;03959;ECO 4-ULTRA SONOGRAFIA DIAGNOSTICA, LDA;CQ_BSP_E400;Contrato Quadro;04-10-2006;Derivados;PRT;
8008865797;C0G8;03913;CALDEIRA & MARQUES LDA;CQ_BSP_C0G8;Contrato Quadro;05-12-2006;Derivados;PRT;
8007893013;C0G2;03907;CALDEIRA E METELO LDA;CQ_BSP_C0G2;Contrato Quadro;05-12-2006;Derivados;PRT;
3431008146;M078;03961;MARSIMOVEL - SOCIEDADE IMOBILIARIA, SA;CQ_BSP_M078;Contrato Quadro;25-09-2006;Derivados;PRT;
3381008067;DBFL;03914;LENARGATECNIC LDA;CQ_BSP_DBFL;Contrato Quadro;01-08-2006;Derivados;PRT;
8032869254;AETX;02882;AJOMAQUINAS - ESCAVACOES E TERRAPLANAGENS, SOCIEDADE UNIPESSOAL LDA -;CQ_BSP_AETX;Contrato Quadro;31-07-2006;Derivados;PRT;
9002308822;P06R;03962;PREDISERI-SOCIEDADE CONSTRUCOES, LDA;CQ_BSP_P06R;Contrato Quadro;12-10-2006;Derivados;PRT;
16996;I041;03975;SOCIEDADE AVICOLA DO LOURO, LDA;CQ_BSP_I041;Contrato Quadro;01-08-2006;Derivados;PRT;
2100873069;I040;03972;INOR IBERICA SOLUCOES METALICAS, SA;CQ_BSP_I040;Contrato Quadro;04-08-2006;Derivados;PRT;
1700208505;Q006;03974;QUERCASA CONSTRUCAO COMPRA E VENDA DE PROPRIEDADES LDA;CQ_BSP_Q006;Contrato Quadro;07-08-2006;Derivados;PRT;
9001628771;ANS6;03953;ADELINO NUNES SERRA & FILHOS SA;CQ_BSP_ANS6;Contrato Quadro;21-09-2006;Derivados;PRT;
8008783148;QDP0;03575;QUINTA DO PIZAO-SOCIEDADE AGRICOLA LDA;CQ_BSP_QDP0;Contrato Quadro;16-05-2006;Derivados;PRT;
;OIAL;02528;OLI - SISTEMAS SANITARIOS, S.A.;CQ_BSP_OIAL;Contrato Quadro;14-07-2005;Derivados;PRT;
9000649680;S07F;03689;SOC CONST SOLZEZERE,LDA;CQ_BSP_S07F;Contrato Quadro;08-06-2006;Derivados;PRT;
8039739821;SM3F;05108;SOUSA MOREIRA & SILVA, LDA;CQ_BSP_SM3F;Contrato Quadro;26-06-2007;Derivados;PRT;
9002589974;CR6N;05110;CANALIZACOES A DINIS LDA;CQ_BSP_CR6N;Contrato Quadro;09-08-2007;Derivados;PRT;
9000712472;FE5T;05113;FABRICA DE MOSAICOS FAROL DE LECA LDA;CQ_BSP_FE5T;Contrato Quadro;24-09-2007;Derivados;PRT;
8000757306;SFYX;;SABEL-DISTRIBUICAO ELECTRICA,SA;CQ_BSP_SFYX;Contrato Quadro;20-09-2007;Derivados;PRT;
8001537089;A2DZ;05094;A.GOUVEIA,LDA;CQ_BSP_A2DZ;Contrato Quadro;04-09-2007;Derivados;PRT;
5100384846;NR0T;05125;NUNO REIS VEICULOS AUTOMOVEIS LDA;CQ_BSP_NR0T;Contrato Quadro;09-07-2007;Derivados;PRT;
8046035681;DDWZ;05116;DATA D OBRAS-RECU.IMOVEIS COM.MAT.CONST.LDA;CQ_BSP_DDWZ;Contrato Quadro;25-06-2007;Derivados;PRT;
9002194683;A2E2;05117;ALTOSCAR - REPRESENTACAO E COMERCIO AUTOMOVEIS, LDA;CQ_BSP_A2E2;Contrato Quadro;29-08-2007;Derivados;PRT;
5100266127;PIPA;02254;PANIKE - INDUSTRIA PRODUTOS ALIMENTARES CONGELADOS SA;CQ_BSP_PIPA;Contrato Quadro;01-04-2005;Derivados;PRT;
8045884550;S1KD;05103;SOCIEDADE AGRO - PECUARIA DO JUNCO, LDA;CQ_BSP_S1KD;Contrato Quadro;03-07-2007;Derivados;PRT;
9001566211;GCNZ;05118;GAMEIROS, MATERIAL CLINICO LDA;CQ_BSP_GCNZ;Contrato Quadro;25-09-2007;Derivados;PRT;
8045241662;CR6T;05124;CARLOS NUNES & IRMAOS - FRIO INDUSTRIAL E COMERCIAL, LDA;CQ_BSP_CR6T;Contrato Quadro;10-03-2008;Derivados;PRT;
5100392979;R0FX;05159;ROLO & FILHOS II SA;CQ_BSP_R0FX;Contrato Quadro;13-07-2007;Derivados;PRT;
8008618551;J06N;05134;J FARIA & FILHOS LIMITADA;CQ_BSP_J06N;Contrato Quadro;05-07-2007;Derivados;PRT;
1700202678;CR6U;05126;CONSAM CONSULTORIA E SERVICOS, UNIPESSOAL, LDA;CQ_BSP_CR6U;Contrato Quadro;27-06-2007;Derivados;PRT;
8001221633;B0J9;05127;BOMPNEU - CENTRAL DE PNEUS E SERVICOS AUTO, LDA;CQ_BSP_B0J9;Contrato Quadro;25-06-2007;Derivados;PRT;
2431000162;PF4T;05133;PICHELARIA FERREIRA LIMITADA;CQ_BSP_PF4T;Contrato Quadro;20-09-2007;Derivados;PRT;
9002606451;FPW8;05183;F. P. VIDEIRA-COMERCIO DE AUTOMOVEIS, LDA;CQ_BSP_FPW8;Contrato Quadro;20-07-2007;Derivados;PRT;
7400350222;CR6W;05128;COSMOCAR COMERCIO VEICULOS LDA;CQ_BSP_CR6W;Contrato Quadro;28-06-2007;Derivados;PRT;
8046592144;F4FS;05143;F.T.R. - VENTILACAO E CLIMATIZACAO LDA;CQ_BSP_F4FS;Contrato Quadro;07-08-2007;Derivados;PRT;
5100371148;SAMW;03035;SOCIEDADE AGRICOLA DO MONTE BARRAO LIMITADA;CQ_BSP_SAMW;Contrato Quadro;14-12-2005;Derivados;PRT;
8022146326;J07M;05173;JDB - KASA LDA;CQ_BSP_J07M;Contrato Quadro;02-07-2007;Derivados;PRT;
7400140775;PVLJ;05166;P.S. VALE LDA;CQ_BSP_PVLJ;Contrato Quadro;09-07-2007;Derivados;PRT;
5100454331;FCXO;05138;FINERA CONFECCOES TEXTEIS LDA;CQ_BSP_FCXO;Contrato Quadro;04-07-2007;Derivados;PRT;
2371001209;A2E5;05137;AERAULICA - INSTALACOES INDUSTRIAIS LDA;CQ_BSP_A2E5;Contrato Quadro;02-07-2007;Derivados;PRT;
7400310785;ID2V;05189;ICE CUBE LDA;CQ_BSP_ID2V;Contrato Quadro;05-07-2007;Derivados;PRT;
8042674051;G4LN;05136;GUILHERME SOUSA & MARQUES LDA;CQ_BSP_G4LN;Contrato Quadro;03-07-2007;Derivados;PRT;
9002689200;A2QC;05191;AGROSANI - ARTIGOS SANITARIOS E MATERIAIS CONSTRUCAO, LDA.;CQ_BSP_A2QC;Contrato Quadro;25-06-2007;Derivados;PRT;
7400261883;A2PJ;05175;AREIA & CIMENTO- PROMOCAO E GESTAO IMOBILIARIA SA;CQ_BSP_A2PJ;Contrato Quadro;28-09-2007;Derivados;PRT;
7400170589;SHQT;05144;STARWOOD COMERCIO INTERNACIONAL SA;CQ_BSP_SHQT;Contrato Quadro;25-06-2007;Derivados;PRT;
2101017065;GGFX;05198;GERMANO GOMES DE SOUSA & FILHOS, LDA;CQ_BSP_GGFX;Contrato Quadro;29-06-2007;Derivados;PRT;
2101153105;RPQI;05141;RYLENE PLAST PLASTICOS TECNICOS, LDA;CQ_BSP_RPQI;Contrato Quadro;07-08-2007;Derivados;PRT;
2681007264;V0DW;05202;VIGARCAO - CONSTRUCOES UNIPESSOAL LDA;CQ_BSP_V0DW;Contrato Quadro;06-07-2007;Derivados;PRT;
8045474334;NH5P;05197;MENDES SOUSA & CORREIA LDA;CQ_BSP_NH5P;Contrato Quadro;27-06-2007;Derivados;PRT;
7400310959;NFK8;05156;MOVEIS VALDEMAR DE SOUSA E SILVA, UNIPESSOAL LDA;CQ_BSP_NFK8;Contrato Quadro;10-07-2007;Derivados;PRT;
7400278389;UPL8;05149;UMBICAP- IRMAOS PONTES, LDA;CQ_BSP_UPL8;Contrato Quadro;28-06-2007;Derivados;PRT;
8000513156;CLVM;03082;CARDOSO, LEIRIA & VIEGAS LDA;CQ_BSP_CLVM;Contrato Quadro;11-01-2006;Derivados;PRT;
8046572280;K2AD;05181;MARISA FERNANDES, UNIPESSOAL LDA;CQ_BSP_K2AD;Contrato Quadro;18-07-2007;Derivados;PRT;
7400041755;AY1C;05139;ACCELERATED CONTACT CONSULTING-EMPRESA DE TRABALHO TEMPORARIO LDA;CQ_BSP_AY1C;Contrato Quadro;05-07-2007;Derivados;PRT;
8046437059;NSHT;05171;NOVO SOL - COMBUSTIVEIS E LUBRIFICANTES LDA;CQ_BSP_NSHT;Contrato Quadro;03-08-2007;Derivados;PRT;
7400114503;V0DM;05172;VERNISSENZA - TINTAS E VERNIZES, LDA;CQ_BSP_V0DM;Contrato Quadro;03-08-2007;Derivados;PRT;
7400341476;D0AR;05205;DISTRILAGOS - SOCIEDADE GESTORA DE PARTICIPACOES SOCIAIS LDA.;CQ_BSP_D0AR;Contrato Quadro;25-06-2007;Derivados;PRT;
8041886551;NFM8;05174;MANUEL ALMEIDA - MAQUINAS E FERRAGENS LDA;CQ_BSP_NFM8;Contrato Quadro;28-06-2007;Derivados;PRT;
9001056253;T0BB;05167;TEIXEIRA & OLIVEIRA,LDA;CQ_BSP_T0BB;Contrato Quadro;13-08-2007;Derivados;PRT;
8046381093;CXEA;05168;CORKMATA-CORTICAS DA MATA LDA;CQ_BSP_CXEA;Contrato Quadro;29-08-2007;Derivados;PRT;
8008713961;NFQ3;05169;MANUEL AUGUSTO DE OLIVEIRA & SILVA LDA;CQ_BSP_NFQ3;Contrato Quadro;21-06-2007;Derivados;PRT;
1700184591;NH5E;05194;WARPCOM SERVICES SA;CQ_BSP_NH5E;Contrato Quadro;17-01-2008;Derivados;PRT;
9000632475;UCVT;02864;URBIOP-SOCIEDADE CONSTRUCOES V.SANTOS,LDA;CQ_BSP_UCVT;Contrato Quadro;23-09-2005;Derivados;PRT;
9001520955;AY4Q;05177;ASCOP-CONSTRUCAO CIVIL E OBRAS PUBLICAS, LDA;CQ_BSP_AY4Q;Contrato Quadro;21-08-2007;Derivados;PRT;
7400033758;K29L;05153;TERMINAL DA CERVEJA LDA;CQ_BSP_K29L;Contrato Quadro;28-06-2007;Derivados;PRT;
9002004013;FOPN;05176;FLOPONOR, S.A.;CQ_BSP_FOPN;Contrato Quadro;21-08-2007;Derivados;PRT;
1700051439;T0BD;05179;TTT TECHNICAL TRAINING TEAM FORMACAO E EQUIPAMENTOS UNIPESSOAL LDA;CQ_BSP_T0BD;Contrato Quadro;25-07-2007;Derivados;PRT;
8043267570;J07N;05186;JOSE COSTA & COELHO - INDUSTRIA DE MOBILIARIO LDA;CQ_BSP_J07N;Contrato Quadro;04-07-2007;Derivados;PRT;
9002015663;K2IH;05184;JOSE MOREIRA-REC SUCATA DESP METAL LDA;CQ_BSP_K2IH;Contrato Quadro;23-07-2007;Derivados;PRT;
5100485652;SFGU;02794;MASSA INVOLVENTE SUPERINERTES DE LOPES & FILHOS SA;CQ_BSP_SFGU;Contrato Quadro;29-06-2007;Derivados;PRT;
7400076062;TFAB;05192;TERRAPLANAGENS E FUROS DE AGUA ALBERTO VIEIRA, LDA;CQ_BSP_TFAB;Contrato Quadro;13-07-2007;Derivados;PRT;
7400181210;SL25;05210;SUINIMOREIRA LDA;CQ_BSP_SL25;Contrato Quadro;07-08-2007;Derivados;PRT;
5100586510;SM3T;05208;SARMENTO MARTINS & FERNANDES SA;CQ_BSP_SM3T;Contrato Quadro;28-06-2007;Derivados;PRT;
8001630752;FCQX;05157;FERITEX PRODUTOS DE CONSERVACAO E LIMPEZA LDA;CQ_BSP_FCQX;Contrato Quadro;05-07-2007;Derivados;PRT;
8046338033;OSE7;05070;O.NASCIMENTO SERVICOS DE SAUDE LDA;CQ_BSP_OSE7;Contrato Quadro;12-11-2007;Derivados;PRT;
9001907352;BPK4;05154;BIOPTICA - EQUIPAMENTOS PARA INVESTIGACAO E INDUSTRIA, LDA;CQ_BSP_BPK4;Contrato Quadro;12-07-2007;Derivados;PRT;
7400343620;M1F3;05209;MEDINFOTEC - REAL ESTATE UNIPESSOAL LDA;CQ_BSP_M1F3;Contrato Quadro;02-08-2007;Derivados;PRT;
8007421504;RDMB;03072;REMINHO REPRESENTACOES MINHO LDA;CQ_BSP_RDMB;Contrato Quadro;11-01-2006;Derivados;PRT;
193892;DCEA;02008;CONDALTOM - CONSTRUCOES DO ALTO TAMEGA LDA;CQ_BSP_DCEA;Contrato Quadro;19-07-2007;Derivados;PRT;
8009537376;V00P;03548;V.T.A. - ESTAMPARIA LDA.;CQ_BSP_V00P;Contrato Quadro;05-05-2006;Derivados;PRT;
9002551247;PPEL;03017;PEDREIRAS DE LADEIRAS, S. A.;CQ_BSP_PPEL;Contrato Quadro;16-12-2005;Derivados;PRT;
8042780392;S0OZ;05213;SODIFUNDAO - SUPERMERCADOS, LDA;CQ_BSP_S0OZ;Contrato Quadro;05-07-2007;Derivados;PRT;
7400334894;FFLJ;05217;FABULA FLORIDA LDA;CQ_BSP_FFLJ;Contrato Quadro;28-06-2007;Derivados;PRT;
9000686721;NIMQ;05219;NOVA FERRARIA-IMPORTACAO E EXPORTACAO, LDA;CQ_BSP_NIMQ;Contrato Quadro;31-07-2007;Derivados;PRT;
9001867954;B300;05223;B 300-CONSTR BETAO ARMADO LDA;CQ_BSP_B300;Contrato Quadro;29-06-2007;Derivados;PRT;
8042822544;EV0V;05233;ESQUINA VIVA - EMOLDURAMENTO E ESPACO ARTE LDA;CQ_BSP_EV0V;Contrato Quadro;27-06-2007;Derivados;PRT;
9002663343;TRCG;05240;TRIPLO R, COMERCIO E REPRESENTACOES, LDA.;CQ_BSP_TRCG;Contrato Quadro;09-07-2007;Derivados;PRT;
9002281533;OABV;05243;ORIGINAL ACTIVIDADES ARQUITECTURA LDA;CQ_BSP_OABV;Contrato Quadro;16-07-2007;Derivados;PRT;
7400181561;D584;07897;CONSTRUCOES FRANCISCO SILVA & ANTONIO LOPES ,LDA;D584;Contrato Quadro;19-06-2008;Derivados;PRT;
9002607477;S2K0;09291;SIMOES & PAZ LDA;CQ_BSP_S2K0;Contrato Quadro;04-07-2008;Derivados;PRT;
7400135694;S0BF;03980;S.M. - COMERCIO DE ARTESANATO E RESTAURACAO, LDA;CQ_BSP_S0BF;Contrato Quadro;04-08-2006;Derivados;PRT;
5100271701;CJP1;03976;CONSTRUCOES JOSE PATRAO & FILHOS LDA;CQ_BSP_CJP1;Contrato Quadro;04-08-2006;Derivados;PRT;
8035997954;JIVL;02781;J.L.S. - TRANSPORTES INTERNACIONAIS S.A.;CQ_BSP_JIVL;Contrato Quadro;04-10-2006;Derivados;PRT;
8046492385;QS02;03978;QUEBRA SOL - CONSTRUCOES, LDA;CQ_BSP_QS02;Contrato Quadro;24-08-2006;Derivados;PRT;
8046323857;JM0Q;03986;J. M. & C. SILVA - CONSTRUCOES UNIPESSOAL, LDA;CQ_BSP_JM0Q;Contrato Quadro;11-08-2006;Derivados;PRT;
1700131793;D01S;03993;DEVESA & DEVESA - CONSTRUCOES LDA;CQ_BSP_D01S;Contrato Quadro;31-08-2006;Derivados;PRT;
2731003000;RSMT;03991;RECAUCHUTAGEM SAO MAMEDE, LDA;CQ_BSP_RSMT;Contrato Quadro;14-08-2006;Derivados;PRT;
8029420648;ICLG;03995;IRMAOS COUTADA LDA;CQ_BSP_ICLG;Contrato Quadro;16-08-2006;Derivados;PRT;
9001929941;AS1V;03998;ALVARIM SANTOS-CONSTRUCOES,LDA;CQ_BSP_AS1V;Contrato Quadro;25-08-2006;Derivados;PRT;
8034734698;AM0R;03984;A MARATONA-ARTIGOS DESPORTO LDA;CQ_BSP_AM0R;Contrato Quadro;09-08-2006;Derivados;PRT;
2431002266;CGL2;03994;COSTA GUERREIRO, LDA;CQ_BSP_CGL2;Contrato Quadro;11-09-2006;Derivados;PRT;
1700079183;L01T;04000;LUSOREM - EMPREENDIMENTOS IMOBILIARIOS,LDA;CQ_BSP_L01T;Contrato Quadro;23-08-2006;Derivados;PRT;
8046275087;D01T;03997;DENTEJO - CLINICA MEDICA E DENTARIA, LDA.;CQ_BSP_D01T;Contrato Quadro;11-09-2006;Derivados;PRT;
8019747008;N019;03989;NEUTRAO - CENTRO DE RADIODIAGNOSTICO, S.A.;CQ_BSP_N019;Contrato Quadro;18-08-2006;Derivados;PRT;
2100718466;RDBE;04002;RESTAURILIMPA COMERCIO BENS PRESTACAO SERVICOS, LDA;CQ_BSP_RDBE;Contrato Quadro;21-08-2006;Derivados;PRT;
9001468069;A0GS;04003;AGOSTINHO & SANTOS LDA;CQ_BSP_A0GS;Contrato Quadro;14-08-2006;Derivados;PRT;
;A0GZ;04007;A.R.- AUGUSTO RAIMUNDO, LDA;CQ_BSP_A0GZ;Contrato Quadro;31-08-2006;Derivados;PRT;
6221070865;JB7C;04005;JOSE AUGUSTO MENDES RIBEIRO LDA;CQ_BSP_JB7C;Contrato Quadro;14-08-2006;Derivados;PRT;
8000342817;LD02;03981;LOFRAL LDA;CQ_BSP_LD02;Contrato Quadro;29-08-2006;Derivados;PRT;
8016815234;A0H1;04010;AGAR - SOCIEDADE DE TERMODINAMICA, HIDRAULICA E ELECTROTECNIA, LDA EM;CQ_BSP_A0H1;Contrato Quadro;11-08-2006;Derivados;PRT;
2581001660;FDPR;04009;FABRICA DE PEUGAS ROCRISMA,LDA;CQ_BSP_FDPR;Contrato Quadro;24-08-2006;Derivados;PRT;
7400231548;ACVX;04018;ANA CUSTODIO, LDA;CQ_BSP_ACVX;Contrato Quadro;01-09-2006;Derivados;PRT;
8020395499;EBM3;03996;ELISEU BATISTA MANGERONA,LDA;CQ_BSP_EBM3;Contrato Quadro;27-09-2006;Derivados;PRT;
3381010649;V022;04001;VIGOLARTE - ENGENHARIA E CONSTRUCAO, S.A.;CQ_BSP_V022;Contrato Quadro;05-09-2006;Derivados;PRT;
5100278344;P08C;04004;BRICORANA - SOCIEDADE DE DISTRIBUICAO DE BRICOLAGE, LDA;CQ_BSP_P08C;Contrato Quadro;01-09-2006;Derivados;PRT;
9002651629;M06Y;03988;MONTEGIR - INVESTIMENTOS IMOBILIARIOS E TURISTICOS UNIPESSOAL LDA;CQ_BSP_M06Y;Contrato Quadro;22-12-2006;Derivados;PRT;
8002905724;CJRS;02701;ANGELO CUSTODIO RODRIGUES SA;CQ_BSP_CJRS;Contrato Quadro;02-02-2009;Derivados;PRT;
9002086038;P08D;04012;PAULIFOZ - SERRALHARIA CIVIL LDA;CQ_BSP_P08D;Contrato Quadro;22-08-2006;Derivados;PRT;
7400221706;A0FD;03963;AUMENTANDUM - GESTAO E SERVICOS, LDA;CQ_BSP_A0FD;Contrato Quadro;31-08-2006;Derivados;PRT;
7400212409;ACVY;04029;A.C.VIANA PEDRAS LDA;CQ_BSP_ACVY;Contrato Quadro;21-08-2006;Derivados;PRT;
5100394581;T022;03992;INAPA PACKAGING, LDA;CQ_BSP_T022;Contrato Quadro;21-09-2006;Derivados;PRT;
8025804043;F0R2;03985;FUNDILAGE - GESTAO E ADMINISTRACAO DE IMOVEIS LDA;CQ_BSP_F0R2;Contrato Quadro;09-10-2008;Derivados;PRT;
3481004095;S0BT;04011;SUPERCEM - DISTRIBUICAO DO CACEM S.A.;CQ_BSP_S0BT;Contrato Quadro;05-09-2006;Derivados;PRT;
8017842611;BJO0;04013;BORDADOS JOAQUIM OLIVEIRA & OLIVEIRA LDA;CQ_BSP_BJO0;Contrato Quadro;14-09-2006;Derivados;PRT;
248815;CAZ6;04027;LENA ENGENHARIA E CONSTRUCOES S.A.;CQ_BSP_CAZ6;Contrato Quadro;16-10-2006;Derivados;PRT;
7400199924;E05E;04014;EDIOLHAO - PROMOCAO IMOBILIARIA LDA;CQ_BSP_E05E;Contrato Quadro;07-09-2006;Derivados;PRT;
9002438635;JR0M;04026;JOAO RAPOSO - COMUNICACAO VISUAL, LIMITADA;CQ_BSP_JR0M;Contrato Quadro;25-10-2006;Derivados;PRT;
8010776437;P08P;04030;PROPEC FARMACEUTICA LDA;CQ_BSP_P08P;Contrato Quadro;20-11-2006;Derivados;PRT;
9000638754;M07P;04025;MORGADO & PINTO LDA;CQ_BSP_M07P;Contrato Quadro;01-09-2006;Derivados;PRT;
7400212404;C0JT;04033;CDF - CENTRO DENTARIO DO FUNCHAL, LDA;CQ_BSP_C0JT;Contrato Quadro;31-08-2006;Derivados;PRT;
270157;CCHL;03979;CONSTRUCOES CARLOS FERREIRA & CA LDA;CQ_BSP_CCHL;Contrato Quadro;06-09-2006;Derivados;PRT;
9001715801;FCL8;04034;FERREICORCK - CORTICAS, LIMITADA;CQ_BSP_FCL8;Contrato Quadro;15-09-2006;Derivados;PRT;
8002280750;MMI3;04035;MANUEL M.B.ROMAOZINHO & FOS,LDA;CQ_BSP_MMI3;Contrato Quadro;21-09-2006;Derivados;PRT;
1700042328;CSJ6;04038;CULTURSPORT - SOCIEDADE DE GESTAO DE ACTIVIDADES EDUCATIVAS, DESPORTIV;CQ_BSP_CSJ6;Contrato Quadro;16-10-2006;Derivados;PRT;
8023874613;ACLM;02608;ADEGA COOP.LAMEGO,CRL;CQ_BSP_ACLM;Contrato Quadro;25-08-2006;Derivados;PRT;
211309;CF0G;03619;CONSTANTINO FERNANDES OLIVEIRA & FILHOS, S.A.;CQ_BSP_CF0G;Contrato Quadro;31-08-2006;Derivados;PRT;
8007649825;P08Z;04044;PROCAFE-PRODUTOS ALIMENTARES CAFES,LDA;CQ_BSP_P08Z;Contrato Quadro;18-01-2007;Derivados;PRT;
8028389208;OSSZ;03058;OLIVEIRA & SOUSA,LDA;CQ_BSP_OSSZ;Contrato Quadro;01-09-2006;Derivados;PRT;
9000625537;SSD0;04045;SCAPLSOCIEDADE DE CONSTRUCOES ABREU E PACO LDA;CQ_BSP_SSD0;Contrato Quadro;26-09-2006;Derivados;PRT;
8040415791;RT02;04039;RTR-TORNEARIA E FREZAGEM LIMITADA;CQ_BSP_RT02;Contrato Quadro;11-09-2006;Derivados;PRT;
8020925804;R02V;04048;ROCRIS-TRACTORES MAQ.IND. LDA;CQ_BSP_R02V;Contrato Quadro;29-09-2006;Derivados;PRT;
8002326098;LF0R;04051;LINO FERREIRA & FILHOS,LDA;CQ_BSP_LF0R;Contrato Quadro;24-01-2008;Derivados;PRT;
8005070297;D020;04053;DUARTE & MARQUES,LDA;CQ_BSP_D020;Contrato Quadro;22-09-2006;Derivados;PRT;
9002240271;F17X;04057;FRANCISCO & CARRETOS-SOC.CONSTRUCOES,LDA.;CQ_BSP_F17X;Contrato Quadro;19-09-2006;Derivados;PRT;
8020599457;C0XN;04059;COPIZENDE-EQUIPAMENTOS DE ESCRITORIO LDA;CQ_BSP_C0XN;Contrato Quadro;12-09-2006;Derivados;PRT;
5100622732;S0LM;04062;DS4 - SOLUCOES DIGITAIS LDA;CQ_BSP_S0LM;Contrato Quadro;08-09-2006;Derivados;PRT;
2681006535;VLAJ;03083;VIDROMARQUES LDA;CQ_BSP_VLAJ;Contrato Quadro;18-09-2006;Derivados;PRT;
7400191545;SS2Q;04070;SUPERLAMEIRA - SOCIEDADE GESTORA DE PARTICIPACOES SOCIAIS, LDA;CQ_BSP_SS2Q;Contrato Quadro;22-09-2006;Derivados;PRT;
8009687532;S0MP;04068;S.P.I.E.-SOCIEDADE PORTUGUESA DE INFORMACAO ECONOMICA,SA;CQ_BSP_S0MP;Contrato Quadro;21-09-2006;Derivados;PRT;
7400071217;C16L;04076;CROSS-PRO - COMPONENTES PARA MOTOCICLOS LDA;CQ_BSP_C16L;Contrato Quadro;13-09-2006;Derivados;PRT;
5100314582;FA1Q;04073;FARMACIA ALCANTARA GUERREIRO SOCIEDADE SA;CQ_BSP_FA1Q;Contrato Quadro;12-10-2006;Derivados;PRT;
7400195929;TDT6;04069;TRIDEC SISTEMAS DIRECCIONAIS PARA SEMI REBOQUES UNIPESSOAL LDA;CQ_BSP_TDT6;Contrato Quadro;18-10-2006;Derivados;PRT;
8008558281;A08X;01710;ATLANTIDA - EMPREENDIMENTOS TURISTICOS E IMOBILIARIOS S.A.;CQ_BSP_A08X;Contrato Quadro;24-10-2006;Derivados;PRT;
1700198370;P0C8;04074;PROPIBENE - CONSULTADORIA IMOBILIARIA E REPRESENTACOES, LDA.;CQ_BSP_P0C8;Contrato Quadro;22-09-2006;Derivados;PRT;
8030243726;T03F;04080;TELEJOVEM-COMERCIO TELEMOVEIS,LDA;CQ_BSP_T03F;Contrato Quadro;11-09-2006;Derivados;PRT;
8019993421;CL10;04084;CLINICALGARVE-CENTRO CLINICO LDA;CQ_BSP_CL10;Contrato Quadro;30-01-2007;Derivados;PRT;
8041957144;R071;04081;AMBIGROUP DEMOLICOES, S.A.;CQ_BSP_R071;Contrato Quadro;29-09-2006;Derivados;PRT;
9000637679;CHEL;02366;COOPERATIVA HABITACAO ECONOMICA LAR PARA TODOS CRL;CQ_BSP_CHEL;Contrato Quadro;22-04-2005;Derivados;PRT;
1700215620;D01H;04075;DIRCASA CONSTRUCOES, LDA;CQ_BSP_D01H;Contrato Quadro;29-09-2006;Derivados;PRT;
8005125640;JQAO;02924;JODEL HYGIENE PRODUCTS MANUFACTURING, LDA;CQ_BSP_JQAO;Contrato Quadro;29-09-2006;Derivados;PRT;
2581008598;VDAP;02559;VIZELPAS FLEXIBLE FILMS S A;CQ_BSP_VDAP;Contrato Quadro;29-09-2006;Derivados;PRT;
8032770638;L02Q;04089;LARICASA - MATERIAIS DE CONSTRUCAO E DECORACAO LDA;CQ_BSP_L02Q;Contrato Quadro;07-11-2006;Derivados;PRT;
9001623171;CE62;04090;CG COLEGIO DE GUIMARAES, LDA;CQ_BSP_CE62;Contrato Quadro;21-09-2006;Derivados;PRT;
7400201450;SSL6;04091;SUPERPROENCA - SUPERMERCADOS LDA;CQ_BSP_SSL6;Contrato Quadro;28-09-2006;Derivados;PRT;
8046401656;FCLJ;04095;FARMACIA DO CASTELO, LDA;CQ_BSP_FCLJ;Contrato Quadro;27-09-2006;Derivados;PRT;
8039257941;S0NF;04088;SOFERDI - EMPREENDIMENTOS IMOBILIARIOS S.A.;CQ_BSP_S0NF;Contrato Quadro;14-06-2007;Derivados;PRT;
1700081802;FMDZ;04098;FERNANDO MOREIRA DA SILVA & FILHOS LDA;CQ_BSP_FMDZ;Contrato Quadro;16-10-2006;Derivados;PRT;
8046397691;FC1G;04097;FERNANDO CONCEICAO RODRIGUES - UNIPESSOAL LDA;CQ_BSP_FC1G;Contrato Quadro;17-10-2006;Derivados;PRT;
8029581863;D8B8;11382;CIMA - CENTRO DE INSPECCAO MECANICA EM AUTOMOVEIS S.A.;D8B8;Contrato Quadro;17-12-2008;Derivados;PRT;
9002034500;OS3U;11478;OLINUNES SOCIEDADE DE CONSTRUCOES, LDA;CQ_BSP_OS3U;Contrato Quadro;20-11-2008;Derivados;PRT;
7400122803;NSHY;05241;NO SABOR AGRUPAMENTO DE PRODUTORES DE AZEITE E PRODUTOS REGIONAIS LDA;CQ_BSP_NSHY;Contrato Quadro;28-06-2007;Derivados;PRT;
8038398115;NJ50;05246;NEVES & SANTOS,LDA;CQ_BSP_NJ50;Contrato Quadro;28-06-2007;Derivados;PRT;
1700049508;A2UR;05247;AGOSTINHO, JOSE & MANUEL MARQUES LDA;CQ_BSP_A2UR;Contrato Quadro;29-06-2007;Derivados;PRT;
7400229133;CXM7;05193;CONSTRUCOES FAUSTINO TAVARES UNIPESSOAL LDA;CQ_BSP_CXM7;Contrato Quadro;09-07-2007;Derivados;PRT;
8046003096;L08T;05244;LUCAS & RODRIGUES-ACESSORIOS SANITARIOS LDA;CQ_BSP_L08T;Contrato Quadro;12-10-2007;Derivados;PRT;
8046289756;AZAB;05199;ABRAAO FONSECA LDA;CQ_BSP_AZAB;Contrato Quadro;06-07-2007;Derivados;PRT;
8029643054;NI8Y;05234;MAISLUZ-MAT.CONST.INST.SANITA.E LUZ, LTDA;CQ_BSP_NI8Y;Contrato Quadro;02-07-2007;Derivados;PRT;
8042402518;F4V4;05242;FERNANDA & TUBARAO LDA;CQ_BSP_F4V4;Contrato Quadro;08-08-2007;Derivados;PRT;
5100586507;CY26;05220;CASA DE SARMENTO S.A.;CQ_BSP_CY26;Contrato Quadro;28-06-2007;Derivados;PRT;
8018526938;CDE1;03469;CORECO-CUIDADOS SAUDE,LDA;CQ_BSP_CDE1;Contrato Quadro;18-05-2006;Derivados;PRT;
8038082999;FA40;05215;FRIGORIFICOS AMARAL-COM.EQUIP.FRIO,LDA.;CQ_BSP_FA40;Contrato Quadro;02-07-2007;Derivados;PRT;
7400226551;LF68;05216;LUZ E SOL, LDA;CQ_BSP_LF68;Contrato Quadro;26-07-2007;Derivados;PRT;
8019755716;C2QF;05229;CERVOUGA - CERAMICA GRES, LDA;CQ_BSP_C2QF;Contrato Quadro;13-08-2007;Derivados;PRT;
9001575921;RI27;05207;RESTAURANTE ALBATROZ LDA;CQ_BSP_RI27;Contrato Quadro;08-08-2007;Derivados;PRT;
1700116261;K03D;05059;KARKEM - SOCIEDADE IMOBILIARIA, SA;CQ_BSP_K03D;Contrato Quadro;04-07-2007;Derivados;PRT;
7400363464;E0Z9;05248;ECOIMOMELGACO SOCIEDADE GESTAO IMOBILIARIA LDA;CQ_BSP_E0Z9;Contrato Quadro;05-07-2007;Derivados;PRT;
7400170350;P0UX;05254;PEDRIGOSENDE - SOCIEDADE DE CONSTRUCOES, UNIPESSOAL, LIMITADA - ZONA F;CQ_BSP_P0UX;Contrato Quadro;01-08-2007;Derivados;PRT;
8002121117;ZFDC;05264;ZARCO - FABRICA DE CALCADO, LDA;CQ_BSP_ZFDC;Contrato Quadro;20-10-2008;Derivados;PRT;
8006723381;IV0T;05239;INVERMA - MANUFACTURA INDUSTRIAL DE TINTAS E VERNIZES LDA;CQ_BSP_IV0T;Contrato Quadro;09-07-2007;Derivados;PRT;
176527;CXZ4;05228;CAIMAPLAS - MOLDES E PLASTICOS, LDA;CQ_BSP_CXZ4;Contrato Quadro;12-07-2007;Derivados;PRT;
7400319682;B0P5;05232;ABSOLUT BEAUTY - TRAVEL SPA E HAIRDRESSER LISBON LDA;CQ_BSP_B0P5;Contrato Quadro;12-07-2007;Derivados;PRT;
9001516451;MN8N;04120;MAURICIO LOPES SILVA LDA;CQ_BSP_MN8N;Contrato Quadro;28-06-2007;Derivados;PRT;
9002001392;DL1B;05226;DANIEL LOURENCO TRANSPORTES, LDA;CQ_BSP_DL1B;Contrato Quadro;04-07-2007;Derivados;PRT;
8009521708;CY84;05265;CAMIONAGEM DE CARGA CENTRAL DA VIMIEIRA LDA;CQ_BSP_CY84;Contrato Quadro;10-07-2007;Derivados;PRT;
8031174608;TL1L;05263;TONIANA - COMBUSTIVEIS E LUBRIFICANTES, LDA;CQ_BSP_TL1L;Contrato Quadro;09-07-2007;Derivados;PRT;
8008244572;B12C;05262;ANTONIO FREITAS MARTINS,LDA;CQ_BSP_B12C;Contrato Quadro;09-07-2007;Derivados;PRT;
7400207676;B0LY;05236;ANTONIO SALGUEIRO TRANSFORMACOES AUTO LDA;CQ_BSP_B0LY;Contrato Quadro;06-07-2007;Derivados;PRT;
8046518140;B0UX;05245;AMANDIOS LDA;CQ_BSP_B0UX;Contrato Quadro;13-07-2007;Derivados;PRT;
9001689563;CEMF;01067;CHUPAS E MORRAO CONSTRUTORES DE OBRAS PUBLICAS SA;CQ_BSP_CEMF;Contrato Quadro;06-10-2004;Derivados;PRT;
1700145406;PGWG;05238;PODER GRAFICO PUBLICIDADE E ARTES GRAFICAS LDA;CQ_BSP_PGWG;Contrato Quadro;27-07-2007;Derivados;PRT;
6220010997;JFML;03451;J. F. MIGUENS LDA;CQ_BSP_JFML;Contrato Quadro;21-06-2006;Derivados;PRT;
8038472856;OC19;05225;OPTICA CANDIDO,LDA;CQ_BSP_OC19;Contrato Quadro;05-07-2007;Derivados;PRT;
8039268112;CY85;05270;CORREIA DA SILVA LDA;CQ_BSP_CY85;Contrato Quadro;09-10-2007;Derivados;PRT;
1700029437;LRKX;05269;LUIS ROQUE INVESTIMENTO IMOBILIARIO LDA;CQ_BSP_LRKX;Contrato Quadro;30-07-2007;Derivados;PRT;
8046396957;K5BH;05272;J.G. MACHADO PEREIRA, LDA;CQ_BSP_K5BH;Contrato Quadro;02-08-2007;Derivados;PRT;
8046414280;P0US;05227;PINCOSVILLAGE - COMERCIO VESTUARIO, LDA;CQ_BSP_P0US;Contrato Quadro;13-07-2007;Derivados;PRT;
9002395231;DDZ2;05273;DUARTE DA CRUZ & LOPES, LDA;CQ_BSP_DDZ2;Contrato Quadro;07-08-2007;Derivados;PRT;
8046476081;LRW7;05268;LUIS GOMES ROQUE, LDA;CQ_BSP_LRW7;Contrato Quadro;30-07-2007;Derivados;PRT;
7400364526;STGI;05251;SUPERMELGACO - SUPERMERCADOS LDA;CQ_BSP_STGI;Contrato Quadro;05-07-2007;Derivados;PRT;
8030263555;LR34;05267;YWXL, LDA;CQ_BSP_LR34;Contrato Quadro;30-07-2007;Derivados;PRT;
7400323078;IT9C;05252;INTERVALENCAIMO - SOCIEDADE DE GESTAO IMOBILIARIA LDA;CQ_BSP_IT9C;Contrato Quadro;05-07-2007;Derivados;PRT;
7400202331;NJKB;05258;NUNOLUZ - INSTALACOES ELECTRICAS, LDA;CQ_BSP_NJKB;Contrato Quadro;09-07-2007;Derivados;PRT;
8038676759;BPAK;05260;BARCELPECAS-COMERCIO DE PECAS PARA AUTOMOVEIS LDA;CQ_BSP_BPAK;Contrato Quadro;05-07-2007;Derivados;PRT;
8038881835;NJ4Z;05250;M.L.O CAMELO-ESPLANADA BAR,LDA;CQ_BSP_NJ4Z;Contrato Quadro;07-08-2007;Derivados;PRT;
8039159712;AD26;05253;ALBINO REGADA CONSTRUCOES LDA;CQ_BSP_AD26;Contrato Quadro;05-07-2007;Derivados;PRT;
8028632292;V0EO;05224;VIANATECE-ARTESANATO TECELAGEM,LDA;CQ_BSP_V0EO;Contrato Quadro;03-07-2007;Derivados;PRT;
9002421389;B12E;05257;AMIMADEIRAS, LDA;CQ_BSP_B12E;Contrato Quadro;29-06-2007;Derivados;PRT;
5100467379;D0AX;05256;DIVIMINHO SA;CQ_BSP_D0AX;Contrato Quadro;26-07-2007;Derivados;PRT;
8045056111;B12F;05255;ARMANDO FREITAS & FILHOS LDA;CQ_BSP_B12F;Contrato Quadro;04-09-2007;Derivados;PRT;
1700132166;SPFT;03119;SOUSA PRAZERES & FILHOS, S.A.;CQ_BSP_SPFT;Contrato Quadro;11-07-2007;Derivados;PRT;
7400029619;P0UV;05283;PREDIDOZE - CONSTRUCOES, LDA;CQ_BSP_P0UV;Contrato Quadro;10-07-2007;Derivados;PRT;
9002591022;P0V0;05280;PORTUGALRUR MEDIACAO IMOBILIARIA LDA;CQ_BSP_P0V0;Contrato Quadro;04-07-2007;Derivados;PRT;
7400327751;B19Z;05276;AMPARUS, S.A.;CQ_BSP_B19Z;Contrato Quadro;23-07-2007;Derivados;PRT;
9000654393;NS3B;05222;NAVEGANTES SOCIEDADE CONSTRUCAO CIVIL LDA;CQ_BSP_NS3B;Contrato Quadro;22-08-2007;Derivados;PRT;
7400348866;TL1M;05289;TONLEX LDA;CQ_BSP_TL1M;Contrato Quadro;12-01-2009;Derivados;PRT;
7400270129;NK55;05288;NESTSERVICE-COMERCIO PRODUTOS ALIMENTARES UNIPESSOAL LDA;CQ_BSP_NK55;Contrato Quadro;16-07-2007;Derivados;PRT;
8046472220;B1DK;05281;BORPEDROS LDA;CQ_BSP_B1DK;Contrato Quadro;09-07-2007;Derivados;PRT;
1700139711;B1KP;05305;AMERICO LUCAS & BRITES LDA;CQ_BSP_B1KP;Contrato Quadro;21-08-2007;Derivados;PRT;
9002004889;ITA4;05296;I T A -TRANSPORTES DE MERCADORIAS DE ALUGUER LDA;CQ_BSP_ITA4;Contrato Quadro;07-08-2007;Derivados;PRT;
8029901523;B1DY;05292;AMILCAR NETO & FILHO,LDA.;CQ_BSP_B1DY;Contrato Quadro;04-07-2007;Derivados;PRT;
1700115923;A2VG;05287;AZENHA & GONCALVES, LDA;CQ_BSP_A2VG;Contrato Quadro;10-07-2007;Derivados;PRT;
9002685244;FC3K;05291;FIGUEIREDO, CORREIA & ALVES;CQ_BSP_FC3K;Contrato Quadro;20-07-2007;Derivados;PRT;
2631004425;K5UW;05304;KITBANHO - ARTIGOS SANITARIOS, LDA;CQ_BSP_K5UW;Contrato Quadro;09-07-2007;Derivados;PRT;
2511006636;VU03;05307;VIA URBANA - SOCIEDADE MEDIACAO IMOBILIARIA,LDA.;CQ_BSP_VU03;Contrato Quadro;10-07-2007;Derivados;PRT;
7400260476;RM3H;05237;RTS MAIS - COMERCIO PRODUTOS E SERVICOS INDUSTRIA S.A;CQ_BSP_RM3H;Contrato Quadro;10-07-2007;Derivados;PRT;
8046301391;K5BG;05278;JOSE FREITAS LDA;CQ_BSP_K5BG;Contrato Quadro;18-07-2007;Derivados;PRT;
9001644172;BEBO;05277;BRAGA E BRAVO-CONSTRUCOES, LDA;CQ_BSP_BEBO;Contrato Quadro;21-08-2007;Derivados;PRT;
8021840326;S1TM;05306;SANTOS & MARTINS,LDA;CQ_BSP_S1TM;Contrato Quadro;24-07-2007;Derivados;PRT;
1700143931;B1K8;05300;BIOVIA - ENGENHARIA E GESTAO AMBIENTAL S.A.;CQ_BSP_B1K8;Contrato Quadro;19-07-2007;Derivados;PRT;
1700016273;CZ0P;05319;CASA ROSITA - COMERCIO DE UTILIDADES DOMESTICAS, LDA;CQ_BSP_CZ0P;Contrato Quadro;07-08-2007;Derivados;PRT;
7400341425;IIFQ;05301;IMOUIG INVESTIMENTOS E CONSULTORIA LDA;CQ_BSP_IIFQ;Contrato Quadro;13-07-2007;Derivados;PRT;
7400105612;GEWN;05317;GUERRA E REGALADO - CABELEIREIROS LDA;CQ_BSP_GEWN;Contrato Quadro;21-08-2007;Derivados;PRT;
8046525558;E103;05323;EUROPOUPANCA - COMERCIO PRODUTOS LAR LDA;CQ_BSP_E103;Contrato Quadro;28-08-2007;Derivados;PRT;
9002665817;T0BR;05325;TRANSATLAS - TRANSPORTES E TRANSITOS NORTE, UNIPESSOAL LDA;CQ_BSP_T0BR;Contrato Quadro;12-07-2007;Derivados;PRT;
7400262227;RUL5;05303;REINODAGUA LDA;CQ_BSP_RUL5;Contrato Quadro;17-07-2007;Derivados;PRT;
8044576871;B1TK;05327;AMM - COMERCIO DE MATERIAIS DE CONSTRUCAO LDA;CQ_BSP_B1TK;Contrato Quadro;10-07-2007;Derivados;PRT;
3551000164;B600;05302;BAIXA 62 - COMUNICACAO E MARKETING, S.A.;CQ_BSP_B600;Contrato Quadro;03-08-2007;Derivados;PRT;
2521002081;NKWS;05324;M.A.F. - METALURGICA ALCAIDES FARIA LDA.;CQ_BSP_NKWS;Contrato Quadro;26-09-2007;Derivados;PRT;
2431000669;V0F9;05320;VIMAPONTO - EQUIPAMENTOS E SERVICOS INFORMATICA, S.A.;CQ_BSP_V0F9;Contrato Quadro;23-08-2007;Derivados;PRT;
8046356019;DFTY;05295;PLACOIBERICA 2 - COMERCIO S.A.;CQ_BSP_DFTY;Contrato Quadro;16-07-2007;Derivados;PRT;
8008611611;P0V7;05298;PEREIRA & FERREIRA, LDA;CQ_BSP_P0V7;Contrato Quadro;27-07-2007;Derivados;PRT;
8008832123;EDMF;02647;EDIMADE - EDIFICADORA DA MADEIRA S.A.;CQ_BSP_EDMF;Contrato Quadro;20-07-2005;Derivados;PRT;
1700072302;JFFL;02555;JOAO FARINHA & FILHOS SA;CQ_BSP_JFFL;Contrato Quadro;22-07-2005;Derivados;PRT;
8046298607;R0GW;05331;REIS & MARCELINO LDA;CQ_BSP_R0GW;Contrato Quadro;28-09-2007;Derivados;PRT;
8045353634;NL6C;05332;MARCO RUIVO UNIPESSOAL, LDA;CQ_BSP_NL6C;Contrato Quadro;28-09-2007;Derivados;PRT;
8046467627;VCL7;05333;VITOR CARDOSO LDA;CQ_BSP_VCL7;Contrato Quadro;28-09-2007;Derivados;PRT;
9002597552;HPV5;05299;HORTO PACO VELHO - COMERCIO DE PLANTAS LDA;CQ_BSP_HPV5;Contrato Quadro;19-07-2007;Derivados;PRT;
8038544417;DI1D;09328;DISTRISIS-DIST. PORTUGUESA INFORMATICA,LDA;DI1D;Contrato Quadro;19-09-2008;Derivados;PRT;
1700132721;FD6W;08473;FARMACIA BIRRE - SOCIEDADE UNIPESSOAL, LDA;FD6W;Contrato Quadro;03-06-2008;Derivados;PRT;
9001563371;MTYW;04092;IM - S.G.P.S. S.A.;CQ_BSP_MTYW;Contrato Quadro;01-08-2008;Derivados;PRT;
8010541203;CT04;04099;CALCADO TROPICO,LDA;CQ_BSP_CT04;Contrato Quadro;27-09-2006;Derivados;PRT;
1700200623;CD2E;04110;CAMILO BETAO PRONTO E MATERIAIS PARA CONSTRUCAO CIVIL LDA;CQ_BSP_CD2E;Contrato Quadro;19-10-2006;Derivados;PRT;
8028491430;EFPE;03045;EFAPEL-EMPRESA FABRIL PRODUTOS ELECTRICOS,S.A.;CQ_BSP_EFPE;Contrato Quadro;27-10-2011;Derivados;PRT;
2100325602;JO16;04108;JOSE MATIAS D ALVO & IRMAO - JOMAL, LDA;CQ_BSP_JO16;Contrato Quadro;08-11-2006;Derivados;PRT;
8024670699;C17I;04103;CAMARAL-CAIXILHARIA ALUMINIOS,LDA;CQ_BSP_C17I;Contrato Quadro;17-10-2006;Derivados;PRT;
8004834801;ARKI;04116;ANSELMO ANTONIO ROCHA & FOS.LDA;CQ_BSP_ARKI;Contrato Quadro;09-10-2006;Derivados;PRT;
8042803549;F1K7;04112;FRIOFONTES-COM.PRODUTOS ALIMENTARES,LDA;CQ_BSP_F1K7;Contrato Quadro;12-10-2006;Derivados;PRT;
9002377562;S0NP;04101;SOCIEDADE CONSTRUCOES H.J.A., LDA.;CQ_BSP_S0NP;Contrato Quadro;18-10-2006;Derivados;PRT;
9000625760;GC0A;04102;GERMANUS-SOCIEDADE CONSTRUCOES,LDA;CQ_BSP_GC0A;Contrato Quadro;20-11-2006;Derivados;PRT;
3671000950;T03H;04093;TECNIFIR-SOLUCOES DE SEGURANCA, LDA;CQ_BSP_T03H;Contrato Quadro;26-12-2006;Derivados;PRT;
9001990746;C17H;04100;COVIALVI CONSTRUCOES LDA;CQ_BSP_C17H;Contrato Quadro;09-10-2006;Derivados;PRT;
86901;T03J;04123;TNC-TRANSPORTADORA NACIONAL DE CAMIONAGEM S.A.;CQ_BSP_T03J;Contrato Quadro;31-10-2006;Derivados;PRT;
7400211383;N027;04061;NORDASIS IMPORTACAO E EXPORTACAO LDA;CQ_BSP_N027;Contrato Quadro;03-11-2006;Derivados;PRT;
;CT3A;04127;MARIA GABRIELA BARAHONA F. P. BRITO REIS;CQ_BSP_CT3A;Contrato Quadro;26-10-2006;Derivados;PRT;
8046472165;F1KI;04122;MEDINFAR MANUFACTURING S A;CQ_BSP_F1KI;Contrato Quadro;02-11-2006;Derivados;PRT;
7400015101;N02H;04129;NAUTISANTOS - ACTIVIDADES DESPORTIVAS LDA;CQ_BSP_N02H;Contrato Quadro;28-09-2006;Derivados;PRT;
1700164931;Y007;04130;XIPSLON - PRODUCOES GRAFICAS LDA;CQ_BSP_Y007;Contrato Quadro;28-09-2006;Derivados;PRT;
7400066128;OECP;04121;ORCIM-ORGANIZACAO E CONSTRUCAO IMOBILIARIA, LDA;CQ_BSP_OECP;Contrato Quadro;16-10-2006;Derivados;PRT;
6221050208;ES52;11372;ESTORES SOLBRAGA UNIPESSOAL LDA;CQ_BSP_ES25;Contrato Quadro;31-10-2006;Derivados;PRT;
8046413573;S0P0;04125;SPPTH SOCIEDADE DE PROMOCAO DE PROJECTOS TURISTICOS E HOTELEIROS S A;CQ_BSP_S0P0;Contrato Quadro;18-10-2006;Derivados;PRT;
9002684952;ILTE;04126;ISABEL LUISA DA SILVA NUNES, UNIPESSOAL LDA;CQ_BSP_ILTE;Contrato Quadro;14-11-2006;Derivados;PRT;
8026209938;HP0F;04134;HPI - IMOBILIARIA LDA;CQ_BSP_HP0F;Contrato Quadro;03-10-2006;Derivados;PRT;
2881000654;P0CW;04133;PERFINOX - INDUSTRIA METALURGICA S.A.;CQ_BSP_P0CW;Contrato Quadro;18-12-2006;Derivados;PRT;
3471011138;AP0D;04146;ACTUAL PROJECTO - ATELIER DE MODA E ARQUITECTURA, UNIPESSOAL LDA;CQ_BSP_AP0D;Contrato Quadro;11-10-2006;Derivados;PRT;
8042444744;TM0A;04140;TRANSOLIVEIRA-TRANSPORTES MERCADORIAS,LDA;CQ_BSP_TM0A;Contrato Quadro;03-11-2006;Derivados;PRT;
9002444320;A17I;04150;AVELINO & ALFREDO RODRIGUES REPARACAO AUTOMOVEIS LDA;CQ_BSP_A17I;Contrato Quadro;14-12-2006;Derivados;PRT;
8002926156;C18X;04144;COPRIAL COMERCIO DE PECAS E ROLAMENTOS PARA INDUSTRIA E AUTOMOVEIS LDA;CQ_BSP_C18X;Contrato Quadro;21-02-2007;Derivados;PRT;
9001940387;CD5E;04156;CONST COTRIM,LDA;CQ_BSP_CD5E;Contrato Quadro;18-10-2006;Derivados;PRT;
8006130459;R076;04115;RODRIGO & AZEVEDO LDA;CQ_BSP_R076;Contrato Quadro;15-11-2006;Derivados;PRT;
9002634031;CJPV;03410;CONSTRUCOES JOSE PEREIRA - COMPRA VENDA PROPRIEDADES LDA;CQ_BSP_CJPV;Contrato Quadro;14-06-2006;Derivados;PRT;
5100637405;N02G;04162;NRV CONSULTORES ENGENHARIA SA;CQ_BSP_N02G;Contrato Quadro;10-11-2006;Derivados;PRT;
188197;AD2I;04149;ALBANO CASIMIRO BRAZ & FILHOS LDA;CQ_BSP_AD2I;Contrato Quadro;13-10-2006;Derivados;PRT;
5100261727;L02T;04164;LABOMETER SOC TECNICA EQUIPAMENTOS LABORATORIO LDA;CQ_BSP_L02T;Contrato Quadro;20-10-2006;Derivados;PRT;
2101191119;ZPSC;04153;ZEFERINO PINTO DE SOUSA & CA, LDA;CQ_BSP_ZPSC;Contrato Quadro;31-10-2006;Derivados;PRT;
5100275389;HECM;02940;HORAINOX - ACOS INOXIDAVEIS, LDA;CQ_BSP_HECM;Contrato Quadro;16-10-2006;Derivados;PRT;
5100262146;MU0W;04152;MINERVA TRANSMONTANA TIPOGRAFIA LDA;CQ_BSP_MU0W;Contrato Quadro;13-12-2006;Derivados;PRT;
5100492205;E0D6;04147;EUROTUR - TRANSPORTE DE PASSAGEIROS SA;CQ_BSP_E0D6;Contrato Quadro;23-10-2006;Derivados;PRT;
9000825101;RV0E;04165;RICARDO VALE & TEIXEIRA, LDA.;CQ_BSP_RV0E;Contrato Quadro;22-11-2006;Derivados;PRT;
7400115419;GIL6;04082;G-BIT - INFORMATICA, LDA;CQ_BSP_GIL6;Contrato Quadro;14-12-2006;Derivados;PRT;
7400136915;FFL5;04171;FARMACIA FONTE LUMINOSA, UNIPESSOAL, LDA.;CQ_BSP_FFL5;Contrato Quadro;23-10-2006;Derivados;PRT;
8039512916;TDDT;04142;TEP - DISTRIBUICAO PRODUTOS ALIMENTARES LDA;CQ_BSP_TDDT;Contrato Quadro;14-11-2006;Derivados;PRT;
9002614691;CD5F;04157;CONFORFLEX - COLCHOES LDA;CQ_BSP_CD5F;Contrato Quadro;30-11-2006;Derivados;PRT;
8007693218;FAHD;04169;FARMACIA ABILIO GUERRA SOCIEDADE UNIPESSOAL LDA;CQ_BSP_FAHD;Contrato Quadro;19-01-2007;Derivados;PRT;
5100262482;R081;04172;ROCHALGARVE PLANEAMENTO FERIAS PARA TURISMO SA;CQ_BSP_R081;Contrato Quadro;23-11-2006;Derivados;PRT;
9002352179;A197;04148;ALMERINDO & BATISTA CONSTRUCAO CIVIL LDA;CQ_BSP_A197;Contrato Quadro;25-10-2006;Derivados;PRT;
8017739124;F1O0;04170;FAMA - FABRICA DE MARMORES E GRANITOS LDA;CQ_BSP_F1O0;Contrato Quadro;31-10-2006;Derivados;PRT;
2651005484;C200;04173;CICLO 2000 - COMPRA E VENDA DE BENS IMOBILIARIOS, LDA.;CQ_BSP_C200;Contrato Quadro;08-11-2006;Derivados;PRT;
8004928727;JFPP;02937;SADOPAISAGEM, CONSTRUCOES S.A. EM LIQUIDACAO;CQ_BSP_JFPP;Contrato Quadro;07-12-2006;Derivados;PRT;
8004749468;C08J;;NEWONEDRIVE - COMERCIO DE PECAS AUTO S.A.;CQ_BSP_C08J;Contrato Quadro;30-10-2014;Derivados;PRT;
8010643887;RUMR;02252;MARRACHINHO-SUPERMERCADOS ALGARVE SA;CQ_BSP_RUMR;Contrato Quadro;28-11-2006;Derivados;PRT;
8041808631;ACGI;02988;ALBERTO CUNHA GONCALVES & CA LDA;CQ_BSP_ACGI;Contrato Quadro;23-10-2006;Derivados;PRT;
8007820678;P0JK;04187;PORTELEX - CONFECCOES DA PORTELA LDA;CQ_BSP_P0JK;Contrato Quadro;14-11-2006;Derivados;PRT;
8015469191;C1LV;04188;CERNE-INDUSTRIA MOBILIARIO SA;CQ_BSP_C1LV;Contrato Quadro;15-11-2006;Derivados;PRT;
7400115343;JGVL;04191;JOAO CUSTODIO & GRACA LDA;CQ_BSP_JGVL;Contrato Quadro;25-10-2006;Derivados;PRT;
8040117304;APPA;03102;AQUATLANTIS - PRODUTOS PARA ANIMAIS DOMESTICOS S.A.;CQ_BSP_APPA;Contrato Quadro;19-06-2008;Derivados;PRT;
9001867200;JO8S;04192;J.MARCELINO & ROSA-SOCIEDADE DE CONSTRUCOES LDA;CQ_BSP_JO8S;Contrato Quadro;26-10-2006;Derivados;PRT;
5100263967;JGUW;04186;JOSE DIAS FERREIRA SUCESSORES LDA;CQ_BSP_JGUW;Contrato Quadro;30-11-2006;Derivados;PRT;
3671006187;ECMZ;04196;ESPACO CINCO MIL E NOVENTA-SOCIEDADE IMOBILIARIA LDA;CQ_BSP_ECMZ;Contrato Quadro;15-12-2006;Derivados;PRT;
1700050920;P0JT;04202;PRESSPEOPLE EDICAO DE PUBLICACOES LDA;CQ_BSP_P0JT;Contrato Quadro;20-11-2006;Derivados;PRT;
8020603667;JO9U;04203;JOSE MANUEL LEITE CASTRO,LDA;CQ_BSP_JO9U;Contrato Quadro;16-11-2006;Derivados;PRT;
7400036196;MO9N;04200;MANUEL ALMEIDA LDA;CQ_BSP_MO9N;Contrato Quadro;16-11-2006;Derivados;PRT;
9002438968;PS3Z;04206;PISOLISO-PAVIMENTOS, SOCIEDADE UNIPESSOAL, LDA;CQ_BSP_PS3Z;Contrato Quadro;15-11-2006;Derivados;PRT;
7400085326;SSZU;04199;SUPERIO - SUPERMERCADOS LDA;CQ_BSP_SSZU;Contrato Quadro;31-12-2007;Derivados;PRT;
1700203030;CJRW;04207;CANDIDO JOSE RODRIGUES SA;CQ_BSP_CJRW;Contrato Quadro;04-12-2006;Derivados;PRT;
8046345932;S0PS;04211;SUPERFIEL - SUPERMERCADOS, LDA.;CQ_BSP_S0PS;Contrato Quadro;14-11-2006;Derivados;PRT;
7400068923;C0II;04213;CONSINTER - CONSTRUCOES DO INTERIOR, LDA;CQ_BSP_C0II;Contrato Quadro;03-11-2006;Derivados;PRT;
9002534867;VFMO;04220;VIDRARIA F MOREIRA LDA;CQ_BSP_VFMO;Contrato Quadro;02-11-2006;Derivados;PRT;
1700022402;FV0F;04234;FORUM VILLAE, COMPRA E VENDA DE IMOVEIS LDA;CQ_BSP_FV0F;Contrato Quadro;16-11-2006;Derivados;PRT;
7400143272;A1J2;04236;ARTI - IMOBILIARIA S.A.;CQ_BSP_A1J2;Contrato Quadro;28-11-2006;Derivados;PRT;
9000670824;AEFB;02948;A.J.CORREIA E FILHOS,LDA;CQ_BSP_AEFB;Contrato Quadro;23-11-2006;Derivados;PRT;
9001301166;IL15;04238;IMPRIMETRIPA LDA;CQ_BSP_IL15;Contrato Quadro;14-03-2007;Derivados;PRT;
8041258151;FMW8;04243;FERNANDO M. SOARES & FILHOS SA;CQ_BSP_FMW8;Contrato Quadro;29-11-2006;Derivados;PRT;
3311004470;I03Q;04231;INTERLAGO - SOC INTERNACIONAL GESTAO E ORGANIZACAO EMPRESAS LDA;CQ_BSP_I03Q;Contrato Quadro;15-12-2006;Derivados;PRT;
9002473746;TL0F;04232;TERESA LIBARATO - CONSTRUCOES, SOCIEDADE UNIPESSOAL LDA;CQ_BSP_TL0F;Contrato Quadro;22-12-2006;Derivados;PRT;
8021887252;TPDM;02727;MAGOS IRRIGATION SYSTEMS S.A.;CQ_BSP_TPDM;Contrato Quadro;15-12-2006;Derivados;PRT;
8039865898;VAOF;02728;HUBEL VERDE - ENGENHARIA AGRONOMICA S.A.;CQ_BSP_VAOF;Contrato Quadro;15-12-2006;Derivados;PRT;
2101094219;G49I;04219;GEPROCEA - SERVICOS ENGENHARIA, LDA.;CQ_BSP_G49I;Contrato Quadro;15-12-2006;Derivados;PRT;
8045008130;GDB5;04244;G.M-OFICINA DE ARTES GRAFICAS LDA;CQ_BSP_GDB5;Contrato Quadro;04-01-2007;Derivados;PRT;
8038133261;HCAU;01763;HUBEL INDUSTRIA DA AGUA AMBIENTE E OBRAS PUBLICAS SA;CQ_BSP_HCAU;Contrato Quadro;15-12-2006;Derivados;PRT;
8020504835;HEEB;02729;HUBEL INFRAESTRUTURAS E SERVICOS LDA;CQ_BSP_HEEB;Contrato Quadro;15-12-2006;Derivados;PRT;
7400232833;AM2I;04204;AMARAL MARTINS & FILHOS - SOCIEDADE DE CONSTRUCAO LDA;CQ_BSP_AM2I;Contrato Quadro;14-11-2006;Derivados;PRT;
8041790031;M1J8;05330;MACOBOLIM - MATERIAIS E EQUIP. CONSTRUCAO CIVIL LDA.;CQ_BSP_M1J8;Contrato Quadro;28-09-2007;Derivados;PRT;
57656;CZ3G;05344;CONGUI-CONFECCOES DE GUIMARAES, LDA;CQ_BSP_CZ3G;Contrato Quadro;16-07-2007;Derivados;PRT;
8042053070;SI7S;05343;S.F.S. - INDUSTRIA DE BORDADOS LDA;CQ_BSP_SI7S;Contrato Quadro;01-08-2007;Derivados;PRT;
9002609194;DS51;05341;DUPLASI SOCIEDADE DE CONSTRUCOES E OBRAS PUBLICAS;CQ_BSP_DS51;Contrato Quadro;07-08-2007;Derivados;PRT;
2671007726;TDL3;05342;TRANSPORTES DIOBRUNO LDA;CQ_BSP_TDL3;Contrato Quadro;27-09-2007;Derivados;PRT;
8000020141;K6GH;05346;JOAQUIM SOUSA AFONSO BATISTA,LDA;CQ_BSP_K6GH;Contrato Quadro;12-09-2007;Derivados;PRT;
7400167104;CYZ8;05315;CARNES CASAL DO SEIXO LDA;CQ_BSP_CYZ8;Contrato Quadro;13-08-2007;Derivados;PRT;
7400268844;RIGA;05339;REIC II - TELECOMUNICACOES LDA;CQ_BSP_RIGA;Contrato Quadro;18-09-2007;Derivados;PRT;
5100365728;NL5X;05338;MR BUS AUTOCARROS DE ALUGUER LDA;CQ_BSP_NL5X;Contrato Quadro;31-07-2007;Derivados;PRT;
2101012666;B1TJ;05322;AMAZONIA PAO PADARIA E PASTELARIA, LDA;CQ_BSP_B1TJ;Contrato Quadro;01-08-2007;Derivados;PRT;
7400117902;IAK6;05352;IMOBILIARIA ALTO DO VAZ, UNIPESSOAL, LDA;CQ_BSP_IAK6;Contrato Quadro;14-09-2007;Derivados;PRT;
9002444911;B20N;05353;A TELEVILA - UTILIDADES DOMESTICAS LDA;CQ_BSP_B20N;Contrato Quadro;28-08-2007;Derivados;PRT;
7400206611;B1V0;05334;ARMANDO NOVAIS E IRMAO - IMOBILIARIA, LDA;CQ_BSP_B1V0;Contrato Quadro;26-07-2007;Derivados;PRT;
8046569850;B1WU;05318;ALTO DA COLINA - CONSTRUCOES, S.A.;CQ_BSP_B1WU;Contrato Quadro;18-07-2007;Derivados;PRT;
2431007341;B1SM;05321;BETABARCO - SOCIEDADE TRANSPORTES UNIPESSOAL, LDA;CQ_BSP_B1SM;Contrato Quadro;23-07-2007;Derivados;PRT;
7400315567;DL1C;05336;DYNAMICINNOVATION LDA;CQ_BSP_DL1C;Contrato Quadro;07-09-2007;Derivados;PRT;
2391015091;E0ZT;05310;ELPEMI - INVESTIMENTOS IMOBILIARIOS, S.A.;CQ_BSP_E0ZT;Contrato Quadro;21-08-2007;Derivados;PRT;
5100299744;PGY7;05350;PLACOIBÉRICA GESSOS SA;CQ_BSP_PGY7;Contrato Quadro;16-07-2007;Derivados;PRT;
7400335150;ID4C;05370;IMOBILIARIA DRAGO - SOCIEDADE IMOBILIARIA SA;CQ_BSP_ID4C;Contrato Quadro;28-09-2007;Derivados;PRT;
2431005029;F0SA;04022;FILASA - FIACAO ARMANDO SILVA ANTUNES S.A.;CQ_BSP_F0SA;Contrato Quadro;15-12-2009;Derivados;PRT;
8046165941;C2SO;05367;CONTOIL COMERCIO DE COMBUSTIVEIS SA;CQ_BSP_C2SO;Contrato Quadro;08-08-2007;Derivados;PRT;
8039945122;ED9T;05340;EDENPOR COMERCIO INDUSTRIA PORCELANAS LDA;CQ_BSP_ED9T;Contrato Quadro;28-09-2007;Derivados;PRT;
8026735594;M1JG;05356;MOVACO-MOVIMENTACAO INDUSTRIAL LDA;CQ_BSP_M1JG;Contrato Quadro;02-08-2007;Derivados;PRT;
9001903816;B266;05389;ALVESMAR - COMERCIO DE PRODUTOS ALIMENTARES S.A.;CQ_BSP_B266;Contrato Quadro;30-10-2007;Derivados;PRT;
7400325644;SA80;05364;SANTA ADELAIDE - FABRICA DE FELPOS S.A.;CQ_BSP_SA80;Contrato Quadro;29-08-2007;Derivados;PRT;
7400355107;PG4H;05365;PAIVABOWLING LDA;CQ_BSP_PG4H;Contrato Quadro;24-07-2007;Derivados;PRT;
9001866924;CZ5T;05368;CONSTRUCOES CARRASQUEIRA & FREIRE LDA;CQ_BSP_CZ5T;Contrato Quadro;21-08-2007;Derivados;PRT;
8008968318;NLJX;05371;METALO-SORRAIA-METALOMECANICA DO SORRAIA LDA;CQ_BSP_NLJX;Contrato Quadro;26-07-2007;Derivados;PRT;
7400239040;S1V2;05424;SWEETS AND SUGAR - PRODUCAO COMERCIALIZACAO DE ACUCAR E SEUS DERIVADOS;CQ_BSP_S1V2;Contrato Quadro;30-10-2007;Derivados;PRT;
8046525656;K6NC;05374;JOSE VIEGAS & FILHOS LDA;CQ_BSP_K6NC;Contrato Quadro;20-09-2007;Derivados;PRT;
8023298523;CZ6Q;05375;CUNHA BARROS & SANTOS,LDA;CQ_BSP_CZ6Q;Contrato Quadro;03-08-2007;Derivados;PRT;
220417;J080;05380;JORGE & FILHOS LDA;CQ_BSP_J080;Contrato Quadro;22-08-2007;Derivados;PRT;
9002103201;TCT5;05383;TRANSPORTADORA CENTRAL SERTA LDA;CQ_BSP_TCT5;Contrato Quadro;26-09-2007;Derivados;PRT;
2381005568;T0BV;05429;TIMELOG TRANSPORTES LOGISTICA, LDA;CQ_BSP_T0BV;Contrato Quadro;16-01-2008;Derivados;PRT;
34843;JSJZ;05313;JFS-SOCIEDADE DE CONSTRUCOES JOAQUIM FERREIRA DOS SANTOS, LDA;CQ_BSP_JSJZ;Contrato Quadro;17-09-2007;Derivados;PRT;
8028731464;CZ5U;05360;CASA TINOCO-MOVEIS DECORACOES,LDA;CQ_BSP_CZ5U;Contrato Quadro;31-07-2007;Derivados;PRT;
7400344793;B28S;05393;ACESSORIOS AUTO 90 DE A.J.CAMPOS BARROS & FILHO LDA.;CQ_BSP_B28S;Contrato Quadro;07-08-2007;Derivados;PRT;
277671;HSDS;02250;HABIGONCALVES-CONSTRUCOES,LDA;CQ_BSP_HSDS;Contrato Quadro;21-03-2005;Derivados;PRT;
9002309243;P0VS;05403;PEREIRA & INOCENCIO-CONSTRUCAO CIVIL LDA;CQ_BSP_P0VS;Contrato Quadro;08-10-2007;Derivados;PRT;
7400242240;CZBA;05391;CARPINTARIAS C. CRUZ, LDA;CQ_BSP_CZBA;Contrato Quadro;02-08-2007;Derivados;PRT;
8042138475;HI0N;05395;HABICAVADO, IMOBILIARIA LDA;CQ_BSP_HI0N;Contrato Quadro;14-08-2007;Derivados;PRT;
7400269842;RUL6;05402;RIBALTA-CAR UNIPESSOAL LDA;CQ_BSP_RUL6;Contrato Quadro;04-09-2007;Derivados;PRT;
7400369738;M1K6;05422;GATELEVEN, LDA;CQ_BSP_M1K6;Contrato Quadro;11-09-2007;Derivados;PRT;
7400221231;T0BT;05418;TRICKNIT - TEXTEIS, LDA;CQ_BSP_T0BT;Contrato Quadro;28-09-2007;Derivados;PRT;
7400104248;P0VV;05427;PIPEWORK - METALOMECANICA INTERNACIONAL, LDA;CQ_BSP_P0VV;Contrato Quadro;31-07-2007;Derivados;PRT;
8010614656;K6FE;05337;JOSE ANTUNES RIBEIRO & CA.,LDA;CQ_BSP_K6FE;Contrato Quadro;09-08-2007;Derivados;PRT;
8009655464;HCAL;05412;HEITOR CAMPOS AMOEDO LDA;CQ_BSP_HCAL;Contrato Quadro;13-08-2007;Derivados;PRT;
8042353521;NM81;05439;XAMANC - NEGOCIOS DA CHINA, LDA;CQ_BSP_NM81;Contrato Quadro;13-08-2007;Derivados;PRT;
9001957522;M00Y;03317;MATEUS & PALRICAS - CONSTRUCOES E SERRALHARIA, LDA;CQ_BSP_M00Y;Contrato Quadro;15-02-2006;Derivados;PRT;
7400097961;Q011;05441;QUALIGEL - PRODUTOS CONGELADOS, S.A.;CQ_BSP_Q011;Contrato Quadro;21-08-2007;Derivados;PRT;
8008001869;PV0U;05440;PANDOLINA - COMERCIO DE VESTUARIO LDA;CQ_BSP_PV0U;Contrato Quadro;29-08-2007;Derivados;PRT;
8021824916;HELJ;03462;HIGIENOVA-HIGIENE E LIMPEZA INDUSTRIAL LDA;CQ_BSP_HELJ;Contrato Quadro;07-08-2007;Derivados;PRT;
5100269779;JDST;02754;JOAMAR TRATAMENTO DE SUPERFICIES SA;CQ_BSP_JDST;Contrato Quadro;17-08-2005;Derivados;PRT;
8040873147;PM37;05355;PADARIA MONTALVAO,LDA;CQ_BSP_PM37;Contrato Quadro;27-09-2007;Derivados;PRT;
9000628842;R0GZ;05366;RAMOS & VARELA, S.A.;CQ_BSP_R0GZ;Contrato Quadro;04-09-2007;Derivados;PRT;
8041411755;CZ4I;05348;S. PINTOS ENGENHARIA E CONSTRUCAO SA;CQ_BSP_CZ4I;Contrato Quadro;13-09-2007;Derivados;PRT;
7400097723;T01E;03715;TERMOAMBIENTE - REP. SISTEMAS CLIMATIZACAO UNIPESSOAL LDA;CQ_BSP_T01E;Contrato Quadro;23-06-2006;Derivados;PRT;
8041213209;B2IZ;05497;BARCELTECNICA-MATERIAL ELECTRICO SA;CQ_BSP_B2IZ;Contrato Quadro;21-08-2007;Derivados;PRT;
7401577076;IL1X;05362;IMESL IMOBILIARIA LDA;CQ_BSP_IL1X;Contrato Quadro;13-08-2007;Derivados;PRT;
8001576307;FACS;01245;FLORENCIO AUGUSTO CHAGAS,SA;CQ_BSP_FACS;Contrato Quadro;01-08-2003;Derivados;PRT;
7400021695;JVNG;02626;JUNKITO - CONSTRUCOES, LDA;CQ_BSP_JVNG;Contrato Quadro;15-07-2005;Derivados;PRT;
5100456368;W03L;05453;WILSON & MARTINS AUTOMOVEIS OSC;CQ_BSP_W03L;Contrato Quadro;13-08-2007;Derivados;PRT;
2100670259;DD0X;05595;SONORGAS SOCIEDADE DE GAS DO NORTE S A;CQ_BSP_DD0X;Contrato Quadro;10-12-2009;Derivados;PRT;
6221048359;LFA6;05593;LUIS FILIPE ALMEIDA-UNIPESSOAL,LDA;CQ_BSP_LFA6;Contrato Quadro;27-08-2007;Derivados;PRT;
8046252773;NN37;05596;MADEIRAS PE DA SERRA, LDA;CQ_BSP_NN37;Contrato Quadro;01-10-2007;Derivados;PRT;
9000628067;PCLD;03344;PATAMARES-CONSTRUCOES CIVIS,LDA;CQ_BSP_PCLD;Contrato Quadro;28-03-2006;Derivados;PRT;
7400161852;A2YO;05498;ALFAPAR-GESTAO IMOBILIARIA S.A.;CQ_BSP_A2YO;Contrato Quadro;20-09-2007;Derivados;PRT;
7400335194;ETED;05594;ETAPA SEGUINTE LDA;CQ_BSP_ETED;Contrato Quadro;04-09-2007;Derivados;PRT;
5100270948;GCRL;02714;GARAGEM CALVELO-COMERCIO REPARACAO,LDA.;CQ_BSP_GCRL;Contrato Quadro;03-08-2005;Derivados;PRT;
8002768332;OGCF;01063;CALHEIROS EMBALAGENS SA;CQ_BSP_OGCF;Contrato Quadro;19-12-2005;Derivados;PRT;
54832;S1W9;05586;SINTRAPECAS - AUTO ACESSORIOS LDA;CQ_BSP_S1W9;Contrato Quadro;12-09-2007;Derivados;PRT;
7400350838;PNFS;05536;PORTO NOBRE - PROMOCAO IMOBILIARIA LDA;CQ_BSP_PNFS;Contrato Quadro;20-11-2008;Derivados;PRT;
1700091633;NN2V;05589;MUNDITECTOS DIVISORIAS E TECTOS FALSOS, LDA;CQ_BSP_NN2V;Contrato Quadro;21-09-2007;Derivados;PRT;
17484;LE7A;05587;LUSOFER - PROMOCAO E GESTAO IMOBILIARIA LDA;CQ_BSP_LE7A;Contrato Quadro;17-09-2007;Derivados;PRT;
2100605057;NNCL;05644;NORPEDRAS PEDRAS DO NORTE, LDA;CQ_BSP_NNCL;Contrato Quadro;04-09-2007;Derivados;PRT;
7400279475;NZWV;07664;MESTRE PAO LDA;NZWV;Contrato Quadro;28-04-2009;Derivados;PRT;
7400397995;M1Y2;07686;MARGARIDA DIAS UNIPESSOAL LDA;M1Y2;Contrato Quadro;03-04-2008;Derivados;PRT;
2291060643;HMJF;07437;HUGO MIGUEL GOMES CANSADO CORVO;HMJF;Contrato Quadro;02-04-2008;Derivados;PRT;
8024829410;C3J5;08604;COMPLETO & FARIA INVESTIMENTOS IMOBILIARIOS LDA;C3J5;Contrato Quadro;24-06-2008;Derivados;PRT;
8006201892;KFQK;07781;JAMARAL-REPARACAO COMERC VEICULOS LDA;KFQK;Contrato Quadro;09-05-2008;Derivados;PRT;
7400421377;BUL1;07785;BLUSHOES UNIPESSOAL LDA;BUL1;Contrato Quadro;08-04-2008;Derivados;PRT;
9000670023;RUB2;09330;RECONCO - COMERCIO MATERIAIS CONSTRUCAO, SOCIEDADE UNIPESSOAL, LDA.;RUB2;Contrato Quadro;01-08-2008;Derivados;PRT;
7400027220;HP07;08655;HOME PROVIDER - ENGENHARIA E CONSTRUCOES S.A.;HP07;Contrato Quadro;21-05-2008;Derivados;PRT;
7400199995;B9UI;08658;BARATA & ESTEVAO - CONSTRUCAO CIVIL LDA;B9UI;Contrato Quadro;23-05-2008;Derivados;PRT;
8041881656;DO0F;08689;D.M.D.I. ARTIGOS OPTICOS LDA;DO0F;Contrato Quadro;29-05-2008;Derivados;PRT;
8038941959;L0C3;08685;LOURIZELA - TERRAPLANAGENS LDA;L0C3;Contrato Quadro;27-05-2008;Derivados;PRT;
7400417503;RR67;08705;RESTAURANTE VIA LIDADOR DE ARMINDO & JULIA LDA;RR67;Contrato Quadro;26-05-2008;Derivados;PRT;
7400344972;HGHS;08725;HERMANOS GARCIA HERMOSO SAL SUC PORTUGAL;HGHS;Contrato Quadro;02-06-2008;Derivados;PRT;
7400114084;H0J4;09553;HORIZONTE MAIS - SERVICOS DE CONTROLE E VIGILANCIA LDA;CQ_BSP_H0J4;Contrato Quadro;15-09-2008;Derivados;PRT;
8043202525;FM2I;08683;FARELO & MENDES - CONSTRUCOES, LDA;FM2I;Contrato Quadro;27-05-2008;Derivados;PRT;
9000668321;BD4D;08745;BIMBA CONSTRUCOES LDA;BD4D;Contrato Quadro;12-06-2008;Derivados;PRT;
7400455956;F7L5;09818;FLAVIO & ANDRE - FABRICANTE DE MOBILIARIO E REVESTIMENTOS LDA.;F7L5;Contrato Quadro;25-09-2008;Derivados;PRT;
7400099972;S2MZ;09852;S.S.D.P. - IMOBILIARIA LDA;S2MZ;Contrato Quadro;06-10-2008;Derivados;PRT;
8040673948;M219;08766;MATPROJET-REVEST.MAT.ISOLAMENTO,LDA;N219;Contrato Quadro;15-07-2008;Derivados;PRT;
7400076816;O652;10122;MATERIACTIVA-PRODUTOS HIGIENE E LIMPEZA INDUSTRIAL LDA;CQ_BSP_O652;Contrato Quadro;24-09-2008;Derivados;PRT;
7400317828;SU2Y;08818;SUPERAZEITAO - SUPERMERCADOS, S.A.;su2y;Contrato Quadro;02-06-2008;Derivados;PRT;
1700053213;BG4B;09796;ANTONIO AGUIAR DE MATOS INVESTIMENTOS E GESTAO LDA;CQ_BSP_BG4B;Contrato Quadro;16-09-2008;Derivados;PRT;
113630;BGYJ;10102;A. SANTO - EMPREENDIMENTOS INDUSTRIAIS E TURISTICOS S.A.;BGYJ;Contrato Quadro;30-10-2008;Derivados;PRT;
1700094460;SO3T;08861;RUI RIBEIRO DESPACHANTE OFICIAL, UNIPESSOAL LDA;SO3T;Contrato Quadro;17-06-2008;Derivados;PRT;
2101645736;QET0;06879;QUADRANTE VIAGENS E TURISMO, LDA;CQ_BSP_QET0;Contrato Quadro;18-02-2008;Derivados;PRT;
8007828197;IR2P;06728;IRMAOS RODRIGUES CONFECCOES S A;CQ_BSP_IR2P;Contrato Quadro;06-04-2018;Derivados;PRT;
7400213129;B64O;06866;BOER & SIEBERT, LDA.;CQ_BSP_B64O;Contrato Quadro;11-02-2008;Derivados;PRT;
7400318032;LH9Y;06898;LUSITANEACAR COMERCIO AUTOMOVEIS LDA;CQ_BSP_LH9Y;Contrato Quadro;06-02-2008;Derivados;PRT;
8046555914;IB65;06902;ILIDIO ALBUQUERQUE UNIPESSOAL LDA;CQ_BSP_IB65;Contrato Quadro;07-02-2008;Derivados;PRT;
7400310198;D30X;06905;CONSTRUCOES ARISTIDES E FILHOS LDA;CQ_BSP_D30X;Contrato Quadro;11-02-2008;Derivados;PRT;
7400376712;PI8Q;06909;PARAISO DA FRUTA - UNIPESSOAL LDA;CQ_BSP_PI8Q;Contrato Quadro;29-01-2008;Derivados;PRT;
7400370075;D32I;06911;CAPA E TAL MARKETING PUBLICIDADE E SERVICOS LDA;CQ_BSP_D32I;Contrato Quadro;11-02-2008;Derivados;PRT;
;LNT9;;GLNMOLDS, S.A.;CQ_BSP_LNT9;Contrato Quadro;16-01-2017;Derivados;PRT;
7400421030;PI4P;06775;PRIO ENERGY, S.A.;CQ_BSP_PI4P;Contrato Quadro;01-08-2008;Derivados;PRT;
5100605541;FT7H;06921;FARMÁCIA SILVEIRENSE UNIPESSOAL LDA;CQ_BSP_FT7H;Contrato Quadro;28-03-2008;Derivados;PRT;
9001948330;IPJA;06941;IMO PASCOAL CONSTROI LDA;CQ_BSP_IPJA;Contrato Quadro;08-02-2008;Derivados;PRT;
8007705981;ENU7;06943;ELMANO MENDES, LDA;CQ_BSP_ENU7;Contrato Quadro;02-04-2008;Derivados;PRT;
8046316824;KCEO;06957;JDES MATERIAL ELECTRICO E DE SEGURANCA LDA;CQ_BSP_KCEO;Contrato Quadro;21-02-2008;Derivados;PRT;
7400406058;TDR5;06952;TERREIRO DA ROSA - COMPRA E VENDA DE IMOVEIS LDA;CQ_BSP_TDR5;Contrato Quadro;15-01-2019;Derivados;PRT;
7400404825;STWH;06955;SODIPENAFIEL SOCIEDADE GESTORA PARTICIPACOES SOCIAIS LDA;CQ_BSP_STWH;Contrato Quadro;12-03-2008;Derivados;PRT;
1700123826;B6HQ;06987;BIZZYLAND MEDIACAO IMOBILIARIA LDA;CQ_BSP_B6HQ;Contrato Quadro;01-02-2008;Derivados;PRT;
3471010937;C37P;06968;CONSTRUCOES 2015 LDA;CQ_BSP_C37P;Contrato Quadro;27-03-2008;Derivados;PRT;
1700049680;F1X4;06983;FERRAO & GUERRA, LDA;CQ_BSP_F1X4;Contrato Quadro;15-02-2008;Derivados;PRT;
7400433506;C37O;06965;CONTRADANCA LDA;CQ_BSP_C37O;Contrato Quadro;20-03-2008;Derivados;PRT;
8046402025;B6IC;06997;A.B.F. E JORSOAL - CONSTRUCOES, LDA;CQ_BSP_B6IC;Contrato Quadro;06-02-2008;Derivados;PRT;
9000676096;DC3M;06978;DALICONSTROI-SOCIEDADE CONSTRUCOES,LDA;CQ_BSP_DC3M;Contrato Quadro;03-07-2008;Derivados;PRT;
; LSDR;;LABURCOL - SOCIEDADE DE EMPREENDIMENTOS URBANISTICOS,SA;CQ_BSP_LSDR;Contrato Quadro;14-02-2008;Derivados;PRT;
9002479600;D386;07007;CASA DAS QUEIJADAS-ACTIVIDADES HOTELEIRAS LDA;CQ_BSP_D386;Contrato Quadro;13-02-2008;Derivados;PRT;
9000684866;NVYS;07009;MAFAVIS-SOCIEDADE IMOBILIARIA S.A.;CQ_BSP_NVYS;Contrato Quadro;12-03-2008;Derivados;PRT;
7400126173;D39N;07020;COMBUSTIVEIS NORA SOCIEDADE UNIP LDA;CQ_BSP_D39N;Contrato Quadro;29-02-2008;Derivados;PRT;
7400367405;SKJ1;06995;SONHOS DE CAMPO - EMPREENDIMENTOS HOTELEIROS IMOBILIARIOS LDA;CQ_BSP_SKJ1;Contrato Quadro;29-02-2008;Derivados;PRT;
7400321773;NW43;07053;MANUEL TEIXEIRA - TRANSPORTES BETAO LDA;CQ_BSP_NW43;Contrato Quadro;04-03-2008;Derivados;PRT;
7400171822;NW2O;07017;NUMBER ONE - MULTI SERVICES LDA;CQ_BSP_NW2O;Contrato Quadro;21-02-2008;Derivados;PRT;
9000680548;DL1I;07065;DANIEL LOURENCO, LDA;CQ_BSP_DL1I;Contrato Quadro;11-02-2008;Derivados;PRT;
140439;S282;06963;SODIVENDA-SOCIEDADE DE CONSTRUCOES E VENDAS, LDA;CQ_BSP_S282;Contrato Quadro;13-03-2008;Derivados;PRT;
15130;R0IJ;07075;RADAL - INDUSTRIA DE FRIGORIFICOS LDA;CQ_BSP_R0IJ;Contrato Quadro;25-03-2008;Derivados;PRT;
7400267872;P12B;07084;PIRES & SOUSA II - SOCIEDADE IMOBILIRIA LDA;CQ_BSP_P12B;Contrato Quadro;04-03-2008;Derivados;PRT;
1700171447;C38D;07086;CAMPOS & RIBEIRO, LDA;CQ_BSP_C38D;Contrato Quadro;19-03-2008;Derivados;PRT;
7400316199;GL1C;07105;GARDENGATE, S.A.;CQ_BSP_GL1C;Contrato Quadro;05-03-2008;Derivados;PRT;
3331000037;GS71;07113;GELSITIO PRODUTOS ALIMENTARES CONGELADOS S A;CQ_BSP_GS71;Contrato Quadro;07-12-2017;Derivados;PRT;
1700066000;KCYN;07114;JOSE PIMENTA E ASSOCIADOS SOCIEDADE ADVOGADOS RL;CQ_BSP_KCYN;Contrato Quadro;18-03-2008;Derivados;PRT;
8046400453;PD61;05063;PEDRAVALVERDE - CONSTRUCOES LDA;CQ_BSP_PD61;Contrato Quadro;21-04-2008;Derivados;PRT;
7400235292;SD0C;07130;SPLASH DESIGN - DESIGN GRAFICO E COMUNICACAO, UNIPESSOAL LDA;CQ_BSP_SD0C;Contrato Quadro;18-03-2008;Derivados;PRT;
7400285791;EHHY;07121;EASY FIT - CENTRO DE BEM ESTAR E EMAGRECIMENTO LDA;CQ_BSP_EHHY;Contrato Quadro;18-03-2008;Derivados;PRT;
2391012611;LLAD;02904;LACORAL, IMOBILIARIA, S.A.;CQ_BSP_LLAD;Contrato Quadro;10-03-2008;Derivados;PRT;
7400424083;VAWY;07145;SUGARHOUSE - IMOBILIARIA S.A.;CQ_BSP_VAWY;Contrato Quadro;06-03-2008;Derivados;PRT;
7400309557;S28R;07137;SODIMALVEIRA - SUPERMERCADOS LDA;CQ_BSP_S28R;Contrato Quadro;26-02-2008;Derivados;PRT;
7400307417;T0DM;07164;TEJO & CLEJO LDA;CQ_BSP_T0DM;Contrato Quadro;17-02-2010;Derivados;PRT;
7400197522;S28W;07141;SUPERMALVEIRAIMO - SOCIEDADE GESTAO IMOBILIARIA LDA;CQ_BSP_S28W;Contrato Quadro;26-02-2008;Derivados;PRT;
5100265579;D3HY;07153;CONSTRUCOES CAVALHEIRO ROQUE & FILHO LDA;CQ_BSP_D3HY;Contrato Quadro;29-02-2008;Derivados;PRT;
7400106032;S28X;07142;SUPERMARFRAIMO - SOCIEDADE GESTAO IMOB LDA;CQ_BSP_S28X;Contrato Quadro;05-03-2008;Derivados;PRT;
7400331105;D3IJ;07166;CINCO MEDIA - S.G.P.S. S.A.;CQ_BSP_D3IJ;Contrato Quadro;20-02-2008;Derivados;PRT;
1700215627;D01I;07173;DOCUMENTA - SOCIEDADE IMOBILIARIA UNIPESSOAL LDA;CQ_BSP_D01I;Contrato Quadro;20-02-2008;Derivados;PRT;
6221035983;B701;07182;ARLINDO SILVA - ARTES GRAFICAS, LDA;CQ_BSP_B701;Contrato Quadro;28-02-2008;Derivados;PRT;
8045438366;NWZU;07180;MANUEL FERREIRA SILVA LDA;CQ_BSP_NWZU;Contrato Quadro;25-02-2008;Derivados;PRT;
8032755108;F6HQ;07185;FERREIRA & CARVALHO-CONSTRUCOES,LDA;CQ_BSP_F6HQ;Contrato Quadro;27-02-2008;Derivados;PRT;
5100286919;B70U;07189;ANTONIO GOMES E MIGUEL CARVALHO IMOBILIARIA E CONSTRUCOES LDA;CQ_BSP_B70U;Contrato Quadro;27-02-2008;Derivados;PRT;
2100588808;IC4H;07187;IRMAOS CHAVES SOCIEDADE DE CONSTRUCOES LDA;CQ_BSP_IC4H;Contrato Quadro;03-03-2008;Derivados;PRT;
5100585521;NX1Z;07194;NOVANDAR - EMPREENDIMENTOS IMOBILIARIOS LDA;CQ_BSP_NX1Z;Contrato Quadro;26-02-2008;Derivados;PRT;
7400287985;NXA2;07210;M. R. E SALGADO LDA;CQ_BSP_NXA2;Contrato Quadro;03-03-2008;Derivados;PRT;
2881000642;B77B;07219;ALUMICAMBRA - ALUMINIOS, LDA;CQ_BSP_B77B;Contrato Quadro;17-03-2008;Derivados;PRT;
5100277468;B75X;07214;ALVARO OLIVENCA LDA;CQ_BSP_B75X;Contrato Quadro;04-03-2008;Derivados;PRT;
8022559529;TI1E;07223;TERMOELECTRICIDADE-ELECTRICIDADE INSTRUMENTACAO,LDA;CQ_BSP_TI1E;Contrato Quadro;03-03-2008;Derivados;PRT;
7400354171;SNR5;07213;STUGAL MONTAGEM TUBAGEM METALOMECANICA HIDRAULICA LDA;CQ_BSP_SNR5;Contrato Quadro;22-02-2008;Derivados;PRT;
7400070676;T0DR;07221;TOPA & C. , LDA;CQ_BSP_T0DR;Contrato Quadro;09-01-2009;Derivados;PRT;
1700139609;V0HO;07240;VIDROTORRE - INDUSTRIA TRANSFORMADORA DE VIDRO PLANO LDA;CQ_BSP_V0HO;Contrato Quadro;25-02-2008;Derivados;PRT;
5100263900;T0DU;07238;TOPTINTAS - FABRICO E COMERCIO DE TINTAS LDA;CQ_BSP_T0DU;Contrato Quadro;05-03-2008;Derivados;PRT;
7400059222;E184;07251;ELECTRORECTA - INSTALACOES ELECTRICAS E CANALIZACOES LDA;CQ_BSP_E184;Contrato Quadro;29-02-2008;Derivados;PRT;
8026474981;LNVL;07257;LEICAM MALHAS CONFECCOES LDA;CQ_BSP_LNVL;Contrato Quadro;06-03-2008;Derivados;PRT;
8044811707;I0TC;07259;IMOGILMONDE - CONSTRUCOES, LDA;CQ_BSP_I0TC;Contrato Quadro;06-03-2008;Derivados;PRT;
7400018970;D3V7;07268;CASA DE SAO CAETANO-RESIDENCIA PARA IDOSOS LDA;CQ_BSP_D3V7;Contrato Quadro;19-03-2008;Derivados;PRT;
7400102209;F6LO;07270;FARIA & PINTO - COMERCIO DE AUTOMOVEIS, LDA;CQ_BSP_F6LO;Contrato Quadro;06-03-2008;Derivados;PRT;
8039845449;B7FG;07272;AUTO LAVAGEM MORIANO LDA;CQ_BSP_B7FG;Contrato Quadro;06-03-2008;Derivados;PRT;
8010386246;D3UY;07267;CARLOS SOUSA. LDA;CQ_BSP_D3UY;Contrato Quadro;02-04-2008;Derivados;PRT;
2100825441;VRD3;07276;VICTOR RAMOS CONSTRUCÕES SOCIEDADE UNIPESSOAL, LDA;CQ_BSP_VRD3;Contrato Quadro;25-02-2008;Derivados;PRT;
7400447910;KE3Z;07277;KANKKUNEN MOTORSPORT LDA;CQ_BSP_KE3Z;Contrato Quadro;29-02-2008;Derivados;PRT;
8046416861;VM2F;07242;VITOR MOTA & PAULO, LDA;CQ_BSP_VM2F;Contrato Quadro;04-03-2008;Derivados;PRT;
253520;PTQ5;07247;PATRICIOS, SA;CQ_BSP_PTQ5;Contrato Quadro;12-03-2008;Derivados;PRT;
8040132639;NY7J;07295;NASCIMENTO & NASCIMENTO LDA;CQ_BSP_NY7J;Contrato Quadro;07-03-2008;Derivados;PRT;
8002254403;A3IG;07316;AJAX-IND.CALCADO,LDA;CQ_BSP_A3IG;Contrato Quadro;18-03-2008;Derivados;PRT;
7400071789;PLXU;07318;PERFUMARIA LIANA UNIPESSOAL LDA;CQ_BSP_PLXU;Contrato Quadro;07-03-2008;Derivados;PRT;
1700176495;L01F;07331;LIMPARKAUTO - PARQUEAMENTO E LAVAGEM AUTOMOVEL, LDA;CQ_BSP_L01F;Contrato Quadro;15-04-2008;Derivados;PRT;
8027645000;RL7R;07326;RICAMEL COMERCIO CARNES LDA;CQ_BSP_RL7R;Contrato Quadro;10-03-2008;Derivados;PRT;
8046288029;DELK;07309;D.MEDEIRO-EQUIPAMENTOS ELECTRICOS LDA;CQ_BSP_DELK;Contrato Quadro;26-03-2008;Derivados;PRT;
1700164070;B7R1;07346;ASSUNCAO SANTOS LDA;CQ_BSP_B7R1;Contrato Quadro;20-03-2008;Derivados;PRT;
8026034907;L0BB;07366;LIMPAFLOR-LIMPEZAS,LDA;CQ_BSP_L0BB;Contrato Quadro;20-03-2008;Derivados;PRT;
1700110361;A3JD;07392;ARTIFOFO - EQUIPAMENTOS HOSPITALARES E FARMACEUTICOS, LDA;CQ_BSP_A3JD;Contrato Quadro;05-05-2008;Derivados;PRT;
8038887825;A3JI;07396;ALDA - TEXTEIS LDA;CQ_BSP_A3JI;Contrato Quadro;25-03-2008;Derivados;PRT;
8038970509;PJ7V;07337;PNEUS BAPTISTA,LDA;CQ_BSP_PJ7V;Contrato Quadro;05-05-2008;Derivados;PRT;
2841003143;D43V;07341;CONSTRUCOES QUATRO DE MAIO, LIMITADA;CQ_BSP_D43V;Contrato Quadro;27-03-2008;Derivados;PRT;
7400194497;UEL3;07350;URBALTOP EMPREENDIMENTOS, LDA;CQ_BSP_UEL3;Contrato Quadro;02-04-2008;Derivados;PRT;
2661001208;E18B;07280;ESFINGE - INDUSTRIA DE PORCELANA LDA;CQ_BSP_E18B;Contrato Quadro;17-03-2008;Derivados;PRT;
8019962667;B7SK;07371;ASR-MOBILIARIO DE IRMAOS RIBEIRO LDA;CQ_BSP_B7SK;Contrato Quadro;07-04-2008;Derivados;PRT;
7400084979;NYR4;07360;NEW ENGLAND COLLEGE - ESCOLA DE LINGUAS, LDA;CQ_BSP_NYR4;Contrato Quadro;17-03-2008;Derivados;PRT;
7400417248;D45V;07378;CONTACTO DIRECTO - ESCOLA DE JOALHEIROS LDA;CQ_BSP_D45V;Contrato Quadro;30-05-2008;Derivados;PRT;
8046595038;S2BB;07369;SEABRA & BABO, LDA.;CQ_BSP_S2BB;Contrato Quadro;31-03-2008;Derivados;PRT;
8046497440;AIEI;03159;AZITRUST-COMERCIO INTERNACIONAL E INVESTIMENTO LDA. ZONA FRANCA DA MAD;CQ_BSP_AIEI;Contrato Quadro;22-12-2014;Derivados;PRT;
7400453321;A3L3;07530;PDSM PORTFOLIO PORTUGAL LDA.;CQ_BSP_A3L3;Contrato Quadro;25-02-2014;Derivados;PRT;
1700029983;V0I8;07547;VSW - VESTUARIO SPORTSWEAR, LDA;CQ_BSP_V0I8;Contrato Quadro;13-05-2008;Derivados;PRT;
6114;B7TJ;07389;ARTUR DOS REIS FIALHO&FILHOS-ARMAZENS DE CALCADO DA BENEDITA,LDA.;CQ_BSP_B7TJ;Contrato Quadro;06-03-2009;Derivados;PRT;
7400300088;D4KQ;07557;CUSTODIO SOARES SANTOS & FILHOS, UNIPESSOAL LDA;CQ_BSP_D4KQ;Contrato Quadro;26-03-2008;Derivados;PRT;
3881005202;VEP3;07550;VALENTE E PACIENCIA LDA - VPCONCEPT;CQ_BSP_VEP3;Contrato Quadro;11-06-2008;Derivados;PRT;
5100504664;F6R5;07439;FATIMA & GONÇALVES LDA;CQ_BSP_F6R5;Contrato Quadro;27-03-2008;Derivados;PRT;
7400150586;P14A;07442;PONTAL SA;CQ_BSP_P14A;Contrato Quadro;31-03-2008;Derivados;PRT;
2391002648;D4LH;07575;CARPINTARIA FRAIAO LDA.;CQ_BSP_D4LH;Contrato Quadro;20-06-2008;Derivados;PRT;
9000823190;C3E3;07580;CAMARC SA;CQ_BSP_C3E3;Contrato Quadro;22-04-2008;Derivados;PRT;
1700037107;V0IA;07584;VIANA & CASTRO LDA;CQ_BSP_V0IA;Contrato Quadro;27-03-2008;Derivados;PRT;
7400399439;PJJQ;07454;PARDAIS II - COMERCIO DE CARNES, UNIPESSOAL, LDA;CQ_BSP_PJJQ;Contrato Quadro;01-04-2008;Derivados;PRT;
7400236097;KEX3;07493;J. J. HERMINIOS, LDA;CQ_BSP_KEX3;Contrato Quadro;29-05-2008;Derivados;PRT;
7400371491;F6RL;07481;FRANCISCO MANUEL FIGUEIREDO RODRIGUES;CQ_BSP_F6RL;Contrato Quadro;25-03-2008;Derivados;PRT;
7400024891;100C;07438;10 + CASH AND CARRY COMERCIO GROSSISTA, LDA.;CQ_BSP_100C;Contrato Quadro;31-03-2008;Derivados;PRT;
7400421833;BPQS;07588;BRILHO PURO, LDA;BPQS;Contrato Quadro;20-03-2008;Derivados;PRT;
7400405279;OENA;07666;OLIVEIRA NAZARE LDA;OENA;Contrato Quadro;18-04-2008;Derivados;PRT;
9002584579;J04H;07752;ROUND STONE ATLANTIC INVESTMENTS LDA;J04H;Contrato Quadro;24-04-2008;Derivados;PRT;
8038041699;M1YC;07722;MATERBASTO - MATERIAIS DE CONSTRUCAO, S.A.;M1YC;Contrato Quadro;24-07-2008;Derivados;PRT;
8043785117;FT99;07764;FARMACIA SAUDE LDA;FT99;Contrato Quadro;05-05-2008;Derivados;PRT;
8046521980;PK55;07806;PORTANIVEL COMERCIO PORTAS LDA;PK55;Contrato Quadro;23-04-2008;Derivados;PRT;
9001851731;ID99;07787;ICOC-IMOBILIARIA CONSTRUCOES CIVIS,S.A.;ID99;Contrato Quadro;15-04-2008;Derivados;PRT;
8046411632;O5D1;09626;MARQUES SA;CQ_BSP_O5D1;Contrato Quadro;30-07-2008;Derivados;PRT;
9002536016;D643;08700;CRISBATISTA-MATERIAIS DE CONSTRUCAO,LDA;D643;Contrato Quadro;09-07-2008;Derivados;PRT;
8043352810;EU1E;08697;ESTUFASMINHO S.A.;EU1E;Contrato Quadro;26-05-2008;Derivados;PRT;
8040921336;O35C;08698;MOSDENTAL-MATERIAL DENTARIO,LDA;O35C;Contrato Quadro;28-05-2008;Derivados;PRT;
7400271406;SOLQ;08383;SPECK OF LAND-INVESTIMENTOS IMOBILIARIOS LDA;SOLQ;Contrato Quadro;05-06-2008;Derivados;PRT;
8018538254;B9WS;08715;AVIARIO DO RESOURO-PRODUCAO DE OVOS LDA;B9WS;Contrato Quadro;01-07-2008;Derivados;PRT;
9002473766;SOXZ;09875;SAMUEL COELHO & FERREIRA LDA;SOXZ;Contrato Quadro;09-10-2008;Derivados;PRT;
7400559077;IIAA;18430;IMOBILIARIA IRMAOS ALMEIDA ALVES;CQ_BSP_IIAA;Contrato Quadro;18-05-2010;Derivados;PRT;
7400361381;SU2X;08795;SODIGOLEGA - SUPERMERCADOS LDA;SU2X;Contrato Quadro;09-06-2008;Derivados;PRT;
7400117419;I0VI;09089;IMPORCOSMETICA - ANABELA LOURENCO UNIPESSOAL LDA;I0VI;Contrato Quadro;07-07-2008;Derivados;PRT;
7400072192;D685;08806;CASAL DO VALADOR-AGRO PECUARIA, S.A.;D685;Contrato Quadro;18-06-2008;Derivados;PRT;
9000583121;ILJE;07918;ISABEL LUISA BRAGA REIS FIGUEIRA SILVEIRA;ILJE;Contrato Quadro;02-07-2008;Derivados;PRT;
8046481444;DN9A;08876;DRILBOR - MAQUINAS E EQUIPAMENTOS PARA A CONSTRUCAO CIVIL LDA;DN9A;Contrato Quadro;30-06-2008;Derivados;PRT;
8046462864;DUUC;18463;CASAIS - PARTICIPACOES INTERNACIONAIS SGPS, S.A.;CQ_BSP_DUUC;Contrato Quadro;02-06-2010;Derivados;PRT;
8019078883;S5IU;18495;RUI MANUEL SERRA RAMOS;S5IU;Contrato Quadro;27-05-2010;Derivados;PRT;
7400198722;S5JA;18501;RE USE LDA;CQ_BSP_S5JA;Contrato Quadro;24-05-2010;Derivados;PRT;
8029163755;PTPC;07216;POVHOTEL - HOTELARIA E TURISMO, LDA.;CQ_BSP_PTPC;Contrato Quadro;14-04-2008;Derivados;PRT;
8007740804;NYZS;07420;MOVEIS COUTO,LDA;CQ_BSP_NYZS;Contrato Quadro;16-04-2008;Derivados;PRT;
8043997595;B8AB;07599;ADERITO MANUEL MAIO FERREIRA;CQ_BSP_B8AB;Contrato Quadro;01-04-2008;Derivados;PRT;
5100284346;KERW;07419;JOAQUIM VIEIRA LDA;CQ_BSP_KERW;Contrato Quadro;31-07-2008;Derivados;PRT;
8038171080;TM1Z;07623;TRANSPORTES MATOS LDA;CQ_BSP_TM1Z;Contrato Quadro;23-06-2008;Derivados;PRT;
1700104845;PTWQ;07597;PURO SURF-SOCIEDADE IMPORTACAO E EXPORTACAO DE ARTIGOS DESPORTO LDA;CQ_BSP_PTWQ;Contrato Quadro;16-04-2008;Derivados;PRT;
7400334783;PJXU;07553;PRIME FITNESS LDA;CQ_BSP_PJXU;Contrato Quadro;11-06-2008;Derivados;PRT;
1700018881;NZMU;07574;NORTALUGA ALUGUER DE EQUIPAMENTOS LDA;CQ_BSP_NZMU;Contrato Quadro;11-04-2008;Derivados;PRT;
7400411514;TCKU;07467;TOPDOMUS CONSTRUCAO GESTAO IMOBILIARIA LDA;CQ_BSP_TCKU;Contrato Quadro;21-04-2008;Derivados;PRT;
9002634966;SKVE;07473;SUL BUILDING- COMPRA E VENDAS DE IMOVEIS, CONSTRUCAO CIVIL LDA;CQ_BSP_SKVE;Contrato Quadro;05-09-2008;Derivados;PRT;
7400105855;PJJX;07476;PISCINAS IMPERIAL LDA;CQ_BSP_PJJX;Contrato Quadro;30-04-2008;Derivados;PRT;
9001495030;ECNC;07531;EPEDAL - INDUSTRIA COMPONENTES METALICOS S.A.;CQ_BSP_ECNC;Contrato Quadro;28-03-2008;Derivados;PRT;
8005155667;B7ZA;07490;ALEXANDRINO OLIVEIRA,SILVA & CA,LDA;CQ_BSP_B7ZA;Contrato Quadro;19-03-2008;Derivados;PRT;
2101793340;C3EQ;07621;CHAVES E PINTO IMOBILIARIA, SA;CQ_BSP_C3EQ;Contrato Quadro;07-04-2008;Derivados;PRT;
2631001999;B8C5;07642;ALMAS DESIGN , S.A.;CQ_BSP_B8C5;Contrato Quadro;02-04-2008;Derivados;PRT;
2101056766;B87T;07545;AO LEME COM RUMO, LDA;CQ_BSP_B87T;Contrato Quadro;23-06-2008;Derivados;PRT;
8040592274;NZUQ;07639;MOVEIS MUNIQUE,LDA;CQ_BSP_NZUQ;Contrato Quadro;08-04-2008;Derivados;PRT;
7400311835;GE5T;07532;GMF-COMERCIO DE CONSUMIVEIS PARA SERRALHARIA LDA;CQ_BSP_GE5T;Contrato Quadro;02-04-2008;Derivados;PRT;
8039875843;RP65;07636;RUIPEDRA WORLD OF NATURAL STONE S A;CQ_BSP_RP65;Contrato Quadro;20-03-2008;Derivados;PRT;
1700169891;NZJE;07541;NATURALBRONZE - COSMETICA E SOLARIOS, LDA;CQ_BSP_NZJE;Contrato Quadro;09-04-2008;Derivados;PRT;
5100277262;B889;07562;BARBOFLEX, S.A.;CQ_BSP_B889;Contrato Quadro;16-04-2008;Derivados;PRT;
8046499028;HPUL;07528;HENRIQUE PRIMO, UNIPESSOAL, LDA;CQ_BSP_HPUL;Contrato Quadro;20-03-2008;Derivados;PRT;
8006210777;QJI2;21423;OREY TECNICA SERVICOS NAVAIS LDA;CQ_BSP_QJI2;Contrato Quadro;18-11-2014;Derivados;PRT;
8041737843;NZYG;07671;LUIS CORREIA - SUCESSOR DE MARIA JOSE SOUSA, LDA;NZYG;Contrato Quadro;25-03-2008;Derivados;PRT;
7400427765;GVLF;07703;GLOBULO VERMELHO, LDA;GVLF;Contrato Quadro;11-04-2008;Derivados;PRT;
8026099136;CPQT;07751;CENTROQUIMICA - SOCIEDADE PRODUTOS QUIMICOS DO CENTRO LDA;CPQT;Contrato Quadro;03-04-2008;Derivados;PRT;
7400445488;SL3I;07721;SILVINVEST-INVESTIMENTOS IMOBILIARIOS LDA;SL3I;Contrato Quadro;31-03-2008;Derivados;PRT;
7400473950;I0V2;08694;IMOCADAVALINTER-SOC DE GESTAO IMOBIL LDA;I0V2;Contrato Quadro;05-06-2008;Derivados;PRT;
2100177380;HP0M;04720;HELM PORTUGAL UNIPESSOAL LDA;HP0M;Contrato Quadro;23-06-2008;Derivados;PRT;
7400440512;FRKN;07661;FORMA REDONDA BRITAGEM LDA;FRKN;Contrato Quadro;22-04-2008;Derivados;PRT;
9000671267;A3MC;07683;ARQUIS - SOCIEDADE DE CONSTRUCOES, LDA;A3MC;Contrato Quadro;28-03-2008;Derivados;PRT;
1700;IJD0;;LUSO FINSA INDUSTRIA E COMERCIO MADEIRAS S.A.;IJD0;Contrato Quadro;18-02-2010;Derivados;PRT;
7400336426;B96B;08124;AZINOR HOLDINGS LLC;B96B;Contrato Quadro;24-07-2008;Derivados;PRT;
8024964944;P1AC;09659;PEREIRAS & ALMEIDA LDA;CQ_BSP_P1AC;Contrato Quadro;26-08-2008;Derivados;PRT;
7400027006;FNFC;08709;FARMACIA MAGALHAES LDA;FNFC;Contrato Quadro;27-05-2008;Derivados;PRT;
7400474945;SO16;08696;SIRIUS GAS LDA;SO16;Contrato Quadro;11-07-2008;Derivados;PRT;
8005834031;KHVI;08692;COMPRAS EXCELENTES LDA;KHVI;Contrato Quadro;27-05-2008;Derivados;PRT;
7400432724;EIX8;08677;EQUIMO - COMPRA E VENDA DE PROPRIEDADES LDA;EIX8;Contrato Quadro;02-06-2008;Derivados;PRT;
8001747916;M213;08693;M.MONTEIRO,LDA;M213;Contrato Quadro;04-06-2008;Derivados;PRT;
5100332447;KKTL;10885;JOAQUIM PAULO CUNHA PEREIRA;KKTL;Contrato Quadro;10-11-2008;Derivados;PRT;
7400283324;SO29;08782;SALON DE BELEZA ECUAPORT LIMITADA;SO29;Contrato Quadro;26-06-2008;Derivados;PRT;
7400476242;D684;08799;CARLA TATO DIOGO,LDA;D684;Contrato Quadro;03-09-2008;Derivados;PRT;
1700175139;KI1W;08784;J VIEIRA DE CASTRO LDA;KI1W;Contrato Quadro;04-08-2008;Derivados;PRT;
7400312547;GGQT;08803;GARDEN GUT - ACTIVIDADES HOTELEIRAS LDA;GGQT;Contrato Quadro;07-07-2008;Derivados;PRT;
8000168090;KKIM;10324;JOSE DA CONCEICAO PEREIRA LDA;CQ_BSP_KKIM;Contrato Quadro;30-09-2008;Derivados;PRT;
9000750690;KFGK;07659;JOSE VERGANISTA MARTINS LDA;KFGK;Contrato Quadro;25-03-2008;Derivados;PRT;
7400282112;LR3T;07766;LUIS RIOS & MICHAEL DORT LDA;LR3T;Contrato Quadro;23-04-2008;Derivados;PRT;
8046370347;PK1P;07759;PAPA E COMPANHIA - UNIPESSOAL LDA;PK1P;Contrato Quadro;27-03-2008;Derivados;PRT;
8039523630;J09X;07776;3 BRANCOS - ARQUITECTURA, LDA;J09X;Contrato Quadro;31-03-2008;Derivados;PRT;
8000801149;KFPY;07772;JOSE MANUEL BRAZ NOGUEIRA;KFPY;Contrato Quadro;27-06-2008;Derivados;PRT;
7400406751;RQH7;07822;REFLEXMOVEL LDA;RQH7;Contrato Quadro;27-05-2008;Derivados;PRT;
3931006759;O2OA;08480;MVG EUROPA - SISTEMAS DE INFORMACAO, UNIPESSOAL LDA;O2OA;Contrato Quadro;03-06-2008;Derivados;PRT;
8004486305;S1EO;08249;SOUTO & OSORIO S.A.;S1EO;Contrato Quadro;30-06-2008;Derivados;PRT;
8046421608;EIQU;08569;EFACEC ENERGIA - MAQUINAS E EQUIPAMENTOS ELECTRICOS, S.A.;EIQU;Contrato Quadro;30-06-2009;Derivados;PRT;
9002565807;GIHA;08899;G IMPORTACAO EXPORTACAO LDA;GIHA;Contrato Quadro;07-07-2008;Derivados;PRT;
7400045343;D6BW;08920;DURVIA -CONSTRUCOES E OBRAS PUB.LDA;D6BW;Contrato Quadro;16-06-2008;Derivados;PRT;
7400281244;PL68;10151;PAJOLF IMOBILIARIA S.A;CQ_BSP_PL68;Contrato Quadro;07-10-2008;Derivados;PRT;
8029316857;EPUR;06900;PINOPINE - PRODUTOS QUIMICOS, S.A.;EPUR;Contrato Quadro;23-09-2008;Derivados;PRT;
1700162154;M25K;10166;MACOPAIVA - MATERIAIS DE CONSTRUCAO, LDA;CQ_BSP_M25K;Contrato Quadro;17-12-2008;Derivados;PRT;
7400313730;C3F1;07697;CARDFISH - COMERCIO DE BACALHAU E CONGELADOS UNIPESSOAL LDA;C3F1;Contrato Quadro;14-04-2008;Derivados;PRT;
2101514524;BAAF;02035;BARCELCONSTROI,LDA;BAAF;Contrato Quadro;07-04-2008;Derivados;PRT;
8046363968;O32T;08666;MARIO CARDOSO - SOC. UNIPESSOAL, LDA;O32T;Contrato Quadro;27-05-2008;Derivados;PRT;
8009966019;P17D;08743;POLOS- SOCIEDADE DE COMERCIO E DE INSTALACOES ELECTRICAS LDA;P17D;Contrato Quadro;17-06-2008;Derivados;PRT;
8046420515;R0KZ;10270;REGO & REGO LDA;CQ_BSP_R0KZ;Contrato Quadro;10-10-2008;Derivados;PRT;
8013343570;O6BA;10209;MARIA ADELINA COMBA MADURO MORAIS;O6BA;Contrato Quadro;30-09-2008;Derivados;PRT;
7400458954;SP6O;10362;SONHO AUDAZ CRECHE JARDIM DE INFANCIA E SALA DE ESTUDO LDA;CQ_BSP_SP6O;Contrato Quadro;14-10-2008;Derivados;PRT;
8041780785;D7Q4;10259;C.T.B.-CENTRO MEDICO TOMOGRAFIA BRAGA,LDA;D7Q4;Contrato Quadro;03-10-2008;Derivados;PRT;
1700188208;FTCW;08875;FERNANDO SEABRA LDA;FTCW;Contrato Quadro;12-06-2008;Derivados;PRT;
8009676080;B90R;07954;AFONSO PEDRO SIMAO MIRANDA;B90R;Contrato Quadro;07-08-2008;Derivados;PRT;
7400485401;BL16;08811;BELALV, LDA;BL16;Contrato Quadro;27-06-2008;Derivados;PRT;
7400181747;G631;08922;GUIMAFRUTAS,LDA;G631;Contrato Quadro;24-10-2008;Derivados;PRT;
7400409265;TDWG;08942;TERESA DE JESUS BRAGA LEITE UNIPESSOAL LDA;TDWG;Contrato Quadro;05-06-2008;Derivados;PRT;
9000703965;LP1E;08927;LABORATORIO DE PATOLOGIA CLINICA DO PIOLEDO, S.A.;LP1E;Contrato Quadro;19-06-2008;Derivados;PRT;
8046433694;D77C;09660;CARLOS JOSE GOMES SANTOS QUELHAS;D77C;Contrato Quadro;23-09-2008;Derivados;PRT;
8028934843;S2JO;09209;SODILOUSA - SUPERMERCADOS LDA;S2JO;Contrato Quadro;29-07-2008;Derivados;PRT;
7400104149;A5CN;18774;AFC - PISCINAS,LDA.;CQ_BSP_A5CN;Contrato Quadro;20-08-2010;Derivados;PRT;
2100754264;S2P1;10439;SOCICORREIA INVESTIMENTOS IMOBILIARIOS, LDA;CQ_BSP_S2P1;Contrato Quadro;27-10-2008;Derivados;PRT;
8042239309;P1C0;10478;PROJESADO DOIS-EMP TRAB TEMPORARIO LDA;CQ_BSP_P1C0;Contrato Quadro;29-09-2008;Derivados;PRT;
1700176353;M262;10493;MAFERM - MAQUINAS E FERRAMENTAS OURIVESARIA LDA;CQ_BSP_M262;Contrato Quadro;20-11-2008;Derivados;PRT;
9002627645;DLO9;10161;DOMUS LAGOA, MEDIACAO IMOBILIARIA UNIPESSOAL LDA;DLO9;Contrato Quadro;29-09-2008;Derivados;PRT;
8004219649;OPF5;18530;NUNO ALEXANDRE GRACA EUGENIO ALMEIDA;OPF5;Contrato Quadro;18-06-2010;Derivados;PRT;
8040533269;BHBL;10533;AUTO PITA & IRMAO-OF.REP.AUTOMOVEIS LDA;CQ_BSP_BHBL;Contrato Quadro;16-10-2008;Derivados;PRT;
8046505915;Z02U;18539;ZEZERELAR-SOCIEDADE DE CONSTRUCOES,LDA;CQ_BSP_Z02U;Contrato Quadro;27-05-2010;Derivados;PRT;
2101115453;SP7H;10575;STRONGFORCE, LDA;CQ_BSP_SP7H;Contrato Quadro;29-09-2008;Derivados;PRT;
2861001609;BHD2;10574;A. CASTRO & FILHOS LDA;CQ_BSP_BHD2;Contrato Quadro;30-09-2013;Derivados;PRT;
5100446934;A43F;10583;ASTROPOR ACTIVIDADES COMERCIAIS REPRESENTACOES LDA;CQ_BSP_A43F;Contrato Quadro;04-11-2008;Derivados;PRT;
8042413048;O6L4;10586;NOVA GAMA-ACTIVIDADES IMOBILIARIAS, LDA;CQ_BSP_O6L4;Contrato Quadro;04-11-2008;Derivados;PRT;
8042690858;BH76;10320;AUTO PARABRISAS ESTACAO SERVICO,S A;BH76;Contrato Quadro;29-10-2008;Derivados;PRT;
7400260074;O5AO;09597;MARIA PALHARES DANTAS BRITO;CQ_BSP_O5AO;Contrato Quadro;14-08-2008;Derivados;PRT;
7400497054;KJUU;09765;DEKRA SERVICES, S A;KJUU;Contrato Quadro;08-08-2008;Derivados;PRT;
9001597711;KK7J;09971;JOAQUIM FARIA & SILVA LDA;CQ_BSP_KK7J;Contrato Quadro;09-09-2008;Derivados;PRT;
7400128220;IZUM;10034;INFILTRACAO ZERO - CONSTRUCOES, UNIPESSOAL LDA;CQ_BSP_IZUM;Contrato Quadro;03-09-2008;Derivados;PRT;
9000545219;KGJ4;07888;JOAQUIM ANTONIO RIBEIRO MENDES;KGJ4;Contrato Quadro;11-06-2008;Derivados;PRT;
9002543755;O1HC;07922;MARIA CONCEICAO OLIVEIRA BRAGA REIS FIGUEIRA;O1HC;Contrato Quadro;02-07-2008;Derivados;PRT;
8046586370;T0F7;09247;TAVARES & E. FARIA TAVARES - FERRAGENS E FERRAMENTAS LDA;CQ_BSP_T0F7;Contrato Quadro;17-03-2010;Derivados;PRT;
8030475376;BXJD;17999;AVETEL TELECOMUNICACOES, S.A.;CQ_BSP_BXJD;Contrato Quadro;14-04-2010;Derivados;PRT;
8044248041;EVLW;10159;EQUISTRUERE - EQUIPAMENTOS AUDIO- VISUAIS LDA;EVLW;Contrato Quadro;30-09-2008;Derivados;PRT;
2100740746;O6FN;10350;M RUBIO CASCOS, LDA;CQ_BSP_O6FN;Contrato Quadro;18-06-2010;Derivados;PRT;
8010730449;F7OS;10342;FERROMOTAS-MATERIAIS DE CONSTRUCAO LDA;CQ_BSP_F7OS;Contrato Quadro;17-10-2008;Derivados;PRT;
7400051431;P1BY;10404;PLASCART, MATERIAIS DE EMBALAGEM LDA;CQ_BSP_P1BY;Contrato Quadro;14-11-2008;Derivados;PRT;
8030037452;L0C7;08915;LOGIBERICA- SISTEMAS DE INFORMACAO, LDA;L0C7;Contrato Quadro;03-07-2008;Derivados;PRT;
7400417543;EL1R;08945;EUROVESTIGIO LDA;EL1R;Contrato Quadro;18-06-2008;Derivados;PRT;
5100299616;SU8D;10436;SETULINE TRANSPORTES LDA;CQ_BSP_SU8D;Contrato Quadro;29-09-2008;Derivados;PRT;
8037912230;A43B;10531;ALBIFERRAGENS - COMERCIO DE MATERIAIS PARA A CONSTRUCAO, LIMITADA;CQ_BSP_A43B;Contrato Quadro;26-09-2008;Derivados;PRT;
7400460947;IFQX;10514;IMOTEIXO COMPRA E VENDA DE IMOVEIS LDA;CQ_BSP_IFQX;Contrato Quadro;26-09-2008;Derivados;PRT;
8027892701;H0JM;10394;HIDRALGAR - EQUIPAMENTOS ELECTROMECANICOS, SA;CQ_BSP_H0JM;Contrato Quadro;16-10-2008;Derivados;PRT;
1700102010;D4WI;07795;CONSTRUCOES MEDIMANGAS LDA;D4WI;Contrato Quadro;02-04-2008;Derivados;PRT;
1700181936;C3S7;10327;CRIPOL - CRISTAIS E PORCELANAS, LDA;CQ_BSP_C3S7;Contrato Quadro;15-10-2008;Derivados;PRT;
8025411537;KH9Y;08380;JOSE ANTONIO GERALDES VENTURA SECO;KH9Y;Contrato Quadro;12-06-2008;Derivados;PRT;
7400318873;SO0N;08680;SERGIO MANUEL LIMA LOUREIRO;SO0N;Contrato Quadro;05-06-2008;Derivados;PRT;
1700108572;VGEH;08842;VERDE GUIMA-INDUSTRIA DE RECICLAGEM,LDA;VGEH;Contrato Quadro;09-06-2008;Derivados;PRT;
;CA1T;01387;CORTICEIRA AMORIM, SGPS, S.A.;CA1T;Contrato Quadro;26-08-2008;Derivados;PRT;
7400089767;FFK9;10312;FARMACIA DAS AREIAS, LDA;CQ_BSP_FFK9;Contrato Quadro;06-10-2008;Derivados;PRT;
9000611070;BH93;10418;ANA ROSA PINTO SOUSA MOREIRA & CA LDA;CQ_BSP_BH93;Contrato Quadro;20-11-2008;Derivados;PRT;
7400447416;A437;10519;ALEXANDRE & MOUTINHO-COM AUTOMOVEIS LDA;CQ_BSP_A437;Contrato Quadro;09-10-2008;Derivados;PRT;
8000625293;DPQT;10523;DAVID PEREIRA NUNES & FILHOS, LDA;CQ_BSP_DPQT;Contrato Quadro;29-09-2008;Derivados;PRT;
3491005140;KKJX;10397;J DIAS E DIAS S A;CQ_BSP_KKJX;Contrato Quadro;29-10-2008;Derivados;PRT;
8021047924;J0AR;10410;J. CARDOSO, S.A.;J0AR;Contrato Quadro;03-11-2008;Derivados;PRT;
7400467817;D7UI;10568;DERIVAMAR - INVESTIMENTOS LDA.;CQ_BSP_D7UI;Contrato Quadro;30-10-2008;Derivados;PRT;
7400478562;O6MH;10628;NEVES & NEVES, S.A.;CQ_BSP_O6MH;Contrato Quadro;10-10-2008;Derivados;PRT;
8022041632;TL0V;03330;TEXTEIS LEIPER,LDA;CQ_BSP_TL0V;Contrato Quadro;08-01-2009;Derivados;PRT;
7400413865;D7W6;10721;CASA PROF MENEZES CORDEIRO ESTUDOS INVEST LDA;CQ_BSP_D7W6;Contrato Quadro;29-10-2008;Derivados;PRT;
7400068354;C3T0;10729;COSTOVAR - IMOBILIARIA E CONSTRUCAO , LDA;CQ_BSP_C3T0;Contrato Quadro;07-10-2008;Derivados;PRT;
2100935094;S2PP;10736;STOCKSENSOR COMERCIO EQUIPAMENTO SEGURANCA, LDA;CQ_BSP_S2PP;Contrato Quadro;20-10-2008;Derivados;PRT;
8020757361;J0AV;10639;J.A.M.O.-CONSTRUCAO ENGENHARIA CIVIL LDA;CQ_BSP_J0AV;Contrato Quadro;25-11-2008;Derivados;PRT;
7400196961;O6OK;10765;MIVARUTI ACTIVIDADES HOTELEIRAS, LDA;CQ_BSP_O6OK;Contrato Quadro;07-10-2008;Derivados;PRT;
7400177572;BHGH;10786;BERNARDO DA COSTA - COMERCIO DE EQUIPAMENTOS DE SEGURANCA LDA;CQ_BSP_BHGH;Contrato Quadro;07-10-2008;Derivados;PRT;
7400163465;BH59;10219;BIOTERM MATERIAIS CONSTRUCAO PICHELARIA AQUECIMENTO LDA;CQ_BSP_BH59;Contrato Quadro;22-10-2008;Derivados;PRT;
8042551135;A42Y;10336;ANDRADE & RODRIGUES COM INST ELECT LDA;CQ_BSP_A42Y;Contrato Quadro;26-09-2008;Derivados;PRT;
7400270235;TTDU;10338;TOJALMAR TRANSFORMACAO DE MARMORES LDA;CQ_BSP_TTDU;Contrato Quadro;23-09-2008;Derivados;PRT;
7400451308;O3G3;08821;MIL SUGESTOES - LDA;O3G3;Contrato Quadro;12-06-2008;Derivados;PRT;
3331004411;FV0T;10345;FVL INDUSTRIA DE CAIXILHARIA LDA;CQ_BSP_FV0T;Contrato Quadro;23-09-2008;Derivados;PRT;
8010712484;KKJN;10360;JACINTO MARQUES OLIVEIRA,SUCESSORES LDA;CQ_BSP_KKJN;Contrato Quadro;26-09-2008;Derivados;PRT;
7400339103;C3RY;10310;CFCO - COMPANHIA FARMACEUTICA CENTRAL DE OURESSA, UNIPESSOAL LDA;CQ_BSP_C3RY;Contrato Quadro;09-10-2008;Derivados;PRT;
7400405988;O6GF;10415;NDRIVE NAVIGATION SYSTEMS S.A.;O6GF;Contrato Quadro;15-02-2017;Derivados;PRT;
2461002392;UDMF;10417;UNIDADE DE MEDICINA E CIRURGIA ESPECIALIZADA, LDA;CQ_BSP_UDMF;Contrato Quadro;26-09-2008;Derivados;PRT;
7400271735;IRHW;10470;I R G INSPECCOES TECNICAS SA;CQ_BSP_IRHW;Contrato Quadro;10-10-2008;Derivados;PRT;
5100278771;SP6T;10482;SANTIFIL IMOBILIARIA LDA LDA;CQ_BSP_SP6T;Contrato Quadro;22-10-2008;Derivados;PRT;
9002570676;HDBK;10490;HIDROELECTRICA DE ARMAMAR LDA;CQ_BSP_HDBK;Contrato Quadro;03-10-2008;Derivados;PRT;
7400500318;RV3I;10528;RENIER CONSULTING UNIPESSOAL LDA;CQ_BSP_RV3I;Contrato Quadro;08-10-2008;Derivados;PRT;
7400109590;BH5J;10235;ANA LUCIA RODRIGUES PORTUGAL DA CRUZ;BH5J;Contrato Quadro;31-10-2008;Derivados;PRT;
7400438582;M266;10539;MISTIGRAY - UNIPESSOAL LDA;CQ_BSP_M266;Contrato Quadro;26-09-2008;Derivados;PRT;
8024405517;IC5A;10274;IRMAOS COUTINHOS,LDA;CQ_BSP_IC5A;Contrato Quadro;28-11-2008;Derivados;PRT;
8008867046;BCPC;01407;BARROPEL ARMAZENS DE COMPONENTES PARA CALCADO LDA;BC08;Contrato Quadro;18-10-2004;Derivados;PRT;
7400076115;BHDZ;10611;BASEDEZ - CONSTRUCOES LDA;CQ_BSP_BHDZ;Contrato Quadro;21-01-2009;Derivados;PRT;
8009513440;NZU9;07634;MANUEL DOMINGOS APURA & FILHOS, S.A.;NZU9;Contrato Quadro;09-04-2008;Derivados;PRT;
7400240337;D2UQ;06878;COZFEBAL COMERCIO COZINHAS ELECTRODOMESTICOS LDA;d2uq;Contrato Quadro;21-04-2008;Derivados;PRT;
8021219279;KHMU;08557;JOSE DOMINGOS CARVALHO, LDA;KHMU;Contrato Quadro;15-05-2008;Derivados;PRT;
8000999247;O5QQ;09823;MARIA ALZIRA PERIQUITO ASCENSO;O5QQ;Contrato Quadro;23-09-2008;Derivados;PRT;
7400068745;D686;08809;CLINICA MIRA CORREA, UNIPESSOAL LDA;D686;Contrato Quadro;15-10-2008;Derivados;PRT;
81328;B8Z9;07864;ANTONIO FRANCISCO ROSA PEREIRA;B8Z9;Contrato Quadro;09-07-2008;Derivados;PRT;
2731005519;D7SP;10469;CRIACOES LUIS SILVA, IMPORTACAO E CONFECCAO DE BRINDES, LDA;CQ_BSP_D7SP;Contrato Quadro;21-10-2008;Derivados;PRT;
8027783729;FFVO;10746;F.S. - CONFECCOES LDA;CQ_BSP_FFVO;Contrato Quadro;06-10-2008;Derivados;PRT;
7400205334;P1CD;10803;PROGRESSOPLASTE - INDUSTRIA E COMERCIO DE PLASTICOS LDA;CQ_BSP_P1CD;Contrato Quadro;05-11-2008;Derivados;PRT;
7400059762;DLK5;10812;D.L.B. - TRANSPORTES LDA;CQ_BSP_DLK5;Contrato Quadro;10-12-2008;Derivados;PRT;
8044314852;O6MN;10634;MARQUES ASSOCIADOS - CREATIVE LDA;CQ_BSP_O6MN;Contrato Quadro;20-10-2008;Derivados;PRT;
8027601755;GH1W;10641;GEST H - CONSULTORES RECURSOS HUMANOS LDA;CQ_BSP_GH1W;Contrato Quadro;18-12-2008;Derivados;PRT;
6221036553;H0JQ;10600;HELIROMA - PLASTICOS S.A.;H0JQ;Contrato Quadro;25-03-2015;Derivados;PRT;
8019975029;KKSW;10854;JOSE MARIA SOUSA VIEIRA & FOS.,LDA;CQ_BSP_KKSW;Contrato Quadro;27-10-2008;Derivados;PRT;
8045881020;FFW5;10883;FARMACIA BEARITA,LDA;CQ_BSP_FFW5;Contrato Quadro;21-10-2008;Derivados;PRT;
7400035785;BHD9;10597;ALBERTO AZEVEDO UNIPESSOAL LDA;CQ_BSP_BHD9;Contrato Quadro;12-11-2008;Derivados;PRT;
7400123234;R0L6;10937;RAVAGNANI DENTAL - COMERCIO DE ARTIGOS MEDICOS LDA;CQ_BSP_R0L6;Contrato Quadro;13-10-2008;Derivados;PRT;
9002136393;FFW8;10933;FARMACIA DELAES, LDA;CQ_BSP_FFW8;Contrato Quadro;04-11-2008;Derivados;PRT;
2691004645;DTCX;10564;DIATON - CENTRO DE TOMOGRAFIA COMPUTORIZADA, S.A.;CQ_BSP_DTCX;Contrato Quadro;07-10-2008;Derivados;PRT;
8040736193;G66N;10947;GONCALO & SIMAO LDA;CQ_BSP_G66N;Contrato Quadro;13-10-2008;Derivados;PRT;
67409;D7ZA;10962;PARADIGMA FOOTWEAR LDA;CQ_BSP_D7ZA;Contrato Quadro;15-10-2008;Derivados;PRT;
7400450184;SP98;10905;SOCIPAMO SOCIEDADE DE PADARIAS DO MONTE S A;CQ_BSP_SP98;Contrato Quadro;23-10-2008;Derivados;PRT;
8006281139;BHMP;11018;BRILHA ALIMENTAR LDA;BHMP;Contrato Quadro;21-10-2008;Derivados;PRT;
8022836926;M26Q;11037;MC - COMPUTADORES, S.A.;M26Q;Contrato Quadro;15-10-2008;Derivados;PRT;
8005312943;VB2B;10981;VESAUTO AUTOMOVEIS REPARACOES,SA;VB2B;Contrato Quadro;22-10-2008;Derivados;PRT;
1700091173;R0LA;11071;RODRIGUES & RIBEIRO,LDA;CQ_BSP_R0LA;Contrato Quadro;29-10-2008;Derivados;PRT;
2391005262;KFMA;07709;JOAQUIM PEIXOTO AZEVEDO E FILHOS LDA;KFMA;Contrato Quadro;17-04-2008;Derivados;PRT;
9000889046;OPRQ;09803;O PAO REI-SOC.PADARIA PASTELARIA,LDA;CQ_BSP_OPRQ;Contrato Quadro;13-08-2008;Derivados;PRT;
7400311536;O3GA;08829;MOUTAS- COMPRA E VENDA DE IMOVEIS LDA;O3GA;Contrato Quadro;10-07-2008;Derivados;PRT;
227372;O1IK;07940;MARIA EMILIA AZEVEDO SILVA;O1IK;Contrato Quadro;16-09-2008;Derivados;PRT;
1700191097;S2P0;10429;SFLAG - SISTEMAS DE INFORMATICA , LDA;CQ_BSP_S2P0;Contrato Quadro;02-10-2008;Derivados;PRT;
6221064279;RV2Q;10375;RIOTIR INDUSTRIA CAPOTAS TIR TOLDOS MONTRA LDA;CQ_BSP_RV2Q;Contrato Quadro;26-09-2008;Derivados;PRT;
9002367668;D7SN;10447;DIPACOL - CONSTRUCOES, LDA.;CQ_BSP_D7SN;Contrato Quadro;26-09-2008;Derivados;PRT;
7400316492;FNIM;10454;FARMACIA MODERNA DO LARANJEIRO - SOCIEDADE UNIPESSOAL LDA;CQ_BSP_FNIM;Contrato Quadro;27-11-2008;Derivados;PRT;
8010596459;F7OZ;10459;FRANCISCO FARIA & SOARES LDA;CQ_BSP_F7OZ;Contrato Quadro;27-11-2008;Derivados;PRT;
8004233385;LJU8;10461;BMAC - CLINICA LABORATORIAL DE LISBOA S.A.;CQ_BSP_LJU8;Contrato Quadro;27-11-2008;Derivados;PRT;
7400227014;M261;10464;MEDITRAVE MEDICINA HIGIENE E SEGURANCA DO TRABALHO LDA;CQ_BSP_M261;Contrato Quadro;14-10-2008;Derivados;PRT;
7400269220;C3SB;10421;CALVIEGAS IMOBILIARIA S A;CQ_BSP_C3SB;Contrato Quadro;30-09-2008;Derivados;PRT;
8027248988;ESKW;10296;ELECTRO SILUZ-ARTIGOS ELECTRICOS E ELECTRODOMESTICOS S.A.;ESKW;Contrato Quadro;02-10-2008;Derivados;PRT;
7400493365;RV3L;10537;REGIA PLAZA - PAO QUENTE E PASTELARIA LDA;CQ_BSP_RV3L;Contrato Quadro;26-09-2008;Derivados;PRT;
11270;D7TG;10521;CAEL-CONSORCIO DE AUTOMOVEIS EXCELSIOR LDA.;CQ_BSP_D7TG;Contrato Quadro;10-10-2008;Derivados;PRT;
2101144668;TPPI;10609;TUBOAMBIENTE LDA;CQ_BSP_TPPI;Contrato Quadro;07-10-2008;Derivados;PRT;
9001568746;P1C9;10590;PINTO LEITE LDA;CQ_BSP_P1C9;Contrato Quadro;06-10-2008;Derivados;PRT;
5100507381;O6L5;10588;NOVA GAMA GOURMET-INDUSTRIA ALIMENTAR, S.A.;CQ_BSP_O6L5;Contrato Quadro;04-11-2008;Derivados;PRT;
7400392043;LJV5;10622;LOUSAPET EMBALAGENS LDA;CQ_BSP_LJV5;Contrato Quadro;09-08-2010;Derivados;PRT;
9002634220;L0DG;10603;LOCCI - ENGENHARIA LDA;CQ_BSP_L0DG;Contrato Quadro;11-12-2008;Derivados;PRT;
8036819713;IFRM;10632;ISOTOPOS E DERIVADOS ISODER S.A.;CQ_BSP_IFRM;Contrato Quadro;03-12-2008;Derivados;PRT;
7400266689;BHE2;10613;ANTONIO PRAGAL COLACO E ASSOCIADOS - SOCIEDADE DE ADVOGADOS;CQ_BSP_BHE2;Contrato Quadro;07-10-2008;Derivados;PRT;
8045068575;OE0O;10739;OK EMBALAGENS-COMERCIO TRANSFORMACAO PRODUTOS EMBALAGEM,LDA.;CQ_BSP_OE0O;Contrato Quadro;14-10-2008;Derivados;PRT;
1700142841;KKQM;10735;J.R.S.M. TRANSPORTES, LDA;CQ_BSP_KKQM;Contrato Quadro;06-10-2008;Derivados;PRT;
2641003316;D7VY;10702;DORIMONTE - ESTRUTURAS E MONTAGENS, LDA;CQ_BSP_D7VY;Contrato Quadro;09-10-2008;Derivados;PRT;
7400222285;LP1F;10666;LONGO PLANO - SEGURANCA INTEGRADA E GESTAO DE EDIFICIOS SA;CQ_BSP_LP1F;Contrato Quadro;03-10-2008;Derivados;PRT;
1700151603;S2PK;10647;SOLNAVE - RESTAURANTES E ALIMENTACAO S.A.;CQ_BSP_S2PK;Contrato Quadro;21-10-2008;Derivados;PRT;
48487;PM5Q;10755;PAO DE MEL-PADARIA PASTELARIA. LDA;CQ_BSP_PM5Q;Contrato Quadro;16-10-2008;Derivados;PRT;
5100270312;S0NQ;10775;SOPOCORT SOC PORTUGUESA DE CORTIÇAS LDA;CQ_BSP_S0NQ;Contrato Quadro;31-10-2008;Derivados;PRT;
8038668568;KKR8;10762;JOSE CHAPEIRO & FILHOS - REPARACOES DE AUTOMOVEIS, LIMITADA;CQ_BSP_KKR8;Contrato Quadro;12-05-2009;Derivados;PRT;
7400325379;100D;10733;1725 - TECELAGEM SA;CQ_BSP_100D;Contrato Quadro;07-10-2008;Derivados;PRT;
20518;VEE8;10767;VIDROMOVEL-INDUSTRIA E COMERCIO DE MOVEIS, LDA.;CQ_BSP_VEE8;Contrato Quadro;05-11-2008;Derivados;PRT;
7400217266;LJW4;10806;LUCIANO COSTA LDA;CQ_BSP_LJW4;Contrato Quadro;20-10-2008;Derivados;PRT;
7400315694;XFDP;10561;X R W - FABRICO DE PECAS METALICAS LDA;CQ_BSP_XFDP;Contrato Quadro;14-10-2008;Derivados;PRT;
2481002782;VGU7;10815;VITOR GONCALO TEIXEIRA ALMEIDA;VGU7;Contrato Quadro;07-11-2008;Derivados;PRT;
1700169122;QVRL;10810;QUINTA VERDE - REPOUSO E LAZER, LIMITADA;CQ_BSP_QVRL;Contrato Quadro;10-10-2008;Derivados;PRT;
8045454785;KKS8;10845;JAIME NUNES & CA LDA;CQ_BSP_KKS8;Contrato Quadro;14-10-2008;Derivados;PRT;
5100287911;BN4K;10863;BRANQUEIRA MAR LDA;CQ_BSP_BN4K;Contrato Quadro;25-11-2008;Derivados;PRT;
7400467032;TFKL;10838;TIME FOR KIDS-CRECHE LDA;CQ_BSP_TFKL;Contrato Quadro;24-10-2008;Derivados;PRT;
8032821725;ADE8;02460;ALBINO DIAS DE ANDRADE S A;CQ_BSP_ADE8;Contrato Quadro;22-02-2008;Derivados;PRT;
3461011045;M1KW;05554;MARIS - SERVICOS E IMOVEIS, UNIPESSOAL LDA;CQ_BSP_M1KW;Contrato Quadro;08-01-2008;Derivados;PRT;
9000634702;K2DW;05187;JOSE CARDOSO OLIVEIRA DOLORES;CQ_BSP_K2DW;Contrato Quadro;23-01-2008;Derivados;PRT;
75428;LFBO;02672;LOUCAS FALCAO,LDA;CQ_BSP_LFBO;Contrato Quadro;29-09-2009;Derivados;PRT;
7400038920;MEAO;02435;MULTIMOTO MOTOR PORTUGAL S A;CQ_BSP_MEAO;Contrato Quadro;07-09-2017;Derivados;PRT;
8024726360;MMDM;01805;MULTIPLACAS COMERCIO DE MADEIRAS E DERIVADOS LDA;CQ_BSP_MMDM;Contrato Quadro;27-10-2008;Derivados;PRT;
8027419401;GDC1;01148;GRANEL - MOAGEM DE CEREAIS, S.A.;CQ_BSP_GDC1;Contrato Quadro;12-10-2012;Derivados;PRT;
7401586319;H0E7;05297;MASSA INSOLVENTE DE HAUTEVILE IMOBILIARIA LDA;CQ_BSP_H0E7;Contrato Quadro;24-07-2007;Derivados;PRT;
8003270192;7MMA;18000;MUNICIPIO DA MAIA;CQ_BSP_7MMA;Contrato Quadro;23-03-2007;Derivados;PRT;
8002684148;S057;01576;SOVENA PORTUGAL - CONSUMER GOODS, S.A.;CQ_BSP_S057;Contrato Quadro;17-07-2015;Derivados;PRT;
7400163598;STED;02945;SOLTRAFEGO S A;CQ_BSP_STED;Contrato Quadro;24-08-2010;Derivados;PRT;
8005625661;SP0A;01457;SERAFIM PEREIRA LDA;CQ_BSP_SP0A;Contrato Quadro;06-02-2023;Derivados;PRT;
2101112404;SMDE;01986;SANIPOVOA SA;CQ_BSP_SMDE;Contrato Quadro;24-06-2008;Derivados;PRT;
8008617182;SLLA;13836;SALDANHA & LEMOS LDA;CQ_BSP_SLL3;Contrato Quadro;18-11-2010;Derivados;PRT;
8000756661;RAAA;02360;RAMAZZOTTI S.A.;CQ_BSP_RAAA;Contrato Quadro;08-10-2008;Derivados;PRT;
8010005111;PEP2;00734;EUROCHEMICALS PORTUGAL SA;CQ_BSP_PEP2;Contrato Quadro;02-03-2017;Derivados;PRT;
8046503899;PCPB;03022;PARCITEC CONSTRUCOES LDA;CQ_BSP_PCPB;Contrato Quadro;26-10-2010;Derivados;PRT;
;OP01;01933;OSBORNE PORTUGAL ( SUCURSAL MADEIRA ), LDA;CQ_BSP_OP01;Contrato Quadro;03-09-2008;Derivados;PRT;
8001088829;MWCS;01419;MADEIRA WINE COMPANY S.A.;CQ_BSP_MWCS;Contrato Quadro;08-01-2018;Derivados;PRT;
1700013238;MS16;01728;M A SALGUEIRO S A;CQ_BSP_MS16;Contrato Quadro;03-02-2025;Derivados;PRT;
8021242526;LTGI;02222;LIROF - FIOS TEXTEIS S.A.;CQ_BSP_LTGI;Contrato Quadro;19-10-2016;Derivados;PRT;
8003757366;JUUR;02308;JULAR-EMPREENDIMENTOS URBANOS,S.A.;CQ_BSP_JUUR;Contrato Quadro;07-08-2008;Derivados;PRT;
8020841852;LPX1;08710;LISBOA PARQUE-EMPREENDIMENTOS IMOBILIARIOS,LDA;LPX1;Contrato Quadro;02-07-2008;Derivados;PRT;
8027482330;D661;08771;DESINOVA-DESIGN & INOVACAO SA;D661;Contrato Quadro;30-05-2008;Derivados;PRT;
8046352682;A3UW;08897;ALEXANDRE E MAIA LDA;A3UW;Contrato Quadro;09-09-2008;Derivados;PRT;
8040247546;TM24;08901;TRANSPORTES MONTEIROS,LDA;TM24;Contrato Quadro;27-06-2008;Derivados;PRT;
9002618763;KKN2;10535;JOAQUIM VITORINO BUGALHO BARBOSA - SOCIEDADE UNIPESSOAL LDA;CQ_BSP_KKN2;Contrato Quadro;30-09-2008;Derivados;PRT;
9002682136;E1GB;10867;EUROVREIA - EMPREENDIMENTOS IMOBILIARIOS LDA;CQ_BSP_E1GB;Contrato Quadro;16-10-2008;Derivados;PRT;
8001104665;S00E;02655;SANTOGAL IMOBILIARIA, S.A.;S00E;Contrato Quadro;08-10-2013;Derivados;PRT;
8039782774;TDXJ;11933;TRANSPORTES DOMINGOS LDA;CQ_BSP_TDXJ;Contrato Quadro;07-01-2009;Derivados;PRT;
7400299011;D7VW;10684;C.D.I.-COMERCIO DISTRIBUICAO E IMPORTACAO DE PRODUTOS ALIMENTARES LDA;CQ_BSP_D7VW;Contrato Quadro;22-01-2009;Derivados;PRT;
7400440074;BHHS;10856;ALTERNATIVAS A GRANEL - RECICLAGEM DE METAIS, LDA;CQ_BSP_BHHS;Contrato Quadro;27-10-2008;Derivados;PRT;
8030430198;O6PE;10830;MANUEL LUIS CARACA & FILHO LDA;CQ_BSP_O6PE;Contrato Quadro;03-11-2008;Derivados;PRT;
2100754630;EO62;10928;ENTRELINHAS MOBILIARIO LIMITADA;CQ_BSP_EO62;Contrato Quadro;09-10-2008;Derivados;PRT;
7400541960;I0X0;10940;INPULS IMOBILIA S A;I0X0;Contrato Quadro;03-11-2008;Derivados;PRT;
2581001950;S2Q9;10949;SONORE - COMERCIO TEXTIL LDA;CQ_BSP_S2Q9;Contrato Quadro;15-10-2008;Derivados;PRT;
7400420632;A449;10964;A.DRUMOND FREITAS LDA;CQ_BSP_A449;Contrato Quadro;15-10-2008;Derivados;PRT;
8001469849;C09P;01417;COTESI COMPANHIA DE TEXTEIS SINTETICOS S A;C09P;Contrato Quadro;20-09-2017;Derivados;PRT;
8046462862;CIUV;08173;CASAISINVEST - GESTAO DE PARTICIPACOES SOCIAIS, SGPS S.A.;CIUV;Contrato Quadro;20-10-2008;Derivados;PRT;
8027722431;P14Z;07675;PANIFRADE-COMERCIO E INDUSTRIA DE PAO LDA;P14Z;Contrato Quadro;21-04-2008;Derivados;PRT;
9001773994;D4TH;07753;CONSTRUCOES VILELA & COSTA LDA;D4TH;Contrato Quadro;04-07-2008;Derivados;PRT;
8042583691;BFHM;09580;ARMANDO JORGE, LDA;CQ_BSP_BFHM;Contrato Quadro;31-07-2008;Derivados;PRT;
7400469389;A3ZP;09754;ARGALMADA - SOCIEDADE DE CONSTRUCOES LDA;A3ZP;Contrato Quadro;02-09-2008;Derivados;PRT;
8046577207;BA9P;08894;AUTO CRESCENTE - COMERCIO DE AUTOMOVEIS LDA;BA9P;Contrato Quadro;16-06-2008;Derivados;PRT;
7400463702;VCQL;10222;VENDING COME LDA;CQ_BSP_VCQL;Contrato Quadro;16-10-2008;Derivados;PRT;
7400095735;BH8I;10395;AGUA MARINHA SOCIEDADE HOTELEIRA, UNIPESSOAL, LDA;CQ_BSP_BH8I;Contrato Quadro;26-09-2008;Derivados;PRT;
9001863380;M26B;10727;MDS - IMOBILIARIA, LDA.;CQ_BSP_M26B;Contrato Quadro;10-10-2008;Derivados;PRT;
7400325789;C3T7;10752;CRUZ & HENRIQUES, EMPREENDIMENTOS IMOBILIARIOS, LIMITADA;CQ_BSP_C3T7;Contrato Quadro;23-09-2013;Derivados;PRT;
7400246132;S2PR;10760;SETFARMA DISTRIBUICAO E COMERCIALIZACAO DE PRODUTOS DE SAUDE LDA;CQ_BSP_S2PR;Contrato Quadro;31-12-2008;Derivados;PRT;
7400075414;TDJ8;10801;TOPECA-PRODUTOS DE CONSTRUCAO CIVIL LDA;CQ_BSP_TDJ8;Contrato Quadro;22-10-2008;Derivados;PRT;
7400252181;GL1N;10783;GLEBA - TEXTEIS, UNIPESSOAL LDA;CQ_BSP_GL1N;Contrato Quadro;17-10-2008;Derivados;PRT;
1700188159;TY7B;22778;SUMINISTROS EXTERIORES - ACESSORIOS PARA AUTOMOVEIS, LDA;TY7B;Contrato Quadro;30-05-2012;Derivados;PRT;
2100934372;SP9D;10960;SABORES DA HERDADE - COM BEB UNIP, LDA;CQ_BSP_SP9D;Contrato Quadro;13-10-2008;Derivados;PRT;
8040865527;O6U0;10966;NAUTIESTOFOS - FABRICO E REPARACAO DE ESTOFOS LDA;CQ_BSP_O6U0;Contrato Quadro;22-10-2008;Derivados;PRT;
8001732068;D82E;11029;CASAIS ENGENHARIA E CONSTRUCAO SA;D82E;Contrato Quadro;20-10-2008;Derivados;PRT;
218970;DP22;11219;DOMINGOS PINTO & FILHOS, LDA;CQ_BSP_DP22;Contrato Quadro;07-11-2008;Derivados;PRT;
8046466657;BHH4;10805;AUTOZITANIA II - VEICULOS E PECAS S.A.;CQ_BSP_BHH4;Contrato Quadro;21-11-2008;Derivados;PRT;
9002156810;S2QT;11047;SILVA E VENTURA TORNEARIA MECANICA LDA;CQ_BSP_S2QT;Contrato Quadro;21-10-2008;Derivados;PRT;
8039088249;BR29;11059;SULBARREIRO CIDADE UNIPESSOAL LDA;CQ_BSP_BR29;Contrato Quadro;22-12-2008;Derivados;PRT;
7400494090;TGDK;11069;TRUSTINVESTE GESTAO DE INVESTIMENTOS E PARTICIPACOES SOCIAIS SGPS SA;CQ_BSP_TGDK;Contrato Quadro;22-01-2009;Derivados;PRT;
7400470972;D83U;11063;CHA COM AGUA SALGADA LDA;CQ_BSP_D83U;Contrato Quadro;30-12-2008;Derivados;PRT;
7400482607;C3UB;11076;CASASENIOR-COMERCIO DE PRODUTOS PARA SENIORES SA;CQ_BSP_C3UB;Contrato Quadro;03-11-2008;Derivados;PRT;
1700101692;MPRU;02763;MIGUEL PEDRO ROQUE DA SILVA LOPES NUNES;MPRU;Contrato Quadro;14-11-2008;Derivados;PRT;
9001042004;KL4K;11109;JOSE ABREU MOREIRA FREIRE & FILHOS,LDA;CQ_BSP_KL4K;Contrato Quadro;17-11-2008;Derivados;PRT;
28888;S2QS;11033;EQUIGRU INDUSTRIA DE MAQUINAS SA;CQ_BSP_S2QS;Contrato Quadro;30-10-2008;Derivados;PRT;
7400150446;1GRD;11204;100 GOLPADAS RECICLAGEM DE METAIS LDA;CQ_BSP_1GRD;Contrato Quadro;03-11-2008;Derivados;PRT;
8046254570;IDTF;;FUNDILUSA-FUNDICOES PORTUGUESAS LDA;CQ_BSP_IDTF;Contrato Quadro;30-06-2008;Derivados;PRT;
8024709105;FFLV;01694;FUNDILUSA FUNDICOES PORTUGUESAS,LDA;CQ_BSP_FFLV;Contrato Quadro;30-06-2008;Derivados;PRT;
2821000783;EITV;02417;EUROFUMEIRO SOCIEDADE INDUSTRIAL DE TRANSFORMACAO TRADICIONAL DE CARNE;CQ_BSP_EITV;Contrato Quadro;09-09-2008;Derivados;PRT;
2100270712;DRAM;02303;DAVID RIBEIRO & ANTUNES SA;CQ_BSP_DRAM;Contrato Quadro;26-10-2010;Derivados;PRT;
8002781981;CAIM;00738;AMORIM CORK COMPOSITES SA;CQ_BSP_CAIM;Contrato Quadro;21-11-2014;Derivados;PRT;
1700026789;CAP7;01116;CONSTRUCOES ANTONIO PAIVA LDA;CQ_BSP_CAP7;Contrato Quadro;13-10-2008;Derivados;PRT;
8029567556;CP0A;01527;COLEP CONSUMER PRODUCTS PORTUGAL S.A.;CQ_BSP_CP0A;Contrato Quadro;06-03-2015;Derivados;PRT;
8028384594;CIAU;02700;COINDU, COMPONENTES PARA A INDUSTRIA AUTOMOVEL S.A.;CQ_BSP_CIAU;Contrato Quadro;24-07-2009;Derivados;PRT;
8001875219;CE06;01409;CABELTE CABOS ELECTRICOS E TELEFONICOS S A;CQ_BSP_CE06;Contrato Quadro;05-06-2024;Derivados;PRT;
8000791429;AAIS;00709;AMORIM CORK S.A.;CQ_BSP_AAIS;Contrato Quadro;21-11-2014;Derivados;PRT;
8020816286;A01K;01134;ABILHETEX INDUSTRIA TEXTIL,LDA;CQ_BSP_A01K;Contrato Quadro;09-02-2022;Derivados;PRT;
10509;GMGM;01035;KIRCHHOFF AUTOMOTIVE PORTUGAL, S.A.;CQ_BSP_GMGM;Contrato Quadro;10-02-2014;Derivados;PRT;
8044801842;2P2A;01296;2P2A - SOCIEDADE RESTAURACAO, LDA;CQ_BSP_2P2A;Contrato Quadro;25-11-2004;Derivados;PRT;
5100260604;MRSQ;00468;METALURGICA RECOR S.A.;CQ_BSP_MRSQ;Contrato Quadro;06-03-2017;Derivados;PRT;
8806;VDSM;03316;VALDEMAR DOS SANTOS, LDA.;CQ_BSP_VDSM;Contrato Quadro;23-05-2008;Derivados;PRT;
8046329762;REDG;01021;RIBAGOLFE-EMPREENDIMENTOS DE GOLFE S.A.;CQ_BSP_REDG;Contrato Quadro;02-04-2004;Derivados;PRT;
8029102687;B01Q;03238;BARREIROS & BARREIROS, LDA.;CQ_BSP_B01Q;Contrato Quadro;27-03-2006;Derivados;PRT;
8039265445;PCBL;01256;PAULO C.BARBOSA LDA;CQ_BSP_PCBL;Contrato Quadro;30-07-2004;Derivados;PRT;
2581009578;PIDU;01246;POLIRRAMA - INDUSTRIA DE TRANSFORMACAO DE SINTETICOS, S.A.;CQ_BSP_PIDU;Contrato Quadro;04-07-2004;Derivados;PRT;
202517;EM06;03519;ERNESTO MORGADO SA;CQ_BSP_EM06;Contrato Quadro;05-11-2014;Derivados;PRT;
;SCFU;03094;SUCESSUL CONSTRUÇOES,LDA, FARO;CQ_BSP_SCFU;Contrato Quadro;16-01-2006;Derivados;PRT;
;M052;;MARTIFER ENERGIA EQUIPAMENTOS PARA ENERGIA SA;CQ_BSP_M052;Contrato Quadro;01-08-2008;Derivados;PRT;
2100849861;M053;03714;MARTIFER SGPS SA;CQ_BSP_M053;Contrato Quadro;01-08-2008;Derivados;PRT;
2100833363;M050;03700;MARTIFER CONSTRUCOES METALOMECANICAS S A;CQ_BSP_M050;Contrato Quadro;01-08-2008;Derivados;PRT;
8008751317;AHIS;03276;AMORIM HOLDING II SGPS SA;CQ_BSP_AHIS;Contrato Quadro;04-12-2019;Derivados;PRT;
7400098709;E10T;05407;ENOAPOIO COMERCIO DE PRODUTOS QUIMICOS E ENOLOGICOS LIMITADA;CQ_BSP_E10T;Contrato Quadro;19-09-2008;Derivados;PRT;
8000527829;BCMN;02749;BEIROBRA-SOCIEDADE CONSTRUCOES SA;CQ_BSP_BCMN;Contrato Quadro;19-09-2005;Derivados;PRT;
8043496387;ARRS;02752;ANTARTE MOBILIARIO ROCHA & RAFAEL, LDA;CQ_BSP_ARRS;Contrato Quadro;22-09-2005;Derivados;PRT;
5100270005;DMIL;02753;DES MONT MONTAGEM E DESMONTAGEM INDUSTRIAL LDA;CQ_BSP_DMIL;Contrato Quadro;23-08-2005;Derivados;PRT;
9002655823;BCAH;02756;XTREME, LDA;CQ_BSP_BCAH;Contrato Quadro;11-10-2005;Derivados;PRT;
8046566192;FCVF;02760;FAG & CASTRO LDA;CQ_BSP_FCVF;Contrato Quadro;07-09-2005;Derivados;PRT;
8039418249;LMCX;02767;LUIS DE MATOS PRODUCOES LDA;CQ_BSP_LMCX;Contrato Quadro;30-08-2005;Derivados;PRT;
8043695281;MMCY;02772;MILLER MENDES LDA;CQ_BSP_MMCY;Contrato Quadro;26-09-2005;Derivados;PRT;
7400064695;PECL;02776;PORTBUILDING - INVESTIMENTOS E CONSTRUCOES S.A.;CQ_BSP_PECL;Contrato Quadro;02-01-2006;Derivados;PRT;
5100347816;HRVO;02782;HOTEL DO REGUENGO DE MELGACO S.A.;CQ_BSP_HRVO;Contrato Quadro;23-09-2005;Derivados;PRT;
8046349766;CMGN;02795;CLINIGRANDE - CLINICA MARINHA GRANDE LDA;CQ_BSP_CMGN;Contrato Quadro;20-09-2005;Derivados;PRT;
5100270682;SAUP;02808;ROQUE ARAUJO & SILVA SA;CQ_BSP_SAUP;Contrato Quadro;23-08-2005;Derivados;PRT;
9001993300;ACVR;02822;ACONSTRV-SOC CONST LDA;CQ_BSP_ACVR;Contrato Quadro;24-08-2005;Derivados;PRT;
1700127608;AECD;02824;ADERCEREAL - TRANSFORMACAO E COMERCIO DE CEREAIS LDA;CQ_BSP_AECD;Contrato Quadro;28-06-2006;Derivados;PRT;
8038137484;LBLJ;02825;LIVRARIA BERTRAND - SOCIEDADE DE COMERCIO LIVREIRO S.A.;CQ_BSP_LBLJ;Contrato Quadro;15-11-2005;Derivados;PRT;
8010093619;HCQA;02828;HABIPRO-CONSTRUCAO CIVIL,LDA;CQ_BSP_HCQA;Contrato Quadro;20-12-2005;Derivados;PRT;
9000669297;DCIO;02829;DIORINO CARDOSO & IRMAOS LDA.;CQ_BSP_DCIO;Contrato Quadro;19-09-2005;Derivados;PRT;
1700131409;NCTW;02838;NOVO COMECOS - DITRIBUICAO TEXTIL, UNIPESSOAL LDA;CQ_BSP_NCTW;Contrato Quadro;06-09-2005;Derivados;PRT;
9000663372;VCPF;02839;VIRCLAR-VIDREIRAS CENTRAL POVOENSE, LDA;CQ_BSP_VCPF;Contrato Quadro;31-08-2005;Derivados;PRT;
3771005494;JJCF;02840;SYNLABHEALTH MADEIRA S.A.;CQ_BSP_JJCF;Contrato Quadro;09-09-2005;Derivados;PRT;
8018496685;CZPL;02841;AUTO SERVICOS PEDROGUENSE,LDA;CQ_BSP_CZPL;Contrato Quadro;30-09-2005;Derivados;PRT;
5100260474;NMVF;02857;NEORELVA - EMBALAGENS METALICAS S.A.;CQ_BSP_NMVF;Contrato Quadro;28-09-2005;Derivados;PRT;
9001445365;FFCD;02858;FERREIRA & FERREIRA, LDA;CQ_BSP_FFCD;Contrato Quadro;23-09-2005;Derivados;PRT;
9001872949;TRJC;02859;TRANSPORTES RODOVIARIOS J & J, LDA.;CQ_BSP_TRJC;Contrato Quadro;23-09-2005;Derivados;PRT;
8046449921;MMCZ;02860;MACORAFAEL - COMERCIO DE MATERIAIS DE CONSTRUCAO LDA;CQ_BSP_MMCZ;Contrato Quadro;28-10-2005;Derivados;PRT;
8043779725;LMAJ;02861;LITAN-ESTANTES METALICAS LDA;CQ_BSP_LMAJ;Contrato Quadro;15-11-2005;Derivados;PRT;
2100002176;OBAA;02863;MARCEL CENTRAL ALUGADORA MAQUINAS ESTOMBARENSE, LDA;CQ_BSP_OBAA;Contrato Quadro;26-09-2005;Derivados;PRT;
8022276775;GIVL;02865;BEROA IBERIA SA SUCURSAL EM PORTUGAL;CQ_BSP_GIVL;Contrato Quadro;20-09-2005;Derivados;PRT;
8008035053;RCDM;02867;REBELO COSTA & DIAS,LDA;CQ_BSP_RCDM;Contrato Quadro;06-09-2005;Derivados;PRT;
8003008175;JNEO;02868;JOSE NOGUEIRA ELIAS,LDA;CQ_BSP_JNEO;Contrato Quadro;21-09-2005;Derivados;PRT;
8046499120;FMCB;02873;FARMACIA MATOS COELHO, LDA;CQ_BSP_FMCB;Contrato Quadro;27-09-2005;Derivados;PRT;
8046532340;ICWA;02874;HABIZIMBRA - CONSTRUCAO CIVIL,LDA;CQ_BSP_ICWA;Contrato Quadro;08-11-2005;Derivados;PRT;
8003337468;LPND;02876;LOUREIRO & PEREIRA,LDA;CQ_BSP_LPND;Contrato Quadro;17-10-2005;Derivados;PRT;
8003970256;UTAT;02879;UTEC - UNIAO TECNICAS DE SOLDADURA, LIMITADA;CQ_BSP_UTAT;Contrato Quadro;10-11-2005;Derivados;PRT;
8045913883;CHFJ;02883;COOPERATIVA DE HABITACAO FUNCIONARIOS JUDICIAIS, CRL;CQ_BSP_CHFJ;Contrato Quadro;04-11-2005;Derivados;PRT;
7400089704;JDRW;02885;JULIO DANIEL RIBEIRO - FIOS TEXTEIS, LDA.;CQ_BSP_JDRW;Contrato Quadro;11-11-2005;Derivados;PRT;
1700163038;CLOD;02890;COMPETOR - IMOBILIARIA, LDA;CQ_BSP_CLOD;Contrato Quadro;27-09-2005;Derivados;PRT;
8007916104;DDHA;02893;CIMACA-MATERIAS CONSTRUCAO,SA;CQ_BSP_DDHA;Contrato Quadro;07-10-2005;Derivados;PRT;
13169;CPOJ;02894;COBA CONSULTORES DE ENGENHARIA E AMBIENTE SA;CQ_BSP_CPOJ;Contrato Quadro;07-10-2005;Derivados;PRT;
7400005939;BACQ;02895;BOM AR CONSTRUCOES, LDA;CQ_BSP_BACQ;Contrato Quadro;14-11-2005;Derivados;PRT;
1700059766;EEAL;02316;EQUISAN ENGENHARIA AMBIENTAL LDA;CQ_BSP_EEAL;Contrato Quadro;08-03-2005;Derivados;PRT;
2101122646;AFCG;02320;ANTONIO F.CAMELO & CA.LDA;CQ_BSP_AFCG;Contrato Quadro;09-05-2005;Derivados;PRT;
8046438799;GPSX;02323;GRUPO PESTANA SGPS S.A FUNCHAL;CQ_BSP_GPSX;Contrato Quadro;27-09-2005;Derivados;PRT;
8005409008;R01O;02325;RODRIGUES & BRANDAO, LDA;CQ_BSP_R01O;Contrato Quadro;28-03-2006;Derivados;PRT;
;ITBR;;IBERMETAIS-INDUSTRIA TREFILAGEM,SA;CQ_BSP_ITBR;Contrato Quadro;14-02-2006;Derivados;PRT;
;NF03;02329;NEORIL - MAQUINAS FERRAMENTAS S.A.;CQ_BSP_NF03;Contrato Quadro;25-02-2005;Derivados;PRT;
9000695795;STGP;02337;SOMELOS TECIDOS SA;CQ_BSP_STGP;Contrato Quadro;09-09-2014;Derivados;PRT;
2100332760;CAOW;02340;COSIMPOR IMPORTACAO E COMERCIO AUTOMOVEL SA;CQ_BSP_CAOW;Contrato Quadro;01-10-2004;Derivados;PRT;
;EDTD;;ETSA INVESTIMENTOS SGPS SA;CQ_BSP_EDTD;Contrato Quadro;29-11-2006;Derivados;PRT;
2661001567;PIDD;02355;PUPILO - INDUSTRIA DE CALCADO LDA;CQ_BSP_PIDD;Contrato Quadro;20-04-2006;Derivados;PRT;
8028584546;LV05;02356;LUIS VICENTE SA;CQ_BSP_LV05;Contrato Quadro;22-05-2005;Derivados;PRT;
3531004145;DDUE;02365;DURCOSA DESENVOLVIMENTO URBANISTICO E CONSTRUCOES DO ALGARVE LDA;CQ_BSP_DDUE;Contrato Quadro;09-05-2005;Derivados;PRT;
5100509213;TEEL;02369;TELCABO-TELECOMUNICACOES ELECTRIC.,LDA;CQ_BSP_TEEL;Contrato Quadro;07-03-2014;Derivados;PRT;
9002176944;CJST;02371;CONSTRUCOES J SANTOS & SILVA LDA;CQ_BSP_CJST;Contrato Quadro;11-03-2005;Derivados;PRT;
8046332015;CMAH;02380;CONSTRUCOES MORAIS AZEVEDO & FILHOS LDA;CQ_BSP_CMAH;Contrato Quadro;22-04-2005;Derivados;PRT;
2100707107;HRMO;02386;HOTELRAM - HOTELARIA MADEIRA SA;CQ_BSP_HRMO;Contrato Quadro;01-03-2006;Derivados;PRT;
35943;LECA;02388;LUSIAVES-INDUSTRIA E COMERCIO AGRO-ALIMENTAR,SA;CQ_BSP_LECA;Contrato Quadro;14-03-2005;Derivados;PRT;
8008518910;LTPA;02392;LACBRAGA TERMOLACADO PERFIS ALUMINIO SA;CQ_BSP_LTPA;Contrato Quadro;15-03-2005;Derivados;PRT;
8046476585;I025;02401;ISMAEL & ABREU TEXTEIS LDA;CQ_BSP_I025;Contrato Quadro;18-03-2005;Derivados;PRT;
246687;NAEV;02404;SYSTEMAIR SA;CQ_BSP_NAEV;Contrato Quadro;21-04-2006;Derivados;PRT;
8020422272;CCGV;02406;CONSTRUCAO CIVIL GOUVEIA LDA;CQ_BSP_CCGV;Contrato Quadro;24-03-2006;Derivados;PRT;
8008478821;JBSL;02410;JOAO BATISTA SANTOS,LDA;CQ_BSP_JBSL;Contrato Quadro;21-03-2005;Derivados;PRT;
8023270781;MCEU;02411;MIRALAGOS - SOCIEDADE DE CONSTRUCOES S.A.;CQ_BSP_MCEU;Contrato Quadro;09-05-2005;Derivados;PRT;
8000555011;ETAN;02412;ENKROTT-GESTAO TRATAMENTO AGUAS SA;CQ_BSP_ETAN;Contrato Quadro;09-05-2005;Derivados;PRT;
15097;FSTC;02418;FRANCISCO DA SILVA TERROSO & CA LDA;CQ_BSP_FSTC;Contrato Quadro;24-05-2005;Derivados;PRT;
8017818814;UUEM;02422;U.E.M.-UNIDADE DE ESTRUTURAS METALICAS S A;CQ_BSP_UUEM;Contrato Quadro;12-12-2005;Derivados;PRT;
9000661967;CFLB;02433;CONSTRUCOES FIRMINO SA;CQ_BSP_CFLB;Contrato Quadro;18-08-2005;Derivados;PRT;
;PPPL;02434;PARPUBLICA - PARTICIPACOES PUBLICAS (USAR PPSW);CQ_BSP_PPPL;Contrato Quadro;18-03-2005;Derivados;PRT;
29224;TCBS;02436;S. CONRADO - AUTOMOVEIS S.A.;CQ_BSP_TCBS;Contrato Quadro;10-05-2005;Derivados;PRT;
976;SITW;02455;SOCITREL-SOCIEDADE INDUSTRIAL DE TREFILARIA S.A.;CQ_BSP_SITW;Contrato Quadro;24-02-2014;Derivados;PRT;
8046435125;TTLP;02462;TERMOFEIRA - INSTALACOES TERMICAS LDA;CQ_BSP_TTLP;Contrato Quadro;18-05-2005;Derivados;PRT;
8046392587;EICN;02463;EMBALPACOS II - CARTONAGEM LDA;CQ_BSP_EICN;Contrato Quadro;24-05-2005;Derivados;PRT;
8009140397;AIEP;02475;ARIMPEXA-ARTIGOS IMP.EXP.,LDA;CQ_BSP_AIEP;Contrato Quadro;24-05-2005;Derivados;PRT;
5100356598;BRF0;02485;GSPT - PNEUS E SERVICOS, S.A.;CQ_BSP_BRF0;Contrato Quadro;29-07-2005;Derivados;PRT;
8045632997;IDTE;02493;IRMARFER S.A.;CQ_BSP_IDTE;Contrato Quadro;24-05-2005;Derivados;PRT;
8046474676;CFGU;02495;CONSTRUCOES FELICIANO GONCALVES SOCIEDADE UNIPESSOAL LDA;CQ_BSP_CFGU;Contrato Quadro;20-09-2005;Derivados;PRT;
8044397101;PIPT;02500;PREDILORD SOC IMOBILIARIA LDA;CQ_BSP_PIPT;Contrato Quadro;24-05-2005;Derivados;PRT;
8046331436;CEVC;02501;C. CASTELO - TINTAS E VERNIZES, LDA.;CQ_BSP_CEVC;Contrato Quadro;24-05-2005;Derivados;PRT;
9002688723;NPBB;02505;NOPABRIL - NOVA PANIFICADORA BRIGANTINA,LDA;CQ_BSP_NPBB;Contrato Quadro;24-05-2005;Derivados;PRT;
2101818433;GDGA;02507;GELFARO COMERCIO DE GENEROS ALIMENTICIOS, LDA;CQ_BSP_GDGA;Contrato Quadro;24-05-2005;Derivados;PRT;
8045599192;PTTE;02515;PESSOALFORM EMPRESA DE TRABALHO TEMPORARIO E FORMACAO LD;CQ_BSP_PTTE;Contrato Quadro;08-06-2005;Derivados;PRT;
3521008521;BPEU;02516;AD PORTUGUESA AUTO DISTRIBUICAO (SUL)UNIPESSOAL LDA;CQ_BSP_BPEU;Contrato Quadro;24-05-2005;Derivados;PRT;
5100429168;IDTC;02519;FEPI DISTRIBUICAO S A;CQ_BSP_IDTC;Contrato Quadro;29-04-2005;Derivados;PRT;
3321005918;SWES;02521;MULTIMARKET SERVICES PORTUGAL LDA;CQ_BSP_SWES;Contrato Quadro;07-08-2005;Derivados;PRT;
8043236225;MCAT;01966;M COUTO ALVES SA;CQ_BSP_MCAT;Contrato Quadro;25-01-2005;Derivados;PRT;
5100267799;CIMI;01970;COLDKIT IBERICA - MATERIAIS ISOLANTES SA;CQ_BSP_CIMI;Contrato Quadro;27-01-2005;Derivados;PRT;
1700018396;NCCD;01995;NELCIVIL CONSTRUCOES CIVIS DE NELAS LDA;CQ_BSP_NCCD;Contrato Quadro;25-01-2005;Derivados;PRT;
8021276100;STDO;02003;SOMAIA-TRANSFORMACAO DE MADEIRAS SA;CQ_BSP_STDO;Contrato Quadro;01-02-2005;Derivados;PRT;
8008222485;MTLP;02007;MOARA TEXTIL LDA;CQ_BSP_MTLP;Contrato Quadro;27-01-2005;Derivados;PRT;
63393;GMDE;02030;GERMEN - MOAGEM DE CEREAIS SA;CQ_BSP_GMDE;Contrato Quadro;28-11-2005;Derivados;PRT;
66900;DIZS;02039;CORDEX-COMPANHIA INDUSTRIAL TEXTIL S.A.;CQ_BSP_DIZS;Contrato Quadro;24-05-2005;Derivados;PRT;
2571001859;JMFL;02041;JOSE MONTEIRO & FILHOS LDA.;CQ_BSP_JMFL;Contrato Quadro;02-02-2005;Derivados;PRT;
6220013309;CCEP;02044;CISDOURO - CONSTRUCOES E OBRAS PUBLICAS SA;CQ_BSP_CCEP;Contrato Quadro;20-10-2005;Derivados;PRT;
8006265274;T00T;02129;TEXTIL-ARTE 2001 LDA;CQ_BSP_T00T;Contrato Quadro;05-02-2004;Derivados;PRT;
8003176989;CGLM;02189;COSMETICOS GOVA LDA;CQ_BSP_CGLM;Contrato Quadro;18-02-2005;Derivados;PRT;
2100264538;MTLB;02191;MAVIREL-INDUSTRIAS TECNICO-QUIMICAS,LDA;CQ_BSP_MTLB;Contrato Quadro;28-01-2006;Derivados;PRT;
2100933787;IBLB;02192;IBERICA-ACESSORIOS BICICLETAS LDA;CQ_BSP_IBLB;Contrato Quadro;28-10-2005;Derivados;PRT;
8002788707;VPSN;02195;VIGOBLOCO - PRE FABRICADOS S.A.;CQ_BSP_VPSN;Contrato Quadro;05-05-2005;Derivados;PRT;
8017874684;AAEM;02196;ALUCIVAL - ALUMINIOS ACESSORIOS E MAQUINAS LDA.;CQ_BSP_AAEM;Contrato Quadro;07-02-2005;Derivados;PRT;
8000236071;CCEH;02197;CONTIFORME INVESTIMENTOS SA;CQ_BSP_CCEH;Contrato Quadro;11-05-2006;Derivados;PRT;
3481006585;SDPF;02199;SEPEDO - SERVICO DE PERSONALIZACAO DE DOCUMENTOS SA;CQ_BSP_SDPF;Contrato Quadro;11-05-2006;Derivados;PRT;
8003569458;NHIF;02200;NONIO HIROSS-REPRESENTACAO INSTALACAO EQUIP.ESPECIAIS LDA;CQ_BSP_NHIF;Contrato Quadro;08-05-2006;Derivados;PRT;
8008179257;PCLB;02201;PEDRASMIL-MATERIAIS CONSTRUCAO LDA;CQ_BSP_PCLB;Contrato Quadro;21-01-2004;Derivados;PRT;
9002437726;CFUL;02202;CARLOS FANGUEIRO - CONTRUCOES, UNIPESSOAL, LDA;CQ_BSP_CFUL;Contrato Quadro;07-02-2005;Derivados;PRT;
2531008233;BDPM;02206;BELTIGA-FABRICA DE PRODUTOS METALICOS LDA;CQ_BSP_BDPM;Contrato Quadro;07-02-2005;Derivados;PRT;
1700191437;CPRB;02213;CORDENET - PRODUTORA REDES AGRICOLAS, SA;CQ_BSP_CPRB;Contrato Quadro;24-05-2005;Derivados;PRT;
193239;CPRN;02234;CONSTRUCOES PORTO & ROCHA LDA;CQ_BSP_CPRN;Contrato Quadro;28-02-2005;Derivados;PRT;
8042569073;MRIN;02255;MOVEIS RONFE - IND. MOBILIARIO LDA;CQ_BSP_MRIN;Contrato Quadro;02-05-2006;Derivados;PRT;
8043494263;FA0A;02259;FIRMAGO-FUNDICAO ALUMINIOS,S.A.;CQ_BSP_FA0A;Contrato Quadro;26-04-2005;Derivados;PRT;
8026061443;SEEB;02264;SALSICHARIA ESTREMOCENSE,LDA;CQ_BSP_SEEB;Contrato Quadro;09-05-2005;Derivados;PRT;
8010371931;MJPN;02266;MANUEL JOAQUIM PINTO SA;CQ_BSP_MJPN;Contrato Quadro;28-04-2005;Derivados;PRT;
8007633179;ARPF;02269;AUTO RODOVIA-PECAS ACESSORIOS LDA;CQ_BSP_ARPF;Contrato Quadro;08-06-2005;Derivados;PRT;
8000535980;CNLL;02274;CONFEITARIA NOVA LISBOA SA;CQ_BSP_CNLL;Contrato Quadro;09-01-2006;Derivados;PRT;
8030010630;DCFL;02278;CAMATEC-TEC.COM.COMPONENTES CALCADO,LDA;CQ_BSP_DCFL;Contrato Quadro;28-02-2005;Derivados;PRT;
9001811761;GELI;02283;GIRASSOL - EDICOES LDA;CQ_BSP_GELI;Contrato Quadro;05-07-2007;Derivados;PRT;
16064;PDIL;02292;PARALUX - SOCIEDADE DE ILUMINACAO LDA.;CQ_BSP_PDIL;Contrato Quadro;12-10-2005;Derivados;PRT;
8038503350;VCEJ;02296;VGA-COSTRUCAO E INSTALACOES ESPECIAIS LIMITADA;CQ_BSP_VCEJ;Contrato Quadro;18-02-2005;Derivados;PRT;
13451;SMLM;02307;SIFAMOLAR-SOC.IND.DE MOVEIS LDA;CQ_BSP_SMLM;Contrato Quadro;21-03-2005;Derivados;PRT;
7400180288;S00Q;03291;SOMARGO-CONSTRUCOES CIVIS,LDA;CQ_BSP_S00Q;Contrato Quadro;20-04-2006;Derivados;PRT;
8044603590;AIM0;03321;ARTVIRTUAL-INVESTIMENTOS IMOBILIARIOS ,LDA;CQ_BSP_AIM0;Contrato Quadro;24-03-2006;Derivados;PRT;
9000651306;EEML;03431;EQUIMOVE EQUIPAMENTOS MOVIMENTACAO LDA;CQ_BSP_EEML;Contrato Quadro;22-05-2006;Derivados;PRT;
8037879328;FTL0;03463;FIDALGUIA-VIAGENS TURISMO, TRANSP PUBLIC NAC INTERNAC DE PASSAGEIROS,;CQ_BSP_FTL0;Contrato Quadro;17-05-2006;Derivados;PRT;
8007003159;S02I;03467;SOMOPRECISE-FAB.MOLDES PRECISAO,LDA;CQ_BSP_S02I;Contrato Quadro;24-04-2006;Derivados;PRT;
9000672069;CA1J;03591;CONST AZEVEDO & AMARO, LDA;CQ_BSP_CA1J;Contrato Quadro;02-06-2006;Derivados;PRT;
8022647031;ATM1;03621;AUTO TRANSPORTES MODELARES CANECAS LDA;CQ_BSP_ATM1;Contrato Quadro;23-05-2006;Derivados;PRT;
8010688433;FTDN;03710;FTM FABRICA TRANSFORMADORA MADEIRAS,LDA;CQ_BSP_FTDN;Contrato Quadro;08-06-2006;Derivados;PRT;
2100265785;MFFL;03720;MASTERBIJU, SA;CQ_BSP_MFFL;Contrato Quadro;24-11-2009;Derivados;PRT;
8041704576;TILR;08272;T.K.-PORTUGUESA-MAQ. INDUSTRIAL, LDA;TILR;Contrato Quadro;24-04-2008;Derivados;PRT;
7400203775;EIKM;08338;ESPACO CENTRAL - PARAFARMACIA LDA;EIKM;Contrato Quadro;09-06-2008;Derivados;PRT;
8008932210;M1KA;05417;MARMILTEX-FABRICA DE TECIDOS LDA;M1KA;Contrato Quadro;02-06-2008;Derivados;PRT;
7400432359;EL1T;09563;EDER LDA;CQ_BSP_EL1T;Contrato Quadro;23-07-2008;Derivados;PRT;
1700205420;I0WN;10180;INVERSISTOR - CONSULTORIA EMPRESARIAL, LDA;CQ_BSP_I0WN;Contrato Quadro;09-10-2008;Derivados;PRT;
1700057373;AC11;10356;ANTEROS COMERCIAL - SOCIEDADE COMERCIAL S.A.;CQ_BSP_AC11;Contrato Quadro;29-09-2008;Derivados;PRT;
7400487383;VCOU;08863;VISUAL CONSTROI LDA;VCOU;Contrato Quadro;06-06-2008;Derivados;PRT;
9000666518;J0AS;10467;J. CARDOSO MARTINHO E FILHOS, LDA;CQ_BSP_J0AS;Contrato Quadro;24-10-2008;Derivados;PRT;
12476;D7SU;10499;CRISTALTORRES-REPRESENTACOES  LDA;CQ_BSP_D7SU;Contrato Quadro;26-09-2008;Derivados;PRT;
9000669389;BHF6;10741;ANTONIO SILVA EUGENIO-CONSTRUCAO CIVIL LDA;CQ_BSP_BHF6;Contrato Quadro;07-10-2008;Derivados;PRT;
8021284911;D7X4;10814;CAIRES-ATELIER PROJ.ENGENHARIA CIVIL,LDA;CQ_BSP_D7X4;Contrato Quadro;13-10-2008;Derivados;PRT;
8046438457;O6TL;10953;MOFASE - ARQUITECTURA E ENGENHARIA, LDA;CQ_BSP_O6TL;Contrato Quadro;13-10-2008;Derivados;PRT;
7400247478;D7Z6;10956;DISTRIGAIA - DISTRIBUICAO LDA;CQ_BSP_D7Z6;Contrato Quadro;27-10-2008;Derivados;PRT;
9001927882;S2Q7;10941;SERTEQUI COMERCIO DE EQUIPAMENTOS INDUSTRIAIS LDA;CQ_BSP_S2Q7;Contrato Quadro;12-12-2008;Derivados;PRT;
7400478092;FFWG;10984;FJN FABRICO DE MOLDES DE PRECISAO LDA;CQ_BSP_FFWG;Contrato Quadro;14-10-2008;Derivados;PRT;
8000528331;BHKX;10975;ARMANDO VIEIRA BRAGA;BHKX;Contrato Quadro;10-12-2008;Derivados;PRT;
1700051568;LTN7;11267;LI TRES-M-CONSTRUCAO CIVIL, S.A.;CQ_BSP_LTN7;Contrato Quadro;28-10-2008;Derivados;PRT;
8029167864;PP37;10819;PEREIRA PINTO, LDA;CQ_BSP_PP37;Contrato Quadro;22-10-2008;Derivados;PRT;
8005544581;G1YE;14068;GONCALVES & GOMES,LDA;G1YE;Contrato Quadro;28-05-2009;Derivados;PRT;
8046476954;KL2M;11079;JMSM SERRALHARIA CIVIL LDA;CQ_BSP_KL2M;Contrato Quadro;22-10-2008;Derivados;PRT;
9000744789;A458;11092;ALJUSIJOR-CONSTRUCOES,LDA;CQ_BSP_A458;Contrato Quadro;19-12-2008;Derivados;PRT;
8029749956;M000;03242;MOPAVE MOTORES E PECAS DO AVE LDA;CQ_BSP_M000;Contrato Quadro;08-02-2006;Derivados;PRT;
8046504223;CAL0;03265;CONSTRUCOES ATAES, LDA;CQ_BSP_CAL0;Contrato Quadro;13-03-2006;Derivados;PRT;
7400127492;MST4;03328;MANUEL S SA - INVESTIMENTOS IMOBILIARIOS, LDA;CQ_BSP_MST4;Contrato Quadro;22-03-2006;Derivados;PRT;
3941009142;M01S;03424;MARIRENE - CONSTRUCAO CIVIL, LDA;CQ_BSP_M01S;Contrato Quadro;20-04-2006;Derivados;PRT;
1700026942;CA0Y;03454;CENTRAL ACROPOLIS - EMPREENDIMENTOS IMOBILIARIOS, LDA;CQ_BSP_CA0Y;Contrato Quadro;28-04-2006;Derivados;PRT;
2331007872;A066;03491;AQUACOLOR - ACABAMENTOS TEXTEIS, S.A.;CQ_BSP_A0661;Contrato Quadro;28-04-2006;Derivados;PRT;
2821001862;S04F;03611;SILVA & PEREIRA, LDA;CQ_BSP_S04F;Contrato Quadro;30-05-2006;Derivados;PRT;
8025345991;C08A;03627;CALDAS & RIBEIRO, LDA;CQ_BSP_C08A;Contrato Quadro;25-05-2006;Derivados;PRT;
7400011617;V01H;03662;VALTRIPEIRO IMOBILIARIA S.A;CQ_BSP_V01H;Contrato Quadro;05-06-2006;Derivados;PRT;
7400111707;W001;03296;WILLMAN & DIAS - DIAGNOSTICOS MEDICOS E FORMACAO LDA.;CQ_BSP_W001;Contrato Quadro;12-05-2006;Derivados;PRT;
7400119175;SIIQ;03349;SIILOG-SOCIEDADE DE INOVACAO E INTRALOGISTICA, LDA.;CQ_BSP_SIIQ;Contrato Quadro;28-03-2006;Derivados;PRT;
804316450;FEDL;03358;FRANCARMOVEIS-MOVEIS E DECORAÇÃO, LDA, CARTAXO;CQ_BSP_FEDL;Contrato Quadro;28-03-2006;Derivados;PRT;
7400050440;V00B;03428;VIANASTORES - FABRICACAO ESTORES, LDA;CQ_BSP_V00B;Contrato Quadro;13-04-2006;Derivados;PRT;
8046318502;MDNP;03449;MARIA DE LOURDES BENITO - SOCIEDADE UNIPESSOAL LDA;CQ_BSP_MDNP;Contrato Quadro;09-05-2006;Derivados;PRT;
7400191077;NIEG;03527;NEGOCIOFEITO-INVESTIMENTOS IMOBILIARIOS E CONSTRUCAO CIVIL LDA;CQ_BSP_NIEG;Contrato Quadro;09-05-2006;Derivados;PRT;
8030711515;A07E;03596;A.F.N. - ACESSORIOS 4X4 LDA;CQ_BSP_A07E;Contrato Quadro;24-05-2006;Derivados;PRT;
1700131291;B018;03617;BRICOARRIFANA - COMERCIO DE BRICOLAGE, LDA;CQ_BSP_B018;Contrato Quadro;16-05-2006;Derivados;PRT;
3311000225;S074;03642;SOCIEDADE AGRICOLA LUIS GONZALEZ, S.A.;CQ_BSP_S074;Contrato Quadro;22-05-2006;Derivados;PRT;
9001865230;ESEU;03676;E.S.EXPLORACAO SUPERMERCADOS LDA;CQ_BSP_ESEU;Contrato Quadro;01-06-2006;Derivados;PRT;
7400178266;R01X;03682;R.V.O. - RECICLAGEM - VALORIZACAO OUTEIRENSE LDA;CQ_BSP_R01X;Contrato Quadro;06-06-2006;Derivados;PRT;
8040725201;ASF0;03261;AGUASISTEMAS - PRODUTOS E SERVICOS PARA AGUA E AMBIENTE, LDA;CQ_BSP_ASF0;Contrato Quadro;16-02-2006;Derivados;PRT;
9002663530;CCM3;03320;CONSTROINEGRAIS - SOCIEDADE CONSTRUCOES, LDA.;CQ_BSP_CCM3;Contrato Quadro;19-05-2006;Derivados;PRT;
8046345629;SSE0;03360;SUPERELVAS - SUPERMERCADOS, S.A.;CQ_BSP_SSE0;Contrato Quadro;16-03-2006;Derivados;PRT;
9002504313;N2EP;03385;NIVEL 20 - ESTUDOS, PROJECTOS E OBRAS, LDA;CQ_BSP_N2EP;Contrato Quadro;10-05-2006;Derivados;PRT;
9002501778;DL02;03436;DUARTE LIMA & RODRIGUES SOCIEDADE DE MEDIACAO IMOBILIARIA LAD;CQ_BSP_DL02;Contrato Quadro;22-09-2006;Derivados;PRT;
1700205804;F04U;03476;FIGUEIRA LDA;CQ_BSP_F04U;Contrato Quadro;27-04-2006;Derivados;PRT;
9001760175;OAL0;;MULTIMOTO - MOTOR PORTUGAL S.A.;CQ_BSP_OAL0;Contrato Quadro;07-03-2014;Derivados;PRT;
9002166766;M035;03509;METALOFELICIA -CONSTRUCOES METALOMECANICAS LDA;CQ_BSP_M035;Contrato Quadro;21-04-2006;Derivados;PRT;
8046337032;OSDM;03599;OUTFOZ  SERVICOS DE MARKETING LDA;CQ_BSP_OSDM;Contrato Quadro;15-09-2004;Derivados;PRT;
8043873018;L010;03678;LUCAVENDING MAQUINAS AUTOMATICAS DE VENDING LDA;CQ_BSP_L010;Contrato Quadro;25-05-2006;Derivados;PRT;
8006929700;M04Q;03685;MARTINS & PEDROSO,LDA;CQ_BSP_M04Q;Contrato Quadro;05-09-2006;Derivados;PRT;
2381006959;MB2L;03699;MARJUNO LDA;CQ_BSP_MB2L;Contrato Quadro;22-08-2006;Derivados;PRT;
2431009580;EDEQ;03258;EMBALCUT INDUSTRIA DE EMBALAGENS LDA;CQ_BSP_EDEQ;Contrato Quadro;24-01-2006;Derivados;PRT;
8046577744;LDF0;03259;LAVRADORES DE FEITORIA - VINHOS DA QUINTA, SA;CQ_BSP_LDF0;Contrato Quadro;21-02-2006;Derivados;PRT;
8024840672;ARL0;03395;ALBANOR-SOC.REPRESENTACOES,LDA.;CQ_BSP_ARL0;Contrato Quadro;22-05-2006;Derivados;PRT;
8008909739;SM02;03418;PROJECTOS SMLM, LDA;CQ_BSP_SM02;Contrato Quadro;20-06-2006;Derivados;PRT;
5100262845;CQ00;03494;CARNES QUINTAS & QUELHAS - PREPARACAO DE CARNES, L;CQ_BSP_CQ00;Contrato Quadro;04-07-2006;Derivados;PRT;
7400134202;VMV0;03505;VETI MAIOR VESTUARIO CONFECCOES LDA;CQ_BSP_VMV0;Contrato Quadro;05-05-2006;Derivados;PRT;
8046361744;PCDG;03507;POLICLINICA COVA DA BEIRA, PRESTACAO DE SERVICOS DE SAUDE, LDA;CQ_BSP_PCDG;Contrato Quadro;01-06-2006;Derivados;PRT;
5100519559;C06R;03515;CLOROSOL - COMERCIO E INDUSTRIA DE DETERGENTES, LIMITADA;CQ_BSP_C06R;Contrato Quadro;11-05-2006;Derivados;PRT;
8020221692;N00F;03517;NN-MONTAGENS ELECTRICAS LDA;CQ_BSP_N00F;Contrato Quadro;19-05-2006;Derivados;PRT;
8003076314;LEEF;03545;LENA ENGENHARIA E CONSTRUCOES S.A.;CQ_BSP_LEEF;Contrato Quadro;10-08-2006;Derivados;PRT;
8007632874;SL06;03546;SANIGALOS-COMERCIO REPRESENTACOES SANITARIOS LDA;CQ_BSP_SL06;Contrato Quadro;09-05-2006;Derivados;PRT;
9002150993;P03F;03595;PASCOAL & PASCOAL  CONSTRUCOES LDA;CQ_BSP_P03F;Contrato Quadro;23-05-2006;Derivados;PRT;
7400217737;FCDQ;03603;FARMACIA CENTRAL DE QUELUZ, LDA;CQ_BSP_FCDQ;Contrato Quadro;09-06-2006;Derivados;PRT;
9002524841;DP03;03622;DIAMANTINO PERPETUA & FILHOS, LDA;CQ_BSP_DP03;Contrato Quadro;12-05-2006;Derivados;PRT;
1700216337;S04G;03634;SOCIEDADE CONSTRUCOES ALVES E MACHADO LDA;CQ_BSP_S04G;Contrato Quadro;10-07-2006;Derivados;PRT;
9002251893;S076;03657;SOLIDOTEL SOLUCOES INTEGRADAS DE HOTELARIA LDA;CQ_BSP_S076;Contrato Quadro;18-09-2006;Derivados;PRT;
9001071659;G1KK;03673;GOPECAUTO, REPARADORA DE AUTOMOVEIS LDA;CQ_BSP_G1KK;Contrato Quadro;28-06-2006;Derivados;PRT;
7400159307;AP09;03691;AMARAL PINHEIRO, S.A.;CQ_BSP_AP09;Contrato Quadro;05-06-2006;Derivados;PRT;
1700187136;MVH0;03252;MEIA VIA TURISMO E HABITACAO SA;CQ_BSP_MVH0;Contrato Quadro;26-10-2006;Derivados;PRT;
8008203960;VCFL;03357;VIDEO CLUBE FRANCAR,LDA;CQ_BSP_VCFL;Contrato Quadro;28-03-2006;Derivados;PRT;
8017713998;MCM5;03359;MARFER-CONSTRUCOES CIVIS,LDA;CQ_BSP_MCM5;Contrato Quadro;25-01-2019;Derivados;PRT;
1700178227;ASOP;03407;AFRICA STONE - ROCHAS ORNAMENTAIS LDA;CQ_BSP_ASOP;Contrato Quadro;25-09-2006;Derivados;PRT;
7400039618;AFEK;03425;ALUMINEIVA FABRICACAO E INSTALACAO DE ESTRUTURAS METALICAS, LDA;CQ_BSP_AFEK;Contrato Quadro;13-04-2006;Derivados;PRT;
9001510723;MB04;03442;MATOSO, BAIAO EFILHA,LDA;CQ_BSP_MB04;Contrato Quadro;15-05-2006;Derivados;PRT;
8041779916;C06M;03504;CONFECCOES-DE MODESTO PEREIRA SILVA LDA;CQ_BSP_C06M;Contrato Quadro;02-05-2006;Derivados;PRT;
2391003440;CTL2;03524;C C TOLDOS LDA;CQ_BSP_CTL2;Contrato Quadro;24-05-2006;Derivados;PRT;
1700152228;HDML;03531;HELIBEL - COMERCIO DE MALAS LDA;CQ_BSP_HDML;Contrato Quadro;21-04-2006;Derivados;PRT;
9000997127;LDNL;03573;LEITOES DE NEGRAIS LDA;CQ_BSP_LDNL;Contrato Quadro;03-07-2006;Derivados;PRT;
1700074033;CJL2;03588;CONST JOTAPENUNO LDA;CQ_BSP_CJL21;Contrato Quadro;02-06-2006;Derivados;PRT;
7400091498;A07J;03600;APARVIC - CONSTRUCOES LDA;CQ_BSP_A07J;Contrato Quadro;30-10-2006;Derivados;PRT;
9000677681;B017;03616;BENTO & NASCIMENTO, LDA;CQ_BSP_B017;Contrato Quadro;20-06-2006;Derivados;PRT;
;MSB3;03624;MANUEL SOUSA ALVES FILHOS, LDA.;CQ_BSP_MSB3;Contrato Quadro;12-05-2006;Derivados;PRT;
7400196513;R01V;03658;RODRIGUES & SANTINHOS LDA;CQ_BSP_R01V;Contrato Quadro;14-06-2006;Derivados;PRT;
9000662880;FSS2;03675;F.SILVA & ROSA,LDA;CQ_BSP_FSS2;Contrato Quadro;01-06-2006;Derivados;PRT;
8046318156;F0D6;03688;FUTURVIDA-FABRICACAO DE VEICULOS ESPECIAIS, LDA.;CQ_BSP_F0D6;Contrato Quadro;10-07-2006;Derivados;PRT;
8040808740;JFNL;03690;JOSE FERNANDO NEVES LIMA & CA LDA;CQ_BSP_JFNL;Contrato Quadro;17-06-2006;Derivados;PRT;
8008754951;CDD2;03287;CONSTROARCO - SOCIEDADE DE CONSTRUCOES,LDA;CQ_BSP_CDD2;Contrato Quadro;10-02-2006;Derivados;PRT;
8041852504;MGPO;03402;MANUEL DA GRACA PEIXITO LDA;CQ_BSP_MGPO;Contrato Quadro;06-06-2006;Derivados;PRT;
8007640548;R00A;03421;LUIS FRAZAO - CONSTRUCAO CIVIL E OBRAS PUBLICAS, S.A.;CQ_BSP_R00A;Contrato Quadro;10-07-2006;Derivados;PRT;
1700186385;GPEF;03423;ASSA ABLOY ENTRANCE SYSTEMS PORTUGAL, S.A.;CQ_BSP_GPEF;Contrato Quadro;28-04-2006;Derivados;PRT;
2661007107;JM05;03471;TAPETAUTO JOAQUIM MARQUES & FILHOS LDA;CQ_BSP_JM05;Contrato Quadro;22-05-2006;Derivados;PRT;
2581000763;S02J;03473;SOCIEDADE AGRICOLA VILLA PAULINHOS,LDA;CQ_BSP_S02J;Contrato Quadro;20-04-2006;Derivados;PRT;
5100260346;HEVT;03540;HOTEL EDUARDO VII S A;CQ_BSP_HEVT;Contrato Quadro;10-05-2006;Derivados;PRT;
9000817259;S03X;03554;SERENO & CANDEIAS-SOCIEDADE CONSTRUCOES,LDA;CQ_BSP_S03X;Contrato Quadro;01-08-2006;Derivados;PRT;
2701001959;G1AO;03590;GERASAUDE - PRODUTOS TERAPEUTICOS, LDA;CQ_BSP_G1AO;Contrato Quadro;16-05-2006;Derivados;PRT;
9002181271;F095;03593;FLAVICONSTROI -SOC CONSTRUCOES LDA;CQ_BSP_F095;Contrato Quadro;02-06-2006;Derivados;PRT;
8040221417;A07U;03625;ALL TO, S. A.;CQ_BSP_A07U;Contrato Quadro;12-09-2006;Derivados;PRT;
8030541919;P04S;03654;PINTO & SOARES LDA;CQ_BSP_P04S;Contrato Quadro;25-05-2006;Derivados;PRT;
2100923234;P04X;03707;PMG PROMOCAO TURISTICA, LDA;CQ_BSP_P04X;Contrato Quadro;31-05-2006;Derivados;PRT;
9001997330;ICCQ;03390;INOFER CONSTRUCAO CIVIL LDA;CQ_BSP_ICCQ;Contrato Quadro;16-05-2006;Derivados;PRT;
7400144711;SML3;03444;SEQUEIRA E MARQUES LDA;CQ_BSP_SML3;Contrato Quadro;10-05-2006;Derivados;PRT;
8005665517;C03N;03447;COREX-TECNICA ANTI-CORROSAO LDA;CQ_BSP_C03N;Contrato Quadro;08-06-2006;Derivados;PRT;
8010761495;M01W;03458;MAIA & RODRIGUES,LDA;CQ_BSP_M01W;Contrato Quadro;12-06-2006;Derivados;PRT;
8009801249;MVS1;03464;MOVEIS VIRIATO, S.A.;CQ_BSP_MVS1;Contrato Quadro;27-04-2006;Derivados;PRT;
8046451483;EIMM;03477;20X20QUARENTA LDA;CQ_BSP_EIMM;Contrato Quadro;04-05-2006;Derivados;PRT;
7400213729;AIIQ;03482;AONIVEL INVESTIMENTOS IMOBILIARIOS LDA;CQ_BSP_AIIQ;Contrato Quadro;09-05-2006;Derivados;PRT;
7400115907;GSS5;03513;GLOBALFER SGPS S.A.;CQ_BSP_GSS51;Contrato Quadro;28-04-2006;Derivados;PRT;
2711003564;E021;03552;ESTRUTUROMETAL - CONSTRUCOES METALICAS LDA;CQ_BSP_E021;Contrato Quadro;04-05-2006;Derivados;PRT;
2100245763;T00G;03557;TAVGRES- IMPORTACAO EXPORTACAO DE MATERIAIS DE CONSTRUCAO, LDA;CQ_BSP_T00G;Contrato Quadro;05-05-2006;Derivados;PRT;
8025468341;AAS3;03576;ANTONIO AURELIO SANTOS & FILHOS,LDA;CQ_BSP_AAS3;Contrato Quadro;06-07-2006;Derivados;PRT;
5100276923;B02J;03656;BURGERCREL RESTAURACAO RAPIDA LDA;CQ_BSP_B02J;Contrato Quadro;05-01-2007;Derivados;PRT;
9000970565;T01C;03702;TRANSCASAL-TANSPORTES CARGA,LDA;CQ_BSP_T01C;Contrato Quadro;11-07-2006;Derivados;PRT;
7400149093;C0B2;03705;ALS LIFE SCIENCES PORTUGAL S A;CQ_BSP_C0B2;Contrato Quadro;18-08-2006;Derivados;PRT;
1700202756;IFLC;03352;ILIDIO FREITAS LDA;CQ_BSP_IFLC;Contrato Quadro;01-08-2006;Derivados;PRT;
8046349204;MRPP;03353;MANUEL RIBEIRO PINTO, LDA;CQ_BSP_MRPP;Contrato Quadro;23-03-2006;Derivados;PRT;
8023078432;HF00;03368;HIPOLITO FRANCO & ANTONIO NOBREGA S A;CQ_BSP_HF00;Contrato Quadro;31-05-2006;Derivados;PRT;
8046335981;MM0D;03437;M. MATIAS - FRUTAS E CORTICAS LDA;CQ_BSP_MM0D;Contrato Quadro;17-05-2006;Derivados;PRT;
2841000874;FL05;03459;FLAVIGESSOS, LIMITADA;CQ_BSP_FL05;Contrato Quadro;20-04-2006;Derivados;PRT;
1700050800;FH00;03468;FARMACIA HIGIENE - AMATUS LUSITANUS, LDA;CQ_BSP_FH00;Contrato Quadro;28-06-2006;Derivados;PRT;
9001600435;LJ00;03503;LORD JIM-COMERCIO E REPRESENTACOES LDA;CQ_BSP_LJ001;Contrato Quadro;08-05-2006;Derivados;PRT;
2441003939;TAML;03539;TRANSPORTES ALTO MONDEGO, LDA.;CQ_BSP_TAML;Contrato Quadro;12-05-2006;Derivados;PRT;
9002585339;PLL1;03543;PANTA - GESTAO IMOBILIARIA, LDA;CQ_BSP_PLL1;Contrato Quadro;02-05-2006;Derivados;PRT;
7400194180;I01B;03567;INGASUR - SOCIEDADE IMOBILIARIA LDA;CQ_BSP_I01B;Contrato Quadro;05-07-2006;Derivados;PRT;
8044165380;S07C;03672;SUPERBEJA - SUPERMERCADOS LIMITADA;CQ_BSP_S07C;Contrato Quadro;19-06-2006;Derivados;PRT;
8037411616;ANS0;03292;NAVARRA - EXTRUSAO DE ALUMINIOS, SA;CQ_BSP_ANS0;Contrato Quadro;05-04-2017;Derivados;PRT;
8041454821;M00U;03306;METALCONFORME COMERCIO E INDUSTRIA DE MAQUINAS E FERRAMENTAS, LDA;CQ_BSP_M00U;Contrato Quadro;05-04-2006;Derivados;PRT;
9001684407;L007;03325;LOPES & PEDREIRO - CONSTRUCAO CIVIL LDA;CQ_BSP_L007;Contrato Quadro;23-03-2006;Derivados;PRT;
;CULD;03354;CONSPECTUS-IMOBILIARIA,UNIPESSOAL,LDA;CQ_BSP_CULD;Contrato Quadro;20-03-2006;Derivados;PRT;
8021098129;JPS1;03481;JURINFOR INFORMATICA E PUBLICACOES LDA;CQ_BSP_JPS1;Contrato Quadro;22-05-2006;Derivados;PRT;
8041070631;TCPB;03522;TESCO - COMPONENTES PARA AUTOMOVEIS LDA;CQ_BSP_TCPB;Contrato Quadro;03-01-2006;Derivados;PRT;
2100197940;FD04;03582;F DUARTE - INDUST COMERC ALIMENTAR, SA;CQ_BSP_FD04;Contrato Quadro;25-05-2006;Derivados;PRT;
7401629326;PDDC;03633;AREA FARMACEUTICA I I LDA;CQ_BSP_PDDC;Contrato Quadro;04-07-2006;Derivados;PRT;
8039178093;A09H;03647;AVETUNES-COMERCIO DE PRODUTOS ALIMENTARES LDA;CQ_BSP_A09H;Contrato Quadro;29-05-2006;Derivados;PRT;
8022877291;S07B;03661;SOUSA & MORGADO,LDA;CQ_BSP_S07B;Contrato Quadro;02-06-2006;Derivados;PRT;
8046549140;P04W;03703;PERFILVIGA-COMERCIO MATERIAIS CONSTRUCAO LDA;CQ_BSP_P04W;Contrato Quadro;31-05-2006;Derivados;PRT;
1700068278;T01F;03717;TONDELAR-SOCIEDADE IMOBILIARIA, LDA.;CQ_BSP_T01F;Contrato Quadro;08-06-2006;Derivados;PRT;
8042004721;D011;03719;NACIONALBLINDS SUNSHADING INDUSTRIA E REPRESENTACAO DE ESTORES LDA;CQ_BSP_D011;Contrato Quadro;09-06-2006;Derivados;PRT;
8046555028;FSE0;03272;FARMACIA SENHOR DOS MILAGRES, UNIPESSOAL LDA;CQ_BSP_FSE0;Contrato Quadro;17-04-2006;Derivados;PRT;
8046523273;PTL0;03363;PRESERME - METALOMECANICA, LDA;CQ_BSP_PTL0;Contrato Quadro;19-04-2006;Derivados;PRT;
2521004688;STS0;03394;SAILAO - COMERCIO TEXTIL, SOC. UNIPESSOAL, LDA;CQ_BSP_STS0;Contrato Quadro;03-03-2006;Derivados;PRT;
8027770668;E01A;03435;ECLEMPREENDIMENTOS COSTA LOPES ESCRITORIO DE PROJECTOS E CONSTRUCAO CI;CQ_BSP_E01A;Contrato Quadro;28-04-2006;Derivados;PRT;
8010217989;P02Y;03529;PLASTICOS IPA S.A.;CQ_BSP_P02Y;Contrato Quadro;21-04-2006;Derivados;PRT;
7400210987;IDGL;03532;IMOIDANHAINTER - SOCIEDADE DE GESTAO IMOBILIARIA, LDA;CQ_BSP_IDGL;Contrato Quadro;28-04-2006;Derivados;PRT;
8046469893;MSL5;03577;MARIO SERRA LDA;CQ_BSP_MSL5;Contrato Quadro;23-08-2006;Derivados;PRT;
7400367468;QDC1;07774;QUINTA DOS CURRAIS SOCIEDADE AGRICOLA UNIPESSOAL LDA;QDC1;Contrato Quadro;03-04-2008;Derivados;PRT;
7400453658;C3FI;07797;CALCULARGUMENTO - ACCOUNTING & CONSULTING LDA;C3FI;Contrato Quadro;28-05-2008;Derivados;PRT;
2100946304;TTMX;07827;TRANSBITARAES TRANSPORTES, LDA;TTMX;Contrato Quadro;27-05-2008;Derivados;PRT;
7400413696;C3IS;08568;CICLOPRUMO - CONSTRUCOES UNIPESSOAL LDA;C3IS;Contrato Quadro;14-05-2008;Derivados;PRT;
7400371730;B9PH;08560;APURAR MEDIDAS FORMACAO E CONSULTORIA LDA;B9PH;Contrato Quadro;20-05-2008;Derivados;PRT;
5100521333;O2RY;08550;MATERIA ELEMENTAR LDA;O2RY;Contrato Quadro;29-05-2008;Derivados;PRT;
7400446840;T0ET;08675;TQ - TRAVEL QUALITY - VIAGENS E TURISMO S.A.;T0ET;Contrato Quadro;02-06-2008;Derivados;PRT;
7400465328;VS52;10234;VIRTUAL SQUARE LDA;VS52;Contrato Quadro;30-09-2008;Derivados;PRT;
8020540361;LU0B;18443;LOJA SOL, LDA;CQ_BSP_LU0B;Contrato Quadro;13-05-2010;Derivados;PRT;
7400478474;TT5X;08780;TRANSPORTES SANTOS & MALHO LDA;TT5X;Contrato Quadro;09-06-2008;Derivados;PRT;
7400295600;SP65;10282;SERGIO ANTONIO ANDRADE SILVA CARDOSO SOCIEDADE UNIPESSOAL LDA.;CQ_BSP_SP65;Contrato Quadro;27-10-2008;Derivados;PRT;
8044357048;KI6S;08832;JOSE PAULO RIBEIRO UNIPESSOAL LDA;KI6S;Contrato Quadro;06-06-2008;Derivados;PRT;
7400424485;M25R;10262;MOBIQUIM - MOBILIARIO METALICO LDA;CQ_BSP_M25R;Contrato Quadro;21-10-2008;Derivados;PRT;
9001396778;O6MR;10643;MARIANO HORTA &IRMAO LDA;CQ_BSP_O6MR;Contrato Quadro;06-11-2008;Derivados;PRT;
8014360677;KKS5;10827;JOSE CELESTINO OLIVEIRA MARQUES;KKS5;Contrato Quadro;13-10-2008;Derivados;PRT;
7400106229;KKZY;11039;JOSE A. PEREIRA & FILHOS, LDA;CQ_BSP_KKZY;Contrato Quadro;03-11-2008;Derivados;PRT;
5100273929;RV94;11041;RODRIGO CASTRO MOCA - IMPRESSAO DE ETIQUETAS, LDA;CQ_BSP_RV94;Contrato Quadro;27-11-2008;Derivados;PRT;
7400502407;H0JX;11098;HOTMEC - COMERCIO E MANUTENCAO DE EQUIP HOTELEIRO LDA;CQ_BSP_H0JX;Contrato Quadro;30-10-2008;Derivados;PRT;
7400080343;N00H;03601;NORBEI-COM. PLASTICOS E PAPEL, LDA;CQ_BSP_N00H;Contrato Quadro;19-05-2006;Derivados;PRT;
8038466844;P03G;03605;PIRAM - CONSTRUCOES E TURISMO LDA;CQ_BSP_P03G;Contrato Quadro;18-05-2006;Derivados;PRT;
9002471602;CPVB;03626;CONSTRUCOES PEDRA VIDRACA ALGARVIA LDA;CQ_BSP_CPVB;Contrato Quadro;01-06-2006;Derivados;PRT;
9000619212;I02H;03637;IMOVENE-INVESTIMENTOS IMOBILIARIOS S.A.;CQ_BSP_I02H;Contrato Quadro;12-05-2006;Derivados;PRT;
9000657754;M04M;03643;MANOUSA-SOC CONST.CIVIS,LDA;CQ_BSP_M04M;Contrato Quadro;26-05-2006;Derivados;PRT;
8008335050;AS15;03651;ALMIRO SIMOES & CRAVEIRO, LDA;CQ_BSP_AS15;Contrato Quadro;21-06-2006;Derivados;PRT;
8046531642;P01M;03426;PRETENSA - INOVACAO EM ENGENHARIA, LDA;CQ_BSP_P01M;Contrato Quadro;24-04-2006;Derivados;PRT;
8039670194;AMNA;03470;LURDES SAMPAIO S.A.;CQ_BSP_AMNA;Contrato Quadro;02-05-2006;Derivados;PRT;
9001460801;RG05;03492;ROQUE  GONCALVES & FILHOS LDA;CQ_BSP_RG05;Contrato Quadro;09-06-2006;Derivados;PRT;
9001837432;MDTI;03510;MSA IMPORT EXPORT LDA;CQ_BSP_MDTI;Contrato Quadro;12-05-2006;Derivados;PRT;
7400197826;UUEC;03526;URBANIPAULOS URBANIZACOES CONSTRUCOES LDA;CQ_BSP_UUEC;Contrato Quadro;04-05-2006;Derivados;PRT;
5100323172;FSTO;03560;FERNANDO SILVA TAVARES LDA;CQ_BSP_FSTO;Contrato Quadro;30-05-2006;Derivados;PRT;
9000664421;E029;03592;EXTERNATO INFANTIL O PAPIAO LDA;CQ_BSP_E029;Contrato Quadro;05-06-2006;Derivados;PRT;
8046236194;RTL1;03606;RECAUCHUTAGEM TAVEIRENSE,LDA.;CQ_BSP_RTL1;Contrato Quadro;01-06-2006;Derivados;PRT;
8046414882;C0AQ;03680;CENTRO DE INVESTIGACAO PEDAGOGICA SOBRE APRENDIZAGEM INTEGRADA-COLEGIO;CQ_BSP_C0AQ;Contrato Quadro;21-07-2006;Derivados;PRT;
8025008937;D00Y;03681;DINEFER - ENGENHARIA E SISTEMAS INDUSTRIAIS, S.A.;CQ_BSP_D00Y;Contrato Quadro;30-05-2006;Derivados;PRT;
8046580829;H011;03697;HOCLOC - PAVIMENTOS E ALUMINIOS LDA;CQ_BSP_H011;Contrato Quadro;08-06-2006;Derivados;PRT;
8009848991;JTLL;03232;J.TAVARES,LDA;CQ_BSP_JTLL;Contrato Quadro;21-02-2006;Derivados;PRT;
8008113544;I001;03253;SAGIES - SEGURANCA E SAUDE NO TRABALHO S A;CQ_BSP_I001;Contrato Quadro;02-05-2006;Derivados;PRT;
7400177512;OUL0;03278;OBRIAREA-CONSTRUCOES UNIPESSOAL LDA;CQ_BSP_OUL0;Contrato Quadro;05-04-2006;Derivados;PRT;
9001523777;CFEA;03303;CASTROS ILUMINACOES FESTIVAS S.A.;CQ_BSP_CFEA;Contrato Quadro;16-03-2006;Derivados;PRT;
1700003798;B00C;03372;BRASTEC - CONSTRUÇÃO, LDA;CQ_BSP_B00C;Contrato Quadro;17-04-2006;Derivados;PRT;
5100263298;NEAF;03380;NUCASE - CONTABILIDADE E FISCALIDADE, S.A.;CQ_BSP_NEAF;Contrato Quadro;08-05-2006;Derivados;PRT;
9002497168;ROFL;03398;RESTAURANTE O FONDUE LDA;CQ_BSP_ROFL;Contrato Quadro;25-05-2006;Derivados;PRT;
8044788655;N00D;03502;NUTRITALHOS-INDUSTRIA COMERCIO CARNES S.A.;CQ_BSP_N00D;Contrato Quadro;09-10-2006;Derivados;PRT;
8037865421;MJV0;03537;M. J. VENDEIRO S.A.;CQ_BSP_MJV0;Contrato Quadro;28-04-2006;Derivados;PRT;
9002421869;BP07;03553;BORGES, PINHEIRO & LUCIANO-SOC.CONSTRUCAO, LDA.;CQ_BSP_BP07;Contrato Quadro;22-05-2006;Derivados;PRT;
7400193758;I01C;03568;IPIN - INVESTIMENTOS E PARTICIPACOES IMOBILIARIAS DO NORTE SA;CQ_BSP_I01C;Contrato Quadro;04-07-2006;Derivados;PRT;
2100197970;E028;03584;ELITE - ESPECIARIAS E CONDIMENTOS, S A;CQ_BSP_E028;Contrato Quadro;25-05-2006;Derivados;PRT;
7400008591;MSG6;03610;MANUEL SILVA FIALHO JUNIOR & FILHOS LDA;CQ_BSP_MSG6;Contrato Quadro;22-05-2006;Derivados;PRT;
8002909857;A07W;03628;AUTOMAFRA-PNEUS ACESSORIOS COMBUSTIVEIS VIATURAS,LDA;CQ_BSP_A07W;Contrato Quadro;18-10-2006;Derivados;PRT;
7400184442;CSM8;03653;COSTA SANTOS LEAL, IMOVEIS, LDA;CQ_BSP_CSM8;Contrato Quadro;26-05-2006;Derivados;PRT;
7400202164;CQDO;03655;CONSTRUCOES QUINTA DA ORDEM, LDA;CQ_BSP_CQDO;Contrato Quadro;08-06-2006;Derivados;PRT;
8046340842;G1K4;03660;GAIANIMA EQUIPAMENTOS MUNICIPAIS EM;CQ_BSP_G1K4;Contrato Quadro;26-05-2006;Derivados;PRT;
8041502890;I02L;03695;IMORES - SOCIEDADE IMOBILIARIA LDA;CQ_BSP_I02L;Contrato Quadro;24-07-2006;Derivados;PRT;
8046505101;FMUM;03251;FARMACIA MACINHATA, UNIPESSOAL LDA;CQ_BSP_FMUM;Contrato Quadro;15-02-2006;Derivados;PRT;
2100194320;A009;03256;ALUMINIOS - J D M, LDA;CQ_BSP_A009;Contrato Quadro;02-03-2006;Derivados;PRT;
7400159566;VCL0;03271;VILARCON - CLIMATIZACAO E ENERGIAS, LDA;CQ_BSP_VCL0;Contrato Quadro;03-03-2006;Derivados;PRT;
7400143936;BCET;03337;RENT TO GO, LDA;CQ_BSP_BCET;Contrato Quadro;06-04-2006;Derivados;PRT;
5100387700;SG03;03339;SILVA GOMES & ABREU SA;CQ_BSP_SG03;Contrato Quadro;21-03-2006;Derivados;PRT;
9001712263;BML0;03387;BRIMO-BRITAS MOUQUIM,LDA;CQ_BSP_BML0;Contrato Quadro;24-03-2006;Derivados;PRT;
9002645671;CJAC;03411;CONSTRUCOES J. A. CRUZ & FILHOS LDA;CQ_BSP_CJAC;Contrato Quadro;04-07-2006;Derivados;PRT;
9000624637;JJC1;03422;JOSE JOAQUIM CORNACHO & FILHOS LDA;CQ_BSP_JJC1;Contrato Quadro;11-05-2006;Derivados;PRT;
8046537887;EDVF;03536;EQUIVISE-COM. VEIC. MAQ. INDUSTRIAIS, LDA.;CQ_BSP_EDVF;Contrato Quadro;04-05-2006;Derivados;PRT;
8039686981;CBUO;02898;COXX BORBA - CALCADO SA;CQ_BSP_CBUO;Contrato Quadro;21-12-2005;Derivados;PRT;
3341005076;JANL;02899;IBERPECAS-SOBRESSALENTES AUTO LDA;CQ_BSP_JANL;Contrato Quadro;08-08-2008;Derivados;PRT;
8046545717;CVEV;02900;CASA VIRTUAL - COMPRA E VENDA DE IMOVEIS, LDA;CQ_BSP_CVEV;Contrato Quadro;03-11-2005;Derivados;PRT;
7400036216;PLMP;02901;P. PEREIRA, UNIPESSOAL LDA;CQ_BSP_PLMP;Contrato Quadro;07-10-2005;Derivados;PRT;
7400154232;FRSZ;02905;AVEIRIA EMPREENDIMENTOS IMOBILIARIOS SA;CQ_BSP_FRSZ;Contrato Quadro;29-11-2005;Derivados;PRT;
9001943344;RLVC;02906;R.N.-CONSTRUCOES,LDA;CQ_BSP_RLVC;Contrato Quadro;04-10-2005;Derivados;PRT;
5100261162;CULP;02914;ANTONIO SILVA LDA;CQ_BSP_CULP;Contrato Quadro;03-11-2005;Derivados;PRT;
8010570963;HHLO;02917;HOTI STAR PORTUGAL HOTEIS S A;CQ_BSP_HHLO;Contrato Quadro;03-11-2005;Derivados;PRT;
8044036451;SMVM;02919;SILVA MARQUES & VALE, LDA;CQ_BSP_SMVM;Contrato Quadro;23-11-2005;Derivados;PRT;
2311004084;SH09;02923;SOGRAPE HOLDING,SGPS;CQ_BSP_SH09;Contrato Quadro;23-09-2005;Derivados;PRT;
9000819473;NCOM;02929;NOVOGAZ-SOCIEDADE COMBUSTIVEIS OLEOS LDA;CQ_BSP_NCOM;Contrato Quadro;11-01-2006;Derivados;PRT;
9002010330;UITF;02930;URBITALI-ACTIVIDADES IMOBILIARIAS, TURISMO CONSTRUCAO, LDA;CQ_BSP_UITF;Contrato Quadro;05-12-2005;Derivados;PRT;
3881005789;CEHC;02931;CASAS EUROAMERICANAS - COOP. HABITACAO CONSTRUCAO CRL;CQ_BSP_CEHC;Contrato Quadro;05-12-2005;Derivados;PRT;
2311006198;QDT1;02932;SOGRAPE VINHOS, S.A.;CQ_BSP_QDT1;Contrato Quadro;14-10-2005;Derivados;PRT;
2311006199;QDT2;02934;QUINTA TELHEIRA 2 - SOCIEDADE IMOBILIARIA, S.A.;CQ_BSP_QDT2;Contrato Quadro;14-10-2005;Derivados;PRT;
1700006566;GIEW;02935;GRAPETUR-EMPREENDIMENTOS TURISTICOS, SA;CQ_BSP_GIEW;Contrato Quadro;14-10-2005;Derivados;PRT;
32020;EI04;02936;SOGRAPE VINHOS, S.A.;CQ_BSP_EI04;Contrato Quadro;14-10-2005;Derivados;PRT;
8046353946;SILN;02938;SIGNIA SIC IMOBILIARIA FECHADA S A;CQ_BSP_SILN;Contrato Quadro;02-11-2005;Derivados;PRT;
8046353939;TTEU;02939;SIGNIA SICAFI ESPECIAL S.A.;CQ_BSP_TTEU;Contrato Quadro;02-11-2005;Derivados;PRT;
9001643451;MMEG;02942;MOLDIFLEX-INDUSTRIA MOLDES E FLEXOGRAFICOS,LDA;CQ_BSP_MMEG;Contrato Quadro;30-10-2005;Derivados;PRT;
;MRAE;02943;MARISPORT-CALCADOS,LDA;CQ_BSP_MRAE;Contrato Quadro;14-12-2005;Derivados;PRT;
8005610218;CMPC;02944;CARPINTARIA MECANICA PROGRESSO CARREGADO,LDA;CQ_BSP_CMPC;Contrato Quadro;03-11-2005;Derivados;PRT;
7400024383;RDCG;02946;ROTA DA CONSTRUCAO,SOCIEDADE DE CONSTRUCOES,LDA;CQ_BSP_RDCG;Contrato Quadro;08-11-2005;Derivados;PRT;
8022245225;QAUC;02947;PORTUGAL ALVES PRODUCTOS SIDERURGICOS S.A.;CQ_BSP_QAUC;Contrato Quadro;09-12-2005;Derivados;PRT;
9000663401;SCMH;02952;MOISES DIAS & CARVALHO SA;CQ_BSP_SCMH;Contrato Quadro;11-10-2005;Derivados;PRT;
8008289282;GNSM;02953;GUALDIM NUNES SILVA,LDA;CQ_BSP_GNSM;Contrato Quadro;21-11-2005;Derivados;PRT;
3841000569;BEMM;02957;CONSTRUCOES LUIS V L BLANCO, LDA;CQ_BSP_BEMM;Contrato Quadro;17-11-2005;Derivados;PRT;
5100264185;TAOU;02963;TOICHAVES COMERCIO DE AUTOMOVEIS LDA;CQ_BSP_TAOU;Contrato Quadro;13-10-2005;Derivados;PRT;
8021172550;BMEO;02964;ANTONIO & MANUEL COELHO LDA;CQ_BSP_BMEO;Contrato Quadro;18-11-2005;Derivados;PRT;
7400129010;MGTK;02967;MESTRESSA-SOCIEDADE DE GESTAO,EXPL.TURISTICA,HOTELEIRA E IMOBILI. LDA;CQ_BSP_MGTK;Contrato Quadro;27-12-2005;Derivados;PRT;
2100188240;AILY;02968;AUTO INDUSTRIAL, S.A.;CQ_BSP_AILY;Contrato Quadro;13-10-2005;Derivados;PRT;
222353;AFTD;02973;ANTONIO FILIPE TEODOSIO & COMPANHIA, LDA;CQ_BSP_AFTD;Contrato Quadro;28-10-2005;Derivados;PRT;
8046560121;FETP;02974;ESTALAGEM ESTELA SOL LDA;CQ_BSP_FETP;Contrato Quadro;03-11-2005;Derivados;PRT;
8046406595;JJAQ;02975;JOSE J ROMA ANDRADE - DESPACHANTE OFICIAL, UNIPESSOAL LDA;CQ_BSP_JJAQ;Contrato Quadro;07-12-2005;Derivados;PRT;
3881001233;MJDF;02976;MANUEL JOAQUIM DINIS & FILHOS LDA;CQ_BSP_MJDF;Contrato Quadro;11-11-2005;Derivados;PRT;
8044252238;AFNE;02980;ANTONIO FERNANDO NEVES - ELECTRICIDADE, ESTUDOS E PROJECTOS ELECTRICOS;CQ_BSP_AFNE;Contrato Quadro;16-11-2005;Derivados;PRT;
8045751536;LDMP;02982;LINEAMEDICA - DISPOSITIVOS MEDICO-CIRURGICOS S.A.;CQ_BSP_LDMP;Contrato Quadro;28-11-2005;Derivados;PRT;
9000670410;EDVP;02985;DUARTE DIAS & SIMOES,LDA;CQ_BSP_EDVP;Contrato Quadro;11-11-2005;Derivados;PRT;
;TIII;;TICTEL - CONFECCOES SA ( USAR 39VV );CQ_BSP_TIII;Contrato Quadro;08-11-2005;Derivados;PRT;
8006254859;MPEQ;02991;MADEIMOVEL, ML, FABRICANTE DE PORTAS E PERFIS, SA;CQ_BSP_MPEQ;Contrato Quadro;17-11-2005;Derivados;PRT;
8006183191;TAQD;02997;SEAGRIL-COMERCIO AUTOMOVEIS,SA;CQ_BSP_TAQD;Contrato Quadro;29-11-2005;Derivados;PRT;
8043424171;FVVN;02998;FARMACIA VALONGO, LDA;CQ_BSP_FVVN;Contrato Quadro;07-11-2005;Derivados;PRT;
7400119819;DEEQ;02999;DIVERP SGPS S.A.;CQ_BSP_DEEQ;Contrato Quadro;27-10-2005;Derivados;PRT;
2391006240;VIVC;03000;VENDILIMA - INVESTIMENTOS IMOBILIARIOS LDA;CQ_BSP_VIVC;Contrato Quadro;29-11-2005;Derivados;PRT;
7400108640;HIMB;03008;HABITARQ - ACTIVIDADES IMOBILIARIAS LDA;CQ_BSP_HIMB;Contrato Quadro;28-12-2005;Derivados;PRT;
8000161641;FVBO;03013;FARMACIA VERITAS LDA;CQ_BSP_FVBO;Contrato Quadro;30-11-2005;Derivados;PRT;
8007072273;ASFG;03018;ANTONIO SARAIVA & FILHOS LDA;CQ_BSP_ASFG;Contrato Quadro;25-11-2005;Derivados;PRT;
8046451014;PDGO;03019;POSTER DIGITAL - IMPRESSAO DIGITAL DE CARTAZES LDA;CQ_BSP_PDGO;Contrato Quadro;23-11-2005;Derivados;PRT;
8017166756;GCEE;03026;FERREIRA & CHAVES,LDA;CQ_BSP_GCEE;Contrato Quadro;12-12-2005;Derivados;PRT;
8043162825;ICRU;03028;IMOCASO-URBANIZADORA CAMPO RASO,LDA;CQ_BSP_ICRU;Contrato Quadro;25-11-2005;Derivados;PRT;
8030383641;PPPX;03030;PETROBELAS COMERCIALIZACAO PRODUTOS PETROLIFEROS LDA;CQ_BSP_PPPX;Contrato Quadro;07-12-2005;Derivados;PRT;
8026840213;FFPD;03040;FERNANDES,LOPES & SILVA,LDA;CQ_BSP_FFPD;Contrato Quadro;12-01-2006;Derivados;PRT;
8009728844;RECD;03042;ROPRE S.A;CQ_BSP_RECD;Contrato Quadro;26-12-2005;Derivados;PRT;
8030514564;MRFE;03050;MECFRI INDUSTRIA DE REFRIGERACAO, LDA;CQ_BSP_MRFE;Contrato Quadro;12-01-2006;Derivados;PRT;
8021474577;GRGV;03051;GRAMEC-COMPONENTES P/REFRIGERACAO,LDA;CQ_BSP_GRGV;Contrato Quadro;12-01-2006;Derivados;PRT;
8020590259;EMCK;03052;EDUARDO MEIRELES & CA.,LDA;CQ_BSP_EMCK;Contrato Quadro;12-01-2006;Derivados;PRT;
8023421084;BMVF;03056;ANTONIO MOREIRA DA SILVA LDA;CQ_BSP_BMVF;Contrato Quadro;09-01-2006;Derivados;PRT;
9001726738;AITN;03059;ALQUIM-EMPREENDIMENTOS IMOBILIARIOS,LDA;CQ_BSP_AITN;Contrato Quadro;07-12-2005;Derivados;PRT;
8009343521;AVAN;03061;AGENCIA VIAGENS AEROMAR,LDA;CQ_BSP_AVAN;Contrato Quadro;07-12-2005;Derivados;PRT;
7400151905;MGRM;03062;NICIMOBILIARIA - EMPREENDIMENTOS, LDA;CQ_BSP_MGRM;Contrato Quadro;28-12-2005;Derivados;PRT;
236313;SEIK;03063;SOMALFA-GESTAO INVESTIMENTOS IMOBILIARIOS,SA;CQ_BSP_SEIK;Contrato Quadro;28-12-2005;Derivados;PRT;
2001001234;GIEE;03064;GUBIRECO - IMPORTACOES E EXPORTACOES LDA;CQ_BSP_GIEE;Contrato Quadro;08-02-2006;Derivados;PRT;
8038871167;TMXU;03065;SUPERMERCADOS MANALEO,LDA;CQ_BSP_TMXU;Contrato Quadro;14-08-2006;Derivados;PRT;
2100170504;GFEC;03074;HAGEN ENGENHARIA, S.A.;CQ_BSP_GFEC;Contrato Quadro;02-01-2006;Derivados;PRT;
8003006944;JQRL;03075;JAIME QUEIROS RIBEIRO LDA;CQ_BSP_JQRL;Contrato Quadro;19-01-2006;Derivados;PRT;
9000898060;CEED;03081;CONSDEP ENGENHARIA E CONSTRUCAO LDA;CQ_BSP_CEED;Contrato Quadro;25-11-2005;Derivados;PRT;
7400020777;HILL;03085;HABIPUSSOS - INVESTIMENTOS IMOBILIARIOS, LDA;CQ_BSP_HILL;Contrato Quadro;29-09-2006;Derivados;PRT;
9001996706;CCEY;03089;CONCESSE-CONSTRUCAO CIVIL, LDA;CQ_BSP_CCEY;Contrato Quadro;27-12-2005;Derivados;PRT;
8000500782;MUCI;03090;ARMANDO CUNHA S.A.;CQ_BSP_MUCI;Contrato Quadro;26-12-2005;Derivados;PRT;
8046460820;CCGW;03093;CONFECCOES CARILUX, LIMITADA;CQ_BSP_CCGW;Contrato Quadro;15-12-2005;Derivados;PRT;
8003193811;CAVV;03095;COOPERATIVA AGRICOLA DE VIDIGUEIRA, CRL;CQ_BSP_CAVV;Contrato Quadro;19-12-2005;Derivados;PRT;
2100236276;NTTP;03097;MOTA & TEIXEIRA, S.A.;CQ_BSP_NTTP;Contrato Quadro;11-01-2006;Derivados;PRT;
8030475352;FFTT;03099;PROEF EURICO FERREIRA PORTUGAL S.A.;CQ_BSP_FFTT;Contrato Quadro;03-01-2006;Derivados;PRT;
8044447372;TETW;03100;TURILIMA - EMPREENDIMENTOS TURISTICOS DO VALE DO LIMA S.A.;CQ_BSP_TETW;Contrato Quadro;24-03-2006;Derivados;PRT;
39826;GPTL;03101;MEGACO PRODUTOS SIDERURGICOS S A;CQ_BSP_GPTL;Contrato Quadro;29-12-2005;Derivados;PRT;
8043669178;TMDV;03105;TERRA MITICA - COMERCIO E DISTRIBUICAO DE VESTUARIO, S.A.;CQ_BSP_TMDV;Contrato Quadro;17-01-2006;Derivados;PRT;
91503;GCOQ;03106;GODIMPERIO-SOCIEDADE DE CONSTRUCOES, LDA;CQ_BSP_GCOQ;Contrato Quadro;27-12-2005;Derivados;PRT;
8046353447;QCBF;03109;QUINTA DA CASA BRANCA - SOCIEDADE DE EMPREENDIMENTOS TURISTICOS LDA;CQ_BSP_QCBF;Contrato Quadro;04-12-2015;Derivados;PRT;
8046353448;NSKF;03110;THE MADEIRA SUPPLY COMPANY, LDA;CQ_BSP_NSKF;Contrato Quadro;20-01-2006;Derivados;PRT;
9001610603;UICP;03116;ULTRAGAS - INSTALACOES, COMERCIO E PROJECTOS DE GAS, S.A.;CQ_BSP_UICP;Contrato Quadro;07-02-2006;Derivados;PRT;
8046416739;ZSIV;03118;DISITUR - SOCIEDADE IMOBILIARIA, LDA;CQ_BSP_ZSIV;Contrato Quadro;11-04-2006;Derivados;PRT;
2491000686;TTEB;03121;TUBINOX - ACOS INOXIDAVEIS LDA;CQ_BSP_TTEB;Contrato Quadro;10-01-2006;Derivados;PRT;
2391009813;PXCI;03122;PORTA XXI - COMERCIO E INDUSTRIA DE ACESSORIOS E PORTAS PARA A CONSTRU;CQ_BSP_PXCI;Contrato Quadro;29-12-2005;Derivados;PRT;
8020863926;JCNS;03123;IMOBILIARIA CORONADO LDA;CQ_BSP_JCNS;Contrato Quadro;24-05-2006;Derivados;PRT;
8010772353;FIEE;03124;FLOSEL-INSTALACOES ELECTRICAS E HIDRAULICAS, LDA.;CQ_BSP_FIEE;Contrato Quadro;02-01-2006;Derivados;PRT;
7400405276;TL1W;07668;TURITALEFE LDA;tl1w;Contrato Quadro;18-04-2008;Derivados;PRT;
8046362161;EL1C;05617;EUROCUNHOS LDA;CQ_BSP_EL1C;Contrato Quadro;10-10-2008;Derivados;PRT;
1700090745;01EK;05384;KONECTA PORTUGAL LDA;CQ_BSP_01EK;Contrato Quadro;07-02-2014;Derivados;PRT;
1700012297;M1LA;05636;MARTILENA - CAFE E MINIMERCADO LDA;CQ_BSP_M1LA;Contrato Quadro;28-12-2007;Derivados;PRT;
8001005092;C2X1;05722;CONSULMAR - PROJECTISTAS E CONSULTORES, LIMITADA;CQ_BSP_C2X1;Contrato Quadro;05-05-2010;Derivados;PRT;
8000073363;I0PB;05363;INSTITUTO S JOAO DE DEUS;CQ_BSP_I0PB;Contrato Quadro;06-03-2009;Derivados;PRT;
1700132204;S1YO;05728;SDV SOCIEDADE DE DISTRIBUICAO DE VESTUARIO S A;CQ_BSP_S1YO;Contrato Quadro;20-05-2009;Derivados;PRT;
3491000975;B432;05983;AMERICO SIMOES SANTO;CQ_BSP_B432;Contrato Quadro;31-01-2008;Derivados;PRT;
9001701070;SNMK;06376;SERGIO MIGUEL MARTINS LOPES;CQ_BSP_SNMK;Contrato Quadro;27-12-2007;Derivados;PRT;
8038929201;A39M;06433;ALBERTINO DUARTE TEODOSIO ARVELA;CQ_BSP_A39M;Contrato Quadro;02-01-2008;Derivados;PRT;
2101148078;B54B;06436;AUTO ADOSINDO REPARACOES DE AUTOMOVEIS SOCIEDADE UNIPESSOAL, LDA;CQ_BSP_B54B;Contrato Quadro;31-12-2007;Derivados;PRT;
7400123788;KAIN;06477;JOSE FERNANDO QUINTAS MARTINS;CQ_BSP_KAIN;Contrato Quadro;26-12-2007;Derivados;PRT;
7400035772;NT0M;06514;MANUEL FERREIRA LEITE;CQ_BSP_NT0M;Contrato Quadro;15-01-2008;Derivados;PRT;
8046567056;B59E;06490;ANABELA DOS SANTOS LOPES;CQ_BSP_B59E;Contrato Quadro;31-12-2007;Derivados;PRT;
8041404313;EG66;06530;EDUARDO ALBERTO NOGUEIRA MENESES;CQ_BSP_EG66;Contrato Quadro;02-01-2008;Derivados;PRT;
5100078604;KATQ;06599;JOSE VENTURA NUNES;CQ_BSP_KATQ;Contrato Quadro;18-01-2008;Derivados;PRT;
3431001630;NT8N;06610;MARIA DO ROSARIO CARDOSO DE SOUSA PRAZERES;CQ_BSP_NT8N;Contrato Quadro;15-01-2008;Derivados;PRT;
2571008339;NSWM;06475;MANUEL FERNANDO MOREIRA CARVALHO;CQ_BSP_NSWM;Contrato Quadro;04-02-2008;Derivados;PRT;
7400371168;A3BK;06674;ALBERTINO SILVA FRADE;CQ_BSP_A3BK;Contrato Quadro;18-01-2008;Derivados;PRT;
9002659593;CE98;06663;COOPERATIVA DE HABITACAO DOS TRABALHADORES DA JOHNSON CONTROLS CRL CRL;CQ_BSP_CE98;Contrato Quadro;23-01-2008;Derivados;PRT;
5100152901;D2J6;06712;CARLOS ALBERTO GOMES DE OLIVEIRA;CQ_BSP_D2J6;Contrato Quadro;26-02-2008;Derivados;PRT;
2101177878;D2YX;06889;CARLOS JORGE GOMES FERREIRA;CQ_BSP_D2YX;Contrato Quadro;06-02-2008;Derivados;PRT;
8009936362;SLVY;06999;SERGIO LOPES RODRIGUES;CQ_BSP_SLVY;Contrato Quadro;14-02-2008;Derivados;PRT;
8004827870;LJDI;07012;LUIS JOSE DOMINGOS ADRIANO;CQ_BSP_LJDI;Contrato Quadro;14-02-2008;Derivados;PRT;
7400447944;NZ0D;07445;MARIA FATIMA ALVES QUINTAS;CQ_BSP_NZ0D;Contrato Quadro;17-03-2008;Derivados;PRT;
8003906815;D4B2;07484;MUNICIPIO DE GONDOMAR;CQ_BSP_D4B2;Contrato Quadro;03-03-2008;Derivados;PRT;
9002498714;F6XH;07793;FCM CONSTRUCOES S A;f6xh;Contrato Quadro;23-05-2008;Derivados;PRT;
2100766940;DG28;09464;DEOLINDA GONCALVES DA SILVA & FILHOS, LDA;CQ_BSP_DG28;Contrato Quadro;08-10-2008;Derivados;PRT;
8046423377;S59X;18342;KAB CONNECT, UNIPESSOAL, LDA;CQ_BSP_S59X;Contrato Quadro;07-05-2010;Derivados;PRT;
7400493388;H0JO;10548;HAVID - AUDIOVISUAIS DIGITAIS AR CONDICIONADO LDA;CQ_BSP_H0JO;Contrato Quadro;06-10-2008;Derivados;PRT;
7400294728;BYG2;18344;BRAUDILIO SAUDE - UNIPESSOAL LDA;CQ_BSP_BYG2;Contrato Quadro;29-04-2010;Derivados;PRT;
8046435365;FHRV;10847;F HENRIQUE PELES, LDA;CQ_BSP_FHRV;Contrato Quadro;06-07-2015;Derivados;PRT;
7400119603;D68N;08826;CONSTRUCOES DUARTE SOARES & SOUSA, LDA;D68N;Contrato Quadro;04-07-2008;Derivados;PRT;
8027891381;C03T;01075;CERTAR-SOC.CONST.,S.A.;CQ_BSP_C03T;Contrato Quadro;18-11-2008;Derivados;PRT;
7400008767;R700;08858;ROTA 729 - LOGISTICA E TRANSPORTE DE MEDICAMENTOS, LDA;R700;Contrato Quadro;16-06-2008;Derivados;PRT;
8024895466;SETH;01368;SETH-SOC EMPREITADAS E TRABALHOS HIDRAULICOS SA;CQ_BSP_SETH;Contrato Quadro;17-10-2008;Derivados;PRT;
8002764697;IFVB;10926;WINDPARK, LDA;CQ_BSP_IFVB;Contrato Quadro;07-11-2008;Derivados;PRT;
1700037033;PM6G;10922;PAULO, MARTINS & CARVALHO - SOCIEDADE DE CONSTRUCOES E IMOBILIARIA LDA;CQ_BSP_PM6G;Contrato Quadro;22-10-2008;Derivados;PRT;
8004615142;AEFL;03127;AMANDIO & FILHOS LDA;CQ_BSP_AEFL;Contrato Quadro;29-12-2005;Derivados;PRT;
8026693319;FCDA;03128;FRADALPOR COMERCIO ALUMINIOS,LDA;CQ_BSP_FCDA;Contrato Quadro;13-01-2006;Derivados;PRT;
8008148108;PPIL;03129;PISONORT-PAVIMENTOS INDUSTRIAIS,LDA;CQ_BSP_PPIL;Contrato Quadro;13-01-2006;Derivados;PRT;
8046488182;FFUL;03130;FARMACIA DE FIGUEIRO, UNIPESSOAL, LDA;CQ_BSP_FFUL;Contrato Quadro;05-01-2006;Derivados;PRT;
8028118304;LIEE;03131;LUZMOVEIS-INDUSTRIA E COMERCIO DE MOVEIS LDA;CQ_BSP_LIEE;Contrato Quadro;12-12-2005;Derivados;PRT;
9000996875;CHEH;03132;COOP HABITACAO ECONOMICA FONTEDEIRA,CRL;CQ_BSP_CHEH;Contrato Quadro;24-01-2006;Derivados;PRT;
8017690378;TBLP;03133;TRINDADE & BATISTA LDA;CQ_BSP_TBLP;Contrato Quadro;05-01-2006;Derivados;PRT;
7400159787;VVEC;03138;VETIGUARDA - VESTUARIO E CONFECCOES LDA;CQ_BSP_VVEC;Contrato Quadro;03-02-2006;Derivados;PRT;
8046329516;ABTO;03140;ALGODON BLANCO-TEXTEIS, LDA.;CQ_BSP_ABTO;Contrato Quadro;19-01-2006;Derivados;PRT;
7400070951;KIAO;03142;KOTAKE IMOBILIARIA LDA;CQ_BSP_KIAO;Contrato Quadro;06-02-2006;Derivados;PRT;
8027976659;RILM;03143;ROCEMA - IMOVES S.A.;CQ_BSP_RILM;Contrato Quadro;31-03-2006;Derivados;PRT;
8010824225;OFSF;03145;ORDEM DOS FARMACEUTICOS;CQ_BSP_OFSF;Contrato Quadro;04-01-2006;Derivados;PRT;
9002444403;MRCO;03146;MAURICIO & RICARDO - SOCIEDADE CONSTRUÇÕES, LDA.;CQ_BSP_MRCO;Contrato Quadro;13-01-2006;Derivados;PRT;
9000625735;DVDC;03151;BEFEBAL-SOCIEDADE DE CONSTRUCOES SA;CQ_BSP_DVDC;Contrato Quadro;08-05-2006;Derivados;PRT;
8001538069;BAIR;03153;LITOCAR N SA;CQ_BSP_BAIR;Contrato Quadro;25-01-2006;Derivados;PRT;
9002207618;LPIE;03155;LUCIANO PEREIRA INOCENCIO - CONSTRUCOES E URBANIZACOES, UNIPESSOAL LDA;CQ_BSP_LPIE;Contrato Quadro;28-12-2005;Derivados;PRT;
8008809988;JFPC;03156;JOAQUIM FERNANDO PEREIRA DE CARVALHO LDA;CQ_BSP_JFPC;Contrato Quadro;25-01-2006;Derivados;PRT;
8043096403;CTCP;03157;CONTRAVEN SOCIEDADE DE TRANSFORMACAO FABRICO E COMERCIALIZACAO DE MATE;CQ_BSP_CTCP;Contrato Quadro;18-01-2006;Derivados;PRT;
8005765951;MMEJ;03158;MONOFASICA - ESTUDOS, MONTAGENS E INDUSTRIA DE INSTALACOES ELECTRICAS;CQ_BSP_MMEJ;Contrato Quadro;03-02-2006;Derivados;PRT;
1700145778;SMLQ;03161;SIMAO & MATIAS, LDA;CQ_BSP_SMLQ;Contrato Quadro;03-02-2006;Derivados;PRT;
7400147047;USIV;03163;ULURU - SOCIEDADE IMOBILIARIA, UNIPESSOAL, LDA;CQ_BSP_USIV;Contrato Quadro;13-01-2006;Derivados;PRT;
8046327784;DCJL;03168;CAMILO CARVALHO & FILHOS LDA;CQ_BSP_DCJL;Contrato Quadro;10-01-2006;Derivados;PRT;
7400165174;JSEG;03169;ALCAPREDIAL - INVESTIMENTOS E IMOBILIARIO S.A;CQ_BSP_JSEG;Contrato Quadro;29-01-2006;Derivados;PRT;
8043191242;SJLL;03173;SERRALHARIA JORGE LEITE LDA;CQ_BSP_SJLL;Contrato Quadro;09-01-2006;Derivados;PRT;
8040268343;CJAF;03176;CONSTRUCOES JOAQUIM AZEVEDO FARIA,LDA;CQ_BSP_CJAF;Contrato Quadro;01-03-2006;Derivados;PRT;
8001647478;RDRF;03181;RECHAPAL-SOC.RECHAP.RECAUC.PNEUS,SA;CQ_BSP_RDRF;Contrato Quadro;24-03-2006;Derivados;PRT;
8045256021;BRLM;03183;BAPTISTA RODRIGUES - CONSTRUCOES S.A.;CQ_BSP_BRLM;Contrato Quadro;31-03-2006;Derivados;PRT;
7420;MERA;03186;MARGON-MATERIAIS E REVESTIMENTOS MODERNOS PARA EDIFICACOES S.A.;CQ_BSP_MERA;Contrato Quadro;07-09-2004;Derivados;PRT;
7400140816;DSGK;03197;DISTRIMONTENOVO - SOCIEDADE GESTORA PARTICIPACOES SOCIAIS, LDA;CQ_BSP_DSGK;Contrato Quadro;18-01-2006;Derivados;PRT;
9001800318;CSPI;03199;BALEGRE-SOCIEDADE INVESTIMENTOS IMOBILIARIOS SA;CQ_BSP_CSPI;Contrato Quadro;20-02-2006;Derivados;PRT;
9002581022;TCGV;03205;SEACLIFF - COMPRA E VENDA DE IMOVEIS SA;CQ_BSP_TCGV;Contrato Quadro;07-02-2006;Derivados;PRT;
8007686822;DEGL;03207;CLINICA ECORADIOLOGICA CARTAXO,LDA;CQ_BSP_DEGL;Contrato Quadro;07-02-2006;Derivados;PRT;
8046362047;NEED;03208;NORMAHABIT - ENGENHARIA E CONSTRUCAO LDA;CQ_BSP_NEED;Contrato Quadro;01-03-2006;Derivados;PRT;
8028328827;DMNL;;LINGOTE ALUMINIOS, S.A.;CQ_BSP_DMNL;Contrato Quadro;06-09-2006;Derivados;PRT;
7400184115;CIMZ;03210;CENTRO DE IMAGENS MEDICAS DE SANTAREM LDA;CQ_BSP_CIMZ;Contrato Quadro;07-02-2006;Derivados;PRT;
8046550200;SPIV;;SULSTICIO - PROMOCAO IMOBILIARIA, S.A.;CQ_BSP_SPIV;Contrato Quadro;15-02-2006;Derivados;PRT;
9000677248;SDCH;03219;SOCIEDADE DE CONSTRUCCOES CIVIS, SILVESTRE E DIAS, LDA;CQ_BSP_SDCH;Contrato Quadro;10-02-2006;Derivados;PRT;
30771;MIDR;03222;MAZUR INDUSTRIA DE CONFECCOES LDA;CQ_BSP_MIDR;Contrato Quadro;28-03-2006;Derivados;PRT;
8010513013;SHAS;03223;SOCIEDADE HOTELEIRA DE ALFAGAR S.A.;CQ_BSP_SHAS;Contrato Quadro;20-03-2006;Derivados;PRT;
8031941577;RDDP;03231;RACANI-DIST.PROD.AGRIC.PEC.LDA;CQ_BSP_RDDP;Contrato Quadro;02-03-2006;Derivados;PRT;
1700143192;NCNG;03235;METROFIEL - CONSTRUCOES, LDA;CQ_BSP_NCNG;Contrato Quadro;01-02-2006;Derivados;PRT;
7400108096;MQI8;04411;MALHAS LAGOA & MOREIRA LDA;CQ_BSP_MQI8;Contrato Quadro;17-12-2013;Derivados;PRT;
8009672220;SCN7;03830;SANTA CASA MISERICORDIA PORTIMAO;CQ_BSP_SCN7;Contrato Quadro;19-06-2006;Derivados;PRT;
8001812453;GPCS;04176;GELDOURO - PRODUTOS CONGELADOS, S.A.;CQ_BSP_GPCS;Contrato Quadro;16-11-2006;Derivados;PRT;
8025738447;CNL0;03909;CASA NAPAS LDA;CQ_BSP_CNL01;Contrato Quadro;01-09-2006;Derivados;PRT;
8046218647;FFIJ;04208;FUNDO INVESTIMENTO IMOBILIARIO FECHADO IMORENT;CQ_BSP_FFIJ;Contrato Quadro;18-05-2007;Derivados;PRT;
7400154578;FPQ2;05369;FERTAIMPRESS-COM. PRODUTOS PUBLICITARIOS, LDA;CQ_BSP_FPQ2;Contrato Quadro;01-08-2007;Derivados;PRT;
7400125016;G4RN;05378;GRILAUTO - COMERCIO E REPARACAO AUTOMOVEL, UNIPESSOAL LDA;CQ_BSP_G4RN;Contrato Quadro;09-10-2007;Derivados;PRT;
8042507444;S1UC;05381;SOCIPREDI - SOCIEDADE CONSTRUCOES LDA;CQ_BSP_S1UC;Contrato Quadro;31-07-2007;Derivados;PRT;
8043622629;LNE6;05178;LUIS MANUEL FILIPE CASTRO OLIVEIRA;CQ_BSP_LNE6;Contrato Quadro;07-08-2007;Derivados;PRT;
7400229630;E10S;05392;EUROASSEMBLING - MONTAGENS E MANUTENCAO INDUSTRIAL LDA;CQ_BSP_E10S;Contrato Quadro;01-08-2007;Derivados;PRT;
2100657085;S1UT;05394;SAPATARIA 1 DEZEMBRO SOCIEDADE UNIPESSOAL, LDA;CQ_BSP_S1UT;Contrato Quadro;07-08-2007;Derivados;PRT;
8030994756;F5CR;05406;TRIEFE - FRANCISCO FERNANDO E FILHOS LDA;CQ_BSP_F5CR;Contrato Quadro;13-09-2007;Derivados;PRT;
2571002623;AUX1;05072;ANTONIO DE CARVALHO BRAS;CQ_BSP_AUX1;Contrato Quadro;29-06-2007;Derivados;PRT;
1700055284;K4H7;05218;JOSE FRANCISCO BRITO EUSEBIO;CQ_BSP_K4H7;Contrato Quadro;19-07-2007;Derivados;PRT;
8024380429;JYB2;05109;JORGE MANUEL SILVA SA;CQ_BSP_JYB2;Contrato Quadro;22-06-2007;Derivados;PRT;
8019405377;LFV7;05290;LAURA FARIA VIDES;CQ_BSP_LFV7;Contrato Quadro;09-07-2007;Derivados;PRT;
8038372126;B12D;05261;ALBERTO MATIAS DA COSTA;CQ_BSP_B12D;Contrato Quadro;05-07-2007;Derivados;PRT;
8030667599;NJUK;05284;MARIA ROSARIO ANDRADE PINTO TEIXEIRA;CQ_BSP_NJUK;Contrato Quadro;04-07-2007;Derivados;PRT;
9000041833;K6KR;05347;JOSE VASCONCELOS COSTA LEITE;CQ_BSP_K6KR;Contrato Quadro;18-07-2007;Derivados;PRT;
7400223823;CZC8;05413;CARLOS MANUEL SOUSA LOUREIRO UNIPESSOAL LDA;CQ_BSP_CZC8;Contrato Quadro;04-09-2007;Derivados;PRT;
2101046681;B29M;05435;ANTONIO MARQUES PIMENTA JUNIOR;CQ_BSP_B29M;Contrato Quadro;27-08-2007;Derivados;PRT;
7400223532;EFFZ;05436;EPALMO EUROPA EMPRESA TRABALHO TEMPORARIO FORMACAO PROFISSIONAL LDA;CQ_BSP_EFFZ;Contrato Quadro;15-10-2013;Derivados;PRT;
3501002469;PG5S;05437;PAULA CRISTINA HENRIQUES LOJA DOS SANTOS LOPES;CQ_BSP_PG5S;Contrato Quadro;24-08-2007;Derivados;PRT;
8007837721;J05H;04685;JOTABE - TEXTEIS LAR, SA;CQ_BSP_J05H;Contrato Quadro;17-04-2007;Derivados;PRT;
8046328191;IJE2;05433;INFANTARIO JOIA ENCANTADA LDA;CQ_BSP_IJE2;Contrato Quadro;28-09-2007;Derivados;PRT;
1700138096;CZEQ;05438;CONSTRUCOES SERGIO TORRAO, LDA;CQ_BSP_CZEQ;Contrato Quadro;19-10-2007;Derivados;PRT;
9000050885;GBHC;05328;GABRIEL ANTUNES POMAR;CQ_BSP_GBHC;Contrato Quadro;01-08-2007;Derivados;PRT;
8044012549;TL1N;05361;TRANSPROENCA-TRANSPORTES LDA;CQ_BSP_TL1N;Contrato Quadro;29-08-2007;Derivados;PRT;
8010561469;VMIH;04911;VANDA MARIA ALMEIDA LACERDA ABREU ALEGRIA MARTINS;CQ_BSP_VMIH;Contrato Quadro;27-04-2007;Derivados;PRT;
8044886173;B22X;05372;ALVARO MARIANO CORTEZ & FILHO LDA.;CQ_BSP_B22X;Contrato Quadro;24-08-2007;Derivados;PRT;
26610;ZMP0;05231;ZACARIAS MAIO PEREIRA;CQ_BSP_ZMP0;Contrato Quadro;13-08-2007;Derivados;PRT;
8046553098;S1UM;05387;SANIAMBIENTE FACILITY SERVICES, LDA;CQ_BSP_S1UM;Contrato Quadro;10-10-2007;Derivados;PRT;
9000629149;NJKC;05259;MARIA IVONE MARQUES NUNES BRANCO DA SILVA CARVALHO;CQ_BSP_NJKC;Contrato Quadro;16-07-2007;Derivados;PRT;
8019753940;FJEW;05425;FERNANDO JOSE DE SOUSA CARVALHO;CQ_BSP_FJEW;Contrato Quadro;31-07-2007;Derivados;PRT;
8046353679;B29Y;05421;ANTONIO CAMPOS ROCHA E FILHOS LDA;CQ_BSP_B29Y;Contrato Quadro;10-08-2007;Derivados;PRT;
8004013154;PI1V;05434;POLISMAR-PLASTICOS INDUSTRIAIS,LDA.;CQ_BSP_PI1V;Contrato Quadro;21-09-2007;Derivados;PRT;
8000397272;JX7O;04941;JORGE MONIZ BARRETO ZAMBUJO;CQ_BSP_JX7O;Contrato Quadro;26-04-2007;Derivados;PRT;
2431002817;M1K5;05405;MERUS - CONSTRUCOES, LDA;CQ_BSP_M1K5;Contrato Quadro;14-08-2007;Derivados;PRT;
9002253261;VPLJ;05442;VITORIA PUB LDA;CQ_BSP_VPLJ;Contrato Quadro;29-08-2007;Derivados;PRT;
8008114135;O058;05443;OFFSETARTE-ARTES GRAFICAS,LDA;CQ_BSP_O058;Contrato Quadro;22-08-2007;Derivados;PRT;
9001996637;K5BK;05279;JUDITE MARIA DE JESUS DIAS PEREIRA;CQ_BSP_K5BK;Contrato Quadro;12-07-2007;Derivados;PRT;
8026436104;LNEA;05180;LEONOR MARIA GASPAR CUNHA MATOS ALMEIDA CORAGEM;CQ_BSP_LNEA;Contrato Quadro;18-07-2007;Derivados;PRT;
9002165949;CZ8G;05390;CARLOS ALBERTO CORREIA HENRIQUES, UNIPESSOAL LDA;CQ_BSP_CZ8G;Contrato Quadro;29-08-2007;Derivados;PRT;
8003223438;GDEK;03285;GECOLIX-GABINETE EST.CONSTRUCOES,LDA;CQ_BSP_GDEK;Contrato Quadro;23-03-2006;Derivados;PRT;
7400092573;F02W;03332;FERREIRA & BASTOS, LDA;CQ_BSP_F02W;Contrato Quadro;16-03-2006;Derivados;PRT;
9000680549;LE5Q;05416;LUSOCOALHO - INDUSTRIA E COMERCIO DE ENZIMAS, LDA;CQ_BSP_LE5Q;Contrato Quadro;29-08-2007;Derivados;PRT;
8002918240;B29K;05420;ALBINO MIRANDA;CQ_BSP_B29K;Contrato Quadro;10-10-2007;Derivados;PRT;
7400341159;A2XR;05423;AGROROCHA - PECUARIA LDA;CQ_BSP_A2XR;Contrato Quadro;10-08-2007;Derivados;PRT;
8038780952;CZ84;05428;CONSTRUCOES ALBINO MIRANDA LDA;CQ_BSP_CZ84;Contrato Quadro;10-10-2007;Derivados;PRT;
9002531789;B2HN;05480;ALVEX-EMPRESA DE MALHAS E CONFECCOES LDA.;CQ_BSP_B2HN;Contrato Quadro;13-08-2007;Derivados;PRT;
8002721297;K75U;05485;JOAO VIEIRA & FILHO,LDA;CQ_BSP_K75U;Contrato Quadro;13-09-2007;Derivados;PRT;
8046516696;E116;05502;EQUIPAVESTE- DISTRIBUICAO EQUIPAMENTO E VESTUARIO,LDA.;CQ_BSP_E116;Contrato Quadro;30-08-2007;Derivados;PRT;
7400241117;FN6K;05923;FERNANDA MARIA PEREIRA ALVES;CQ_BSP_FN6K;Contrato Quadro;29-10-2007;Derivados;PRT;
7400262198;B2HI;05492;AMERICAN FLAG DISTRIBUICAO TEXTEIS;CQ_BSP_B2HI;Contrato Quadro;13-08-2007;Derivados;PRT;
7400198055;B2K3;05544;ANTONIO CAMPOSINHOS DE ARAUJO & FILHO, LDA;CQ_BSP_B2K3;Contrato Quadro;21-08-2007;Derivados;PRT;
8046496355;WW07;05560;WUCHANG WU;CQ_BSP_WW07;Contrato Quadro;20-09-2007;Derivados;PRT;
7400343925;R0H9;05613;RIBELENSE EMPREITADAS UNIPESSOAL LDA;CQ_BSP_R0H9;Contrato Quadro;26-09-2007;Derivados;PRT;
7400255471;NN5C;05615;MISOINVEST INVESTIMENTOS IMOBILIARIOS LDA;CQ_BSP_NN5C;Contrato Quadro;04-09-2007;Derivados;PRT;
9002531292;LNK6;05618;LOFTERA MEDIACAO IMOBILIARIA LDA;CQ_BSP_LNK6;Contrato Quadro;04-09-2007;Derivados;PRT;
2100697354;LNK8;05629;TECNIPRIMER GLOBAL SOLUTIONS, LDA;CQ_BSP_LNK8;Contrato Quadro;03-10-2007;Derivados;PRT;
8044998169;OLCH;05510;O LIVREIRO - COMERCIO DE LIVROS,LDA;CQ_BSP_OLCH;Contrato Quadro;14-08-2007;Derivados;PRT;
8046375868;IN6N;05553;IVECONDE - MANUTENCAO E REPARACAO DE VEICULOS AUTOMOVEIS LDA;CQ_BSP_IN6N;Contrato Quadro;22-08-2007;Derivados;PRT;
8046322781;B2OA;05611;AGOSTINHO, EZEQUIEL & ADRIANO-CONSTRUCOES LDA;CQ_BSP_B2OA;Contrato Quadro;12-09-2007;Derivados;PRT;
8026383434;E10W;05459;ELIMAR ENGENHARIA, SA;CQ_BSP_E10W;Contrato Quadro;04-09-2007;Derivados;PRT;
1700029455;C2TS;05460;C.V.C. - COMERCIO DE VESTUARIO E CALCADO, LDA;CQ_BSP_C2TS;Contrato Quadro;04-09-2007;Derivados;PRT;
8023874418;CZJ9;05506;CASA ISIDORO-MATERIAIS CONSTRUCAO,LDA;CQ_BSP_CZJ9;Contrato Quadro;14-09-2007;Derivados;PRT;
8004070321;CZJ4;05509;CLASSYESTOFO - FABRICA DE ESTOFOS CLASSICOS LDA;CQ_BSP_CZJ4;Contrato Quadro;02-11-2007;Derivados;PRT;
8010131221;K7BU;05568;JOSE ANTONIO GOMES MARTINS;CQ_BSP_K7BU;Contrato Quadro;29-08-2007;Derivados;PRT;
9002654712;MK88;05623;MR DECOR - IMPORTACAO E EXPORTACAO DE ARTIGOS PARA O LAR LDA;CQ_BSP_MK88;Contrato Quadro;06-09-2016;Derivados;PRT;
8046265416;ENKS;05456;ERNESTO MANUEL SILVA UNIPESSOAL,LDA;CQ_BSP_ENKS;Contrato Quadro;21-08-2007;Derivados;PRT;
8046035012;TBLQ;05474;TRANSPORTES BARRIL LDA;CQ_BSP_TBLQ;Contrato Quadro;21-08-2007;Derivados;PRT;
7400057189;TVVE;05500;TIAGO VASCONCELOS VIEIRA CARDOSO - SOCIEDADE MEDIACAO IMOBILIARIA UNIP;CQ_BSP_TVVE;Contrato Quadro;01-10-2007;Derivados;PRT;
8023652884;CZJK;05525;CONFECCOES LUSO-SUECO LDA;CQ_BSP_CZJK;Contrato Quadro;21-08-2007;Derivados;PRT;
2811000258;TDP1;05530;TONDELPNEUS-COMERCIO DE PNEUS,LDA;CQ_BSP_TDP1;Contrato Quadro;24-08-2007;Derivados;PRT;
8022569559;L098;05612;LUBRIDOURO-LUBRIFICADORA DO DOURO LDA;CQ_BSP_L098;Contrato Quadro;04-09-2007;Derivados;PRT;
8019342835;B3BJ;05816;ANTONIO FORTUNATO DA COSTA ROCHA QUARESMA;CQ_BSP_B3BJ;Contrato Quadro;17-10-2007;Derivados;PRT;
8046192646;E10Z;05472;ELISIO & BAPTISTA-INDUSTRIA CORTICA,LDA;CQ_BSP_E10Z;Contrato Quadro;10-08-2007;Derivados;PRT;
8043841273;S1VH;05489;STYLELINE MOBILIARIO LDA;CQ_BSP_S1VH;Contrato Quadro;21-08-2007;Derivados;PRT;
7400188354;DL1D;05511;DISTRITONS LDA;CQ_BSP_DL1D;Contrato Quadro;27-08-2007;Derivados;PRT;
8026514383;B2P5;05622;AMADEU CARVALHO GONCALVES;CQ_BSP_B2P5;Contrato Quadro;29-08-2007;Derivados;PRT;
8046268191;K75L;05478;J. M. L. REIS - CONSTRUCOES CIVIS, UNIPESSOAL LDA;CQ_BSP_K75L;Contrato Quadro;24-09-2007;Derivados;PRT;
9002021634;B2HL;05479;AUGUSTO        MOURA & COSTA LDA;CQ_BSP_B2HL;Contrato Quadro;22-08-2007;Derivados;PRT;
7400355279;G4SC;05488;GUILHERME SILVA PAIVA UNIPESSOAL LDA;CQ_BSP_G4SC;Contrato Quadro;11-09-2007;Derivados;PRT;
6221035390;B2KG;05534;AUGUSTO DA CUNHA GOMES, LDA.;CQ_BSP_B2KG;Contrato Quadro;21-08-2007;Derivados;PRT;
9002673914;NN4G;05599;NORDESTESERVE - CONSERVACAO E MANUTENCAO DE ESTRADAS, LDA;CQ_BSP_NN4G;Contrato Quadro;04-10-2007;Derivados;PRT;
7400222518;BEDX;05609;BARICONSTRUCOES EMPRESA DE CONSTRUCAO CIVIL E OBRAS PUBLICAS LDA;CQ_BSP_BEDX;Contrato Quadro;04-09-2007;Derivados;PRT;
2681002713;PG7H;05482;PRAFIL COMERCIO INDUSTRIA PRODUTOS PASTELARIA LDA;CQ_BSP_PG7H;Contrato Quadro;30-08-2007;Derivados;PRT;
2571005714;G5Z8;07654;GRECOGESTE - TRADING DE PRODUTOS E SERVICOS, S.A.;G5Z8;Contrato Quadro;15-04-2008;Derivados;PRT;
7400443593;D4VS;07783;LEARNING INTERNATIONAL SCHOOL - COLEGIO NOVO DA MAIA SA;D4VS;Contrato Quadro;03-04-2008;Derivados;PRT;
7400445700;BFBI;09542;A NOITE NA CIDADE UNIPESSOAL LDA;BFBI;Contrato Quadro;21-08-2008;Derivados;PRT;
7400309138;G62L;08672;GOPIN - OPERACOES SOBRE IMOVEIS LDA;G62L;Contrato Quadro;09-06-2008;Derivados;PRT;
7400045601;ROCL;03736;ESPACO DONA MARIA - EVENTOS LDA;ROCL;Contrato Quadro;30-05-2008;Derivados;PRT;
8046564799;VEVN;08923;VINHOS E VICIOS LDA;VEVN;Contrato Quadro;19-06-2008;Derivados;PRT;
7400482071;SO4V;08929;SPIRIT DAY SPA LDA;SO4V;Contrato Quadro;08-07-2008;Derivados;PRT;
8004726213;TG13;08815;TEXTYPE-ARTES GRAFICAS,LDA.;TG13;Contrato Quadro;08-07-2008;Derivados;PRT;
7400194908;BHHN;10850;ANAMAC UNIPESSOAL LDA;CQ_BSP_BHHN;Contrato Quadro;30-10-2008;Derivados;PRT;
7400222079;O6QJ;10865;MIFERO-PASSAMANARIAS, LDA.;CQ_BSP_O6QJ;Contrato Quadro;24-10-2008;Derivados;PRT;
2100188439;DNCD;10910;DENTOMAT EQUIP MATERIAL DENTARIO, LDA;CQ_BSP_DNCD;Contrato Quadro;18-02-2009;Derivados;PRT;
9002129719;C3TP;10969;CASTELAO & FILHOS - SOCIEDADE DE CONSTRUCOES, LDA.;CQ_BSP_C3TP;Contrato Quadro;22-10-2008;Derivados;PRT;
8028097416;BHIJ;10888;AQUILINO CARREIRA-IMOBILIARIOS,LDA;CQ_BSP_BHIJ;Contrato Quadro;17-10-2008;Derivados;PRT;
5100260601;O70V;11061;METALURGICA METAUTO LDA;CQ_BSP_O70V;Contrato Quadro;16-10-2008;Derivados;PRT;
7400284994;BHO4;11057;AUGUSTO CABRAL - SOCIEDADE UNIPESSOAL LDA;CQ_BSP_BHO4;Contrato Quadro;27-11-2008;Derivados;PRT;
7400375635;EK24;11068;EMPORIUM - INVESTIMENTOS E PARTICIPACOES, SGPS S.A.;CQ_BSP_EK24;Contrato Quadro;22-01-2009;Derivados;PRT;
8025269011;E02S;01833;ECOTECNICA-ELEVACAO TRATAMENTO DE AGUAS E ESGOTOS SA;E02S;Contrato Quadro;21-10-2008;Derivados;PRT;
1700132193;M271;11095;MEDIMAIO - SOCIEDADE MEDIACAO IMOBILIARIA LDA;CQ_BSP_M271;Contrato Quadro;27-10-2008;Derivados;PRT;
2101476010;D867;11102;CARGOMIX, TRANSPORTES LDA;CQ_BSP_D867;Contrato Quadro;31-10-2008;Derivados;PRT;
7400403493;E1GN;11106;EUROLOJASIMOB - ADMINISTRACAO LOCACAO E INVEST IMOB UNIPESSOAL LDA;CQ_BSP_E1GN;Contrato Quadro;24-10-2008;Derivados;PRT;
2481005859;C3UJ;11124;CLIMATING - DISTRIBUIDORA DE PRODUTOS TERMICOS, LDA;CQ_BSP_C3UJ;Contrato Quadro;06-11-2008;Derivados;PRT;
2481008052;C3UL;11128;CABHILT - INSTALACOES ESPECIAIS LDA;CQ_BSP_C3UL;Contrato Quadro;06-11-2008;Derivados;PRT;
2521002530;F7S8;11120;FORBODY TEXTEIS, SA;F7S8;Contrato Quadro;14-11-2008;Derivados;PRT;
7400316411;PU77;11188;PLANO TANGENTE CONSTRUCAO CIVIL UNIPESSOAL LDA;CQ_BSP_PU77;Contrato Quadro;23-10-2008;Derivados;PRT;
8045778724;R0LE;11191;RESTIFRIO-EQUIP.HOTELEIROS,LDA;CQ_BSP_R0LE;Contrato Quadro;30-10-2008;Derivados;PRT;
2100684611;BHUB;11116;AC FIMO IMOBILIARIA, LDA;BHUB;Contrato Quadro;17-11-2008;Derivados;PRT;
2100683173;RVWW;11113;RAGA HOTEL, SA;RVWW;Contrato Quadro;03-11-2008;Derivados;PRT;
7400220140;R0LD;11175;RODRIGUES CORREIA FREITAS,LDA.;CQ_BSP_R0LD;Contrato Quadro;27-10-2008;Derivados;PRT;
1700069333;S1VV;05529;SEGURVEDRAS - SOCIEDADE MEDIACAO DE SEGUROS, LDA;CQ_BSP_S1VV;Contrato Quadro;13-08-2007;Derivados;PRT;
9000595981;CZUC;05650;CARLOS FERNANDO BESSONE BASTO SABIDO;CQ_BSP_CZUC;Contrato Quadro;03-12-2007;Derivados;PRT;
7400100286;D1FL;06039;CRISTINA MARIA RODRIGUES COSTA;CQ_BSP_D1FL;Contrato Quadro;29-11-2007;Derivados;PRT;
3341000358;S1VR;05522;SOCIEDADE DE CONSTRUCOES J. ROSARIO & CASEIRO, LDA;CQ_BSP_S1VR;Contrato Quadro;22-08-2007;Derivados;PRT;
7400341606;NMYF;05539;MISTURA ORIGINAL-PROMOCAO IMOBILIARIA UNIPESSOAL LDA;CQ_BSP_NMYF;Contrato Quadro;04-09-2007;Derivados;PRT;
5100272126;P0WC;05551;PRIMEPAPEL TRANSFORMACAO E CORTE DE PAPEL LDA;CQ_BSP_P0WC;Contrato Quadro;10-10-2007;Derivados;PRT;
9002248712;LNNF;05965;LUIS MANUEL GRADE RAMOS;CQ_BSP_LNNF;Contrato Quadro;20-11-2007;Derivados;PRT;
8008744398;B2DX;05447;AMJ - SOCIEDADE IMPORTADORA E COMERCIALIZACAO DE PECAS E ACESSORIOS LD;CQ_BSP_B2DX;Contrato Quadro;13-08-2007;Derivados;PRT;
7400200239;RZK0;05463;RIVER ZEN KAPITAL-SERVICOS DE MARKETING E PUBLICIDADE, LDA;CQ_BSP_RZK0;Contrato Quadro;14-09-2007;Derivados;PRT;
8046320955;M1KN;05483;MULTIVICA - DESIGN E PUBLICIDADE LDA;CQ_BSP_M1KN;Contrato Quadro;13-08-2007;Derivados;PRT;
8008539808;K773;05496;JOSE LOPES FALCAO;CQ_BSP_K773;Contrato Quadro;08-10-2007;Derivados;PRT;
45055;I0PR;05535;IMAPER-ISOLAMENTOS PEREIRA, LDA.;CQ_BSP_I0PR;Contrato Quadro;04-09-2007;Derivados;PRT;
8044405353;K77D;05563;JOAO PAULO & SANTOS LDA;CQ_BSP_K77D;Contrato Quadro;28-08-2007;Derivados;PRT;
8045768883;K77I;05562;JOSE LUIS PITA MENDES, LDA;CQ_BSP_K77I;Contrato Quadro;28-08-2007;Derivados;PRT;
8024555734;L099;05630;LISACOL-CONFECCOES,LDA;CQ_BSP_L099;Contrato Quadro;29-10-2007;Derivados;PRT;
2100904723;NO42;05802;MARIA IRENE VIEIRA FARIA MARTINS;CQ_BSP_NO42;Contrato Quadro;03-10-2007;Derivados;PRT;
5100492636;B3XP;05956;A L - FABRICA DE MATERIAL ELECTRICO SA;CQ_BSP_B3XP;Contrato Quadro;20-11-2007;Derivados;PRT;
7400312572;E117;05512;ELEUTERIO MARTINS - SOCIEDADE UNIPESSOAL LDA;CQ_BSP_E117;Contrato Quadro;28-08-2007;Derivados;PRT;
5100301647;D0NR;05836;CRISTINA CLARA DA FONSECA DE SOUSA;CQ_BSP_D0NR;Contrato Quadro;19-10-2007;Derivados;PRT;
7400077775;EL1B;05490;EMAK - COMERCIO DE EQUIPAMENTOS E CONSUMIVEIS PARA EMBALAGEM, LDA;CQ_BSP_EL1B;Contrato Quadro;30-08-2007;Derivados;PRT;
1700040219;B2HS;05493;ARMANDO DIAS LOPES COSTA,UNIPESSOAL,LDA;CQ_BSP_B2HS;Contrato Quadro;13-08-2007;Derivados;PRT;
3451003942;IPRM;05861;ILIDIO PINHAL RODRIGUES;CQ_BSP_IPRM;Contrato Quadro;23-11-2007;Derivados;PRT;
8021666612;K8CI;05881;JOSE AUGUSTO DA COSTA CARDOSO DA SILVA;CQ_BSP_K8CI;Contrato Quadro;31-10-2007;Derivados;PRT;
8024667597;51MU;00469;MUNDIFIOS-COMERCIO FIOS,SA.;CQ_BSP_51MU;Contrato Quadro;31-10-2014;Derivados;PRT;
8023798155;IPSH;00999;IMPETUS PORTUGAL - TEXTEIS, S.A.;CQ_BSP_IPSH;Contrato Quadro;22-04-2005;Derivados;PRT;
8030872237;AA17;01166;ABREU & ABREU LDA;CQ_BSP_AA17;Contrato Quadro;24-05-2005;Derivados;PRT;
1700114545;NPEL;03420;NORPAPEL COMERCIO PAPEL EMBALAGENS LDA;CQ_BSP_NPEL;Contrato Quadro;20-04-2006;Derivados;PRT;
1700203645;MGL0;03409;MANUEL GOMES - AUTOMOVEIS, LDA.;CQ_BSP_MGL0;Contrato Quadro;15-03-2006;Derivados;PRT;
8010715898;I000;03243;IAPAC-IND.ACESS.AR CONDICIONADO,LDA;CQ_BSP_I000;Contrato Quadro;20-01-2006;Derivados;PRT;
7400172495;T019;03638;TRACTOLITORAL-COMERCIO REPARACAO MAQUINAS AGRICOLAS LDA;CQ_BSP_T019;Contrato Quadro;23-05-2006;Derivados;PRT;
7400164085;LL03;03652;LUIS LEAL & FILHOS, SA;CQ_BSP_LL03;Contrato Quadro;26-05-2006;Derivados;PRT;
7400041000;B2CV;05445;ARLINDO SILVA & CARDOSO LDA;CQ_BSP_B2CV;Contrato Quadro;19-10-2007;Derivados;PRT;
9002659577;FE94;05470;FLOR DO SOL CONSTRUCOES LDA;CQ_BSP_FE94;Contrato Quadro;09-10-2007;Derivados;PRT;
7400129049;A2YP;05503;ABILDOCE-PASTELARIA E PADARIA LDA;CQ_BSP_A2YP;Contrato Quadro;04-09-2007;Derivados;PRT;
8008791625;K77C;05514;JORIFER-PICHELARIA FUNILARIA,LDA;CQ_BSP_K77C;Contrato Quadro;11-10-2007;Derivados;PRT;
7400048549;K77G;05516;J.T.SERVICOS LDA;CQ_BSP_K77G;Contrato Quadro;04-09-2007;Derivados;PRT;
7400174022;RIW5;05540;RUI FERNANDES, AQUECIMENTOS, SOCIEDADE UNIPESSOAL, LDA;CQ_BSP_RIW5;Contrato Quadro;21-08-2007;Derivados;PRT;
8046423278;Q012;05545;QUIMIGAIA PRODUTOS HIGIENE LIMPEZA LDA;CQ_BSP_Q012;Contrato Quadro;22-08-2007;Derivados;PRT;
2100635939;K7AU;05571;JARDIM DA RADIAL ACTIVIDADES HOTELEIRAS, LDA;CQ_BSP_K7AU;Contrato Quadro;27-08-2007;Derivados;PRT;
2100870685;J084;05477;TECNOPROS COMERCIO E ASSISTENCIA TECNICA, LDA;CQ_BSP_J084;Contrato Quadro;04-09-2007;Derivados;PRT;
8005313339;S1VS;05528;SCOPA-SOC.COM.P.ALIMENTARES,LDA;CQ_BSP_S1VS;Contrato Quadro;21-08-2007;Derivados;PRT;
7400174124;EL1D;05619;ECOFLAT LDA;CQ_BSP_EL1D;Contrato Quadro;31-08-2007;Derivados;PRT;
8028299270;SICD;03066;SASAKI INETRNACIONAL-IND. E COM. DE COLCHOES,LDA;CQ_BSP_SICD;Contrato Quadro;09-03-2006;Derivados;PRT;
3491002220;B3Z7;06010;AMERICO MARQUES DOS SANTOS;CQ_BSP_B3Z7;Contrato Quadro;20-12-2007;Derivados;PRT;
2681006473;L094;05455;LAEMIKA - MATERIAS PRIMAS PARA INDUSTRIA, LDA.;CQ_BSP_L094;Contrato Quadro;21-08-2007;Derivados;PRT;
8029657004;M1Q9;06262;MARGARIDA MARIA HENRIQUES DA COSTA DA SILVA;CQ_BSP_M1Q9;Contrato Quadro;17-12-2007;Derivados;PRT;
8046294975;WML4;05448;WILSON MARTINS, LDA;CQ_BSP_WML4;Contrato Quadro;13-08-2007;Derivados;PRT;
7400028874;B06Y;05523;MASSA INSOLVENTE BRETESCAR - C. R. AUTO. LDA;CQ_BSP_B06Y;Contrato Quadro;24-08-2007;Derivados;PRT;
8046354648;B2JO;05527;AUTO FIDELIO - REPARACAO DE AUTOMOVEIS SOCIEDADE UNIPESSOAL LDA;CQ_BSP_B2JO;Contrato Quadro;23-08-2007;Derivados;PRT;
7400188943;UKV0;05561;UERBA KIDS, VESTUARIO LDA;CQ_BSP_UKV0;Contrato Quadro;28-08-2007;Derivados;PRT;
7400222449;TEE5;05606;TEMPONORTE EMPRESA DE TRABALHO TEMPORARIO UNIPESSOAL LDA;CQ_BSP_TEE5;Contrato Quadro;04-09-2007;Derivados;PRT;
8046466202;B3HZ;05877;ANA GABRIELA PIRES MOTA FALE;CQ_BSP_B3HZ;Contrato Quadro;15-10-2007;Derivados;PRT;
8021949611;GFA4;05475;GLORIAS FERREIRA ASSOCIADOS-CONSULTORES ECONOMICOS FINNANCEIROS LIMITA;CQ_BSP_GFA4;Contrato Quadro;17-09-2007;Derivados;PRT;
7400206729;PG7I;05484;PORTAL CAR REVISTA DE AUTOMOVEIS NA INTERNET LDA;CQ_BSP_PG7I;Contrato Quadro;21-09-2007;Derivados;PRT;
9002575580;PG7G;05486;PECA E TEM - COMERCIO ARTIGOS LAR, LDA;CQ_BSP_PG7G;Contrato Quadro;13-08-2007;Derivados;PRT;
8046446860;NMQN;05505;MANUEL JOSE SILVA TAVARES LDA;CQ_BSP_NMQN;Contrato Quadro;04-09-2007;Derivados;PRT;
3351001182;RIVT;05518;RUVIJOR-PRODUTOS ALIMENTARES LDA;CQ_BSP_RIVT;Contrato Quadro;22-08-2007;Derivados;PRT;
6221059705;XDJ0;05538;XAVIER DAS JANTES - INDUSTRIA METALOMECANICA, LDA;CQ_BSP_XDJ0;Contrato Quadro;13-08-2007;Derivados;PRT;
2100182962;PG8E;05541;PROJECTO EMPREGO TRAB TEMPORARIO, LDA;CQ_BSP_PG8E;Contrato Quadro;24-10-2007;Derivados;PRT;
9000706768;P0WD;05552;PROCARNE - PRODUTORES DE CARNE, LDA;CQ_BSP_P0WD;Contrato Quadro;24-09-2007;Derivados;PRT;
8029039552;CZW9;05663;CLARISSE SANTOS FERREIRA IGREJA;CQ_BSP_CZW9;Contrato Quadro;01-10-2007;Derivados;PRT;
8001574475;EFJX;05677;ERNESTO CLEMENTE SANTOS;CQ_BSP_EFJX;Contrato Quadro;17-09-2007;Derivados;PRT;
8006998459;UC0Y;05556;UNIAO COMERCIAL BEIRA,LDA;CQ_BSP_UC0Y;Contrato Quadro;04-09-2007;Derivados;PRT;
8046302709;K7FL;05624;JOELDIFRUTAS-COMERCIO POR GROSSO DE FRUTAS,LDA;CQ_BSP_K7FL;Contrato Quadro;04-09-2007;Derivados;PRT;
8007080725;NNGM;05658;MANUEL ANTONIO RIBEIRO PEREIRA;CQ_BSP_NNGM;Contrato Quadro;01-10-2007;Derivados;PRT;
8021188260;D1AR;05977;CARLA FILIPA CAETANO GONCALVES FERNANDES;CQ_BSP_D1AR;Contrato Quadro;12-11-2007;Derivados;PRT;
8002316811;PG78;05471;PANIFICADORA-A IDEAL VILDEMOINHOS,LDA;CQ_BSP_PG78;Contrato Quadro;04-10-2007;Derivados;PRT;
9001614153;E112;05487;ECE-ELEVADORES,LDA;CQ_BSP_E112;Contrato Quadro;28-08-2007;Derivados;PRT;
29577;SJ75;05517;SERAFIM ARAUJO LIMA;CQ_BSP_SJ75;Contrato Quadro;21-08-2007;Derivados;PRT;
7400311149;PJEJ;05660;PAULO JORGE DIAS BERNARDO;CQ_BSP_PJEJ;Contrato Quadro;11-10-2007;Derivados;PRT;
7400149522;CIIQ;03350;CONVISTA CONSTRUCOES INVESTIMENTOS IMOBILIARIOS LDA;CQ_BSP_CIIQ;Contrato Quadro;21-03-2006;Derivados;PRT;
8046571130;GIDG;03489;GAYA INTERNACIONAL-SOC DE CONSTRUCAO SA;CQ_BSP_GIDG;Contrato Quadro;03-05-2006;Derivados;PRT;
9001903522;R01U;03649;RUDIBER-REFEICOES RAPIDAS LDA;CQ_BSP_R01U;Contrato Quadro;05-01-2007;Derivados;PRT;
8046546101;E11B;05559;ERVANARIA TRIGO DA SORTE, UNIPESSOAL LIMITADA;CQ_BSP_E11B;Contrato Quadro;28-08-2007;Derivados;PRT;
7400297896;K7E6;05610;JOAO FIRMO SOC. UNIPESSOAL MONTAGEM ALUMINIOS E SISTEMAS LDA;CQ_BSP_K7E6;Contrato Quadro;04-09-2007;Derivados;PRT;
7400245087;K7OK;05695;JOAO PEDRO MARREIROS ROSA;CQ_BSP_K7OK;Contrato Quadro;17-09-2007;Derivados;PRT;
8043941980;K79F;05543;JARDINS MONTE-SOCIEDADE INVESTIMENTOS TURISTICOS MONTE LDA.;CQ_BSP_K79F;Contrato Quadro;14-09-2007;Derivados;PRT;
8006304334;FGVP;05826;FERNANDO GRACA VINAGRE MOURO;CQ_BSP_FGVP;Contrato Quadro;23-10-2007;Derivados;PRT;
5100270185;B2CU;05446;AQUAFURO CAPTAÇÕES DE ÁGUA E GEOTÉCNICA SA;CQ_BSP_B2CU;Contrato Quadro;03-10-2007;Derivados;PRT;
8046537519;IOBM;06614;IRMAOS OLIVEIRA BASTOS LDA;CQ_BSP_IOBM;Contrato Quadro;18-01-2008;Derivados;PRT;
9002528061;NTAH;06619;NEON GLOBO RECLAMOS LUMINOSOS LDA;CQ_BSP_NTAH;Contrato Quadro;10-01-2008;Derivados;PRT;
8043559956;D2BN;06617;CDC-CENTRO DIAGNOSTICO COMPUTORIZADO,LDA;CQ_BSP_D2BN;Contrato Quadro;09-05-2008;Derivados;PRT;
8010183207;D2C1;06623;CONSTANTINO CARNEIRO DE SOUSA, LDA;CQ_BSP_D2C1;Contrato Quadro;14-01-2008;Derivados;PRT;
2071003810;S25D;06615;SARDACO - SOCIEDADE DE ARMADURAS DE ACO, S.A.;CQ_BSP_S25D;Contrato Quadro;25-01-2008;Derivados;PRT;
9000651941;D2C4;06630;SODECA PORTUGAL UNIPESSOAL LDA;CQ_BSP_D2C4;Contrato Quadro;29-01-2008;Derivados;PRT;
7400017925;D2CR;06636;DUMBOFRET - TRANSPORTES LDA;CQ_BSP_D2CR;Contrato Quadro;20-02-2008;Derivados;PRT;
2701001242;B5FF;06626;CASA PINTO - ADRIANO FREITAS PINTO LDA;CQ_BSP_B5FF;Contrato Quadro;29-01-2008;Derivados;PRT;
1700029523;LNQ6;06635;LUIS MANUEL AZEVEDO LEAL, UNIPESSOAL LDA;CQ_BSP_LNQ6;Contrato Quadro;18-01-2008;Derivados;PRT;
2431004377;I0RT;06413;IMOBGM - SOCIEDADE DE INVESTIMENTOS IMOBILIARIOS LIMITADA;CQ_BSP_I0RT;Contrato Quadro;15-01-2008;Derivados;PRT;
8010090047;IMMA;03054;IMPORAUDIO LDA;CQ_BSP_IMMA;Contrato Quadro;01-02-2008;Derivados;PRT;
71561;IE5K;06629;INSTITUTO ORTOPEDICO DENTO-MAXILO-FACIAL, CLINICA DENTARIA DA CIRCUNVA;CQ_BSP_IE5K;Contrato Quadro;26-02-2008;Derivados;PRT;
8005407516;G4WP;06639;GRANIMAR - PROJECTOS INVESTIMENTOS IMOBILIARIOS S.A.;CQ_BSP_G4WP;Contrato Quadro;17-03-2008;Derivados;PRT;
5100271725;V0GV;06666;VALCONTROL S.A.;CQ_BSP_V0GV;Contrato Quadro;03-03-2008;Derivados;PRT;
2881000590;S25L;06645;SUAREZ - DECORACOES E REVESTIMENTOS, LDA;CQ_BSP_S25L;Contrato Quadro;25-02-2008;Derivados;PRT;
7400216640;QELD;06661;QUINTA ESTIVADA LAR DO CIDADAO SENIOR, LDA;CQ_BSP_QELD;Contrato Quadro;28-02-2008;Derivados;PRT;
2351001000;KBAZ;06659;J.J. PRODUTORA DE EMBALAGENS LDA;CQ_BSP_KBAZ;Contrato Quadro;28-01-2008;Derivados;PRT;
8026353673;IPIY;06721;IRMAOS PEREIRA COMERCIO DE AUTOMOVEIS LIMITADA;CQ_BSP_IPIY;Contrato Quadro;25-01-2008;Derivados;PRT;
8046450670;F66I;06709;FRANCISCO NICOLAU VIEIRA, LDA;CQ_BSP_F66I;Contrato Quadro;09-04-2008;Derivados;PRT;
7400250080;V0GW;06719;VAMALTEX - COMERCIO DE TEXTEIS LDA;CQ_BSP_V0GW;Contrato Quadro;04-03-2008;Derivados;PRT;
2561001478;JFEI;02986;J NEVES E FILHOS COMERCIO E INDUSTRIA DE FERRAGENS S A;CQ_BSP_JFEI;Contrato Quadro;21-01-2008;Derivados;PRT;
8044331345;D2JN;06735;CARLOS ALBERTO & SILVA - REPARACAO DE PESADOS LDA;CQ_BSP_D2JN;Contrato Quadro;01-04-2008;Derivados;PRT;
7400401584;TP0T;06734;TEMPO PRECIOSO - PROMOCAO E GESTAO IMOBILIARIA UNIPESSOAL LDA;CQ_BSP_TP0T;Contrato Quadro;23-09-2008;Derivados;PRT;
2531004991;PI38;06739;PREC-PROJECTOS ENGENHARIAS CONSTRUCAO S.A.;CQ_BSP_PI38;Contrato Quadro;17-01-2008;Derivados;PRT;
7400132198;D01B;06743;DPP - DISTRIBUICAO DE PRODUTOS PETROLIFEROS, S.A.;CQ_BSP_D01B;Contrato Quadro;28-06-2019;Derivados;PRT;
7400079217;OS2Z;06761;OSCAR SOARES & CA LDA;CQ_BSP_OS2Z;Contrato Quadro;23-01-2008;Derivados;PRT;
8021518994;D2N7;06765;CORPER-CORTICAS PEREIRA E IRMAOS, LDA;CQ_BSP_D2N7;Contrato Quadro;29-01-2008;Derivados;PRT;
5100332115;D2N9;06772;CORTIÇAS PINTO E COSTA LDA;CQ_BSP_D2N9;Contrato Quadro;29-02-2008;Derivados;PRT;
8006431540;T0CW;06038;TECETEXTEIS-SOC.INDUSTRIAL TEXTIL,LDA;CQ_BSP_T0CW;Contrato Quadro;10-01-2008;Derivados;PRT;
8006047003;B5PK;06658;ANTONIO FERREIRA & FERREIRA, LDA;CQ_BSP_B5PK;Contrato Quadro;12-02-2008;Derivados;PRT;
8046584120;KBNT;06795;JANEIRO DOS LEITOES SA.;CQ_BSP_KBNT;Contrato Quadro;21-02-2008;Derivados;PRT;
7400425511;NUZA;06870;MANUEL TORRES HORTAS DO OESTE LDA;CQ_BSP_NUZA;Contrato Quadro;24-01-2008;Derivados;PRT;
7400343901;V0GY;06868;VIVAMARINHA - PROMOCAO TURISTICA IMOBILIARIA, S.A.;CQ_BSP_V0GY;Contrato Quadro;31-01-2008;Derivados;PRT;
8002249810;BHZZ;11292;AURELIO MARTINS SOBREIRO & FILHOS SA EM LIQUIDACAO;CQ_BSP_BHZZ;Contrato Quadro;28-11-2008;Derivados;PRT;
8026147349;FSWF;11276;GRUPO SALVADOR CAETANO, SGPS S.A.;FSWF;Contrato Quadro;04-03-2015;Derivados;PRT;
1700085674;SQEC;11523;SOUTH EUROPE SCUA OFFICE - AUXILIO TECNICO E CIENTIFICO AS COMPANHIAS;CQ_BSP_SQEC;Contrato Quadro;10-12-2008;Derivados;PRT;
106402;F7WV;12073;FEDERACAO PORTUGUESA DE VOLEIBOL;F7WV;Contrato Quadro;29-12-2008;Derivados;PRT;
8046252555;O8FX;12169;NCT - SERVICOS FLORESTAIS LDA;CQ_BSP_O8FX;Contrato Quadro;31-12-2008;Derivados;PRT;
7400388737;BJAU;12198;TERCI GOLD LDA;CQ_BSP_BJAU;Contrato Quadro;17-12-2008;Derivados;PRT;
7400492328;BJNP;12587;ANGULOS DE PAIXAO SA;CQ_BSP_BJNP;Contrato Quadro;23-03-2009;Derivados;PRT;
7400518285;L0E8;12160;LILIAL - ASSESSORIA DE GESTAO, LDA;L0E8;Contrato Quadro;27-01-2009;Derivados;PRT;
7400497908;FVU7;12640;FARMACIA VELOSO RIBEIRO LDA;CQ_BSP_FVU7;Contrato Quadro;19-01-2009;Derivados;PRT;
8010546055;BKB7;13060;AUTO-RAPIDO - REPRESENTACAO DE PECAS PARA AUTOMOVEIS, LDA;CQ_BSP_BKB7;Contrato Quadro;10-02-2009;Derivados;PRT;
8042701753;SUEH;13484;SONIA RAQUEL FERREIRA LEITE;SUEH;Contrato Quadro;23-03-2009;Derivados;PRT;
7400180036;IL2M;13646;IBERALPS LDA;IL2M;Contrato Quadro;22-05-2009;Derivados;PRT;
1700120201;F879;13652;FESTASTEJO - ACTIVIDADES HOTELEIRAS, SOCIEDADE UNIPESSOAL, LDA;F879;Contrato Quadro;08-04-2009;Derivados;PRT;
3331004126;OCEU;13786;MARIA ORLANDA MAURICIO VERISSIMO DELGADO;OCEU;Contrato Quadro;25-05-2009;Derivados;PRT;
8028832542;M2C5;13797;MENDES & MENDES - INDUSTRIA DE MOBILIARIO DE MADEIRA LDA;CQ_BSP_M2C5;Contrato Quadro;15-05-2009;Derivados;PRT;
7400121114;A46C;11494;ALVES & SANTOS, LDA;CQ_BSP_A46C;Contrato Quadro;27-11-2008;Derivados;PRT;
7400333223;O7QP;11670;BODHI CLINICA-OLIVEIRA & ALVES SILVA - SERVICOS PSICOFISIOLOGICOS LDA;CQ_BSP_O7QP;Contrato Quadro;25-11-2008;Derivados;PRT;
8043307323;KLZZ;11986;JOSE MARIA GOMES VILAR & FILHOS LDA;CQ_BSP_KLZZ;Contrato Quadro;05-12-2008;Derivados;PRT;
7400566238;DS7N;12053;DISTRIRAINHAIMO SOCIEDADE GESTAO IMOBILIARIA LDA;DS7N;Contrato Quadro;06-01-2009;Derivados;PRT;
2571000118;D93C;12380;CARPINTARIA BARROS LDA;CQ_BSP_D93C;Contrato Quadro;30-01-2009;Derivados;PRT;
8043118461;SUCQ;12402;SOANDAIMES - SOCIEDADE DE ANDAIMES, LDA;CQ_BSP_SUCQ;Contrato Quadro;19-03-2009;Derivados;PRT;
9001491005;C3YZ;12390;CORREA & TERENAS, COMERCIO INTERNACIONAL, S.A.;C3YZ;Contrato Quadro;30-01-2009;Derivados;PRT;
3341000159;P1EK;12603;PORMENOR - PRODUCOES DE IMAGEM, LDA;CQ_BSP_P1EK;Contrato Quadro;16-02-2009;Derivados;PRT;
8042611971;OWHP;18872;MODELMALHAS INDUSTRIA DE MALHAS LDA;OWHP;Contrato Quadro;22-09-2017;Derivados;PRT;
8005613761;DE9N;13550;CONSTRUCOES C.ALVES & ALVES,LDA;CQ_BSP_DE9N;Contrato Quadro;03-03-2009;Derivados;PRT;
7400622919;VUL5;18688;VILARLENHAS UNIPESSOAL LDA;CQ_BSP_VUL5;Contrato Quadro;25-06-2010;Derivados;PRT;
8030477350;I0ZV;13584;IMOFRIELAS GESTAO E COMERCIALIZACAO DE IMOVEIS LDA;CQ_BSP_I0ZV;Contrato Quadro;25-03-2009;Derivados;PRT;
8046537455;KOFA;13701;SERRALHARIA 311 LDA;KOFA;Contrato Quadro;20-04-2009;Derivados;PRT;
8023180846;R0MX;13802;REMAGRIL,LDA;R0MX;Contrato Quadro;23-04-2009;Derivados;PRT;
7400099755;CDGK;03544;CGC CENTRO DE GENETICA CLINICA E PATALOGIA S.A.;CDGK;Contrato Quadro;27-05-2009;Derivados;PRT;
249691;M279;11249;MAPRICO-COMERCIO MATERIAS PRIMAS LDA;CQ_BSP_M279;Contrato Quadro;28-05-2021;Derivados;PRT;
591;BHZ3;11261;CARDPIN INVEST, S.A.;BHZ3;Contrato Quadro;24-11-2008;Derivados;PRT;
8038478421;FTHE;11426;FIJITOUR-VIAGENS TURISMO,LDA;CQ_BSP_FTHE;Contrato Quadro;13-11-2008;Derivados;PRT;
2100684797;FM2U;11976;FERNANDO MENDES & BIOR, LDA;FM2U;Contrato Quadro;15-12-2008;Derivados;PRT;
1700110279;T0GF;11759;TRANSAGA - TRANSPORTES RODOVIARIOS,LDA;CQ_BSP_T0GF;Contrato Quadro;19-12-2008;Derivados;PRT;
8022559505;C3X4;11793;COUTINHO & FAUSTINO - COMERCIO E INDUSTRIA EQUIPAMENTOS PANIFICACAO E;CQ_BSP_C3X4;Contrato Quadro;26-11-2008;Derivados;PRT;
7400375682;I0XU;11836;ALCAPREDIAL INVESTIMENTOS E IMOBILIARIO S.A.;CQ_BSP_I0XU;Contrato Quadro;25-11-2008;Derivados;PRT;
7400232826;I0XT;11772;INTERMAIORIMO - SOC GESTAO IMOBILIARIA, LDA;CQ_BSP_I0XT;Contrato Quadro;05-02-2009;Derivados;PRT;
5100282929;RW9W;11943;RICARDO DOMINGUES FERNANDES CRIACAO E DIFUSAO DE MODA UNIPESSOAL LDA;CQ_BSP_RW9W;Contrato Quadro;10-12-2008;Derivados;PRT;
7400271385;KM12;11990;JONOSIL INDUSTRIA E COMERCIO DE FERRAGENS LIMITADA;KM12;Contrato Quadro;12-03-2015;Derivados;PRT;
5100698340;KLV7;11721;JOAO MANUEL DAMAS AMARAL;KLV7;Contrato Quadro;22-12-2008;Derivados;PRT;
9002631413;P1EH;12440;PINHALSODI-SUPERMERCADOS,LDA;CQ_BSP_P1EH;Contrato Quadro;06-02-2009;Derivados;PRT;
2100653459;IIGB;12525;ILHANOVA - COMERCIO, IMPORTACAO, EXPORTACAO LDA;CQ_BSP_IIGB;Contrato Quadro;12-01-2009;Derivados;PRT;
7400504965;C3ZH;12534;CT - COLEGIO DA TROFA, LIMITADA;CQ_BSP_C3ZH;Contrato Quadro;08-01-2009;Derivados;PRT;
9002421898;POEX;12548;PINHAL DO ANTONIO ACTIVIDADES HOTELEIRAS UNIPESSOAL LDA;CQ_BSP_POEX;Contrato Quadro;04-03-2009;Derivados;PRT;
8046351521;HBUL;12574;M.C.P. - HILARIO BAPTISTA SOC. UNIPESSOAL LDA;CQ_BSP_HBUL;Contrato Quadro;11-02-2009;Derivados;PRT;
8039571842;TEX5;18354;TURISTEJO - VIAGENS E TURISMO LDA;CQ_BSP_TEX5;Contrato Quadro;02-06-2010;Derivados;PRT;
8028514544;KN67;12792;JOSE CANDIDO DE MELO FERREIRA DA CRUZ;KN67;Contrato Quadro;26-02-2009;Derivados;PRT;
2811002621;BKFL;13154;ALBERTO MARQUES & FILHOS S.A.;CQ_BSP_BKFL;Contrato Quadro;12-02-2009;Derivados;PRT;
8026925621;D9MH;13194;CONSTROLANDIA MATERIAIS DE CONSTRUCAO, LDA;D9MH;Contrato Quadro;13-02-2009;Derivados;PRT;
9002492706;O9OF;13481;NUNES & VELADAS LDA;CQ_BSP_O9OF;Contrato Quadro;16-02-2009;Derivados;PRT;
3701002389;S2XW;13495;SECUFOGO - ENGENHARIA DE SEGURANCA LDA;CQ_BSP_S2XW;Contrato Quadro;17-02-2009;Derivados;PRT;
9001882992;TPIL;13528;TALAIDE PARQUE-PROMOCAO IMOBILIARIA S.A.;TPIL;Contrato Quadro;01-04-2009;Derivados;PRT;
2100784755;C3UU;11231;CORREIA & VASCONCELOS IMOVEIS E GESTAO, SA;C3UU;Contrato Quadro;03-11-2008;Derivados;PRT;
7400526813;SQBA;11288;SONIA MOREIRA & MOREIRA LDA;CQ_BSP_SQBA;Contrato Quadro;14-11-2008;Derivados;PRT;
7400019146;OSUJ;11414;O SEU TEMPO DE EQUILIBRIO-CLINICA MEDICA,UNIPESSOAL, LDA;CQ_BSP_OSUJ;Contrato Quadro;12-11-2008;Derivados;PRT;
8030160407;RW5Q;11677;RODRIGO LOTHAR SEIFERT;RW5Q;Contrato Quadro;23-12-2008;Derivados;PRT;
8045108100;VND4;11731;VIDREIRA MODERNA MOITA,LDA;CQ_BSP_VND4;Contrato Quadro;26-12-2008;Derivados;PRT;
7400052135;O85J;11930;NETPLAN - TELECOMUNICACOES E ENERGIAS, LDA;CQ_BSP_O85J;Contrato Quadro;17-12-2008;Derivados;PRT;
7400508778;E1HJ;11994;ECRANLUZ - INSTALACOES ELECTRICAS UNIPESSOAL LDA;E1HJ;Contrato Quadro;29-06-2010;Derivados;PRT;
7400394675;D8SQ;12004;C FIRMINO UNIPESSOAL LDA;CQ_BSP_D8SQ;Contrato Quadro;26-01-2009;Derivados;PRT;
7400014328;L0E4;12038;LOULEFRIO AR CONDICIONADO E GEOTERMIA LDA;L0E4;Contrato Quadro;05-12-2008;Derivados;PRT;
8031133369;KM84;12194;JOAQUIM ADALBERTO DA MOTA MARTINS;KM84;Contrato Quadro;09-01-2009;Derivados;PRT;
1700012859;S2W8;12410;SOCIEDADE DE LAVANDARIAS DO CAMPO ALEGRE LDA.;CQ_BSP_S2W8;Contrato Quadro;29-12-2008;Derivados;PRT;
3611000648;FNKS;12567;FIPOL-FABRICA MATERIAL ELECTRICO LDA;CQ_BSP_FNKS;Contrato Quadro;14-05-2009;Derivados;PRT;
7400450162;SZYU;18723;SUBLIME TENTACAO CABELEIREIROS LDA;CQ_BSP_SZYU;Contrato Quadro;30-06-2010;Derivados;PRT;
7400458884;L0EQ;13498;LIONCOM - TRADING LDA;L0EQ;Contrato Quadro;19-02-2009;Derivados;PRT;
8043804793;M046;02622;M A SILVA II-CORTICAS LDA;M046;Contrato Quadro;02-03-2009;Derivados;PRT;
7400558140;RX9W;13604;ROGERIO SILVA DE SOUSA;RX9W;Contrato Quadro;25-11-2009;Derivados;PRT;
3671001667;BNQJ;13847;BUROTICA-SOCIEDADE DE ESTUDOS EQUIPAMENTOS AUTOMATICOS DE ESCRITORIO,;BNQJ;Contrato Quadro;14-10-2013;Derivados;PRT;
9002567391;D8BU;11411;CONSTRUCOES JERONIMO PEREIRA MACHADO LDA;CQ_BSP_D8BU;Contrato Quadro;05-11-2008;Derivados;PRT;
9000573345;BIA9;11502;ANA MARIA RAMOS NEVES;BIA9;Contrato Quadro;18-11-2008;Derivados;PRT;
7400518399;S3ZR;17490;SOCIEDADE CONSTRUCOES SOUTO & MARQUES LDA;CQ_BSP_S3ZR;Contrato Quadro;01-02-2010;Derivados;PRT;
8024926955;BIQB;11709;ANTONIO PINHO LDA;CQ_BSP_BIQB;Contrato Quadro;24-11-2008;Derivados;PRT;
8046575542;KLXZ;11869;CINFARMA GESTAO DE FARMACIAS LDA;CQ_BSP_KLXZ;Contrato Quadro;10-12-2008;Derivados;PRT;
7400565134;FLLJ;12012;FIREPRIN LISBOA LDA;CQ_BSP_FLLJ;Contrato Quadro;05-12-2008;Derivados;PRT;
8045034668;BTV3;12002;B T TERRA COM VEICULOS ACESSORIOS LDA;CQ_BSP_BTV3;Contrato Quadro;22-12-2008;Derivados;PRT;
8002698093;O8KU;12260;MOREIRA COSTA & SANTOS,LDA;CQ_BSP_O8KU;Contrato Quadro;18-12-2008;Derivados;PRT;
5100585324;FNKM;12378;FUTURETE - INDUSTRIA DE MAQUINAS DE CAFE LDA;CQ_BSP_FNKM;Contrato Quadro;31-12-2008;Derivados;PRT;
8044244898;L0EB;12392;SALVADOR JESUS FIGUEIRA UNIPESSOAL LDA;CQ_BSP_L0EB;Contrato Quadro;06-03-2009;Derivados;PRT;
7400370929;O5IS;09727;NORTEMASTER TRANSPORTES SOCIEDADE UNIPESSOAL LDA;CQ_BSP_O5IS;Contrato Quadro;31-12-2008;Derivados;PRT;
8046553847;P1EI;12486;PROTOART - SERVICOS DENTARIOS UNIPESSOAL LDA;CQ_BSP_P1EI;Contrato Quadro;15-01-2009;Derivados;PRT;
8005633048;LK9X;12545;LIGRATE - ATELIER GRAFICO LDA;CQ_BSP_LK9X;Contrato Quadro;05-03-2009;Derivados;PRT;
7400227643;C3Z5;12405;CARALMADA - CENTRO DE MANUTENCAO DE VEICULOS LDA;CQ_BSP_C3Z5;Contrato Quadro;26-02-2009;Derivados;PRT;
7400022012;H0KR;12584;HIDROQUARTEIRENSE-INSTALACOES ELECTRICAS, UNIPESSOAL,LDA;H0KR;Contrato Quadro;29-01-2009;Derivados;PRT;
3501;VNDX;13059;VITORINO MARCOS LOBATO OLIVEIRA DIAS;VNDX;Contrato Quadro;30-10-2009;Derivados;PRT;
2471001257;DRIR;13199;DAVID DA ROCHA FERNANDES ALVES;DRIR;Contrato Quadro;01-09-2009;Derivados;PRT;
7400083598;VM2W;13502;VITO MARINIELLO;VM2W;Contrato Quadro;22-04-2009;Derivados;PRT;
7400305782;FL1R;13664;FARMACIA LIBERDADE SOCIEDADE UNIPESSOAL LDA;FL1R;Contrato Quadro;26-03-2009;Derivados;PRT;
8046311766;P1GS;13705;PLACOLOPES - COLOCACAO TECTOS FALSOS, LDA;CQ_BSP_P1GS;Contrato Quadro;19-05-2009;Derivados;PRT;
7400445760;RVZQ;11306;RICARDO MANUEL DE CARVALHO MONTEIRO;RVZQ;Contrato Quadro;30-10-2008;Derivados;PRT;
9001984079;P1CZ;11269;PREDINDUSTRIA - EMPREENDIMENTOS IMOBILIARIOS, LDA;CQ_BSP_P1CZ;Contrato Quadro;06-11-2008;Derivados;PRT;
2841000255;AES3;08113;ANTEROS - EMPREITADAS, SOCIEDADE DE CONSTRUCOES E OBRAS PUBLICAS, S.A.;CQ_BSP_AES3;Contrato Quadro;28-11-2008;Derivados;PRT;
7400487867;D8DU;11485;CIFRASEGURA LDA;CQ_BSP_D8DU;Contrato Quadro;05-12-2008;Derivados;PRT;
7400078203;GD9P;11504;GONCALO ANTONIO RAMINHAS SOUSA;GD9P;Contrato Quadro;19-11-2008;Derivados;PRT;
7400493642;DEYH;11633;DESENTUPEX ECO-VIDANGE SANEAMENTO E GESTAO RESIDUOS LDA;CQ_BSP_DEYH;Contrato Quadro;12-03-2009;Derivados;PRT;
7400175774;D8NY;11724;CONTINSUL-CONSTRUTORA DO SUL LDA;CQ_BSP_D8NY;Contrato Quadro;26-11-2008;Derivados;PRT;
5100607637;V0KR;11800;VOLLMACHT SOCIEDADE DE DESENVOLVIMENTO E DE ESTRATEGIA EMPRESARIAL E I;CQ_BSP_V0KR;Contrato Quadro;05-12-2008;Derivados;PRT;
2100643439;M28C;11851;MAISMAIA PROMOCAO IMOBILIARIA UNIPESSOAL, LDA;CQ_BSP_M28C;Contrato Quadro;27-11-2008;Derivados;PRT;
8044466342;SUBH;11926;SUPERVICOSA SUPERMERCADOS LDA;CQ_BSP_SUBH;Contrato Quadro;04-12-2008;Derivados;PRT;
7400141945;D8RF;11923;DISTRIVICOSA - SOCIEDADE GESTORA PARTICIPACOES SOCIAIS, LDA.;CQ_BSP_D8RF;Contrato Quadro;04-12-2008;Derivados;PRT;
7400192157;GL1R;12570;GOLDENPRESS, LDA;CQ_BSP_GL1R;Contrato Quadro;27-01-2009;Derivados;PRT;
8030433849;C402;12627;CICA-EXPL.CAFETARIA PASTELARIA BAR,LDA;CQ_BSP_C402;Contrato Quadro;21-01-2009;Derivados;PRT;
7400499193;C407;12637;CCI - INVESTIMENTOS E PROMOCAO IMOBILIARIA LDA;CQ_BSP_C407;Contrato Quadro;13-03-2009;Derivados;PRT;
7400016913;GT9A;12693;GRUPO SOCIAL S.CIPRIANO;GT9A;Contrato Quadro;04-02-2009;Derivados;PRT;
8044944458;D9JB;12833;CLINICA DENTARIA VILA ANJOS LDA;CQ_BSP_D9JB;Contrato Quadro;23-02-2009;Derivados;PRT;
7400125827;EKP5;13725;EKUIT- CONFECCOES LDA;EKP5;Contrato Quadro;20-04-2009;Derivados;PRT;
8037830881;BI64;11408;ALBINO MONTEIRO DE MAGALHAES LDA;CQ_BSP_BI64;Contrato Quadro;28-11-2008;Derivados;PRT;
9000643953;FFYR;11506;FITEL COMERCIALIZACAO DE FIOS E RAMAS PARA INDUSTRIA LDA;CQ_BSP_FFYR;Contrato Quadro;24-11-2008;Derivados;PRT;
7400233809;EWL5;11647;EXPECIAL WORLD, LDA;CQ_BSP_EWL5;Contrato Quadro;07-07-2009;Derivados;PRT;
7400036539;FTHK;11457;FLEXIDOOR PORTOES SECCIONADOS E AUTOMATISMOS S A;FTHK;Contrato Quadro;17-08-2020;Derivados;PRT;
5100284689;DLKA;11665;DOIS LADOS DISTRIBUICAO TABACOS E BEBIDAS SA;DLKA;Contrato Quadro;13-11-2008;Derivados;PRT;
8026461639;LK4D;11693;LUSITANO FUTEBOL CLUBE;CQ_BSP_LK4D;Contrato Quadro;19-02-2009;Derivados;PRT;
8046355672;PO7K;12151;PADARIA E PASTELARIA SOLAR DOS ALAMOS SOC UNIP LDA;PO7K;Contrato Quadro;20-01-2009;Derivados;PRT;
8020030709;GL1P;12221;GUIMACRIL - RECLAMOS LUMINOSOS LDA;CQ_BSP_GL1P;Contrato Quadro;09-04-2009;Derivados;PRT;
8046447760;A49F;12449;ANTONIO E CARLA INDUSTRIA CONFECCOES LDA;CQ_BSP_A49F;Contrato Quadro;31-12-2008;Derivados;PRT;
7400440850;A49P;12537;AVOPACOS - FARMACIAS E SERVICOS FARMACEUTICOS LDA;CQ_BSP_A49P;Contrato Quadro;07-01-2009;Derivados;PRT;
7400566778;T0H2;12624;TABACARIA LUISA UNIPESSOAL LDA;CQ_BSP_T0H2;Contrato Quadro;15-05-2009;Derivados;PRT;
212;KN78;12902;JOSE MARIA VIGARIO MARTINS;KN78;Contrato Quadro;13-04-2009;Derivados;PRT;
8000419141;HS4J;13533;HOVIONE FARMACIENCIA S.A.;HS4J;Contrato Quadro;07-04-2014;Derivados;PRT;
7400330073;I10B;13818;INDECARGO LDA;I10B;Contrato Quadro;18-05-2009;Derivados;PRT;
7400494281;SQAE;11208;SORRISOS DO LUMIAR UNIPESSOAL LDA;CQ_BSP_SQAE;Contrato Quadro;05-12-2008;Derivados;PRT;
8028507874;SUAC;11491;SOMAFI LDA;CQ_BSP_SUAC;Contrato Quadro;07-11-2008;Derivados;PRT;
8038760825;BI9F;11484;AIR MARINHA NAVEGACAO TRANSITO, LDA;CQ_BSP_BI9F;Contrato Quadro;04-11-2008;Derivados;PRT;
7400340579;RW8M;11795;RITUAL SUCESSO LDA;CQ_BSP_RW8M;Contrato Quadro;24-11-2008;Derivados;PRT;
2101787806;O82R;11840;NAVIMETODO VIGILANCIA E SEGURANCA, LDA;CQ_BSP_O82R;Contrato Quadro;24-11-2008;Derivados;PRT;
7400155834;SR3Q;11830;SUPER RANA - SUPERMERCADOS LDA;SR3Q;Contrato Quadro;20-10-2009;Derivados;PRT;
7400500306;SQJN;11958;SMIROIL, S.A.;CQ_BSP_SQJN;Contrato Quadro;05-12-2008;Derivados;PRT;
7400460688;M28S;12103;MOREIRA & ROMPANTE LDA;CQ_BSP_M28S;Contrato Quadro;16-12-2008;Derivados;PRT;
9001453090;PO6R;12098;PASSARINHO-MATERIAIS CONSTRUCAO,LDA;CQ_BSP_PO6R;Contrato Quadro;22-12-2008;Derivados;PRT;
7400437792;SQMN;12137;SMIRGEST LDA;CQ_BSP_SQMN;Contrato Quadro;16-12-2008;Derivados;PRT;
8040945602;O8VG;12591;MKTG-MARKETING GLOBAL,LDA;CQ_BSP_O8VG;Contrato Quadro;02-04-2009;Derivados;PRT;
8023703958;BJE6;12271;ANTONIO MAIA DUARTE;BJE6;Contrato Quadro;22-01-2009;Derivados;PRT;
5100630846;POKG;12691;PINTO BERNARDINO & FILHO LDA;POKG;Contrato Quadro;04-02-2009;Derivados;PRT;
7400120286;SQVU;12853;ASSISTECNICA, LDA;CQ_BSP_SQVU;Contrato Quadro;06-02-2009;Derivados;PRT;
8043273260;IG58;13592;IMERSAO-AVENTURA E DESPORTO LDA;CQ_BSP_IG58;Contrato Quadro;18-03-2009;Derivados;PRT;
8001721265;KOHS;13736;JOAO JESUS FRANCISCO;KOHS;Contrato Quadro;13-10-2009;Derivados;PRT;
9002566199;DH6O;13908;CLINICA MEDICA DR FILIPE ALMEIDA LDA;CQ_BSP_DH6O;Contrato Quadro;06-05-2009;Derivados;PRT;
8015970694;R0H7;05569;RIBADAO - INDUSTRIA DE MADEIRAS S.A.;CQ_BSP_R0H7;Contrato Quadro;07-11-2008;Derivados;PRT;
8022693635;V0KN;11629;VIPRENSA - SOCIEDADE EDITORA DO ALGARVE LDA;CQ_BSP_V0KN;Contrato Quadro;05-12-2008;Derivados;PRT;
8042627942;O7P5;11643;MANUEL DA SILVA MARQUES - COMERCIO INTERNACIONAL, LDA;O7P5;Contrato Quadro;20-11-2014;Derivados;PRT;
9001036988;KLWI;11782;JOAQUIM CASTANHEIRA SILVA,LDA;CQ_BSP_KLWI;Contrato Quadro;31-12-2008;Derivados;PRT;
8030473549;TI1M;11802;TESTE-SOCIEDADE DE MOLDES E INJECCAO DE PLASTICOS,LDA;CQ_BSP_TI1M;Contrato Quadro;25-11-2008;Derivados;PRT;
8046484704;M28A;11776;MENDES & VALENTIM - SOCIEDADE DE CONSTRUCOES, LDA;M28A;Contrato Quadro;07-04-2009;Derivados;PRT;
9001973985;D8QI;11872;C. T. Z. - CONSTRUCOES TORRES DO ZEZERE LDA;CQ_BSP_D8QI;Contrato Quadro;16-12-2008;Derivados;PRT;
5100394228;O84Q;11903;MANUEL NORBERTO SILVA MAGALHAES UNIPESSOAL LDA;CQ_BSP_O84Q;Contrato Quadro;28-11-2008;Derivados;PRT;
7400403202;SQJ2;11883;ENERGIA PROPRIA S.A.;CQ_BSP_SQJ2;Contrato Quadro;05-12-2008;Derivados;PRT;
9002502130;EO7R;12067;EDUARDO MANUEL AUGUSTO DE MORAIS;EO7R;Contrato Quadro;16-01-2009;Derivados;PRT;
6221010015;LJZK;11264;LIMA FERREIRA, LDA;LJZK;Contrato Quadro;19-12-2008;Derivados;PRT;
7400433274;O8D8;12117;MOURATUBOS CONSTRUCAO E ASSISTENCIA TECNICA NAVAL LDA;CQ_BSP_O8D8;Contrato Quadro;18-12-2008;Derivados;PRT;
8022027714;O8L6;12289;NARCISO GOMES COMPONENTES ELECTRONICOS LDA;CQ_BSP_O8L6;Contrato Quadro;17-12-2008;Derivados;PRT;
8022956671;L0EA;12369;LOBO E DRUMOND UNIPESSOAL LDA;CQ_BSP_L0EA;Contrato Quadro;05-01-2009;Derivados;PRT;
7400442032;O8QL;12453;NUBER - SOCIEDADE IMOBILARIA DE CONSTRUCAO LDA;CQ_BSP_O8QL;Contrato Quadro;16-01-2009;Derivados;PRT;
3461006998;I0YB;12436;INTERVENCAO - INSTRUMENTOS MEDICO-CIRURGICOS, UNIPESSOAL, LDA;I0YB;Contrato Quadro;23-02-2009;Derivados;PRT;
2100985210;OL0N;12399;OBSERVANTES, LDA;OL0N;Contrato Quadro;12-03-2009;Derivados;PRT;
9000542266;BJ8A;12162;ANTONIO EUGENIO SANTOS MOREIRA;BJ8A;Contrato Quadro;09-03-2009;Derivados;PRT;
3531006541;BNGI;13762;AUTO JARDIM ALGARVE - AUTOMOVEIS ALUGUER, S.A.;BNGI;Contrato Quadro;28-04-2009;Derivados;PRT;
9001939140;A4GE;13815;AVEFIOS LDA;A4GE;Contrato Quadro;18-01-2016;Derivados;PRT;
5100268059;OV02;03883;OURO VIVO, UNIPESSOAL LDA;CQ_BSP_OV02;Contrato Quadro;28-11-2008;Derivados;PRT;
8020053035;SP7B;10556;SERGIO FERNANDES TORRAO;SP7B;Contrato Quadro;28-11-2008;Derivados;PRT;
7400224592;QDF0;11326;QUINTA DA FONTINHA RESTAURACAO LDA;CQ_BSP_QDF0;Contrato Quadro;10-12-2008;Derivados;PRT;
1700041287;SU9M;11283;SET SOCIEDADE ELECTRICA DO TAMEGA LDA;CQ_BSP_SU9M;Contrato Quadro;03-11-2008;Derivados;PRT;
392;JM0F;08269;JERONIMO MARTINS SGPS SA;JM0F;Contrato Quadro;06-11-2015;Derivados;PRT;
3611000243;BI4U;11341;AVIARIO TROPICAL, S.A.;CQ_BSP_BI4U;Contrato Quadro;06-11-2008;Derivados;PRT;
7400373528;KLAP;11337;JORGE PINHO MOTA UNIPESSOAL LDA;CQ_BSP_KLAP;Contrato Quadro;16-03-2009;Derivados;PRT;
8000391567;MMT8;01442;MSF ENGENHARIA, S.A.;MMT8;Contrato Quadro;29-06-2009;Derivados;PRT;
1700126338;NAIT;11537;NEGIM AMINISTRACAO IMOBILIARIA SA;CQ_BSP_NAIT;Contrato Quadro;12-02-2009;Derivados;PRT;
7400270825;O7PM;11656;MOVIT COMERCIO DE MAQUINAS E EQUIPAMENTOS LDA;CQ_BSP_O7PM;Contrato Quadro;03-12-2008;Derivados;PRT;
8007367777;TR1O;11660;TEIXEIRA DA ROCHA LDA;CQ_BSP_TR1O;Contrato Quadro;18-11-2008;Derivados;PRT;
9002181246;D8NX;11722;CLINIA CLINICA MEDICA LINHA,LDA;CQ_BSP_D8NX;Contrato Quadro;24-11-2008;Derivados;PRT;
8030750004;BIRB;11734;AUTOSALIR-PNEUS LDA;CQ_BSP_BIRB;Contrato Quadro;03-12-2008;Derivados;PRT;
8020590934;PO5K;12027;PLASMOREX-SOCIEDADE DE PLASTICOS E MOLDES LDA;CQ_BSP_PO5K;Contrato Quadro;12-12-2008;Derivados;PRT;
9000662227;R0M3;12109;ROMPANTE & DIAS LDA.;CQ_BSP_R0M3;Contrato Quadro;16-12-2008;Derivados;PRT;
8042125547;DNEC;12462;DA-ME MUSICA-COM.PROD.AUDIO VISUAIS,LDA;CQ_BSP_DNEC;Contrato Quadro;07-01-2009;Derivados;PRT;
8046344494;O8LT;12332;MIGUEL SARAIVA & ASSOCIADOS - ARQUITECTURA E URBANISMO S.A.;O8LT;Contrato Quadro;03-03-2009;Derivados;PRT;
5100465828;BJIN;12424;AMERICO SILVA & FILHOS SA;BJIN;Contrato Quadro;02-03-2009;Derivados;PRT;
8001222171;BO2C;14006;ANSELMO PINTO CARDOSO;BO2C;Contrato Quadro;12-05-2009;Derivados;PRT;
8016789041;KI8D;08887;J.CAETANO & FILHAS,LDA;KI8D;Contrato Quadro;20-09-2010;Derivados;PRT;
;SUM8;;SOVENA ESPANA SA ( USAR SY45 );SUM8;Contrato Quadro;20-05-2009;Derivados;PRT;
8022050876;KOVJ;13912;JORGE SEBASTIAO VAZ IRMAO & COMP.,LDA;CQ_BSP_KOVJ;Contrato Quadro;01-06-2010;Derivados;PRT;
7400350433;DG7U;13794;CAFE CENTRAL DE TELHEIRAS LDA;CQ_BSP_DG7U;Contrato Quadro;06-05-2009;Derivados;PRT;
2471003744;FHF5;14194;FERNANDO ALCIDES ALVES OLIVEIRA;FHF5;Contrato Quadro;27-05-2009;Derivados;PRT;
7400153694;S5SC;18659;SOCIEDADE HOTELEIRA DE PORTUGAL LDA;S5SC;Contrato Quadro;21-06-2010;Derivados;PRT;
9001485145;D8OW;11757;C. D. F. - CONSTRUCOES DIORINO & FILHOS LDA;CQ_BSP_D8OW;Contrato Quadro;30-12-2008;Derivados;PRT;
8046406052;FG4H;12154;FARMACIA DIAS LDA;CQ_BSP_FG4H;Contrato Quadro;22-12-2008;Derivados;PRT;
7400191657;O8H4;12179;MAPA DE SONS UNIPESSOAL LDA;CQ_BSP_O8H4;Contrato Quadro;17-12-2008;Derivados;PRT;
8046534436;Q01F;12474;QUALIQUANTO-ESTUDOS DE MERCADO E PLANEAMENTO ESTRATEGICO MARKETING,LDA;CQ_BSP_Q01F;Contrato Quadro;07-01-2009;Derivados;PRT;
7400141173;E1I6;12557;EDUCARGAS - TRANSITARIO LDA;CQ_BSP_E1I6;Contrato Quadro;21-01-2009;Derivados;PRT;
8046254478;O8VE;12579;NUNO BRAAMCAMP - DESPACHANTE OFICIAL NA ALFANDEGA, SOCIEDADE UNIPESSOA;CQ_BSP_O8VE;Contrato Quadro;05-03-2009;Derivados;PRT;
8017872973;V0KY;12382;VIDAVERDE SOCIEDADE DE PRESTACAO DE SERVICOS HORTOFRUTICOLAS DO ALGARV;V0KY;Contrato Quadro;04-03-2009;Derivados;PRT;
7400577219;RWRG;12669;RALLYDRIVE LDA;CQ_BSP_RWRG;Contrato Quadro;29-01-2009;Derivados;PRT;
8042364207;SN3T;04688;ORIGINAL PORTUS, LDA;SN3T;Contrato Quadro;06-03-2009;Derivados;PRT;
7400502887;DFED;13599;CARLOS MANUEL FERREIRA DE SOUSA;DFED;Contrato Quadro;01-04-2009;Derivados;PRT;
5100693948;VNF7;13606;VASCO MONTENEGRO PINTO DE MIRANDA;VNF7;Contrato Quadro;25-09-2013;Derivados;PRT;
7400212556;DT8W;13704;DAVID SOUSA DIAS, UNIPESSOAL, LDA;CQ_BSP_DT8W;Contrato Quadro;19-05-2009;Derivados;PRT;
7400264903;LO9D;13784;LOJAS MARIANA COMERCIO VESTUARIO LDA;CQ_BSP_LO9D;Contrato Quadro;13-10-2009;Derivados;PRT;
8046548922;OCXG;13852;MERCADINHO DA AJUDA - PRODUTOS ALIMENTARES LDA;CQ_BSP_OCXG;Contrato Quadro;21-04-2009;Derivados;PRT;
8029860363;PQD3;13850;PIQUE - POQUE, PIPOCAS E ALIMENTOS DIVERTIDOS LDA;PQD3;Contrato Quadro;24-04-2009;Derivados;PRT;
5100104083;B8XZ;07838;ANTONIO TOMAS;B8XZ;Contrato Quadro;08-07-2008;Derivados;PRT;
8001129017;GFUT;13706;GRACAL-GRAFICA CALDENSE,LDA;GFUT;Contrato Quadro;04-05-2009;Derivados;PRT;
8022777881;D861;11089;CARMONA - SOCIEDADE DE LIMPEZA E TRATAMENTO DE COMBUSTIVEIS S.A.;CQ_BSP_D861;Contrato Quadro;30-10-2014;Derivados;PRT;
7400524705;LQBS;17570;LUSOFER II - SOCIEDADE DE COMERCIALIZACAO DE FERRAMENTAS LDA;LQBS;Contrato Quadro;08-07-2015;Derivados;PRT;
8044814370;H0QX;18466;HIGIMARTO, INDUSTRIA E COMERCIO DE PRODUTOS DE HIGIENE E LIMPEZA LDA;H0QX;Contrato Quadro;21-06-2010;Derivados;PRT;
2101361768;FFYC;11347;FERPE - ESTABELEC ENS PARTIC, LDA;CQ_BSP_FFYC;Contrato Quadro;29-10-2008;Derivados;PRT;
9002525270;KLBQ;11407;JOSE PEREIRA & VIEIRA COSTA - COMERCIO DE LOUCAS, LDA;CQ_BSP_KLBQ;Contrato Quadro;24-11-2008;Derivados;PRT;
8038871076;A46W;11644;ALUVIEIRA - ALUMINIOS VIEIRA, LDA.;CQ_BSP_A46W;Contrato Quadro;12-11-2008;Derivados;PRT;
9002290797;GM3S;11667;GAIURB - URBANISMO E HABITACAO, E.M.;CQ_BSP_GM3S;Contrato Quadro;12-01-2009;Derivados;PRT;
8046550126;SQIG;11849;SOFIA NOGUEIRA E SOUSA UNIPESSOAL LDA;CQ_BSP_SQIG;Contrato Quadro;24-11-2008;Derivados;PRT;
8046575078;KM4B;12101;JCE - INDUSTRIAL SOLUTIONS, LDA;CQ_BSP_KM4B;Contrato Quadro;15-12-2008;Derivados;PRT;
8046542244;DT84;12200;DISTRILIMA- SUPERMERCADOS, LDA;CQ_BSP_DT84;Contrato Quadro;05-01-2009;Derivados;PRT;
8039845322;BJF4;12341;ANALISES CLINICAS DO BOM JESUS LDA;CQ_BSP_BJF4;Contrato Quadro;12-01-2009;Derivados;PRT;
8045671966;DILR;12415;DUARTEDOMUS IMOBILIARIA LDA;CQ_BSP_DILR;Contrato Quadro;30-12-2008;Derivados;PRT;
8001805394;SQQT;12565;SOCIEDADE DOS ENGENHOS DA CALHETA LIMITADA;CQ_BSP_SQQT;Contrato Quadro;15-01-2009;Derivados;PRT;
8046395439;FG68;12540;FERNANDO B. S. MARQUES - DESPACHANTE OFICIAL, UNIPESSOAL, LDA;FG68;Contrato Quadro;25-02-2009;Derivados;PRT;
7400034813;VB39;12343;VAMOS A OBRA - LDA;VB39;Contrato Quadro;27-01-2009;Derivados;PRT;
7400076717;D979;12606;CHEMPRO - COMERCIO, IMPORTACAO E EXPORTACAO DE PRODUTOS QUIMICOS, UNIP;CQ_BSP_D979;Contrato Quadro;09-10-2013;Derivados;PRT;
8000812501;D9AA;12620;CONCESSUS-SOCIEDADE DE APETRECHAMENTO TECNICO E CIENTIFICO S.A.;D9AA;Contrato Quadro;24-05-2010;Derivados;PRT;
8044762782;K8II;05912;KTS KEY TECHNOLOGIES AND SUPPORT IMPORTACAO E EXPORTACAO DE COMPONENTE;K8II;Contrato Quadro;06-04-2009;Derivados;PRT;
5100287640;KN6E;12841;KUBIK ARQUITECTURA E CONSTRUCAO LDA;CQ_BSP_KN6E;Contrato Quadro;06-02-2009;Derivados;PRT;
8008741131;J0BI;13486;JANUARIO & AURELIO,LDA;J0BI;Contrato Quadro;27-02-2009;Derivados;PRT;
8008389940;C42V;13504;CAVEX-TRADE & SOURCING LDA;C42V;Contrato Quadro;23-03-2009;Derivados;PRT;
7400495634;KNPQ;13534;JIN YANG IMPORTACAO E EXPORTACAO LDA;KNPQ;Contrato Quadro;23-02-2009;Derivados;PRT;
7400000945;IQ17;13806;IMPRENSA PORTUGUESA DE DOMINGOS DIAS DA SILVA, SUCESSORES, LDA;IQ17;Contrato Quadro;06-08-2009;Derivados;PRT;
8041838684;Z01D;11253;ZELMO - MOVEIS E ELECTRODOMESTICOS LDA;CQ_BSP_Z01D;Contrato Quadro;30-10-2008;Derivados;PRT;
;CEC3;01513;CRIALME-FABRICACAO EXP.IMP.CONFECCOES LDA;CQ_BSP_CEC3;Contrato Quadro;19-11-2008;Derivados;PRT;
8030496239;BI62;11402;A PRAXE-CARTOLAS E BENGALAS,LDA;CQ_BSP_BI62;Contrato Quadro;05-11-2008;Derivados;PRT;
8046504611;RW0W;11390;ROSALINA PAULA FERREIRA TEIXEIRA DA SILVA;RW0W;Contrato Quadro;30-10-2008;Derivados;PRT;
7400459949;KLU3;11700;JORGE MARTINS UNIPESSOAL LDA;CQ_BSP_KLU3;Contrato Quadro;17-12-2008;Derivados;PRT;
3651002779;E1HC;11712;ENGRACIAS - MEDIACAO DE SEGUROS, LDA;CQ_BSP_E1HC;Contrato Quadro;17-12-2008;Derivados;PRT;
7400193976;KLY8;11876;EXCELLENCE EN BOIS UNIPESSOAL LDA;CQ_BSP_KLY8;Contrato Quadro;03-06-2009;Derivados;PRT;
9001340111;VB2W;11853;VOACACA ACTIVIDADES CINEGETICAS LDA;CQ_BSP_VB2W;Contrato Quadro;26-12-2008;Derivados;PRT;
7400550582;A480;11974;APOLINARIAS - SOCIEDADE AGRICOLA LDA;CQ_BSP_A480;Contrato Quadro;30-12-2008;Derivados;PRT;
9002377695;D8VS;12106;CASA DOS RECLAMOS, IMPRIMIMOS CONFIANCA,LDA;CQ_BSP_D8VS;Contrato Quadro;16-12-2008;Derivados;PRT;
8038310108;F7XF;12176;FERREIRINHA & FILHOS INDUSTRIA ALUMINIOS, LDA;CQ_BSP_F7XF;Contrato Quadro;19-12-2008;Derivados;PRT;
8013898580;KMBN;12265;JOAQUIM PINTO MOREIRA;KMBN;Contrato Quadro;26-12-2008;Derivados;PRT;
8044503741;SQNO;12180;SIMBOLO II - INFORMATICA GESTAO LDA;SQNO;Contrato Quadro;06-03-2009;Derivados;PRT;
7400413511;F7Y8;12361;FERNANDES E CARMO LDA;CQ_BSP_F7Y8;Contrato Quadro;15-01-2009;Derivados;PRT;
7400537447;FG5P;12423;FERNANDO ALVES DOS SANTOS - INDUSTRIA DE REVESTIMENTOS TEXTEIS LDA;FG5P;Contrato Quadro;03-02-2009;Derivados;PRT;
9001910950;BJKG;12501;A PREDIAL MONDEGO CONSTRUCOES LDA;CQ_BSP_BJKG;Contrato Quadro;02-01-2009;Derivados;PRT;
8046458857;BTLJ;12386;BRIBEJA - SOCIEDADE DE DISTRIBUICAO DE BRICOLAGE LDA;CQ_BSP_BTLJ;Contrato Quadro;12-02-2009;Derivados;PRT;
7400034481;Z01F;12413;Z.S. - INDUSTRIA DE MOBILIARIO LDA;CQ_BSP_Z01F;Contrato Quadro;16-01-2009;Derivados;PRT;
8045745123;E1J9;13512;HOTEL MINHO - JPCRUZ, LDA;E1J9;Contrato Quadro;09-03-2009;Derivados;PRT;
9000672565;SUFF;13519;SOMACOTA-SOCIEDADE DE MATERIAIS DE CONSTRUCAO CIVIL,EDIFICACOES E TRAN;SUFF;Contrato Quadro;02-03-2009;Derivados;PRT;
7400531258;2G00;13708;2 GERACOES - SOCIEDADE DE CONSTRUCOES LDA;2G00;Contrato Quadro;06-04-2009;Derivados;PRT;
7400297143;HL1F;14159;H2AUTO-GESTAO LDA;HL1F;Contrato Quadro;16-07-2009;Derivados;PRT;
7400185758;PQD7;13863;PROGARVE II LDA;PQD7;Contrato Quadro;21-04-2009;Derivados;PRT;
7400502037;PQEK;13915;PROJECTACON ENGENHARIA LDA;CQ_BSP_PQEK;Contrato Quadro;13-05-2010;Derivados;PRT;
9000693295;GI1Q;11229;GRAFI-SOCIEDADE IMOBILIARIA,LDA;CQ_BSP_GI1Q;Contrato Quadro;06-11-2008;Derivados;PRT;
8046346210;P1D7;11343;PAVIRANHA - PAVIMENTOS INDUSTRIAIS, LDA;CQ_BSP_P1D7;Contrato Quadro;29-10-2008;Derivados;PRT;
7400042845;V0KB;10902;VIDROTEMPRA - COMERCIO E TRANSFORMACAO DE VIDROS, UNIPESSOAL LDA;CQ_BSP_V0KB;Contrato Quadro;12-12-2008;Derivados;PRT;
3941007111;BTL1;03818;BERVER TRADING LDA;CQ_BSP_BTL1;Contrato Quadro;10-12-2008;Derivados;PRT;
8046257020;FG2W;11798;FRIBEST COMERCIO EQUIPAMENTOS HOTELEIROS LDA;CQ_BSP_FG2W;Contrato Quadro;27-11-2008;Derivados;PRT;
7400446189;BJ0U;11880;BM APOIO LOGISTICA DE MARKETING E IMPRESSAO DOCUMENTAL UNIPESSOAL LDA;CQ_BSP_BJ0U;Contrato Quadro;19-06-2009;Derivados;PRT;
8046268052;S2UE;11886;SADINTEGRA - SISTEMAS DE SEGURANCA, LDA;CQ_BSP_S2UE;Contrato Quadro;11-11-2009;Derivados;PRT;
8005494085;IL3A;18625;IBERENT - SOCIEDADE DE INVESTIMENTO DE AUTOMOVEIS DE ALUGUER SEM CONDU;CQ_BSP_IL3A;Contrato Quadro;18-06-2010;Derivados;PRT;
1700172920;SQIR;11862;SONIA PATRICIA DE MACEDO MONTEIRO DINIZ;SQIR;Contrato Quadro;03-12-2008;Derivados;PRT;
7400186779;FTJ9;11908;VERYWIN SOLUTIONS LDA;FTJ9;Contrato Quadro;22-12-2008;Derivados;PRT;
7400314724;IFZG;12217;INDALPE - EXTRUCAO DE PERFIS PLASTICOS, LDA;CQ_BSP_IFZG;Contrato Quadro;31-12-2008;Derivados;PRT;
7400447962;KM1V;12035;JOSE MARIA BENITEZ MORENO;KM1V;Contrato Quadro;02-01-2009;Derivados;PRT;
7400395781;BJEN;12320;ARAS KIO TRADING & CONSULTING SA;CQ_BSP_BJEN;Contrato Quadro;31-12-2008;Derivados;PRT;
8043994387;M28Y;12352;MOTORBUS - REPARACOES E PECAS AUTO LDA;CQ_BSP_M28Y;Contrato Quadro;09-01-2009;Derivados;PRT;
;B01H;01348;BRICODIS-DISTRIBUICAO DE BRICOLAGE,SA;B01H;Contrato Quadro;16-02-2009;Derivados;PRT;
9002494042;E2CT;18631;EQUICALCULUM - COMERCIO DE MATERIAL DE ESCRITORIO LDA;CQ_BSP_E2CT;Contrato Quadro;11-06-2010;Derivados;PRT;
7400477686;SUDD;12632;RS63 - GESTAO IMOBILIARIA, LDA;CQ_BSP_SUDD;Contrato Quadro;26-01-2009;Derivados;PRT;
8030532785;VEO4;12769;VIDRO-MAQUINAS-ALUMINIOS,VIDROS E MAQUINAS,LDA;CQ_BSP_VEO4;Contrato Quadro;15-06-2010;Derivados;PRT;
7400042067;GFO3;13571;GELLSERV CONSULTADORIA E SERVICOS SA;GFO3;Contrato Quadro;21-02-2014;Derivados;PRT;
7400583108;BLKU;13570;BRANDSELLING - REPOSICAO DISTRIBUICAO E LOGISTICA ALIMENTAR LDA;CQ_BSP_BLKU;Contrato Quadro;02-03-2009;Derivados;PRT;
7400093853;FJUL;13621;FERNANDO JARDIM- UNIPESSOAL LDA;CQ_BSP_FJUL;Contrato Quadro;17-04-2009;Derivados;PRT;
8038410425;BTNJ;13595;BECA-ACTIVIDADES TURISTICAS,LDA;BTNJ;Contrato Quadro;04-05-2009;Derivados;PRT;
8030480402;U04T;13687;UNIDISTRIBUICAO - PARTICIPACOES E INVESTIMENTOS LDA;U04T;Contrato Quadro;12-06-2009;Derivados;PRT;
9002381345;PQA2;13764;PADARIA E CONFEITARIA MAXIMINENSE LDA;PQA2;Contrato Quadro;28-04-2009;Derivados;PRT;
26375;KOHJ;13732;JOSE BARROS GONCALVES;KOHJ;Contrato Quadro;08-04-2009;Derivados;PRT;
8010506604;A4GJ;13825;ANCOSI - INDUSTRIAS METALURGICAS LDA;A4GJ;Contrato Quadro;12-05-2009;Derivados;PRT;
8045046014;BHX9;11222;A RODA DO TACHO-ACTIVIDADES HOTELEIRAS,LDA;CQ_BSP_BHX9;Contrato Quadro;23-10-2008;Derivados;PRT;
8044194639;R0LU;11651;RUBIPEDRA-SOCIEDADE DE CONSTRUCOES LDA;CQ_BSP_R0LU;Contrato Quadro;26-11-2008;Derivados;PRT;
8039068135;O81B;11749;NOVA VARIANTE-COMERCIALIZACAO LIVROS,LDA;CQ_BSP_O81B;Contrato Quadro;19-11-2008;Derivados;PRT;
7400001458;BIZH;11857;ABILIO MIRANDA - SERRAL. CIVIL E MECANICA, S.A.;CQ_BSP_BIZH;Contrato Quadro;28-11-2008;Derivados;PRT;
8027059511;DRPL;00820;DIMPOMAR-ROCHAS PORTUGUESASLDA;DRPL;Contrato Quadro;12-01-2009;Derivados;PRT;
7400002109;EK9B;12173;EMPCO - EMPREENDIMENTOS COMERCIAIS E URBANISTICOS, LIMITADA;EK9B;Contrato Quadro;16-01-2009;Derivados;PRT;
2100079274;BJDJ;12209;AMAPLAST AMAZONIA IND PLST MADEIRA, LDA;BJDJ;Contrato Quadro;12-01-2009;Derivados;PRT;
8045264972;HEJ5;12428;HABIONDA EMO IMOB E TUR LDA;CQ_BSP_HEJ5;Contrato Quadro;02-01-2009;Derivados;PRT;
9000895634;TMZ8;12431;TV MARTINS-COMERCIO E REPARACAO DE EQUIPAMENTOS DE TELEVISAO ELECTRONI;TMZ8;Contrato Quadro;28-05-2009;Derivados;PRT;
8025497109;FTJT;12610;FIGUEIRA SILVA FREITAS,LDA;CQ_BSP_FTJT;Contrato Quadro;19-01-2009;Derivados;PRT;
7400209360;D94L;12457;DIVERSIDADE - ACTIVIDADES HOTELEIRAS, SA;CQ_BSP_D94L;Contrato Quadro;26-01-2009;Derivados;PRT;
3381010011;M28W;12243;MARGARIDO & FILHOS - SOCIEDADE DE ESTUDOS E MONTAGENS ELECTRICAS LDA;CQ_BSP_M28W;Contrato Quadro;16-01-2009;Derivados;PRT;
1700216149;DR3Q;13506;FERNANDO ANTONIO PORFIRIO RODRIGUES;DR3Q;Contrato Quadro;02-03-2009;Derivados;PRT;
5100272360;P1DB;11449;PLANIGÁS - PROJECTO INSTALAÇÃO E COMERCIALIZAÇÃO LDA;CQ_BSP_P1DB;Contrato Quadro;03-11-2008;Derivados;PRT;
8008697335;F7WG;11969;FRIOBELO-SOC.DIST.PROD.CONGELADOS,LDA;CQ_BSP_F7WG;Contrato Quadro;03-12-2008;Derivados;PRT;
9002636168;S2UW;12069;SANTANA & FILHOS LDA;S2UW;Contrato Quadro;12-12-2008;Derivados;PRT;
9000873593;KM3J;12071;JOAO MOREIRA & FILHOS,LDA;CQ_BSP_KM3J;Contrato Quadro;12-12-2008;Derivados;PRT;
7400448955;PO76;12129;PAULO GANDRA LDA;CQ_BSP_PO76;Contrato Quadro;14-07-2009;Derivados;PRT;
1700166458;BJDK;12213;BRASILITE IND TRANSF RES PLASTICAS, LDA;BJDK;Contrato Quadro;12-01-2009;Derivados;PRT;
9002412369;O8NL;12374;NOEMIA ASSUNCAO LIMA REIS;O8NL;Contrato Quadro;05-01-2009;Derivados;PRT;
8046581654;HS4C;12600;HABINUBERO-CONSTRUCOES, SOCIEDADE UNIPESSOAL LDA;CQ_BSP_HS4C;Contrato Quadro;22-10-2009;Derivados;PRT;
8046023666;LKUI;14141;LENA AGREGADOS COMERCIO AGREGADOS CASTELO BRANCO SA;LKUI;Contrato Quadro;16-07-2009;Derivados;PRT;
7400464062;BZGF;18574;BRACICLA, UNIPESSOAL LDA;CQ_BSP_BZGF;Contrato Quadro;21-06-2010;Derivados;PRT;
7400001396;BKTA;13477;ANDRE RODRIGUES DE ABREU GOMES;BKTA;Contrato Quadro;01-04-2009;Derivados;PRT;
8044738652;HLEF;13514;JULIA P.CRUZ - RESTAURACAO & EVENTOS, LDA;HLEF;Contrato Quadro;09-03-2009;Derivados;PRT;
8001513644;BLWF;13585;AURELIO FONSECA FERREIRA;BLWF;Contrato Quadro;01-04-2009;Derivados;PRT;
2100773129;FH5Q;13587;FUNCHAL CHANGE - CONSULTADORIA FINANCEIRA E DE GESTAO LIMITADA;CQ_BSP_FH5Q;Contrato Quadro;06-03-2009;Derivados;PRT;
9001987031;KO0G;13593;JOSE MARIA ALMEIDA SANTOS;KO0G;Contrato Quadro;13-03-2009;Derivados;PRT;
8021819751;VQG2;11433;VIVEIROS DA QUINTA DA GANDARA LDA;CQ_BSP_VQG2;Contrato Quadro;04-11-2008;Derivados;PRT;
8003357868;KLGJ;11516;JOSE MANUEL TORRES PESTANA DE VASCONCELOS;KLGJ;Contrato Quadro;12-12-2008;Derivados;PRT;
5100344544;TL2A;11893;T C O - IMPORT E EXPORT LDA;CQ_BSP_TL2A;Contrato Quadro;12-12-2008;Derivados;PRT;
8046423570;SUB9;11844;SUPERVINTES SUPERMERCADOS,LDA;SUB9;Contrato Quadro;13-01-2009;Derivados;PRT;
9002155227;O83X;11863;MUNDO DO CORPO-CENTRO DE TERAPIA E EDUCACAO FISICA, SA;O83X;Contrato Quadro;19-01-2009;Derivados;PRT;
9001563511;KM3I;12061;J.A.MACHADO RODRIGUES, LDA;CQ_BSP_KM3I;Contrato Quadro;31-12-2008;Derivados;PRT;
2651003527;O8CM;12113;FABRICA DE PAPEL PONTE REDONDA S.A.;O8CM;Contrato Quadro;15-12-2008;Derivados;PRT;
8046394081;BJ5C;12085;BRASPLANTA - VIVEIROS DE PLANTAS, LDA;BJ5C;Contrato Quadro;19-12-2008;Derivados;PRT;
220295;CINC;09772;COLQUIMICA-INDUSTRIA NACIONAL COLAS S.A.;CINC;Contrato Quadro;30-10-2014;Derivados;PRT;
7400538235;D90P;12206;DISBRICOCALDAS - SOC DISTRIBUICAO DE BRICOLAGE LDA;CQ_BSP_D90P;Contrato Quadro;06-01-2009;Derivados;PRT;
8046346559;O8KX;12280;MADEIRAVIAGENS-AGENCIA DE VIAGENS E TURISMO LDA;O8KX;Contrato Quadro;15-01-2009;Derivados;PRT;
7400342318;P1EG;12419;PARCAR - COMERCIO DE AUTOMOVEIS LDA;CQ_BSP_P1EG;Contrato Quadro;29-12-2008;Derivados;PRT;
7400555293;FL1O;12166;FARMACOPOLOS, LDA;CQ_BSP_FL1O;Contrato Quadro;30-01-2009;Derivados;PRT;
3921000985;P1EC;12346;PAPELARIA UNIVERSAL, LDA.;CQ_BSP_P1EC;Contrato Quadro;13-03-2009;Derivados;PRT;
9001797967;DS7Z;12683;DISTRIMACEDO-SUPERMERCADOS, SA;CQ_BSP_DS7Z;Contrato Quadro;02-03-2009;Derivados;PRT;
3048;O975;12684;NAPOLEAO FERREIRA AMORIM;O975;Contrato Quadro;24-03-2009;Derivados;PRT;
164130;BNE1;13726;ANTONIO JOAQUIM MARQUES DE AMORIM;BNE1;Contrato Quadro;05-05-2009;Derivados;PRT;
8009764708;L0F7;13822;LANDINTEX FELPOS LIMITADA;L0F7;Contrato Quadro;21-07-2017;Derivados;PRT;
9002602249;FHAX;13877;FLORA ALVES UNIPESSOAL LDA;CQ_BSP_FHAX;Contrato Quadro;24-11-2009;Derivados;PRT;
8046057998;RXLE;13878;RURAL DOURO - SOCIEDADE AGRICOLA COMERCIAL,LDA;CQ_BSP_RXLE;Contrato Quadro;14-12-2009;Derivados;PRT;
3841000892;PNYH;11313;PITA NEGRAO - OFTALMOLOGIA MEDICA - CIRURGICA LDA;CQ_BSP_PNYH;Contrato Quadro;07-11-2008;Derivados;PRT;
7400458534;D8C2;11454;CARNES CIPRESTE LDA;CQ_BSP_D8C2;Contrato Quadro;14-11-2008;Derivados;PRT;
8007274611;PO0U;11513;PARDEBRINCOS- COMERCIO DE ACESSORIOS DE MODA FEMININA LDA;CQ_BSP_PO0U;Contrato Quadro;26-01-2009;Derivados;PRT;
1700119504;O7M8;11529;NOKLAB - REPARACAO DE EQUIPAMENTOS CELULARES LDA;CQ_BSP_O7M8;Contrato Quadro;28-11-2008;Derivados;PRT;
7400130556;BIQG;11713;A GRANDE UNIPESSOAL LDA;CQ_BSP_BIQG;Contrato Quadro;21-11-2008;Derivados;PRT;
1700080425;E1HE;11766;EUROFILTROS - AUTO ACESSORIOS LDA;CQ_BSP_E1HE;Contrato Quadro;16-01-2009;Derivados;PRT;
7400157699;FG30;11845;FARMACIA DO LARGO DE AZEVEDO, UNIPESSOAL LDA;CQ_BSP_FG30;Contrato Quadro;25-11-2008;Derivados;PRT;
8045864434;GLNB;11866;GLOBE LOGISTICS-EMP.COURRIER LOGISTICA E TRANSPORTES,LDA;CQ_BSP_GLNB;Contrato Quadro;15-12-2008;Derivados;PRT;
8046283785;C3XU;12042;CLIMASERRA-COMERCIO AR CONDICIONADO EQUIPAMENTOS HOTELEIROS UNIP LDA;CQ_BSP_C3XU;Contrato Quadro;17-12-2008;Derivados;PRT;
8040428413;GG2W;12058;GARAGEM GONCALVES,LDA.;CQ_BSP_GG2W;Contrato Quadro;12-01-2009;Derivados;PRT;
7400236893;G68V;12126;GRACIGOSTO - COMERCIO DE CARNES LDA;CQ_BSP_G68V;Contrato Quadro;22-12-2008;Derivados;PRT;
9002493438;KLYA;11887;JACINTO MARQUES MORGADO;KLYA;Contrato Quadro;30-01-2009;Derivados;PRT;
9000696403;KM1U;12030;JORMA INDUSTRIA DE CALDEIRAS LDA;KM1U;Contrato Quadro;27-02-2009;Derivados;PRT;
8029890124;O99R;12753;NACIONALESTORE-IND COMERCIALIZACAO ESTORES LDA;CQ_BSP_O99R;Contrato Quadro;10-02-2009;Derivados;PRT;
8038236589;VSXC;13537;VITOR SOUSA PEREIRA;VSXC;Contrato Quadro;07-04-2009;Derivados;PRT;
8007772661;MAAA;00807;MADEICENTRO-EST.SERRACAO MAD.EXOTICAS LDA;MAAA;Contrato Quadro;29-10-2014;Derivados;PRT;
7400204850;R0M5;12256;RODOME - CONSULTORES COMERCIAIS LDA;R0M5;Contrato Quadro;23-09-2013;Derivados;PRT;
7400599631;EV78;18622;EDITE CORTICAS LDA;CQ_BSP_EV78;Contrato Quadro;24-06-2010;Derivados;PRT;
7400082605;A59W;18626;ALEMPAO - INDUSTRIA E COMERCIO DE PANIFICACAO, LDA;CQ_BSP_A59W;Contrato Quadro;18-08-2010;Derivados;PRT;
8030796879;KOF6;13695;JOSEFA DOBIDOS - EMPREENDIMENTOS TURISTICOS LDA;KOF6;Contrato Quadro;06-05-2009;Derivados;PRT;
2100194983;D85Z;11087;CARMONA-GESTAO GLOBAL DE RESIDUOS PERIGOSOS, S.A.;CQ_BSP_D85Z;Contrato Quadro;30-10-2014;Derivados;PRT;
6221014565;BI2C;11294;PINDOLAR LDA;CQ_BSP_BI2C;Contrato Quadro;28-10-2008;Derivados;PRT;
3761000915;EK3W;11345;EUROTEJO-COMERCIO E INDUSTRIA DE PEIXE LDA;CQ_BSP_EK3W;Contrato Quadro;10-11-2008;Derivados;PRT;
7400749528;II51;18597;IBRAHIM & HASSAM LDA;II51;Contrato Quadro;24-06-2010;Derivados;PRT;
7400419428;OCU6;11463;OUTIOR CONSULTING S.A.;CQ_BSP_OCU6;Contrato Quadro;31-10-2008;Derivados;PRT;
7400351876;O7NT;11616;MIGAMANEIRA UNIPESSOAL LDA;CQ_BSP_O7NT;Contrato Quadro;17-11-2008;Derivados;PRT;
9002263526;EOFE;14603;EMILIA MARIA MANSO PRETO - UNIPESSOAL, LDA;EOFE;Contrato Quadro;08-06-2009;Derivados;PRT;
7400433537;D8S6;11987;DIABRONZE TRANSPORTES CONSTRUCAO CIVIL E EMPREENDIMENTOS IMOBILIARIOS;CQ_BSP_D8S6;Contrato Quadro;23-12-2008;Derivados;PRT;
8026994988;ONCU;11937;OS NOVOS CONSTRUTORES-CIDALIO SOARES RAMOS,LDA;ONCU;Contrato Quadro;12-12-2008;Derivados;PRT;
8008943474;BJ5B;12081;ALVES BANDEIRA E CA S A;BJ5B;Contrato Quadro;13-11-2014;Derivados;PRT;
7400192048;S2W5;12389;SILVESTRE TAVARES UNIPESSOAL LDA;CQ_BSP_S2W5;Contrato Quadro;31-12-2008;Derivados;PRT;
8043417189;S2WD;12485;SERRAO & GOUVEIA LDA;CQ_BSP_S2WD;Contrato Quadro;26-01-2009;Derivados;PRT;
7400225640;TEJA;12559;TRANSPORTES ESTRELA INFANTE LDA;TEJA;Contrato Quadro;19-02-2009;Derivados;PRT;
5100342273;P1QP;18758;PAPELARIA JULCARGRAFICA LDA;CQ_BSP_P1QP;Contrato Quadro;08-07-2010;Derivados;PRT;
7400160803;TF2W;12704;TALHOS FERREIRA & CARVALHO LDA;CQ_BSP_TF2W;Contrato Quadro;23-02-2009;Derivados;PRT;
7400003308;O9H1;13193;NUNO ALVES SILVA;O9H1;Contrato Quadro;20-04-2009;Derivados;PRT;
1700187811;F83O;13541;FERNANDO E IRMAOS LDA;F83O;Contrato Quadro;27-02-2009;Derivados;PRT;
8005224756;KORB;13848;JOSE ANTONIO ROCHA CUNHA;KORB;Contrato Quadro;29-04-2009;Derivados;PRT;
8046317130;T0HI;13688;TECNILINO - COMERCIO MAQUINAS E FERRAMENTAS SOC. UNIPESSOAL LDA;T0HI;Contrato Quadro;04-05-2009;Derivados;PRT;
9001444710;FNNU;13944;FRUTAS MARTINHO - SOCIEDADE AGRICOLA LDA;FNNU;Contrato Quadro;30-04-2009;Derivados;PRT;
7400365398;F8CK;14130;FERROCAVADO - CORTE E QUINAGEM DE CHAPA LDA.;CQ_BSP_F8CK;Contrato Quadro;11-05-2010;Derivados;PRT;
9000678624;C3UV;11252;RICHARDUS MARINUS ANTONIUS DANEN;C3UV;Contrato Quadro;03-12-2008;Derivados;PRT;
8046430096;C3VE;11410;CONCEICAO PEREZ FRAGOSO;C3VE;Contrato Quadro;14-11-2008;Derivados;PRT;
5100419434;BI9U;11488;ARTUR J T FERREIRA LDA;CQ_BSP_BI9U;Contrato Quadro;25-11-2008;Derivados;PRT;
1700084177;R0LX;11739;RICOFISH-IMPORTACAO EXPORTACAO PRODUTOS ALIMENTARES CONGELADOS, LDA;R0LX;Contrato Quadro;27-11-2008;Derivados;PRT;
8005882723;F1Z4;08110;FARAME SA;F1Z4;Contrato Quadro;16-12-2008;Derivados;PRT;
2100244016;P1E0;12046;IMMOLOSUNG - INVESTIMENTOS IMOBILIARIOS, S.A.;CQ_BSP_P1E0;Contrato Quadro;17-02-2009;Derivados;PRT;
7400509203;Z01I;13692;ZOLAXE - COMERCIO DE CORTICA LDA;CQ_BSP_Z01I;Contrato Quadro;03-04-2009;Derivados;PRT;
5100386621;T0GY;12291;T N A RENTA CARGO LDA;CQ_BSP_T0GY;Contrato Quadro;17-12-2008;Derivados;PRT;
2100866465;O8LN;12293;MOLECULA MADEIRA CONSTRUCAO COMPRA E VENDA DE PROPRIEDADES, LDA;CQ_BSP_O8LN;Contrato Quadro;19-12-2008;Derivados;PRT;
8041447191;QSU0;12331;QUIZUMBA-PROD.EV.ARTISTICOS SOC. UNIPESSOAL,LDA;CQ_BSP_QSU0;Contrato Quadro;13-01-2009;Derivados;PRT;
7400248330;O8YI;12616;MANUEL MENDES CAVACO - CONSTRUCOES, UNIPESSOAL, LDA;CQ_BSP_O8YI;Contrato Quadro;19-01-2009;Derivados;PRT;
9000677892;L5PA;18585;LIMA 5-COMERCIO PRODUTOS ALIMENTARES,LDA;CQ_BSP_L5PA;Contrato Quadro;14-06-2010;Derivados;PRT;
8022543091;KN7Z;13064;JORGE CALACA - CONSTRUCOES LDA;CQ_BSP_KN7Z;Contrato Quadro;10-02-2009;Derivados;PRT;
8002342985;ODJK;13994;MANUEL JOAQUIM ORVALHO,S.A.;ODJK;Contrato Quadro;02-09-2009;Derivados;PRT;
7400066295;M2CB;13813;MMPO - MERCADO MUNICIPAL DE PORTALEGRE S.A. - EM LIQUIDACAO;M2CB;Contrato Quadro;11-05-2009;Derivados;PRT;
8009480196;KOSV;13881;J F S - FUNDICAO DE METAIS, LDA;KOSV;Contrato Quadro;11-05-2009;Derivados;PRT;
;S053;;SOGEPOC-SOCIEDADE GESTORA DE PARTICIPACOES SOCIAIS, S.A.;S053;Contrato Quadro;13-05-2009;Derivados;PRT;
7400599059;E1KX;13983;ERGORAM - SEGURANCA HIGIENE E SAUDE LDA;CQ_BSP_E1KX;Contrato Quadro;28-04-2009;Derivados;PRT;
63817;KOHT;13738;JOAQUIM MANUEL LOPES;KOHT;Contrato Quadro;14-05-2009;Derivados;PRT;
8015234631;BH9B;10480;ANTONIO SILVA LOURENCO;BH9B;Contrato Quadro;19-12-2008;Derivados;PRT;
8046393170;BI2Q;11304;ARTE VITAL-CONSTRUCOES, LDA;CQ_BSP_BI2Q;Contrato Quadro;30-10-2008;Derivados;PRT;
7400242305;BHZY;11285;A DIAS ALGODOES E REPRESENTACOES TEXTEIS LDA;CQ_BSP_BHZY;Contrato Quadro;04-11-2008;Derivados;PRT;
9001516342;DE6P;11498;DUPLODECIMETRO - ATELIER DE ARQUITECTOS, UNIPESSOAL, LDA;CQ_BSP_DE6P;Contrato Quadro;11-11-2008;Derivados;PRT;
8045608340;LK4E;11718;LUISMOR-FABRICA DE MARROQUINARIA LIMITADA;CQ_BSP_LK4E;Contrato Quadro;10-12-2008;Derivados;PRT;
9001837353;OLPK;11746;ORIGENS - LAR PARA IDOSOS, S.A.;CQ_BSP_OLPK;Contrato Quadro;28-11-2008;Derivados;PRT;
7400535152;G68G;11733;GEOPRACETA - COMPRA, VENDA E GESTAO DE IMOVEIS, S.A.;CQ_BSP_G68G;Contrato Quadro;10-12-2008;Derivados;PRT;
7400481357;EOLV;11945;ESSENCE OF LOVE UNIPESSOAL LDA;CQ_BSP_EOLV;Contrato Quadro;14-01-2009;Derivados;PRT;
9002364781;D8SX;12014;DIVERGE - REPRESENTACOES EXPORTACAO E IMPORTACAO LDA;CQ_BSP_D8SX;Contrato Quadro;23-02-2009;Derivados;PRT;
7400265604;SUBZ;12133;SIMPLE RED LDA;CQ_BSP_SUBZ;Contrato Quadro;12-12-2008;Derivados;PRT;
7400473762;HFUL;12309;HERMINIO FIGUEIREDO-CONSTRUCOES UNIP LDA;CQ_BSP_HFUL;Contrato Quadro;29-12-2008;Derivados;PRT;
5100278044;S2V1;12139;SUPERALPIARÇA SUPERMERCADOS LDA;S2V1;Contrato Quadro;05-03-2009;Derivados;PRT;
1700104965;S2W9;12445;SPAGHETTI AL DENTE - ESTABELECIMENTO DE CAFETARIA LDA;S2W9;Contrato Quadro;23-01-2009;Derivados;PRT;
7400510756;KN56;12697;JIMGA INDUSTRIA COMERCIO CALCADO SA;CQ_BSP_KN56;Contrato Quadro;20-02-2009;Derivados;PRT;
2100913117;PP9O;13690;PROINOV CONSULTORIA EM GESTAO FORMACAO E MULTIMEDIA, LDA;CQ_BSP_PP9O;Contrato Quadro;25-03-2009;Derivados;PRT;
7400064537;J0BQ;13734;JOAQUIM & VITOR MARTINS LDA;J0BQ;Contrato Quadro;02-07-2010;Derivados;PRT;
8008206881;L0C6;08895;LOBO & LOBO LDA;L0C6;Contrato Quadro;16-06-2008;Derivados;PRT;
7400070472;DRJ9;14019;DIGIAVEIRO REPRESENTACOES EQUIPAMENTOS ESCRITORIO, LDA;CQ_BSP_DRJ9;Contrato Quadro;27-05-2009;Derivados;PRT;
8028424166;BTON;14004;BASILIO SANTOS FURAO SUCRS,LDA;CQ_BSP_BTON;Contrato Quadro;25-05-2009;Derivados;PRT;
7400424154;O759;11167;EVENTOS DA ALDEIA EMPREENDIMENTOS TURISTICOS S.A.;CQ_BSP_O759;Contrato Quadro;22-10-2008;Derivados;PRT;
7400534924;E1H9;11675;EAT&RELAX LDA;E1H9;Contrato Quadro;20-02-2009;Derivados;PRT;
7400256244;D89C;11303;CASA INDIGO - FUNDACAO FORMACOA CONSCENCIAL CULTURAL CRIANCAS INDIGO;CQ_BSP_D89C;Contrato Quadro;07-11-2008;Derivados;PRT;
7400398055;D8A6;11334;CAFE PASTELARIA NOVA POMPEIA 2 LDA;CQ_BSP_D8A6;Contrato Quadro;17-02-2009;Derivados;PRT;
7400528791;VC2V;11466;VIRGULA CINTILANTE - INVESTIMENTOS IMOBILIARIOS, LDA;CQ_BSP_VC2V;Contrato Quadro;24-11-2008;Derivados;PRT;
8046539585;BXUA;18090;ANTONIO MARQUES, SOCIEDADE AGRICOLA LDA;CQ_BSP_BXUA;Contrato Quadro;26-03-2010;Derivados;PRT;
7400309279;D8EL;11519;CLASSE HOLT - COMERCIO DE AUTOMOVEIS UNIPESSOAL LDA.;CQ_BSP_D8EL;Contrato Quadro;10-12-2008;Derivados;PRT;
7400250466;PM90;11207;PRIO BIO S A;PM90;Contrato Quadro;25-11-2008;Derivados;PRT;
2100578019;SQCJ;11424;SEDIL - SOCIEDADE DE EDIFICACOES, LDA;SQCJ;Contrato Quadro;28-11-2008;Derivados;PRT;
5100273859;EQZA;18094;EMILIA FERREIRA LDA;CQ_BSP_EQZA;Contrato Quadro;26-03-2010;Derivados;PRT;
1700176841;MML4;08187;MARITZ MARKETING, SA;CQ_BSP_MML4;Contrato Quadro;07-07-2009;Derivados;PRT;
2481006759;TFDE;11653;TRANSPORTES FARINHA DA COSTA, LDA;CQ_BSP_TFDE;Contrato Quadro;03-12-2008;Derivados;PRT;
8008137743;UML4;12612;USIMECA-METALOMECANICA LDA;CQ_BSP_UML4;Contrato Quadro;09-02-2009;Derivados;PRT;
9000680800;FG4E;12145;FABRICRIL-FABRICACAO COMERCIALIZACAO ACRILICOS,LDA;CQ_BSP_FG4E;Contrato Quadro;28-01-2009;Derivados;PRT;
8046317228;BJ1Y;11950;PARAISO DAS ARTES- INVESTIMENTOS, LDA.;CQ_BSP_BJ1Y;Contrato Quadro;15-12-2008;Derivados;PRT;
8027586705;TL2C;12240;TECNICA LOCAL MANUTENCAO E MONTAGEM DE EQUIPAMENTOS INDUSTRIAIS LDA;CQ_BSP_TL2C;Contrato Quadro;26-12-2008;Derivados;PRT;
8046434605;A49C;12394;ARTANPECAS-COMERCIO DE ACESSORIOS PARA AUTOMOVEIS,LDA;CQ_BSP_A49C;Contrato Quadro;10-02-2009;Derivados;PRT;
9002654944;POE9;12510;PADARIA E PASTELARIA DE LAMELAS-PAO E BOLOS REGIONAIS LDA;CQ_BSP_POE9;Contrato Quadro;14-01-2009;Derivados;PRT;
9000630599;POEM;12530;PROGARVE SOCIEDADE ALGARVIA DE EMPREENDIMENTOS PRO TURISMO LDA;CQ_BSP_POEM;Contrato Quadro;06-01-2009;Derivados;PRT;
1700114278;KMBV;12276;JOAO CARLOS MOREIRA, UNIPESSOAL, LDA;KMBV;Contrato Quadro;23-04-2009;Derivados;PRT;
8006942119;BKHB;13197;AUGUSTO FIGUEIREDO DA ROCHA;BKHB;Contrato Quadro;24-03-2009;Derivados;PRT;
7400735993;DTXB;18096;CGSV ATELIER DOS OCULOS LDA;CQ_BSP_DTXB;Contrato Quadro;29-03-2010;Derivados;PRT;
8002264501;L0EP;13492;LABURCOL-SOC.EMPREEND.URBANISTICOS,SA;L0EP;Contrato Quadro;23-02-2009;Derivados;PRT;
7400311177;ONOC;18098;MANIM S RECICLAGEM, LDA;CQ_BSP_ONOC;Contrato Quadro;07-04-2010;Derivados;PRT;
8044661953;V0LF;13586;VOUGAPACK EMBALAGENS, LDA;V0LF;Contrato Quadro;01-04-2009;Derivados;PRT;
5100302147;O75A;11183;METALURGICA IBEROSOCIOS LDA;CQ_BSP_O75A;Contrato Quadro;24-10-2008;Derivados;PRT;
9000662971;KKOB;10567;JOSE DA PIEDADE RIBEIRO RODRIGUES;KKOB;Contrato Quadro;22-12-2008;Derivados;PRT;
8046123958;FIJP;11242;FERALTEXTIL IND COM EXP IMP VESTUARIO LDA;CQ_BSP_FIJP;Contrato Quadro;30-10-2008;Derivados;PRT;
8028378326;M27A;11279;M.CORDEIRO & ALVES LDA;CQ_BSP_M27A;Contrato Quadro;28-10-2008;Derivados;PRT;
9001604080;TTIY;11531;TIRM TRANSPORTADORA IBERICA RODOVIARIA MERCADORIAS S.A;CQ_BSP_TTIY;Contrato Quadro;05-12-2008;Derivados;PRT;
7400669676;KTK9;17487;JOL JACINTO UNIPESSOAL LDA;CQ_BSP_KTK9;Contrato Quadro;01-02-2010;Derivados;PRT;
8023737348;F2RE;04672;FERREIRA & LEMOS-TAPECARIAS,LDA;F2RE;Contrato Quadro;27-11-2008;Derivados;PRT;
9002682779;HFT6;11725;HELDER FILIPE SOCIEDADE UNIPESSOAL LDA;CQ_BSP_HFT6;Contrato Quadro;19-11-2008;Derivados;PRT;
8046317134;PO4P;11891;PTJH COMPRA E VENDA DE IMOVEIS LDA;PO4P;Contrato Quadro;03-12-2008;Derivados;PRT;
8000780912;AFQN;03165;A. SILVA & SILVA - IMOBILIARIO E SERVICOS, S.A.;AFQN;Contrato Quadro;27-10-2011;Derivados;PRT;
7401025341;D8RH;11925;COMPRIFLOR - CONSTRUCAO, COMPRA E VENDA DE IMOVEIS LDA;D8RH;Contrato Quadro;07-01-2009;Derivados;PRT;
9001660478;O86E;11978;MIRATIRO-COMERCIO INDUSTRIA ARTIGOS CACA DESPORTO,LDA;O86E;Contrato Quadro;28-11-2008;Derivados;PRT;
7400366201;F7WH;11981;RAQUEL & ANTONIO - SOCIEDADE DE GESTAO IMOBILIARIA, S.A;CQ_BSP_F7WH;Contrato Quadro;17-12-2008;Derivados;PRT;
7400368033;C3XV;12051;COFRAPACOS - COFRAGENS, UNIPESSOAL LDA;CQ_BSP_C3XV;Contrato Quadro;08-01-2009;Derivados;PRT;
2100951073;O8IW;12205;MARATECAPARQUE COMPRA VENDA E ALUGUER DEMAQUINAS UNIPESSOAL, LDA;CQ_BSP_O8IW;Contrato Quadro;23-01-2009;Derivados;PRT;
3731001737;DC99;12264;DAILIDOCE-PRODUTOS ALIMENTARES LDA;CQ_BSP_DC99;Contrato Quadro;05-01-2009;Derivados;PRT;
8002349189;KKHT;10301;JOSE DE OLIVEIRA E SILVA;KKHT;Contrato Quadro;20-02-2009;Derivados;PRT;
7400374628;F7Y6;12358;FELICIANO ALVELOS PEIXOTO LDA;CQ_BSP_F7Y6;Contrato Quadro;04-02-2009;Derivados;PRT;
7400346665;ZRL1;12371;LOBO & DRUMOND LDA;CQ_BSP_ZRL1;Contrato Quadro;05-01-2009;Derivados;PRT;
1700040226;O8U2;12532;MANUEL SANTOS & ROCHAS, LDA;CQ_BSP_O8U2;Contrato Quadro;07-01-2009;Derivados;PRT;
2571007842;E1HU;12337;EVAC - EQUIP. VENTILACAO E AR CONDICIONADO, S.A.;E1HU;Contrato Quadro;14-01-2009;Derivados;PRT;
8044743465;S33C;14510;SALAZAR & SALAZAR - PEUGAS LDA;S33C;Contrato Quadro;29-05-2009;Derivados;PRT;
8046399416;KN4G;12687;JOAO AMADEU MESQUITA BAPTISTA FERRO;KN4G;Contrato Quadro;26-03-2009;Derivados;PRT;
7400249027;SUU0;11072;SACROFIL COMERCIO UTILIDADES UNIPESSOAL LDA;SUU0;Contrato Quadro;29-04-2009;Derivados;PRT;
3351004601;V0LO;13817;VECOTORRES - VEICULOS COMERCIAIS E MAQ. AGRICOLAS, LDA.;CQ_BSP_V0LO;Contrato Quadro;26-06-2009;Derivados;PRT;
8025629932;KOKQ;13790;JOSE SILVESTRE COELHO NEVES;KOKQ;Contrato Quadro;28-05-2009;Derivados;PRT;
8046583339;S2RA;11202;SODALGA - SUPERMERCADOS LDA;CQ_BSP_S2RA;Contrato Quadro;03-11-2008;Derivados;PRT;
8046449498;QDLC;18601;QUALISERV - SERVICOS DE LIMPEZA, CARGAS E DESCARGAS, LDA;CQ_BSP_QDLC;Contrato Quadro;19-07-2010;Derivados;PRT;
8030246741;A470;11672;ANDRADE & AMARO-MALHAS CONFECCOES,LDA;CQ_BSP_A470;Contrato Quadro;20-11-2008;Derivados;PRT;
8039224121;S5OQ;18620;SANTOS & ROQUE-MATERAIS CONSTRUCAO,LDA;CQ_BSP_S5OQ;Contrato Quadro;30-06-2010;Derivados;PRT;
1700011059;BIQL;11715;ANTONIO PAULO GRANJO VAZ;BIQL;Contrato Quadro;23-01-2009;Derivados;PRT;
8002372450;BJ54;12065;ANTONIO MARIA VELOSO & COMPANHIA S.A.;CQ_BSP_BJ54;Contrato Quadro;05-12-2008;Derivados;PRT;
2101144141;O711;11067;NIVEL DE EXIGENCIA - INVESTIMENTOS IMOBILIARIOS, LDA;O711;Contrato Quadro;05-01-2009;Derivados;PRT;
0000246177;GI1U;12268;GRANVALE-IMOBILIARIA INVESTIMENTOS,LDA;CQ_BSP_GI1U;Contrato Quadro;22-12-2008;Derivados;PRT;
7400352456;BJE7;12284;ALPHASHIRT - EQUIPAMENTOS PARA INDUSTRIA GRAFICA, LDA;CQ_BSP_BJE7;Contrato Quadro;11-02-2009;Derivados;PRT;
2132;OOB4;13613;OSCAR OLIMPIO BURMESTER;OOB4;Contrato Quadro;25-03-2009;Derivados;PRT;
9000702647;KMR6;12575;J.ROXO COMERCIO PNEUS,LDA;CQ_BSP_KMR6;Contrato Quadro;06-04-2009;Derivados;PRT;
7400469926;D937;12366;CORALINA-VIAGENS TURISMO SOCIEDADE UNIPESSOAL LDA;CQ_BSP_D937;Contrato Quadro;27-01-2009;Derivados;PRT;
7400512864;A48I;12146;ASTRALPLUG - COMERCIO DE MAQUINAS E FERRAMENTAS LDA;A48I;Contrato Quadro;30-01-2009;Derivados;PRT;
9000804251;FG8L;13190;FERNANDO ALVES SANTOS DIAS;FG8L;Contrato Quadro;20-02-2009;Derivados;PRT;
7400342533;BM68;13622;AJWANI E GUERREIRO LDA;CQ_BSP_BM68;Contrato Quadro;23-03-2009;Derivados;PRT;
7400598162;BN83;13675;AAPB - ARQUITECTURA, LDA;BN83;Contrato Quadro;07-04-2009;Derivados;PRT;
5100482815;DG43;13715;CUSNAG, SERRALHARIA LDA;DG43;Contrato Quadro;07-09-2009;Derivados;PRT;
8010140713;CIN8;01494;CIN-CORPORACAO INDUSTRIAL DO NORTE S.A.;CIN8;Contrato Quadro;29-06-2009;Derivados;PRT;
7400594713;BOQP;14605;AGRODEMO VEICULOS TRANSPORTES, LDA;BOQP;Contrato Quadro;09-11-2009;Derivados;PRT;
2641000765;BONQ;14556;ANTONIO JOSE NEVES PEREIRA;BONQ;Contrato Quadro;28-05-2009;Derivados;PRT;
8031115434;BOH5;14266;ALBANO SOARES DA COSTA;BOH5;Contrato Quadro;01-06-2009;Derivados;PRT;
7400446205;DHY4;14611;DOMINGOS FERNADES SILVA;DHY4;Contrato Quadro;19-06-2009;Derivados;PRT;
7400455722;J0BR;13837;JUMPFIELD - ARMAZEM DE PELES LDA;J0BR;Contrato Quadro;12-05-2015;Derivados;PRT;
2100211522;A4YK;17412;ADELINO & ROMAO, LDA;A4YK;Contrato Quadro;24-02-2010;Derivados;PRT;
2100182381;H0ME;14851;HABIPREDE SOCIEDADE DE CONSTRUCOES, SA;H0ME;Contrato Quadro;07-07-2009;Derivados;PRT;
7400093975;DHFP;14033;CARLOS A F CARVALHO LDA;CQ_BSP_DHFP;Contrato Quadro;15-02-2010;Derivados;PRT;
8010583477;DHWI;14531;CODIMETAL INDUSTRIES,S.A.;DHWI;Contrato Quadro;08-06-2009;Derivados;PRT;
8000202308;OE2A;14193;MANUEL JOSE PEDREIRA CASTRO NORTON;OE2A;Contrato Quadro;24-08-2009;Derivados;PRT;
7400206219;RY1B;14705;REGINALEX-COMERCIO DE TEXTEIS,LDA;CQ_BSP_RY1B;Contrato Quadro;29-05-2009;Derivados;PRT;
8000277140;RXZ1;14562;RUI VASCO DE VASCONCELOS E SA VAZ;RXZ1;Contrato Quadro;01-07-2009;Derivados;PRT;
8001399677;DHPK;14212;CARMO COELHO MOREIRA PEREIRA;DHPK;Contrato Quadro;31-03-2011;Derivados;PRT;
8046499079;IG91;14759;IRMAOS COSTA SILVA-TEXTEIS, LDA;CQ_BSP_IG91;Contrato Quadro;25-05-2010;Derivados;PRT;
1700044634;FBAA;10512;F.A.N.I. BURGER - FABRICA ALIMENTAR NOVA INDUSTRIA DE HAMBURGERS, LDA;FBAA;Contrato Quadro;29-12-2009;Derivados;PRT;
6220013931;MTSU;08323;MUNDOTEXTIL - INDUSTRIAS TEXTEIS SA;MTSU;Contrato Quadro;26-04-2017;Derivados;PRT;
7400352891;LKVE;14228;LEAL DO PACO S.A.;LKVE;Contrato Quadro;22-06-2009;Derivados;PRT;
8039086587;SZRC;18627;SOCIALFUNDAO-S I COM AZEITES ALFUNDAO LDA;CQ_BSP_SZRC;Contrato Quadro;06-12-2010;Derivados;PRT;
8021332217;S32C;14042;SOARES & ORNELAS, LDA;CQ_BSP_S32C;Contrato Quadro;22-05-2009;Derivados;PRT;
8039066515;II39;14069;INTEMPORANEO-ARQUIT.DESIGN INTERIORES,LDA;CQ_BSP_II39;Contrato Quadro;06-05-2009;Derivados;PRT;
7400300729;DHLT;14148;CLINICA VETERINARIA DO VALE LDA;CQ_BSP_DHLT;Contrato Quadro;08-05-2009;Derivados;PRT;
8046370815;GT0C;08208;QUINTA AND VINEYARD BOTTLERS-VINHOS, S.A.;GT0C;Contrato Quadro;29-05-2009;Derivados;PRT;
8046356318;BSRG;14207;BRICODIS DISTRIBUCAO BRICOLAGE SA;BSRG;Contrato Quadro;11-10-2013;Derivados;PRT;
8027548121;C48W;14210;CONCEICAO MARIA MOREIRA MATIAS;C48W;Contrato Quadro;23-10-2009;Derivados;PRT;
2101783193;KPRT;14762;J.P. VENDING - MAQUINAS DE VENDA AUTOMATICA LDA;CQ_BSP_KPRT;Contrato Quadro;02-07-2009;Derivados;PRT;
8000027961;BIY0;11763;A.COSTA CABRAL,S.A.;BIY0;Contrato Quadro;23-06-2009;Derivados;PRT;
8008386937;M2ED;14780;MARIO & VIDAL,LDA;CQ_BSP_M2ED;Contrato Quadro;08-06-2009;Derivados;PRT;
26646;54VI;13783;VIAGENS ABREU S.A.;54VI;Contrato Quadro;21-09-2017;Derivados;PRT;
9001786698;DI1X;14649;CLINICA MEDICO DENTARIA TAVEIRO LDA;CQ_BSP_DI1X;Contrato Quadro;22-06-2009;Derivados;PRT;
7400548934;BO42;14036;BRICOBEJAIMO - SOCIEDADE DE GESTAO IMOBILIARIA LDA;BO42;Contrato Quadro;08-06-2009;Derivados;PRT;
8045442862;DHJG;14094;CONSTRUCOES DIAMANTE LDA;DHJG;Contrato Quadro;01-09-2009;Derivados;PRT;
7400608442;BUCE;14163;BLUE UPSIDE - CONSULTORIA E GESTAO, LDA;BUCE;Contrato Quadro;29-05-2009;Derivados;PRT;
7400230574;F8E1;14606;FAMIPREDI - MEDIACAO IMOBILIARIA, UNIPESSOAL LDA;F8E1;Contrato Quadro;21-05-2009;Derivados;PRT;
7400074329;L0FF;14808;LUSOMEDICAMENTA - SOCIEDADE TECNICA FARMACEUTICA S.A.;L0FF;Contrato Quadro;17-06-2009;Derivados;PRT;
8003020461;KQEC;15086;JOAO FERNANDES BASTOS;KQEC;Contrato Quadro;13-07-2009;Derivados;PRT;
7400391515;DUX0;18491;DE PEDRA & CAL LDA;CQ_BSP_DUX0;Contrato Quadro;19-05-2010;Derivados;PRT;
8015452336;F8CQ;14157;FRANCISCO JOAO SALVADO E SILVA;F8CQ;Contrato Quadro;05-06-2009;Derivados;PRT;
7400002486;C4D2;15017;CELESTINO PEREIRA RODRIGUES;C4D2;Contrato Quadro;24-07-2009;Derivados;PRT;
7400629256;PQXI;14977;PESMA - PARQUE EOLICO DE MARVILA SA;PQXI;Contrato Quadro;03-09-2009;Derivados;PRT;
2071004258;UPVL;14961;UCHIYAMA PORTUGAL - VEDANTES LDA;UPVL;Contrato Quadro;02-03-2005;Derivados;PRT;
7400139837;DHY2;14609;CONSTRUCOES CUNHA & LOPES, LDA;DHY2;Contrato Quadro;04-06-2009;Derivados;PRT;
5100260441;KPU3;14777;JORGE HONORIO DA SILVA E FILHO LDA;KPU3;Contrato Quadro;03-07-2009;Derivados;PRT;
7400409212;E39T;18963;COESSOL COMBUSTIVEIS DO OESTE LDA;CQ_BSP_E39T;Contrato Quadro;30-09-2010;Derivados;PRT;
7400592121;KVMY;18651;J MAQUINAS LDA;CQ_BSP_KVMY;Contrato Quadro;30-07-2010;Derivados;PRT;
9002120637;P1PV;18605;PTS-PETROSON, LDA;P1PV;Contrato Quadro;09-06-2010;Derivados;PRT;
7400619236;EQ8L;14079;EFACEC POWER TRANSFORMERS INC.;EQ8L;Contrato Quadro;30-06-2009;Derivados;PRT;
3941009143;A4JO;14753;ARTICOSTA - ARTES GRÁFICAS LDA;A4JO;Contrato Quadro;05-06-2009;Derivados;PRT;
8030161904;AHO0;;ANTONIO MOTA DE SOUSA HORTA OSORIO;AHO0;Contrato Quadro;24-09-2013;Derivados;PRT;
9002557579;J0C7;14934;JOPISANTOS - CONSTRUCOES UNIPESSOAL LDA;J0C7;Contrato Quadro;11-08-2009;Derivados;PRT;
8010749379;D68K;08825;CENTRAL LOBAO - FERRAMENTAS ELECTRICAS S.A.;D68K;Contrato Quadro;20-06-2018;Derivados;PRT;
8001410107;D0HJ;07359;CELULOSE BEIRA INDUSTRIAL CELBI S.A.;D0HJ;Contrato Quadro;11-11-2014;Derivados;PRT;
2457;B9QA;08582;AVELEDA S A;B9QA;Contrato Quadro;04-01-2017;Derivados;PRT;
8026633736;BOXH;14685;AGENCIA VIAGENS PRESIDENCIAL TOURS A.T.C.GRILO & FO.,LDA;CQ_BSP_BOXH;Contrato Quadro;23-06-2009;Derivados;PRT;
8046484713;OFYV;15026;O CACADOR DE XABREGAS BAR E RESTAURANTE LDA;CQ_BSP_OFYV;Contrato Quadro;02-07-2009;Derivados;PRT;
9000934333;PR9R;;PROVINCIA PORTUGUESA DA SOCIEDADE SALESIANA;PR9R;Contrato Quadro;17-08-2009;Derivados;PRT;
8026304297;PQIL;14058;PUBLIABRI-PUBLICIDADE LDA;CQ_BSP_PQIL;Contrato Quadro;04-05-2009;Derivados;PRT;
3341002186;EM69;14161;ESTEVAO LUIS SALVADOR;EM69;Contrato Quadro;25-03-2010;Derivados;PRT;
1700008927;T0HV;14293;TABIBER - MATERIAIS DE CONSTRUCAO LDA;T0HV;Contrato Quadro;29-05-2009;Derivados;PRT;
9002689315;DHWR;14552;CONSTRUCOES MOTA & BRANDAO LDA;CQ_BSP_DHWR;Contrato Quadro;20-07-2009;Derivados;PRT;
7400612701;DTVX;18076;CORSOMEC LDA;CQ_BSP_DTVX;Contrato Quadro;30-03-2010;Derivados;PRT;
7400499195;KUH9;18079;JFAN METAL UNIPESSOAL LDA;CQ_BSP_KUH9;Contrato Quadro;12-04-2010;Derivados;PRT;
8027958505;T0LH;18429;TEXGOIOS - INDUSTRIA DE CONFECCOES TEXTEIS S.A.;CQ_BSP_T0LH;Contrato Quadro;27-05-2010;Derivados;PRT;
7400470423;OO5I;18277;MARCOARTES SERRALHARIA CIVIL LDA;CQ_BSP_OO5I;Contrato Quadro;21-06-2010;Derivados;PRT;
7400192475;S5FJ;18431;SOCIEDADE CONSTRUCOES CAMPOS & SOUSA LDA;CQ_BSP_S5FJ;Contrato Quadro;11-06-2010;Derivados;PRT;
8046359627;HC3A;18432;H. CRUZ, UNIPESSOAL LDA;CQ_BSP_HC3A;Contrato Quadro;12-05-2010;Derivados;PRT;
8045768962;DVWF;18635;CALDEIRAS - SOCIEDADE DE MATERIAIS DE CONSTRUCAO CIVIL UNIPESSOAL LDA;CQ_BSP_DVWF;Contrato Quadro;29-06-2010;Derivados;PRT;
8001332171;CH2C;08175;CONDURIL ENGENHARIA S A;CH2C;Contrato Quadro;16-07-2009;Derivados;PRT;
2360003631;DJ58;14963;CONSTRUCOES TERRAS DO VOUGA, LDA;DJ58;Contrato Quadro;07-07-2009;Derivados;PRT;
8010726495;DT9R;14889;DSP - DISTRIBUICAO SPORTSWEAR PROMOCIONAL, S.A.;DT9R;Contrato Quadro;06-10-2009;Derivados;PRT;
62942;PR6C;15170;PATEO DO FAUSTINO - RESTAURANTE E MERCEARIAS, LIMITADA;PR6C;Contrato Quadro;30-11-2009;Derivados;PRT;
5100005703;PQVT;14937;PREPARADORA DE PINHOES LDA;PQVT;Contrato Quadro;23-07-2009;Derivados;PRT;
8002586620;ODXA;14123;MARIA GRACA FELIX RODRIGUES BICHO;ODXA;Contrato Quadro;14-08-2009;Derivados;PRT;
118349;KQ9G;15041;JOAO CARLOS FRANCISCO SOUSA;KQ9G;Contrato Quadro;03-09-2009;Derivados;PRT;
8043021191;PQYX;15070;PEUGAS ANDRE LDA;PQYX;Contrato Quadro;24-07-2009;Derivados;PRT;
2101099777;PQOI;14678;PALMAZOES COM PECAS ACESSORIOS AUTO, LDA;CQ_BSP_PQOI;Contrato Quadro;04-06-2009;Derivados;PRT;
7400591877;IIIW;14791;INCLUINORMA INVESTIMENTOS IMOBILIARIOS UNIPESSOAL LDA;IIIW;Contrato Quadro;26-06-2009;Derivados;PRT;
7400190004;DTRP;14065;DELTABUS TRANSPORTE RODOVIARIO PASSAGEIROS UNIPESSOAL LDA;CQ_BSP_DTRP;Contrato Quadro;01-06-2009;Derivados;PRT;
7400518913;DIJN;14842;CASA CULTURA E RECREIO DO CACHAO;CQ_BSP_DIJN;Contrato Quadro;29-06-2009;Derivados;PRT;
8046161601;Z01O;14966;ZANTIA CLIMATIZACAO S A;Z01O;Contrato Quadro;21-07-2009;Derivados;PRT;
8038760813;SFBT;02922;PROGRESSINOV, S.A.;SFBT;Contrato Quadro;06-10-2009;Derivados;PRT;
7400385764;PQJN;14167;PROFTEC LDA;CQ_BSP_PQJN;Contrato Quadro;14-05-2009;Derivados;PRT;
8005988902;DHOV;14205;CRUZ MARTINS E WAHL LIMITADA;DHOV;Contrato Quadro;07-02-2011;Derivados;PRT;
8008596634;M2CX;13995;ANA PAULA DE OLIVEIRA MELO SANTOS UNIPESSOAL LDA;CQ_BSP_M2CX;Contrato Quadro;30-07-2009;Derivados;PRT;
7400121767;F8F9;14786;FRANCISCO ANGELINO - CORTE E COSTURA DE CALCADO UNIPESSOAL LDA;F8F9;Contrato Quadro;09-06-2009;Derivados;PRT;
7400604103;VC38;15071;VITOR CERQUEIRA UNIPESSOAL LDA;VC38;Contrato Quadro;19-11-2009;Derivados;PRT;
1700091268;T0LD;18292;TEA - TRANSPORTES, LDA.;CQ_BSP_T0LD;Contrato Quadro;25-06-2010;Derivados;PRT;
7400605996;A4Z1;17439;AZINOR - INTERCONTINENTAL LDA;A4Z1;Contrato Quadro;21-02-2017;Derivados;PRT;
9002586910;DW1H;18663;COMPTIPECAS COMERCIO PECAS AUTO LDA;CQ_BSP_DW1H;Contrato Quadro;01-07-2010;Derivados;PRT;
7400457641;VLLV;18668;VITOR LEITOES LDA;CQ_BSP_VLLV;Contrato Quadro;25-06-2010;Derivados;PRT;
111058;D01X;04036;DELVESTE - COMERCIO DE VESTUARIO S.A.;D01X;Contrato Quadro;17-12-2010;Derivados;PRT;
7400430226;VELL;15151;VALENTE & LOPES, LDA;VELL;Contrato Quadro;28-07-2009;Derivados;PRT;
241688;CIS3;01065;CURTUMES IBERIA S A;CIS3;Contrato Quadro;29-07-2009;Derivados;PRT;
2821004062;BOFK;14214;AMANDIO SANTOS ROQUE;BOFK;Contrato Quadro;20-07-2009;Derivados;PRT;
8039978267;P1IA;14831;PROTERMIA - PROJECTOS TERMICOS INDUSTRIAIS E DE AMBIENTE, LDA.;P1IA;Contrato Quadro;23-06-2009;Derivados;PRT;
8044540931;I10R;14155;INFORFOCO-DISTRIBUICAO-EQUIP,INFORMATICO,LDA.;I10R;Contrato Quadro;05-06-2009;Derivados;PRT;
7400309324;FIKA;14629;F RAMADA II IMOBILIARIA S A;FIKA;Contrato Quadro;19-08-2015;Derivados;PRT;
8045795930;S32Z;14211;SEBASTIAO JOSE VITAL DE MAGALHAES;S32Z;Contrato Quadro;08-06-2009;Derivados;PRT;
1700148903;U04Y;14819;UNITURBO - REPARACAO DE AUTOMOVEIS, UNIPESSOAL LDA;U04Y;Contrato Quadro;17-06-2009;Derivados;PRT;
8001625677;OPQE;18606;MARIO, PINTO & RAMOS LDA;CQ_BSP_OPQE;Contrato Quadro;02-07-2010;Derivados;PRT;
7400076549;DHFQ;14034;CHILAO COSTA INSTALACOES ELECTRICAS UNIP LDA;CQ_BSP_DHFQ;Contrato Quadro;03-02-2010;Derivados;PRT;
8008234359;SVYN;14899;SOL DO ALGARVE COMERCIO DE MOVEIS E DECORACOES LDA;SVYN;Contrato Quadro;29-06-2009;Derivados;PRT;
8025036635;L0KA;18669;LUCULLUMAR - SOCIEDADE HOTELEIRA E TURISMO S.A.;L0KA;Contrato Quadro;25-06-2010;Derivados;PRT;
8007181049;TFU8;15183;TRIFITROFA-COMERCIO DE FIOS E TECIDOS LDA;TFU8;Contrato Quadro;11-08-2009;Derivados;PRT;
8039036833;SVZQ;14913;S. T. P. COMERCIO E INDUSTRIA DE VESTUARIO S.A.;SVZQ;Contrato Quadro;03-07-2009;Derivados;PRT;
7400212648;SV3Z;14071;SAPATINHOS LA CT PD PRIM INFANCIA LDA;CQ_BSP_SV3Z;Contrato Quadro;22-06-2009;Derivados;PRT;
8046560802;DHN5;14165;CONSTRUCAO MAGALHAES BARBOSAS LDA;CQ_BSP_DHN5;Contrato Quadro;12-05-2009;Derivados;PRT;
8003137029;OGFY;15133;MANUEL PINTO TEIXEIRA;OGFY;Contrato Quadro;17-07-2009;Derivados;PRT;
8040974705;LKTL;14050;LAR - ACTIVIDADES IMOBILIARIAS S.A.;LKTL;Contrato Quadro;27-05-2009;Derivados;PRT;
5100118608;OEGK;14559;MARIA ANGELA GOMES CARVALHO;OEGK;Contrato Quadro;01-06-2009;Derivados;PRT;
7400368064;D80R;10989;DAYLIGHT ILUMINACAO, LDA;D80R;Contrato Quadro;09-06-2009;Derivados;PRT;
8045590141;OPTT;18617;MOVEIS REGUENGA LDA;CQ_BSP_OPTT;Contrato Quadro;16-07-2010;Derivados;PRT;
8039329666;M2E1;14617;MESQUITA & ALMEIDA,LDA;M2E1;Contrato Quadro;14-10-2009;Derivados;PRT;
5100380993;J0E1;18345;J. VILANOVA & CA S.A.;J0E1;Contrato Quadro;17-06-2010;Derivados;PRT;
7400619508;FTV7;15229;FAURE SGPS LDA.;FTV7;Contrato Quadro;30-09-2009;Derivados;PRT;
2571000744;KPE9;14215;JOSE MIGUEL DUARTE VICENTE FERREIRA;KPE9;Contrato Quadro;09-07-2009;Derivados;PRT;
7400425496;BQAB;14931;ALVES RAMOS E MELO GONCALVES LDA;BQAB;Contrato Quadro;03-07-2009;Derivados;PRT;
8001276798;SYHE;18166;SA MACHADO & FILHOS,SA;CQ_BSP_SYHE;Contrato Quadro;04-05-2010;Derivados;PRT;
8040413381;BQXA;15256;ANTONIO ALFREDO UNIPESSOAL,LDA.;CQ_BSP_BQXA;Contrato Quadro;12-08-2009;Derivados;PRT;
7400536203;DHKR;14137;CKW UNIPESSOAL LDA;CQ_BSP_DHKR;Contrato Quadro;28-05-2009;Derivados;PRT;
7400587186;FJKZ;14009;FELISBERTO JOSE BENTO CRAVEIRO;FJKZ;Contrato Quadro;12-05-2009;Derivados;PRT;
7400043088;OEVU;14677;M.A. SILVA 3 - CORTICAS, S. A.;CQ_BSP_OEVU;Contrato Quadro;28-05-2009;Derivados;PRT;
7400569369;OHCE;14690;OUTROS HORIZONTES COMPRA E VENDA DE BENS IMOBILIARIOS LDA;OHCE;Contrato Quadro;03-06-2009;Derivados;PRT;
16457;R029;03894;RAMIREZ E CA FILHOS S A;R029;Contrato Quadro;24-10-2013;Derivados;PRT;
8027951195;T0HZ;14669;TOMSIL SOCIEDADE INDUSTRIAL DE CONCENTRADO DE TOMATE, SA;CQ_BSP_T0HZ;Contrato Quadro;03-06-2009;Derivados;PRT;
7400340623;BZIM;18618;ANTONIO BENTO MARTINS LDA;CQ_BSP_BZIM;Contrato Quadro;25-06-2010;Derivados;PRT;
9002483697;FL1X;15185;FONALARME, UNIPESSOAL LDA;FL1X;Contrato Quadro;31-08-2009;Derivados;PRT;
7400177799;BZI0;18607;ALFREDO ALMEIDA SILVA & FILHOS LDA;BZI0;Contrato Quadro;09-06-2010;Derivados;PRT;
8005576211;OR3T;18768;METALURGICA SERRA-INDUSTRIAS METALOMECANICAS LDA;CQ_BSP_OR3T;Contrato Quadro;19-07-2010;Derivados;PRT;
8001844016;OJI4;17272;MARPE-CONSTRUCOES E INSTALACOES TECNICAS, S.A.;OJI4;Contrato Quadro;26-02-2010;Derivados;PRT;
7400580943;OI4P;17099;ANTONIO PINTO & FILHOS LDA;CQ_BSP_OI4P;Contrato Quadro;06-11-2009;Derivados;PRT;
7400150976;S35R;14968;SOESTILHA - SERRACAO E TRITURACAO DE MADEIRAS, LDA;S35R;Contrato Quadro;24-09-2009;Derivados;PRT;
;IVOH;28740;IRMAOS VILA NOVA S.A.-  USE IVOG;IVOH;Contrato Quadro;27-10-2014;Derivados;PRT;
7401281412;00GCSS;28387;GUM CHEMICAL SOLUTIONS, S.A.;00GCSS;Contrato Quadro;20-06-2017;Derivados;PRT;
7400088154;PQNV;14639;PALFINGER COMERCIO E ALUGUER DE MAQUINAS S A;PQNV;Contrato Quadro;19-02-2014;Derivados;PRT;
8038673886;GETL;03154;RASO - VIAGENS E TURISMO, S.A.;GETL;Contrato Quadro;21-10-2009;Derivados;PRT;
7400496017;S4C6;17967;ROTELMAS INDUSTRIA DE MADEIRA LDA;CQ_BSP_S4C6;Contrato Quadro;23-07-2010;Derivados;PRT;
8046396869;OKCH;17352;NORTRAVEL AGENCIA DE VIAGENS E TURISMO S A;CQ_BSP_OKCH;Contrato Quadro;05-01-2010;Derivados;PRT;
7400350747;KQTL;15931;JORDAN S PROPERTIES MEDIACAO IMOBILIARIA LDA;CQ_BSP_KQTL;Contrato Quadro;24-08-2009;Derivados;PRT;
8046530479;ONJS;18059;M H Q - TRANSPORTES LDA;CQ_BSP_ONJS;Contrato Quadro;12-04-2010;Derivados;PRT;
7400444969;M2JC;17269;MARTINS & MARTINS - ACTIVIDADES FARMACEUTICAS LDA;CQ_BSP_M2JC;Contrato Quadro;27-11-2009;Derivados;PRT;
8046595744;LOQJ;17218;LUIS ANTONIO DO VALE TORRES;LOQJ;Contrato Quadro;04-11-2009;Derivados;PRT;
7400693317;PX9H;18130;PERFECTGOLD-COMERCIO PERFUMES UNIP LDA;CQ_BSP_PX9H;Contrato Quadro;05-05-2010;Derivados;PRT;
9000265868;VT0Z;18163;VITOR SERGIO SANTOS BRANDAO;VT0Z;Contrato Quadro;16-04-2010;Derivados;PRT;
2101163570;BR4S;15600;SOCICORREIA ENGENHARIA S A;CQ_BSP_BR4S;Contrato Quadro;31-03-2010;Derivados;PRT;
7400395673;TD64;18133;TURBILOGICA CLIMATIZACAO LDA;CQ_BSP_TD64;Contrato Quadro;31-03-2010;Derivados;PRT;
7400529579;SXE9;17346;SERMEC II INDUSTRIA COMERCIO E SERVICOS SA;CQ_BSP_SXE9;Contrato Quadro;17-12-2009;Derivados;PRT;
7400206194;PXA4;18151;SANDOKAN, UNIPESSOAL LDA;CQ_BSP_PXA4;Contrato Quadro;23-04-2010;Derivados;PRT;
7400545227;WEEM;18350;WORLDBOWLING ENTRETENIMENTO E LAZER LDA;CQ_BSP_WEEM;Contrato Quadro;13-05-2010;Derivados;PRT;
7400393090;EORT;17094;EMPREENDIMENTOS IMOBILIARIOS - JCAT LDA;CQ_BSP_EORT;Contrato Quadro;02-10-2009;Derivados;PRT;
7400616227;OI4J;17092;MARGEM DISTINTA LDA;CQ_BSP_OI4J;Contrato Quadro;23-10-2009;Derivados;PRT;
8046547110;P1QU;18782;PROFILONG CONST RESTAUROS E ASSESS TECNICA LDA;CQ_BSP_P1QU;Contrato Quadro;22-07-2010;Derivados;PRT;
9002501844;OIHU;17154;MANUEL JACINTO DA MARTINHA & FILHOS LDA;OIHU;Contrato Quadro;15-10-2009;Derivados;PRT;
8006383611;F8M1;16920;FERREIRA & SOUSA LDA;CQ_BSP_F8M1;Contrato Quadro;03-09-2009;Derivados;PRT;
8046004945;BU5E;17067;BIOFRESCOS, COMERCIO DE PRODUTOS ALIMENTARES, UNIPESSOAL, LDA;BU5E;Contrato Quadro;18-09-2015;Derivados;PRT;
2100786619;ZTID;02717;ZT TWO IMAGE - COMERCIO DE CALCADO S.A.;ZTID;Contrato Quadro;13-07-2010;Derivados;PRT;
9000637685;F99J;18649;FELISBELA TAVARES SANTOS PARRINHA LDA;CQ_BSP_F99J;Contrato Quadro;06-12-2010;Derivados;PRT;
8007463882;BUBZ;17108;A. OLIVEIRA & FERNANDO LDA;BUBZ;Contrato Quadro;15-12-2009;Derivados;PRT;
7400656571;BZOP;18658;ANTONIO MARIA LOPES UNIPESSOAL LDA;BZOP;Contrato Quadro;17-06-2010;Derivados;PRT;
8038235962;HNKM;15267;QUINTA NOGUEIRA-AGRO PECUARIA,LDA;HNKM;Contrato Quadro;14-08-2009;Derivados;PRT;
3481001896;SL0A;02478;SIDERURGIA NACIONAL EMPRESA DE PRODUTOS LONGOS S A;SL0A;Contrato Quadro;27-05-2010;Derivados;PRT;
7400128108;WERL;16931;WINDMAD - ENERGIAS RENOVAVEIS LDA;WERL;Contrato Quadro;29-12-2009;Derivados;PRT;
8000030054;EL06;03848;EDIFICADORA LUZ & ALVES,LDA.;EL06;Contrato Quadro;30-06-2010;Derivados;PRT;
8009347046;LQVS;18655;L. RODRIGUES MARTINS, UNIPESSOAL LDA;CQ_BSP_LQVS;Contrato Quadro;24-06-2010;Derivados;PRT;
9002387503;TD4T;17195;TIAGO CARDOSO MENDES;TD4T;Contrato Quadro;11-11-2009;Derivados;PRT;
583;IQ2Z;17208;IMPERIAL - PRODUTOS ALIMENTARES, S.A.;IQ2Z;Contrato Quadro;06-01-2016;Derivados;PRT;
8030429263;HT0P;18660;HIPITECNICA-COM.EQUIP.HIPICO TRANSPORTES,LDA;CQ_BSP_HT0P;Contrato Quadro;05-07-2010;Derivados;PRT;
6221038349;IVOG;18712;IRMAOS VILA NOVA S A;IVOG;Contrato Quadro;27-10-2014;Derivados;PRT;
7400601513;OH5N;15285;MONTRA NATURAL UNIPESSOAL LDA;CQ_BSP_OH5N;Contrato Quadro;03-11-2009;Derivados;PRT;
7400545188;DUHI;18351;CTFH RESTAURACAO HOTELARIA ENTRETENIMENTO E LAZER S A;CQ_BSP_DUHI;Contrato Quadro;13-05-2010;Derivados;PRT;
8046572046;E1TB;18352;EXPRESSAO URBANA - SOC. CONSTRUCAO E PROMOCAO IMOBILIARIA, LDA;CQ_BSP_E1TB;Contrato Quadro;06-05-2010;Derivados;PRT;
7400416986;KRHH;17163;JOSE FERNANDO CORREIA FERREIRA RODRIGUES;KRHH;Contrato Quadro;06-11-2009;Derivados;PRT;
5100089131;OIQR;17178;MARIA ISABEL DE BOTTON DA SILVA DIAS;OIQR;Contrato Quadro;20-10-2009;Derivados;PRT;
4792;OK1I;17330;NORMAX - FABRICA DE VIDROS CIENTIFICOS LDA.;OK1I;Contrato Quadro;20-03-2014;Derivados;PRT;
2071005124;FHXF;17103;FAMAVAL - CRIACOES METALICAS ADAUTA S.A.;FHXF;Contrato Quadro;26-11-2009;Derivados;PRT;
7400456879;LM9P;17179;LUIS GRADE RAMOS UNIPESSOAL LDA.;LM9P;Contrato Quadro;21-10-2009;Derivados;PRT;
8046418213;CXCI;05132;CENTRO DE RECICLAGEM DE PALMELA S A;CQ_BSP_CXCI;Contrato Quadro;03-10-2013;Derivados;PRT;
7400093506;WPCR;17109;WORLD PORTAS COMERCIO PORTAS E PERFIS LDA;CQ_BSP_WPCR;Contrato Quadro;30-09-2009;Derivados;PRT;
5100296785;OLYF;17504;NUTROTON-INDUSTRIAS DA AVICULTURA SA;CQ_BSP_OLYF;Contrato Quadro;22-02-2010;Derivados;PRT;
7400639647;I12Y;17160;I.MUMMU, LDA;CQ_BSP_I12Y;Contrato Quadro;19-10-2009;Derivados;PRT;
8046327441;OP2B;18475;M LOOK CONFECCOES LDA;CQ_BSP_OP2B;Contrato Quadro;21-05-2010;Derivados;PRT;
2311003516;QVBV;13816;QUINTA & VINEYARD BOTT.VINHOS SA,VILA NOVA DE GAIA;QVBV;Contrato Quadro;26-09-2014;Derivados;PRT;
242298;BX2J;17565;AGROCARAMULO EMPREENDIMENTOS AGRO-PECUARIOS SA;CQ_BSP_BX2J;Contrato Quadro;22-02-2010;Derivados;PRT;
5100262643;C9QD;18834;BENEPOR IMPORTAÇÃO E COMERCIO LDA;CQ_BSP_C9QD;Contrato Quadro;31-08-2010;Derivados;PRT;
2100151491;VIIL;18691;VENUM - INVESTIMENTOS IMOBILIARIOS, LDA;CQ_BSP_VIIL;Contrato Quadro;25-06-2010;Derivados;PRT;
7400627475;OOVZ;18436;MAPA GEL - PRODUTOS ALIMENTARES CONGELADOS LDA;OOVZ;Contrato Quadro;25-10-2010;Derivados;PRT;
104703;FI4K;17261;FERNANDO ANTONIO SILVA ALMEIDA;FI4K;Contrato Quadro;16-11-2009;Derivados;PRT;
8000835044;C52K;18457;CENTRAUDITIVO - SOCIEDADE IMPORTADORA DE APARELHAGEM AUDITIVA E PRECIS;CQ_BSP_C52K;Contrato Quadro;19-05-2010;Derivados;PRT;
64850;DUU8;18459;DOMINGOS & FERREIRA LDA;CQ_BSP_DUU8;Contrato Quadro;18-05-2010;Derivados;PRT;
2100150995;ZPRO;17364;FINPRO SCR SA;ZPRO;Contrato Quadro;21-01-2010;Derivados;PRT;
7400244802;SS2U;10513;SUAVE SABOR - RESTAURACAO UNIPESSOAL LDA.;SS2U;Contrato Quadro;29-12-2009;Derivados;PRT;
7400738863;OR4E;18772;M COUTO ALVES - PSS S.A.;OR4E;Contrato Quadro;26-08-2010;Derivados;PRT;
8022494511;EI03;02994;ENERGETUS INSTALACOES INDUSTRIAIS S.A.;EI03;Contrato Quadro;21-07-2010;Derivados;PRT;
8006321927;T0OT;18789;TRICOS TRADING LDA;T0OT;Contrato Quadro;12-07-2010;Derivados;PRT;
7400555043;C9QZ;18838;BRINERTES-UNIPESSOAL LDA;C9QZ;Contrato Quadro;16-07-2010;Derivados;PRT;
3491005446;V0H1;06884;V.A.F., LDA;CQ_BSP_V0H1;Contrato Quadro;30-09-2010;Derivados;PRT;
8046398437;P05H;;PRADO - CARTOLINAS DA LOUSA S.A.;P05H;Contrato Quadro;15-02-2010;Derivados;PRT;
8046518602;S5MD;18561;REGIAMAT-ELECTRICIDADE GAZ E MATERIAIS DE CONSTRUCAO LDA;CQ_BSP_S5MD;Contrato Quadro;13-07-2010;Derivados;PRT;
7400078293;KVCX;18555;JPB-PRODUCAO E COMERCIO PECUARIO, LDA;CQ_BSP_KVCX;Contrato Quadro;13-08-2010;Derivados;PRT;
7400292739;SZSW;18637;SERIALSPORT S.A.;CQ_BSP_SZSW;Contrato Quadro;17-08-2010;Derivados;PRT;
8046538852;SZSX;18638;SO PESO - RESTAURACAO E HOTELARIA S.A.;SZSX;Contrato Quadro;09-07-2010;Derivados;PRT;
2100136913;OR40;18770;NAPERLIS COMERCIO DE NAPAS E PERGAMOIDES, LDA;CQ_BSP_OR40;Contrato Quadro;30-06-2010;Derivados;PRT;
7400237502;DWL4;18771;DESFILE DE SABORES - RESTAURANTE BAR, UNIPESSOAL, LDA.;CQ_BSP_DWL4;Contrato Quadro;13-07-2010;Derivados;PRT;
8003878194;C87S;18797;AFONSO MOREIRA SUCRS.,LDA;C87S;Contrato Quadro;19-07-2010;Derivados;PRT;
9002172952;EV3X;18510;EMPREITARTE CONSTRUCAO CIVIL,LDA;CQ_BSP_EV3X;Contrato Quadro;11-06-2010;Derivados;PRT;
7400003508;SZOS;18528;SALOME COSTA - REPARACAO AUTOMOVEL UNIPESSOAL LDA;CQ_BSP_SZOS;Contrato Quadro;31-05-2010;Derivados;PRT;
1700064456;PXQD;18529;PANIFICADORA REGIONAL DA VERMELHA, UNIPESSOAL, LDA;CQ_BSP_PXQD;Contrato Quadro;01-06-2010;Derivados;PRT;
8020223548;C5EQ;18673;ARTUR FLORENCIO & FILHOS AFFSPORTS LDA;CQ_BSP_C5EQ;Contrato Quadro;24-06-2010;Derivados;PRT;
2100688323;BR49;15338;ACF SERVICOS TRANSPORTES E ALUGUER DE EQUIPAMENTOS DE CONSTRUCAO, LDA;CQ_BSP_BR49;Contrato Quadro;21-07-2010;Derivados;PRT;
7400552715;T0MK;18751;SENEPORT II - IMPORTACAO EXPORTACAO PESCADO LDA;CQ_BSP_T0MK;Contrato Quadro;19-07-2010;Derivados;PRT;
5100587558;FK7F;18784;FLYPREMIUM - AUTOMOVEIS, LDA;CQ_BSP_FK7F;Contrato Quadro;30-07-2010;Derivados;PRT;
7400226550;C80L;18788;AGENCIA DE VIAGENS ARCO IRIS, LDA;CQ_BSP_C80L;Contrato Quadro;14-07-2010;Derivados;PRT;
7400610333;TC45;18810;TRANSPORTES CRUZ & SERRAO LDA;CQ_BSP_TC45;Contrato Quadro;28-07-2010;Derivados;PRT;
5100368982;A5DN;18811;ADRIFER - RECICLAGEM DE METAIS LDA;CQ_BSP_A5DN;Contrato Quadro;16-07-2010;Derivados;PRT;
3491005610;V0PL;18702;VISCORGUE - APOIO E GESTAO EMPRESAS LDA;CQ_BSP_V0PL;Contrato Quadro;09-08-2010;Derivados;PRT;
8038515363;S61K;18762;SDT - ELECTRONICA, S.A.;S61K;Contrato Quadro;31-10-2014;Derivados;PRT;
2100121300;M2T6;18737;MANOSPORT SOC ARTIGOS DE DESPORTO, LDA;CQ_BSP_M2T6;Contrato Quadro;12-07-2010;Derivados;PRT;
7400576189;P1QT;18779;PINTO & CASTRO LDA;CQ_BSP_P1QT;Contrato Quadro;09-08-2010;Derivados;PRT;
1700089536;A5D0;18793;ALEXANDRE COUTO-COMERCIO DE MATERIAIS DE CONSTRUCAO SOCIEDADE UNIPESSO;CQ_BSP_A5D0;Contrato Quadro;09-07-2010;Derivados;PRT;
7400021039;KWYB;18814;KEYLAB - SERVICOS TECNICOS E LOGISTICA, SA;KWYB;Contrato Quadro;23-08-2010;Derivados;PRT;
3711003063;T25F;18958;SERGIO ROSARIO DIAS BRANCO;T25F;Contrato Quadro;02-09-2010;Derivados;PRT;
5100303746;PZNM;19049;PEREIRA ALVES PRAZERES LDA;CQ_BSP_PZNM;Contrato Quadro;19-10-2010;Derivados;PRT;
9001522079;T2IB;19052;SOMELOS - ACABAMENTOS TEXTEIS S.A.;CQ_BSP_T2IB;Contrato Quadro;30-09-2010;Derivados;PRT;
8021255077;KU9H;18022;JOAO CESAR & NUNES,LDA;CQ_BSP_KU9H;Contrato Quadro;16-03-2010;Derivados;PRT;
3381000116;DM08;03983;DIAMANTINO MALHO & CA LDA;CQ_BSP_DM08;Contrato Quadro;24-03-2010;Derivados;PRT;
2101023831;ONKR;18064;MERLOG, LDA;CQ_BSP_ONKR;Contrato Quadro;25-03-2010;Derivados;PRT;
8028319243;VE4E;18801;VALFIOS-ARMAZEM DE FIOS TEXTEIS,LDA;VE4E;Contrato Quadro;24-03-2014;Derivados;PRT;
8045236605;A5FS;18876;AGRIFANHA-COMERCIO AGRICOLA E ALIMENTAR LDA;CQ_BSP_A5FS;Contrato Quadro;05-08-2010;Derivados;PRT;
1700088487;FLQ7;18286;FERNANDA LOURENCO PEREIRA;FLQ7;Contrato Quadro;10-08-2010;Derivados;PRT;
8010061371;E3IM;18969;DIMAIA-REP.EQUIPAMENTOS ESCRITORIO,LDA.;CQ_BSP_E3IM;Contrato Quadro;09-09-2010;Derivados;PRT;
8008264248;M2Y7;18977;MATRIZ-SOCIEDADE DE CONSTRUCOES, LDA;CQ_BSP_M2Y7;Contrato Quadro;19-07-2012;Derivados;PRT;
7400183099;OYWC;18981;MARIA MANUELA AIRES SOCIEDADE FARMACEUTICA UNIPESSOAL LDA;CQ_BSP_OYWC;Contrato Quadro;25-10-2010;Derivados;PRT;
8001757429;XZQU;18833;RAPORAL-RACOES PORTUGAL SA;XZQU;Contrato Quadro;24-08-2010;Derivados;PRT;
2101156568;OW2C;18853;MARIA CLARA SILVA BARROS ISABEL;OW2C;Contrato Quadro;06-08-2010;Derivados;PRT;
9002586658;DXJL;18861;BENTECNICAS - PROJECTOS E CONSTRUCAO CIVIL LDA;CQ_BSP_DXJL;Contrato Quadro;12-10-2010;Derivados;PRT;
9002680572;H0VI;18862;HABIDOM SINALIZACAO RODOVIARIA LDA;H0VI;Contrato Quadro;10-01-2018;Derivados;PRT;
9001730616;EWPI;18904;ESFINGE-CONSTRUCAO E INVESTIMENTOS IMOBILIARIOS LDA.;CQ_BSP_EWPI;Contrato Quadro;03-09-2010;Derivados;PRT;
2431004583;LQAX;17831;LUIS AZEVEDO E FILHOS S A;LQAX;Contrato Quadro;05-02-2024;Derivados;PRT;
2100023596;UC21;18991;MENDES GOMES & COMPANHIA, LDA;CQ_BSP_UC21;Contrato Quadro;23-09-2010;Derivados;PRT;
8008175021;T2B7;18990;TEDCEL-REPRESENTACOES,IMP.EXP.,LDA;CQ_BSP_T2B7;Contrato Quadro;10-09-2010;Derivados;PRT;
8027530244;E42C;19002;DUVIDEO COOPERATIVA P.I.C.R.I.;CQ_BSP_E42C;Contrato Quadro;23-09-2010;Derivados;PRT;
5100561563;HL1O;19003;HYGEAZUL LDA;CQ_BSP_HL1O;Contrato Quadro;08-11-2010;Derivados;PRT;
9000658952;M2YO;19004;MICOTEC - ELECTRONICA, LDA;CQ_BSP_M2YO;Contrato Quadro;14-09-2010;Derivados;PRT;
7400572967;OZ6F;19008;MATROBEL CONSTRUCAO CIVIL LDA;CQ_BSP_OZ6F;Contrato Quadro;29-09-2010;Derivados;PRT;
8046312615;DK5W;15821;CONSTRUCASAIS - COFRAGEM E CONSTRUCAO, S.A.;DK5W;Contrato Quadro;06-10-2010;Derivados;PRT;
6221022113;OP95;18516;NOTIL - NOVIDADES E UTILIDADES EM ELECTRODOMESTICOS LDA;OP95;Contrato Quadro;01-10-2010;Derivados;PRT;
8003075243;P1X5;19075;O FELIZ METALOMECANICA S A;P1X5;Contrato Quadro;28-02-2014;Derivados;PRT;
2821004019;E77X;19117;AVICUIMA - DISTRIBUIDORA DE PRODUTOS ALIMENTARES LDA;E77X;Contrato Quadro;30-10-2013;Derivados;PRT;
7400776247;I1A6;19190;IMOADRIEN - SOCIEDADE IMOBILIARIA, S.A.;CQ_BSP_I1A6;Contrato Quadro;03-11-2010;Derivados;PRT;
8046346518;I19A;19122;INES & CATARINA PEREIRA LDA;CQ_BSP_I19A;Contrato Quadro;22-11-2010;Derivados;PRT;
7400106655;FP2J;19123;FERNANDO PEREIRA & INES, LDA;CQ_BSP_FP2J;Contrato Quadro;22-11-2010;Derivados;PRT;
9000622429;T2U6;19126;STAND ASLA - IMPORTACAO E COMERCIO DE PECAS E ACESSORIOS PARA AUTOMOVE;T2U6;Contrato Quadro;04-11-2014;Derivados;PRT;
7400162747;IUBX;18641;IDEALMED UNIDADE HOSPITALAR DE COIMBRA S.A.;IUBX;Contrato Quadro;06-07-2010;Derivados;PRT;
8046569240;OVMN;18842;OA-TECHNICAL REPRESENTATIONS-REPRESENTACOES NAVAIS E INDUSTRIAIS S.A.;CQ_BSP_OVMN;Contrato Quadro;30-07-2010;Derivados;PRT;
7400077960;DXAR;18845;CLASSE OK - TRANSPORTES, LIMITADA;CQ_BSP_DXAR;Contrato Quadro;30-07-2010;Derivados;PRT;
7400345703;M2V9;18848;MOTOBAJA - COMERCIO E REPARACAO DE VEICULOS E ACESSORIOS LDA;CQ_BSP_M2V9;Contrato Quadro;13-08-2010;Derivados;PRT;
8026922904;C9T0;18850;CARTUCHOS SULBEJA,LDA;CQ_BSP_C9T0;Contrato Quadro;05-11-2010;Derivados;PRT;
8044091231;T1GI;18846;SOLPISCINAS-CONSTRUCOES, LDA.;CQ_BSP_T1GI;Contrato Quadro;04-08-2010;Derivados;PRT;
7400669620;EWDW;18849;ESPIRAL DE SONHOS LDA;CQ_BSP_EWDW;Contrato Quadro;11-11-2010;Derivados;PRT;
7400676123;C9SX;18844;BIGMOON ANIMATION STUDIOS SA;CQ_BSP_C9SX;Contrato Quadro;27-08-2010;Derivados;PRT;
2869;KY91;18905;JOSE GLORIA MARROCOS;KY91;Contrato Quadro;13-08-2010;Derivados;PRT;
8006352985;FKOK;19098;FUELTEJO - COMBUSTIVEIS E LUBRIFICANTES, S.A.;CQ_BSP_FKOK;Contrato Quadro;03-11-2010;Derivados;PRT;
7400135050;KZVW;19099;JOAO MANUEL PIEDADE CORREIA LDA;CQ_BSP_KZVW;Contrato Quadro;03-11-2010;Derivados;PRT;
5100262970;I197;19093;IDEIATEX REPRESENTACOES TEXTEIS LDA;CQ_BSP_I197;Contrato Quadro;10-12-2010;Derivados;PRT;
7400318917;E5C3;19095;ANTONIO M. CARVALHO VALENTE UNIPESSOAL LDA.;CQ_BSP_E5C3;Contrato Quadro;09-11-2010;Derivados;PRT;
5100287489;BI2O;11302;A J PINTO II DISTRIBUICAO LDA;CQ_BSP_BI2O;Contrato Quadro;31-12-2010;Derivados;PRT;
7400362878;P343;19137;MOLDE ABSOLUTO, LDA;CQ_BSP_P343;Contrato Quadro;19-10-2010;Derivados;PRT;
2100322402;S87Z;19139;SANESTRADAS EMPREITADAS DE OBRAS PUBLICAS E PARTICULARES SA;CQ_BSP_S87Z;Contrato Quadro;10-11-2010;Derivados;PRT;
8035639818;M320;19188;M.SANTOS & SANTOS,LDA;M320;Contrato Quadro;25-11-2010;Derivados;PRT;
8046310607;084O;19069;CARMO,SA;084O;Contrato Quadro;26-01-2017;Derivados;PRT;
60816;YANG;18677;ANGLO PORTUGUESA DE PRODUCTOS QUIMICOS LDA;YANG;Contrato Quadro;18-11-2010;Derivados;PRT;
7400241923;EXOS;19194;ENERGIAS RENOVAVEIS FAFEBASTO, UNIPESSOAL, LDA;EXOS;Contrato Quadro;22-11-2010;Derivados;PRT;
9002011525;IUBJ;18557;INTERBEJA-CONSTRUCOES E URBANIZACOES LDA;CQ_BSP_IUBJ;Contrato Quadro;18-08-2010;Derivados;PRT;
8039343201;BZG8;18563;AGRO PATROCINIO COMERCIO E INDUSTRIA DE PRODUTOS PARA A AGRICULTURA LD;CQ_BSP_BZG8;Contrato Quadro;25-06-2010;Derivados;PRT;
9000987083;EV66;18565;ELECTRIFICADORA TRIUNFO DE PORTUGAL, LDA;CQ_BSP_EV66;Contrato Quadro;14-06-2010;Derivados;PRT;
7400733750;DVBZ;18566;DOMINGOS MANUEL GOMES FERREIRA, LDA.;CQ_BSP_DVBZ;Contrato Quadro;29-04-2014;Derivados;PRT;
7400407107;S5N1;18567;SOBRALGURTES - CENTRO DISTRIBUICAO ALIMENTAR DO OESTE LDA;CQ_BSP_S5N1;Contrato Quadro;27-07-2010;Derivados;PRT;
8046311702;PXS9;18570;PAOZINHO AVENIDA - IND. PANIFICACAO, PASTELARIA, LDA;CQ_BSP_PXS9;Contrato Quadro;28-06-2010;Derivados;PRT;
7400502468;BZGG;18575;ASTRO DOURADO UNIPESSOAL LDA;CQ_BSP_BZGG;Contrato Quadro;14-06-2010;Derivados;PRT;
8008284648;OPNM;18580;MECANOTUBO-CONSTRUCAO E ESTRUTURAS S.A;CQ_BSP_OPNM;Contrato Quadro;19-07-2010;Derivados;PRT;
7400228750;DVHI;18598;COLEGIO FLOR DA LINHA LDA;CQ_BSP_DVHI;Contrato Quadro;22-07-2010;Derivados;PRT;
8010148750;KVF7;18599;JC TABACOS LDA.;CQ_BSP_KVF7;Contrato Quadro;09-06-2010;Derivados;PRT;
8004909502;A5M8;19045;A.MORAIS & CA LDA;CQ_BSP_A5M8;Contrato Quadro;29-09-2010;Derivados;PRT;
8028239247;FJ3A;17917;FERREIRA - CONSTRUCAO S.A.;FJ3A;Contrato Quadro;07-12-2010;Derivados;PRT;
2731007081;P1P5;18383;PANDORATRADE - COMERCIO DE TEXTEIS LDA;CQ_BSP_P1P5;Contrato Quadro;13-05-2010;Derivados;PRT;
8029371169;PYXU;18877;PETROVAPO, SOCIEDADE UNIPESSOAL LDA;PYXU;Contrato Quadro;05-08-2010;Derivados;PRT;
8005755646;BMHP;13832;A MILNE CARMO S A;BMHP;Contrato Quadro;04-09-2015;Derivados;PRT;
8040361150;L1F4;19184;JOSE MARIA DA COSTA ALMEIDA;L1F4;Contrato Quadro;09-11-2010;Derivados;PRT;
7400799048;T33N;19203;SERRA SEMEDO, UNIPESSOAL LDA;CQ_BSP_T33N;Contrato Quadro;06-12-2010;Derivados;PRT;
7400048014;OQME;18728;NARCISO SANTIAGO FERREIRA BATISTA PINHO;OQME;Contrato Quadro;30-06-2010;Derivados;PRT;
25343;C867;18795;CLUB 21-SOC. EXPLORADORA DE BARES E RESTAURANTES  LDA;CQ_BSP_C867;Contrato Quadro;13-07-2010;Derivados;PRT;
1700012869;AF15;03734;ABREU FERNANDES - SOCIEDADE EMPREENDIMENTOS TURISTICOS LDA;AF15;Contrato Quadro;05-05-2011;Derivados;PRT;
7400591914;E3IO;18971;E3C - COMUNICACAO E EVENTOS S.A.;CQ_BSP_E3IO;Contrato Quadro;20-10-2010;Derivados;PRT;
7400726660;T2KR;19090;SACOTEX YARNS NV;T2KR;Contrato Quadro;08-10-2010;Derivados;PRT;
6221027529;TL3N;19148;TRANSFOPOR-TRANSFORMADORES LDA;TL3N;Contrato Quadro;14-12-2010;Derivados;PRT;
9000597245;HZ08;18717;HOTEIS ZENITE - EMPREENDIMENTOS TURISTICOS E HOTELEIROS S.A.;HZ08;Contrato Quadro;13-07-2010;Derivados;PRT;
2100012968;TE45;18776;TELE-RITMO INSTALACOES ELECTRICAS, LDA;CQ_BSP_TE45;Contrato Quadro;05-08-2010;Derivados;PRT;
1700050029;KW3P;18736;JOSE FAUSTINO LDA;CQ_BSP_KW3P;Contrato Quadro;08-07-2010;Derivados;PRT;
8028175970;T20M;18936;SISPLANO-MAQUINAS SISTEMAS INFORMATICOS,LDA;CQ_BSP_T20M;Contrato Quadro;31-08-2010;Derivados;PRT;
7400751619;VD4N;19067;VASOS COMUNICANTES PRODUCAO DE CONTEUDOS DE COMUNICACAO LDA;CQ_BSP_VD4N;Contrato Quadro;09-11-2010;Derivados;PRT;
8024173515;E551;19073;CIA BRASIL REPRESENTACOES TEXTEIS IMPORTACAO E EXPORTACAO LDA;CQ_BSP_E551;Contrato Quadro;30-09-2010;Derivados;PRT;
8010616800;E8V7;19131;ADRIANO FERREIRA & FERREIRA LDA;CQ_BSP_E8V7;Contrato Quadro;07-02-2011;Derivados;PRT;
8001733085;E99U;19152;CS - COELHO DA SILVA, S. A.;E99U;Contrato Quadro;22-09-2013;Derivados;PRT;
8005657831;E9UD;19187;CELAB CENTRO LABORATORIAL,LDA;E9UD;Contrato Quadro;25-11-2010;Derivados;PRT;
8005363938;GJWG;19186;G. BAPTISTA CALDEIRA,LDA;GJWG;Contrato Quadro;25-11-2010;Derivados;PRT;
8046328460;E9QX;19175;BATISTAS-RECICLAGEM DE SUCATAS,S.A.;E9QX;Contrato Quadro;25-11-2010;Derivados;PRT;
6231002055;I1A4;19176;INDUSTRIA DE CALCADO CATALA S.A.;I1A4;Contrato Quadro;09-11-2010;Derivados;PRT;
7400359288;L1VD;19267;LURDES & JOSE PEIXOTO LDA;CQ_BSP_L1VD;Contrato Quadro;15-11-2010;Derivados;PRT;
;LUZM;19051;LOGOPLASTE ESTARREJA LDA;LUZM;Contrato Quadro;24-09-2010;Derivados;PRT;
5100431306;FM70;19299;FORMATO LIVRO LDA;CQ_BSP_FM70;Contrato Quadro;25-11-2010;Derivados;PRT;
7400413477;FOTE;19372;ANTONIO F CASTRO CORREIA SERVICOS MEDICO LDA;CQ_BSP_FOTE;Contrato Quadro;14-12-2010;Derivados;PRT;
5100428451;A5C6;18747;ACTIFARMA - ACTIVIDADES FARMACEUTICAS SA;A5C6;Contrato Quadro;19-08-2010;Derivados;PRT;
8042227733;S2D6;07720;GERTAL - COMPANHIA GERAL DE RESTAURANTES E ALIMENTACAO S.A.;S2D6;Contrato Quadro;06-01-2015;Derivados;PRT;
8009728583;C802;18786;ANTONIO SILVA COSTA CONSTRUCOES LDA;CQ_BSP_C802;Contrato Quadro;17-08-2010;Derivados;PRT;
7400627604;BWE6;17418;PA GRUPO SGPS S A;BWE6;Contrato Quadro;28-09-2010;Derivados;PRT;
7400285232;EY71;19233;ESPIRITO DO LAR - ACESSORIOS PARA O LAR LDA;CQ_BSP_EY71;Contrato Quadro;16-11-2010;Derivados;PRT;
8001301800;LWAH;19602;LOBO, ALVES, AMARAL SILOAL S.A.;LWAH;Contrato Quadro;07-12-2010;Derivados;PRT;
8028668006;UDMH;18706;TANQUELUZ-IMPORTACAO EXPORTACAO E COMERCIO DE MATERIAIS ELECTRICOS S.A;CQ_BSP_UDMH;Contrato Quadro;27-08-2010;Derivados;PRT;
8025340439;C6DI;18708;ARMASUL - DISTRIBUIDOR DE MATERIAIS ELECTRICOS S.A.;CQ_BSP_C6DI;Contrato Quadro;20-08-2010;Derivados;PRT;
66063;S5WL;18707;ROTAL - SOCIEDADE DE MADEIRAS RODRIGUES & TAVARES, UNIPESSOAL LDA;S5WL;Contrato Quadro;30-06-2010;Derivados;PRT;
35320;G6RR;18843;GERIL-INVEST.IMOBILIARIOS,LDA;G6RR;Contrato Quadro;23-09-2010;Derivados;PRT;
7400485036;FKLR;19029;FINNCO-ART COMPLEXOS TECNICOS LDA;FKLR;Contrato Quadro;19-10-2010;Derivados;PRT;
8028482567;LUZ2;;LOGOPLASTE PORTUGAL LDA;CQ_BSP_LUZ2;Contrato Quadro;25-09-2013;Derivados;PRT;
5100652377;E58O;19084;BIU - CONSTRUÇÕES LDA;CQ_BSP_E58O;Contrato Quadro;31-12-2010;Derivados;PRT;
7400725360;E58N;19085;BIOSFERA CONSTRUCOES UNIPESSOAL LDA;CQ_BSP_E58N;Contrato Quadro;31-12-2010;Derivados;PRT;
8046442057;M2X9;18937;MARINHO & ARAUJO, LDA;M2X9;Contrato Quadro;23-04-2018;Derivados;PRT;
7400719141;P24C;19101;NUMERVERTICE PROMOCAO IMOBILIARIA LDA;P24C;Contrato Quadro;15-11-2010;Derivados;PRT;
7400148379;C6C0;18705;ADAO JORGE CORREIA, HERDEIROS;CQ_BSP_C6C0;Contrato Quadro;28-01-2011;Derivados;PRT;
8025457008;OQIB;18711;N.A.U.-SERVICOS ADUANEIROS,LDA;CQ_BSP_OQIB;Contrato Quadro;28-06-2010;Derivados;PRT;
2471002995;NIIE;14956;NATURA INVICTA IMPORTAÇAO EXPORTAÇAO DE BRINDES LDA.;NIIE;Contrato Quadro;23-11-2010;Derivados;PRT;
7400570735;T2Z3;;SET LININGS INTERNATIONAL S.A.;T2Z3;Contrato Quadro;12-11-2010;Derivados;PRT;
1700061350;F9RO;18912;FIB - CONSTRUCAO S.A.;CQ_BSP_F9RO;Contrato Quadro;17-08-2010;Derivados;PRT;
8017716306;IQ6C;18940;ISAAC PEDROSO - TRANSPORTES DE MERCADORIAS LDA;CQ_BSP_IQ6C;Contrato Quadro;19-10-2010;Derivados;PRT;
8046574970;DZXP;18941;DISTRIUTIL-COMERCIO PRODUTOS PARA LAR,LDA;CQ_BSP_DZXP;Contrato Quadro;23-09-2010;Derivados;PRT;
7400363134;T221;18942;SRE SOCIEDADE RECICLAGEM DE EVORA UNIPESSOAL LDA;CQ_BSP_T221;Contrato Quadro;03-09-2010;Derivados;PRT;
9001734822;PZ6L;18943;PRODUTOS ALIMENTARES LINDA ROSA, LDA;CQ_BSP_PZ6L;Contrato Quadro;23-08-2010;Derivados;PRT;
8043628553;S8P0;19290;SOCIEMBAL-SOCIEDADE EMBALAGENS LDA;CQ_BSP_S8P0;Contrato Quadro;07-12-2010;Derivados;PRT;
7400386400;EZFF;19291;BELLISSIMA ACESSORIOS DE MODA LDA;CQ_BSP_EZFF;Contrato Quadro;18-11-2010;Derivados;PRT;
5100270912;KW0K;18720;JOSE REIS LDA;CQ_BSP_KW0K;Contrato Quadro;28-07-2010;Derivados;PRT;
9000612737;A5BH;18716;AVROTEL-SOC.INVEST.HOTELEIROS,LDA.;A5BH;Contrato Quadro;13-07-2010;Derivados;PRT;
7400193616;C3CF;07453;CYC - COMBUSTIVEIS E CARVOES LDA;CQ_BSP_C3CF;Contrato Quadro;01-09-2010;Derivados;PRT;
8043257691;TEXD;18752;TARES-RESTAURANTE E SNACK-BAR LDA;TEXD;Contrato Quadro;26-07-2010;Derivados;PRT;
8045790049;P15A;07719;PAPIRO S A;P15A;Contrato Quadro;06-01-2015;Derivados;PRT;
7400205307;VEIY;19010;VISIPAPEL LDA;CQ_BSP_VEIY;Contrato Quadro;23-12-2010;Derivados;PRT;
24824;FOOR;19363;ARTISOLA-COMPONENTES P CALCADO LDA;FOOR;Contrato Quadro;29-11-2010;Derivados;PRT;
2100788379;RIDW;02484;RICON INDUSTRIAL PRODUCAO DE VESTUARIOS, SA;RIDW;Contrato Quadro;30-12-2013;Derivados;PRT;
2311005487;KW41;18738;JOSE GANDARELA, LDA;CQ_BSP_KW41;Contrato Quadro;01-07-2010;Derivados;PRT;
8023569841;NRZD;08227;MAR IBERICA SOCIEDADE DE PRODUTOS ALIMENTARES LDA;NRZD;Contrato Quadro;19-06-2017;Derivados;PRT;
8027198500;L0L2;19043;LOGOPLASTE PORTUGAL, LDA;CQ_BSP_LOL2;Contrato Quadro;25-09-2013;Derivados;PRT;
8045875523;DK5U;15809;CARPINCASAIS - SOCIEDADE TECNICA DE CARPINTARIAS S.A.;DK5U;Contrato Quadro;06-10-2010;Derivados;PRT;
121969;PYVD;18870;PAVIMUR-PRE-FABRICADOS E PRE-ESFORCADOS LDA.;PYVD;Contrato Quadro;19-08-2010;Derivados;PRT;
7400609127;L0KN;18852;LAGENT-AGENT & PARTNER LDA;L0KN;Contrato Quadro;20-11-2017;Derivados;PRT;
3751000609;E4WG;19048;B2B SERVICOS PARTILHADOS LDA;E4WG;Contrato Quadro;06-01-2015;Derivados;PRT;
7400659831;I1AL;19769;I.S.B.S. ,SA;CQ_BSP_I1AL;Contrato Quadro;29-12-2010;Derivados;PRT;
7400316941;E232;18552;ECOPIPE - TUBOS DE ACO LDA;CQ_BSP_E232;Contrato Quadro;09-07-2010;Derivados;PRT;
8004757714;DV7W;18554;CAMPIRELVA-ARBORIZACOES JARDINS,LDA.;CQ_BSP_DV7W;Contrato Quadro;31-05-2010;Derivados;PRT;
7401144272;MI03;03758;MASSA INSOLVENTE DE MACIMPOR COMERCIO INTERNACIONAL S.A.;CQ_BSP_MI03;Contrato Quadro;15-07-2010;Derivados;PRT;
3681001013;E4IK;19028;DUCTOS-SOCIEDADE DE PROJECTOS DE ENGENHARIA, LDA;CQ_BSP_E4IK;Contrato Quadro;11-03-2014;Derivados;PRT;
8044327111;T0T1;18813;SOL-IMOVEIS, LDA;CQ_BSP_T0T1;Contrato Quadro;02-08-2010;Derivados;PRT;
8004176857;ZT02;18858;PARROGCESMEN - ACTIVIDADES IMOBILIARIAS LDA;ZT02;Contrato Quadro;12-11-2014;Derivados;PRT;
8042902461;E4TT;19042;BASMORAIS VENDAS NOVAS,LDA;CQ_BSP_E4TT;Contrato Quadro;30-09-2010;Derivados;PRT;
8046418773;E5GY;19109;BLUEPHARMA - INDUSTRIA FARMACEUTICA, S.A.;E5GY;Contrato Quadro;23-11-2010;Derivados;PRT;
7400168733;OQIK;18718;MILAN - IMOBILIARIA, S.A.;OQIK;Contrato Quadro;07-09-2010;Derivados;PRT;
6221035199;E2O2;18812;ECOCIAF - CONSTRUCAO CIVIL E OBRAS PUBLICAS, LDA;E2O2;Contrato Quadro;27-09-2010;Derivados;PRT;
5100283073;S77E;18960;SPIRALPACK MANIPULADOS DE PAPEL SA;CQ_BSP_S77E;Contrato Quadro;06-10-2010;Derivados;PRT;
7400194026;R0SA;18962;RAJAO & TORRES LDA;CQ_BSP_R0SA;Contrato Quadro;10-09-2010;Derivados;PRT;
8040008795;LUZ1;;LOGOPLASTE PORTUGAL LDA;CQ_BSP_LUZ1;Contrato Quadro;25-09-2013;Derivados;PRT;
9001344810;S9MA;19450;SOCIEDADE METALURGICA MARINHENSE LDA;S9MA;Contrato Quadro;16-12-2010;Derivados;PRT;
8026370208;LTU3;09203;LOGOPLASTE,CONSULTORES TECNICOS S.A.;LTU3;Contrato Quadro;25-09-2013;Derivados;PRT;
8007246457;BZNS;18650;AUTO REPARACOES BRAZ, LDA;CQ_BSP_BZNS;Contrato Quadro;07-07-2010;Derivados;PRT;
9002655131;KVMJ;18648;JOAQUIM JOSE SILVA CORREIA, LDA;CQ_BSP_KVMJ;Contrato Quadro;22-09-2010;Derivados;PRT;
9000677902;DX7H;18830;DINISA-SOCIEDADE INDUSTRIAL COMERCIAL CASQUINHAS,LDA;CQ_BSP_DX7H;Contrato Quadro;16-07-2010;Derivados;PRT;
9002123199;MDZM;18896;MAQUINAS DE PRECISAO LDA;MDZM;Contrato Quadro;23-08-2010;Derivados;PRT;
9002497382;T3LU;19961;SOGENAVE-SOCIEDADE GERAL DE ABASTECIMENTOS A NAVEGACAO E INDUSTRIA HOT;T3LU;Contrato Quadro;06-01-2015;Derivados;PRT;
7400203728;LU9R;18863;LEXVIPES, LDA.;CQ_BSP_LU9R;Contrato Quadro;23-08-2010;Derivados;PRT;
5100646463;P1RM;18867;COLINA DO VENTO SOCIEDADE IMOBILIARIA LDA;CQ_BSP_P1RM;Contrato Quadro;29-09-2010;Derivados;PRT;
8046569241;OZTM;19044;HORIZON VIEW - NAVEGACAO E TRANSITOS, S.A.;CQ_BSP_OZTM;Contrato Quadro;27-11-2014;Derivados;PRT;
3941008153;FUFR;19241;FICALUMINIOS SOCIEDADE ALUMINIOS, LDA.;CQ_BSP_FUFR;Contrato Quadro;06-12-2010;Derivados;PRT;
8001158145;P8GH;20417;MADEIRA AUTO-CAR,LDA;CQ_BSP_P8GH;Contrato Quadro;14-01-2011;Derivados;PRT;
8000326381;TB2H;17819;TAS PORTUGAL SA;TB2H;Contrato Quadro;16-02-2011;Derivados;PRT;
8006746460;T3YV;20389;SOCIEDADE AGRICOLA DA HERDADE DE CARVALHOSO LDA;CQ_BSP_T3YV;Contrato Quadro;28-01-2011;Derivados;PRT;
8046540650;Q0X2;20018;PROFISSIONALTRANS-SERVICOS TRANSPORTES E MUDANCAS,LDA;CQ_BSP_Q0X2;Contrato Quadro;07-12-2010;Derivados;PRT;
9000590998;T3U8;20313;S T E T SOCIEDADE TECNICA DE EQUIPAMENTOS E TRACTORES S A;T3U8;Contrato Quadro;11-02-2011;Derivados;PRT;
8007955365;FSLA;04681;FARIA & SAMPAIO LDA;FSLA;Contrato Quadro;17-01-2011;Derivados;PRT;
8001552613;T3U9;20316;SOTOPAL-SOCIEDADE TORREENSE DE PADARIAS, S.A.;T3U9;Contrato Quadro;31-12-2010;Derivados;PRT;
8030959008;BDC1;02987;BEDIVAR SA;BDC1;Contrato Quadro;08-07-2015;Derivados;PRT;
8000991017;FYEJ;20101;CEGOC -CENTRO DE ESTUDOS E ORGANIZACAO CIENTIFICA, LDA;FYEJ;Contrato Quadro;28-12-2010;Derivados;PRT;
2100613839;M35B;20435;MAGESTADE ARTIGOS TÊXTEIS, LDA;CQ_BSP_M35B;Contrato Quadro;28-01-2011;Derivados;PRT;
1700191543;FYAI;;GRUPLAB - GESTAO INVESTIMENTOS E ACTIVIDADES LABORATORIAIS S A;FYAI;Contrato Quadro;13-12-2010;Derivados;PRT;
7400539785;A4TG;17181;AKP - ELECTRONIC SYSTEMS, LDA;A4TG;Contrato Quadro;31-12-2010;Derivados;PRT;
2100244344;A5UD;20062;ALUMINIOS CESAR S.A.;A5UD;Contrato Quadro;26-06-2015;Derivados;PRT;
7400761051;S9XJ;20236;REAL FOOD - SGPS, S.A.;CQ_BSP_S9XJ;Contrato Quadro;30-12-2010;Derivados;PRT;
7400772147;GP61;20445;CSINTELIRENT LDA;GP61;Contrato Quadro;25-01-2011;Derivados;PRT;
8026328137;G8N2;20204;EGOMES LDA;G8N2;Contrato Quadro;20-12-2010;Derivados;PRT;
7400842627;GZ4I;20586;AZEITONA DO CAMPO AMARELA, LDA;GZ4I;Contrato Quadro;17-07-2015;Derivados;PRT;
7400775716;LWT3;;LOGOPLASTE PORTUGAL LDA;LWT3;Contrato Quadro;17-02-2011;Derivados;PRT;
12301;GUCY;20532;COFEMEL SOCIEDADE DE VESTUARIO SA;GUCY;Contrato Quadro;24-10-2014;Derivados;PRT;
7400068083;GU2S;20498;CORKART - INDUSTRIA DE CORTICAS, S.A.;GU2S;Contrato Quadro;23-02-2011;Derivados;PRT;
8046272539;P9JY;20545;MIRZA PORTUGAL COMERCIO PELES E CALCADO LDA;P9JY;Contrato Quadro;31-01-2011;Derivados;PRT;
8009309021;TA09;02812;ROCIM LDA;TA09;Contrato Quadro;04-03-2011;Derivados;PRT;
9001425034;GZ4T;20588;EUROFRENTE - SOCIEDADE COMERCIAL TEXTEIS S.A.;GZ4T;Contrato Quadro;05-04-2011;Derivados;PRT;
7400008656;T52D;20631;INTERSESIMBRA SUPERMERCADOS LDA;T52D;Contrato Quadro;09-03-2011;Derivados;PRT;
8045374674;T4J3;20554;REAL ESTORES LDA;T4J3;Contrato Quadro;17-02-2011;Derivados;PRT;
8008040670;52AV;14509;AVILUDO-COM.PROD.ALIMENTARES SA;52AV;Contrato Quadro;06-06-2014;Derivados;PRT;
7400761005;Q4HH;20738;OIS - OEIRAS INTERNATIONAL SCHOOL, ASSOCIACAO SFL;Q4HH;Contrato Quadro;11-04-2011;Derivados;PRT;
3481001850;BSWP;15097;ATLANSIDER - SGPS S.A.;BSWP;Contrato Quadro;29-06-2011;Derivados;PRT;
8023650735;IL9S;20731;ITALAGRO-INDUSTRIA DE TRANSFORMACAO DE PRODUTOS ALIMENTARES S.A.;IL9S;Contrato Quadro;11-02-2014;Derivados;PRT;
8044763131;TM3D;19245;TRIA - SERVICOS, MATERIAIS E EQUIPAMENTOS, S.A.;TM3D;Contrato Quadro;08-08-2011;Derivados;PRT;
7400446633;T6IS;20772;SATCAB - SATELITE E CABO TV, S.A.;T6IS;Contrato Quadro;11-05-2011;Derivados;PRT;
8044437755;T0L8;18197;TMPL SGPS S.A.;T0L8;Contrato Quadro;28-06-2011;Derivados;PRT;
6221009537;FLKV;18978;FLAMA FABRICA DE LOUCAS E ELECTRODOMESTICOS S A;FLKV;Contrato Quadro;29-12-2016;Derivados;PRT;
8029083001;G6KG;18038;GAVEX - PRODUTOS SIDERURGICOS SA;G6KG;Contrato Quadro;16-05-2011;Derivados;PRT;
7400830896;T769;20843;SGT ENERGIA E CLIMATIZACAO S A;T769;Contrato Quadro;14-10-2013;Derivados;PRT;
9000604009;M34X;20296;SANTOGAL M - COMERCIO E REPARACAO DE AUTOMOVEIS LDA;M34X;Contrato Quadro;08-10-2013;Derivados;PRT;
2311004385;ERTT;02448;ENDUTEX REVESTIMENTOS TEXTEIS S A;ERTT;Contrato Quadro;19-01-2015;Derivados;PRT;
7400063444;S9Z5;20293;SANTOGAL P - COMERCIO E REPARACAO DE AUTOMOVEIS LDA;S9Z5;Contrato Quadro;08-10-2013;Derivados;PRT;
8004326223;T3TJ;20302;SANTOGAL V - COMERCIO E REPARACAO DE AUTOMOVEIS S A;T3TJ;Contrato Quadro;08-10-2013;Derivados;PRT;
7400254115;P6F5;20295;SANTOGAL N - IMPORTACAO, COMERCIO, REPARACAO E ALUGUER DE AUTOMOVEIS,;P6F5;Contrato Quadro;08-10-2013;Derivados;PRT;
;T3TL;20297;SANTOGAL N - IMPORTACAO, COMERCIO, REPARACAO E ALUGUER DE AUTOMOVEIS,;T3TL;Contrato Quadro;08-10-2013;Derivados;PRT;
8003148386;T3TK;20292;FBO MOTOR SPORTS - COMERCIO E REPARACAO DE AUTOMOVEIS, LDA;T3TK;Contrato Quadro;29-03-2011;Derivados;PRT;
8028813901;H7JG;20773;FADIPOL - FABRICA DE DISCOS E SABOES DE POLIR, LIMITADA;H7JG;Contrato Quadro;26-06-2015;Derivados;PRT;
8007394884;FLUD;15675;FERNANDO LOPES SIMOES MIGUEL;FLUD;Contrato Quadro;29-06-2011;Derivados;PRT;
2577;F0B5;01508;FREITAS & SILVA, S.A.;F0B5;Contrato Quadro;21-03-2012;Derivados;PRT;
8006132043;E48O;19015;COMBITUR CONSTRUCOES SA;E48O;Contrato Quadro;31-10-2014;Derivados;PRT;
8031073002;I6UZ;21405;CONSULGAL - CONSULTORES DE ENGENHARIA E GESTAO S.A.;CQ_BSP_I6UZ;Contrato Quadro;09-08-2012;Derivados;PRT;
3461001973;TFYM;21250;SANTOGAL SGPS S A;TFYM;Contrato Quadro;08-10-2013;Derivados;PRT;
9000631658;BA0D;01749;CAETANO - BAVIERA - COMERCIO DE AUTOMOVEIS, S.A.;BA0D;Contrato Quadro;22-08-2011;Derivados;PRT;
2100948139;VHV7;18996;VHUMANA S A;VHV7;Contrato Quadro;27-09-2011;Derivados;PRT;
8000775928;RZ8E;17148;REGRA SISTEMAS DE INFORMACAO SA;CQ_BSP_RZ8E;Contrato Quadro;02-11-2011;Derivados;PRT;
204493;IL6R;20654;IBOTEC-INDUSTRIA DE TUBAGENS, S.A.;IL6R;Contrato Quadro;23-02-2012;Derivados;PRT;
8046497437;B1NT;05311;AZIGEP - SOCIEDADE GESTORA DE PARTICIPACOES SOCIAIS, S.A.;B1NT;Contrato Quadro;10-10-2011;Derivados;PRT;
8022257896;IXU2;21644;A.FERREIRA - SOCIEDADE DE TEXTEIS LDA;IXU2;Contrato Quadro;07-11-2011;Derivados;PRT;
8005551652;BDVK;18935;BA GLASS PORTUGAL S A;BDVK;Contrato Quadro;23-01-2012;Derivados;PRT;
76363;H7EV;21673;BEBECAR - UTILIDADES PARA CRIANCA S.A.;H7EV;Contrato Quadro;31-10-2013;Derivados;PRT;
1700043075;A38V;08155;ABREU CARGA E TRANSITOS LDA;A38V;Contrato Quadro;11-11-2011;Derivados;PRT;
8043556761;J249;21783;LISBOA FEIRAS CONGRESSOS E EVENTOS - FCE ASSOCIACAO EMPRESARIAL;J249;Contrato Quadro;19-12-2011;Derivados;PRT;
8044119514;Q3WL;20713;PROQUIFA-SOCIEDADE QUIMICO FARMACEUTICA DO CENTRO LDA;Q3WL;Contrato Quadro;09-09-2011;Derivados;PRT;
8007146841;R5R8;22770;ANLORBEL-COMERCIO MATERIAIS CONSTRUCAO E DECORACAO,SA;CQ_BSP_R5R8;Contrato Quadro;04-04-2012;Derivados;PRT;
8002945102;THDX;21388;RODOVIARIA DO TEJO S.A.;THDX;Contrato Quadro;26-09-2011;Derivados;PRT;
9002572998;C4KC;17166;CEMOPOL CELULOSES MOLDADAS PORTUGUESAS S A;C4KC;Contrato Quadro;28-09-2011;Derivados;PRT;
8029471255;SDJX;05851;SEMAPA-SOCIEDADE DE INVESTIMENTO E GESTAO;SDJX;Contrato Quadro;12-02-2014;Derivados;PRT;
8024946346;VBFN;18997;INVIVONSA PORTUGAL S.A.;VBFN;Contrato Quadro;27-10-2014;Derivados;PRT;
1700147124;M324;19193;MA BRAND OBJECTS UNIPESSOAL , LDA;M324;Contrato Quadro;11-11-2014;Derivados;PRT;
8045493134;A4AG;12646;AMOREIRAS CENTER SOCIEDADE IMOBILIARIA S.A.;A4AG;Contrato Quadro;17-02-2012;Derivados;PRT;
55162;F5YJ;08198;FORTUNATO O. FREDERICO & CA.,LDA;F5YJ;Contrato Quadro;29-10-2014;Derivados;PRT;
18174;S06E;01012;SONAFI - SOCIEDADE NACIONAL DE FUNDICAO INJECTADA, SA;S06E;Contrato Quadro;19-06-2012;Derivados;PRT;
7400728783;I73J;21421;AZIMUTE SEGURANCA NAVAL UNIPESSOAL LDA;CQ_BSP_I73J;Contrato Quadro;18-11-2014;Derivados;PRT;
3461001754;IWIL;21623;ITAU-INSTITUTO TECNICO DE ALIMENTACAO HUMANA S.A.;IWIL;Contrato Quadro;06-01-2015;Derivados;PRT;
8046344141;THF3;21394;SULPASTEIS - COMERCIO E INDUSTRIA DE PRODUTOS ALIMENTARES CONGELADOS L;THF3;Contrato Quadro;18-12-2017;Derivados;PRT;
19341;R710;22805;A.A.C. - TEXTEIS, S.A.;R710;Contrato Quadro;15-07-2024;Derivados;PRT;
8028359137;U1NG;22952;NALIS - INDUSTRIA E COMERCIO DE TEXTEIS, LIMITADA;U1NG;Contrato Quadro;26-06-2017;Derivados;PRT;
8001102498;P11S;06937;PINTO & CRUZ, S.A.;P11S;Contrato Quadro;11-08-2017;Derivados;PRT;
;YENU;;FELPINTER - INDUSTRIAS TEXTEIS, S.A.(USE ZAI3);YENU;Contrato Quadro;15-10-2013;Derivados;PRT;
8038221501;QP6R;22183;NOVABASE - SOCIEDADE GESTORA DE PARTICIPACOES SOCIAIS S.A.;QP6R;Contrato Quadro;10-02-2014;Derivados;PRT;
8000838458;QODX;21985;MANI-INDUSTRIAS PLASTICAS S.A.;QODX;Contrato Quadro;23-01-2012;Derivados;PRT;
5100360652;A7KX;22885;NORS AFTERMARKET PORTUGAL S.A.;A7KX;Contrato Quadro;30-10-2014;Derivados;PRT;
7400984154;TZQ7;22926;IBERIAN VINTNERS S A;TZQ7;Contrato Quadro;05-05-2015;Derivados;PRT;
3721000661;I65F;21374;CONTAGAS PORTUGAL EQUIPAMENTOS E TECNOLOGIAS LDA;CQ_BSP_I65F;Contrato Quadro;27-09-2011;Derivados;PRT;
1700059301;P09A;08243;PORTIANGA COMERCIO INTERNACIONAL E PARTICIPAÇES S.A.;P09A;Contrato Quadro;18-07-2017;Derivados;PRT;
7400864280;QP2S;22162;PRIO SUPPLY S A;QP2S;Contrato Quadro;09-09-2016;Derivados;PRT;
8008237403;BX5T;17927;BELISOTEX - CONFECCOES S.A.;BX5T;Contrato Quadro;02-07-2014;Derivados;PRT;
7400627481;VQTQ;23833;GINJA GEL - PRODUTOS ALIMENTARES CONGELADOS LDA;VQTQ;Contrato Quadro;20-02-2014;Derivados;PRT;
7400046599;W25I;23970;PLENAVIA-CONSTRUCAO E CONSERVACAO DE VIAS E VALORIZACAO AMBIENTAL, LDA;W25I;Contrato Quadro;25-03-2013;Derivados;PRT;
2381000202;BEC2;01733;BRANCO & COMPANHIA SA;BEC2;Contrato Quadro;05-11-2014;Derivados;PRT;
7400273913;AT8T;08161;IBERSOL - RESTAURACAO S A;AT8T;Contrato Quadro;29-04-2015;Derivados;PRT;
8026113133;UDZM;23312;ANTONIO MARQUES RODRIGUES, S.A.;UDZM;Contrato Quadro;10-07-2012;Derivados;PRT;
3511003533;UXIG;23637;MOVICONTROL BIBUS S A;UXIG;Contrato Quadro;01-07-2015;Derivados;PRT;
7400472898;VHZ2;23786;EXPRESSGLASS - VIDROS PARA VIATURAS S.A.;VHZ2;Contrato Quadro;07-10-2013;Derivados;PRT;
8046485957;VTVV;23849;INCOFERRO - INDUSTRIA E COMERCIO DE FERRO S.A.;VTVV;Contrato Quadro;28-01-2013;Derivados;PRT;
8008479411;VYUZ;23929;FLOR DA MODA-CONFECCOES S.A.;VYUZ;Contrato Quadro;13-02-2013;Derivados;PRT;
5100267210;ULTK;23444;EUROCEREAL COMERCIALIZACAO DE PRODUTOS AGRO PECUARIOS S A;ULTK;Contrato Quadro;13-08-2012;Derivados;PRT;
8000004687;URGE;23531;JAYME DA COSTA - ENERGIA E SISTEMAS, S.A.;URGE;Contrato Quadro;08-10-2012;Derivados;PRT;
2371006613;VY35;23915;RUI SANTOS - PRODUTOS SIDERURGICOS S A;VY35;Contrato Quadro;25-02-2013;Derivados;PRT;
8000579120;GP08;23852;GRAPHICSLEADERPACKAGING - ARTES GRAFICAS, S.A.;GP08;Contrato Quadro;23-01-2013;Derivados;PRT;
3941002579;W64R;24014;I.S.CAR - INDUSTRIA E SERVICOS DE COMERCIO AUTOMOVEL,SA;W64R;Contrato Quadro;05-04-2013;Derivados;PRT;
8030162258;U6V0;23156;CONFRASILVAS CONSTRUCOES S.A.;U6V0;Contrato Quadro;27-10-2014;Derivados;PRT;
7400234551;U4VK;23054;HYDRAPLAN-MANUTENCAO E COMERCIO DE VEICULOS, SA;U4VK;Contrato Quadro;21-06-2012;Derivados;PRT;
8002828511;A08K;02656;AMTROL - ALFA METALOMECANICA S.A.;A08K;Contrato Quadro;31-10-2014;Derivados;PRT;
10598;F8XS;17807;FIBROMADE - DOMINGOS BARROS - FOLHAS DE MADEIRA S.A.;F8XS;Contrato Quadro;02-07-2015;Derivados;PRT;
16899;A092;01406;AZEOL - SOCIEDADE DE AZEITES E OLEOS DA ESTREMADURA, S.A.;A092;Contrato Quadro;10-08-2012;Derivados;PRT;
5100408797;URGF;23532;JAYME DA COSTA- TECNOLOGIA E SERVICOS, LDA;URGF;Contrato Quadro;08-10-2012;Derivados;PRT;
5100408796;URGI;23533;SISINT - SUPERVISAO, CONSERVACAO, MANUTENCAO E GESTAO DE REDES DE ENER;URGI;Contrato Quadro;08-10-2012;Derivados;PRT;
8000842954;V8FV;23771;PLATANO EDITORA, S.A.;V8FV;Contrato Quadro;02-10-2013;Derivados;PRT;
8026818761;T74Z;20834;JOFEBAR, S.A.;T74Z;Contrato Quadro;07-01-2013;Derivados;PRT;
;FJ3D;17935;FLOR DA MODA CONFECCOES S.A.(USAR VYUZ );FJ3D;Contrato Quadro;13-02-2013;Derivados;PRT;
7401681759;UHMR;23382;MASSA INSOLVENTE DE TERMAQUINA-MAQUINAS INDUSTRIAIS S.A.;UHMR;Contrato Quadro;23-07-2012;Derivados;PRT;
8008732517;UL1N;23431;MARMA - MANUTENCAO E GESTAO DE EQUIPAMENTOS E INFRAESTRUTURAS LDA;UL1N;Contrato Quadro;09-08-2012;Derivados;PRT;
3351003107;CCGZ;23141;CONFEITARIA CARLOS GONCALVES LDA;CCGZ;Contrato Quadro;12-06-2012;Derivados;PRT;
7400708757;UMQ7;23456;CARLOS ALBERTO CORREIA DA SILVA LDA;UMQ7;Contrato Quadro;17-01-2013;Derivados;PRT;
8038988745;E9LV;;CIMERTEX AFRICA, LDA, ZONA FRANCA DA MADEIRA;E9LV;Contrato Quadro;11-12-2013;Derivados;PRT;
8000156750;I8XO;21536;GENERAL CABLE CELCAT, ENERGIA E TELECOMUNICACOES, S.A.;I8XO;Contrato Quadro;06-08-2012;Derivados;PRT;
1700037911;UVGK;23584;ENDOTECNICA - MATERIAL CIRURGICO LDA;UVGK;Contrato Quadro;06-11-2012;Derivados;PRT;
9001640369;HTFH;21036;BRITALAR - SOCIEDADE DE CONSTRUCOES S.A.;HTFH;Contrato Quadro;07-01-2013;Derivados;PRT;
8006963951;W489;23989;VELA LATINA-CENTRO COMERCIAL,LDA;W489;Contrato Quadro;21-04-2015;Derivados;PRT;
8021035697;UHLU;23380;CONFECCOES FERNANDES & MIRANDA LDA;UHLU;Contrato Quadro;20-09-2012;Derivados;PRT;
1700038003;UL1K;23430;SISAQUA SISTEMAS DE SANEAMENTO BASICO S.A.;UL1K;Contrato Quadro;09-08-2012;Derivados;PRT;
8006333073;P03L;00824;PLANITOI - IMPORTACAO E EXPORTACAO S.A.;P03L;Contrato Quadro;22-10-2013;Derivados;PRT;
8009981010;VQTT;23834;TORRES JOALHEIROS S.A.;VQTT;Contrato Quadro;22-01-2013;Derivados;PRT;
2100919167;Q5EO;20778;MARIA EMILIA PEREIRA SOARES E FILHOS, LDA;Q5EO;Contrato Quadro;22-09-2014;Derivados;PRT;
7400549317;DUE9;20153;CASING CORPORATION PRIVATE LIMITED;DUE9;Contrato Quadro;27-09-2012;Derivados;PRT;
8044805689;VTKW;23845;M.J.J.S.-COMERCIO DE VESTUARIO S.A;VTKW;Contrato Quadro;13-02-2013;Derivados;PRT;
7400638879;WIEL;24188;F. V. P. FOODS - COMERCIO ALIMENTAR E GESTAO, LDA;WIEL;Contrato Quadro;13-08-2013;Derivados;PRT;
8046566136;LMPT;26064;BCM-BRICOLAGE S.A.;LMPT;Contrato Quadro;06-02-2014;Derivados;PRT;
8028198233;1QAS;17573;OGMA - INDUSTRIA AERONAUTICA DE PORTUGAL SA;1QAS;Contrato Quadro;15-12-2023;Derivados;PRT;
8000039653;J0YS;21737;BRENNTAG PORTUGAL PRODUTOS QUIMICOS LDA;J0YS;Contrato Quadro;06-05-2024;Derivados;PRT;
8000203829;EQE2;17365;ESPORAO S.A.;EQE2;Contrato Quadro;22-11-2013;Derivados;PRT;
7400773400;U7R2;23201;MONTEIRA COMERCIO E INDUSTRIA DE PRODUTOS AGRICOLAS UNIPESSOAL LDA;U7R2;Contrato Quadro;28-06-2012;Derivados;PRT;
8010828656;03QY;14958;LABORATORIO MEDINFAR-PROD.FARMACEUTICOS,SA;03QY;Contrato Quadro;12-11-2014;Derivados;PRT;
8040962211;VOXD;23820;NORCHAPA STEEL INDUSTRIES LDA;VOXD;Contrato Quadro;31-12-2012;Derivados;PRT;
8040173447;J00R;01489;CONSTRUCOES J.J.R. & FILHOS S.A.;J00R;Contrato Quadro;25-03-2013;Derivados;PRT;
8046309881;V0Y4;22854;VEDREL - IMPORTACAO EXPORTACAO E COMERCIO DE MATERIAL ELECTRICO LDA;V0Y4;Contrato Quadro;11-04-2014;Derivados;PRT;
7400990814;U64A;23122;PINTO & CRUZ INTERNACIONAL, UNIPESSOAL LDA;U64A;Contrato Quadro;11-08-2017;Derivados;PRT;
8000705537;VI2I;23787;CRISTELO & MARTINS LDA;VI2I;Contrato Quadro;07-01-2013;Derivados;PRT;
5100368045;W6DQ;24018;EMPIGEST - COMERCIO E SERVICOS DE MAQUINAS INDUSTRIAIS LDA;W6DQ;Contrato Quadro;20-02-2014;Derivados;PRT;
7400351792;W9XB;24058;OBEN PORTUGAL S.A.;W9XB;Contrato Quadro;12-12-2016;Derivados;PRT;
7400251975;WKI6;24214;GALTRAILER - INDUSTRIA E COMERCIO, LDA;WKI6;Contrato Quadro;30-09-2013;Derivados;PRT;
7400826817;XXF9;24459;OILWATER INDUSTRIAL SERVICOS E REPRESENTACOES UNIPESSOAL LDA;XXF9;Contrato Quadro;12-08-2013;Derivados;PRT;
8023969946;S1XI;05666;SINDAL-SOC.INTERNAC.DE ADMINIST.E MARKETING,LDA.;S1XI;Contrato Quadro;06-06-2013;Derivados;PRT;
3931004233;WTAN;24337;BIOLANDIA PRESTACAO DE SERVICOS UNIPESSOAL LDA;WTAN;Contrato Quadro;03-07-2013;Derivados;PRT;
7400032362;WSVF;24332;DELTAGEL - PRODUTOS ALIMENTARES, S.A.;WSVF;Contrato Quadro;25-07-2017;Derivados;PRT;
8020199741;J2LM;21814;FERREIRA DA SILVA - IMPORTACAO E EXPORTACAO, S.A.;CQ_J2LM;Contrato Quadro;29-05-2014;Derivados;PRT;
7400138976;TQDZ;22203;TRANSDEV PARTICIPACOES SGPS SA;TQDZ;Contrato Quadro;06-07-2015;Derivados;PRT;
7400859048;HZK7;21117;AZICOAST EMPREENDIMENTOS TURISTICOS LDA;HZK7;Contrato Quadro;17-09-2013;Derivados;PRT;
8018624158;XWTH;24451;FERREIRA & AMERICO, LDA;XWTH;Contrato Quadro;06-12-2013;Derivados;PRT;
8038644199;WP22;24277;MAXICOFRE-COFRES SISTEMAS SEGURANCA SA;WP22;Contrato Quadro;04-06-2013;Derivados;PRT;
3381007537;BPEL;24684;BOLLINGHAUS STEEL LDA;CQ_BPEL;Contrato Quadro;13-10-2017;Derivados;PRT;
29913;NCIE;01189;NIPOSOM - J. NABAIS COMERCIO E INDUSTRIA DE COMPONENTES ELECTRONICOS L;NCIE;Contrato Quadro;11-12-2015;Derivados;PRT;
3691010319;U6UU;23154;NAVALAGRO - COMERCIO, IMPORTACAO E EXPORTACAO DE PRODUTOS E EQUIPAMENT;U6UU;Contrato Quadro;10-10-2013;Derivados;PRT;
8039238314;WWBV;24388;MATER - MAQUINAS E TECNOLOGIA INDUSTRIAL S.A.;WWBV;Contrato Quadro;05-06-2016;Derivados;PRT;
7401015039;Y8GM;24576;MESQUITASHOES, S.A.;Y8GM;Contrato Quadro;17-07-2015;Derivados;PRT;
8043890314;YD2I;24615;PAINEL 2000 - SOCIEDADE INDUSTRIAL DE PAINEIS LDA;YD2I;Contrato Quadro;23-10-2013;Derivados;PRT;
;Y9Q4;24594;TEXTEIS PENEDO - INTERNACIONAL LDA;Y9Q4;Contrato Quadro;21-10-2013;Derivados;PRT;
7400450667;WM1B;24242;KNOWER PROPERTIES SA;WM1B;Contrato Quadro;24-05-2013;Derivados;PRT;
8045058119;UZYM;23665;MERCOMALHA - FABRICA DE MALHAS LDA;UZYM;Contrato Quadro;22-05-2020;Derivados;PRT;
1700150857;IUMJ;24417;INDRA SISTEMAS PORTUGAL SA;CQ_IUMJ;Contrato Quadro;12-11-2013;Derivados;PRT;
7400035521;WW9N;24386;SAVINO DEL BENE PORTUGUESA - TRANSPORTES INTERNACIONAIS AGENCIA MARITI;WW9N;Contrato Quadro;04-02-2014;Derivados;PRT;
1700019861;WWLE;24396;EQUIDRAULICA - REPARACAO DE EQUIPAMENTOS HIDRAULICOS, LDA;WWLE;Contrato Quadro;08-07-2013;Derivados;PRT;
7401000131;U59L;23077;SERVIROAD, S.A.;U59L;Contrato Quadro;15-01-2014;Derivados;PRT;
7401002739;VYGD;23924;SERVILIMPA - LUANDA, LDA;VYGD;Contrato Quadro;15-01-2014;Derivados;PRT;
8046552383;XXFL;24463;OREY - SERVICOS E ORGANIZACAO, S.A.;XXFL;Contrato Quadro;16-08-2013;Derivados;PRT;
2101829761;XXFA;24461;SOFEMA SOCIEDADE DE FERRAMENTAS E MAQUINAS LIMITADA;XXFA;Contrato Quadro;21-11-2014;Derivados;PRT;
7400293334;A6Q2;21475;AZINOR SOCIEDADE GESTORA DE PARTICIPACOES SOCIAIS S A;A6Q2;Contrato Quadro;17-09-2013;Derivados;PRT;
8040460771;OC11;04996;ORGANIZACOES CIAGE-IMPORTADORES E EXPORTADORES LDA;OC11;Contrato Quadro;24-06-2014;Derivados;PRT;
;XJ5K;24440;PARALELO EDITORA S.A.;XJ5K;Contrato Quadro;01-10-2013;Derivados;PRT;
7400075288;DQFV;17506;DERMA LEATHER COMERCIO E INDUSTRIA DE PELES S A;DQFV;Contrato Quadro;27-02-2014;Derivados;PRT;
8040493431;WSV7;24331;TELEPERFORMANCE PORTUGAL, S.A.;WSV7;Contrato Quadro;21-10-2014;Derivados;PRT;
8041520155;Z730;24864;RISATEL - SOCIEDADE COMERCIAL DE FIOS TEXTEIS LDA;Z730;Contrato Quadro;30-04-2015;Derivados;PRT;
8497;Z61E;24835;RAIMUNDO & MAIA, LDA;Z61E;Contrato Quadro;08-02-2017;Derivados;PRT;
8004575790;SWEO;15654;SOMINCOR - SOCIEDADE MINEIRA DE NEVES-CORVO, S.A.;SWEO;Contrato Quadro;19-03-2014;Derivados;PRT;
7400189483;UM4G;23448;GRAMPERFIL, S.A.;UM4G;Contrato Quadro;11-07-2014;Derivados;PRT;
8031181315;YU9A;25255;RODIRO - FABRICA CALCADO, LDA;YU9A;Contrato Quadro;13-01-2014;Derivados;PRT;
8000102132;IP1J;04535;IMS PORTUGAL - COMERCIO DE ACOS S.A.;IP1J;Contrato Quadro;28-03-2014;Derivados;PRT;
7400246364;YNF6;24681;DACSAATLANTIC S.A.;YNF6;Contrato Quadro;28-02-2014;Derivados;PRT;
8026525794;W2UE;23978;MIBEPA-IMPORTACAO,COMERCIO E EXPORTACAO LDA;W2UE;Contrato Quadro;29-06-2017;Derivados;PRT;
7401091622;YJ61;24663;PASSODADO LDA;YJ61;Contrato Quadro;13-03-2015;Derivados;PRT;
8024663816;J1D7;21766;FRIJOBEL - INDUSTRIA E COMERCIO ALIMENTAR S.A.;J1D7;Contrato Quadro;30-10-2014;Derivados;PRT;
;XJ5N;24441;DIDACTICA EDITORA, S.A.;XJ5N;Contrato Quadro;01-10-2013;Derivados;PRT;
7400061859;XXFC;;AZIMUTE SEGURANCA NAVAL, UNIPESSOAL LDA;XXFC;Contrato Quadro;12-08-2013;Derivados;PRT;
7400292576;A1L8;04382;AZICAPITAL SOCIEDADE GESTORA DE PARTICIPACOES SOCIAIS S A;A1L8;Contrato Quadro;17-09-2013;Derivados;PRT;
8038919437;V00V;02896;VIPETRADE - COMERCIO INTERNACIONAL LDA;V00V;Contrato Quadro;04-08-2015;Derivados;PRT;
8021237178;AIRL;01445;AZINOR COMERCIO INTERNACIONAL E REPRESENTACOES LDA;AIRL;Contrato Quadro;17-09-2013;Derivados;PRT;
8045865645;1EW8;25346;SOVENA OILSEEDS PORTUGAL, S.A.;CQ_1EW8;Contrato Quadro;17-07-2015;Derivados;PRT;
2581008199;9YWS;25891;TIRSO PNEUS - IMPORTACAO E EXPORTACAO DE PNEUS, UNIPESSOAL LDA;9YWS;Contrato Quadro;24-08-2015;Derivados;PRT;
9000026248;S7W0;19399;ROSA MARIA SILVA PINHO AMARO CRUZ;CQ_S7W0;Contrato Quadro;16-05-2014;Derivados;PRT;
7400031670;XZV5;24498;CIF CLUBE INTERNACIONAL DE FERIAS S A;CQ_XZV5;Contrato Quadro;18-06-2015;Derivados;PRT;
8022885615;GCSE;13703;GELPEIXE-ALIMENTOS CONGELADOS SA;CQ_GCSE;Contrato Quadro;25-07-2014;Derivados;PRT;
7400626233;1UAP;25590;CANDIDO JOSE RODRIGUES II RENEWABLES S A;1UAP;Contrato Quadro;21-01-2015;Derivados;PRT;
64696;2CC3;25863;CPCDI-COMPANHIA PORTUGUESA COMPUTADORES-DISTRIBUICAO PRODUTOS INFORMAT;2CC3;Contrato Quadro;03-02-2015;Derivados;PRT;
7400765331;1Q83;25517;HARDLEVEL ENERGIAS RENOVAVEIS S A;1Q83;Contrato Quadro;02-02-2023;Derivados;PRT;
8045045941;1NY3;25450;BIOSAFE - INDUSTRIA DE RECICLAGENS S.A.;CQ_1NY3;Contrato Quadro;29-08-2014;Derivados;PRT;
8042784907;1ML1;25077;11 MALHAS LDA;1ML1;Contrato Quadro;23-05-2014;Derivados;PRT;
9000597991;ZQ74;25159;JOAQUIM ANTONIO AMARO CRUZ;CQ_ZQ74;Contrato Quadro;16-05-2014;Derivados;PRT;
220650;28WU;25826;METALURGIA VIDEIRA LDA;CQ_28WU;Contrato Quadro;24-11-2014;Derivados;PRT;
7400330067;Y970;24591;LUSIADAS, SGPS, S.A.;Y970;Contrato Quadro;28-05-2015;Derivados;PRT;
7400050643;2B9O;25855;LUIS, VITALIANO & LUIS S.A.;CQ_2B9O;Contrato Quadro;30-01-2017;Derivados;PRT;
3321002117;Q00Z;05016;IMCD PORTUGAL - PRODUTOS QUIMICOS, LDA;Q00Z;Contrato Quadro;23-02-2015;Derivados;PRT;
;CAUX;01791;CORTICEIRA AMORIM SGPS SA;CQ_CAUX;Contrato Quadro;21-11-2014;Derivados;PRT;
9000830421;1ZQI;25695;NUTRIMADEIRA - NUTRICAO E DIETETICA DA MADEIRA, UNIPESSOAL LDA;CQ_1ZQI;Contrato Quadro;05-06-2015;Derivados;PRT;
8001907798;1L37;25412;SAGATEX COMERCIO E REPRESENTACOES LDA;1L37;Contrato Quadro;30-09-2014;Derivados;PRT;
7400597990;SY45;13620;SOVENA ESPAÑA S.A.;SY45 (ANTERIOR SUM8);Contrato Quadro;17-07-2015;Derivados;PRT;
7401219460;1G49;25356;RUBIS ENERGIA PORTUGAL, S.A.;1G49;Contrato Quadro;06-12-2017;Derivados;PRT;
7400877888;XYMW;24471;VIEIRA DE ALMEIDA & ASSOCIADOS - SOCIEDADE DE ADVOGADOS, SP RL;XYMV;Contrato Quadro;03-09-2014;Derivados;PRT;
7400177693;ZWCN;25294;ACLIMPEX LDA;ZWCN;Contrato Quadro;03-09-2014;Derivados;PRT;
8030471097;UQRY;23519;POLICABOS - SOLUCOES TECNICAS DE CONDUTORES, S.A.;CQ_UQRY;Contrato Quadro;13-03-2015;Derivados;PRT;
8008678754;1DGO;25150;LINFE MODA FEMININA,LDA;CQ_1DGO;Contrato Quadro;15-02-2017;Derivados;PRT;
7400538048;1GK2;25359;IMPORCASH - IMPORTACAO DE PRODUTOS PARA O LAR, LDA;CQ_1GK2;Contrato Quadro;21-04-2015;Derivados;PRT;
7401161839;1JES;25397;PEDRO FRANCA S.A.;1JES;Contrato Quadro;29-10-2014;Derivados;PRT;
7400564335;24AT;25760;BGHS S A;CQ_24AT;Contrato Quadro;05-02-2016;Derivados;PRT;
7400374352;1IGE;25373;HPGB, SGPS, S.A.;CQ_HPGB;Contrato Quadro;13-01-2015;Derivados;PRT;
7400427756;1IGH;25374;FROTIMO - FROTA IMOBILIARIA LDA;CQ_1IGH;Contrato Quadro;13-01-2015;Derivados;PRT;
8002572693;1IGI;25375;ISIDORO DUARTE S.A.;CQ_1IGI;Contrato Quadro;16-02-2017;Derivados;PRT;
7401005946;ZY2X;25323;CORKSRIBAS - INDUSTRIA GRANULADORA DE CORTICA S.A.;CQ_ZY2X;Contrato Quadro;30-03-2017;Derivados;PRT;
2431002217;ZAI3;24902;FELPINTER - INDUSTRIAS TEXTEIS, S.A.;ZAI3;Contrato Quadro;22-05-2017;Derivados;PRT;
7401069390;ZCVD;24937;GUESI COMERCIO E SERVICOS S A;CQ_BSP_ZCVD;Contrato Quadro;17-03-2014;Derivados;PRT;
8025519312;1IGN;25379;FROTA AZUL ALGARVE TRANSPORTES E TURISMO LDA;CQ_1IGN;Contrato Quadro;22-02-2017;Derivados;PRT;
8029429834;BHHC;10841;BARRAQUEIRO,SGPS S.A.;CQ_BHHC;Contrato Quadro;13-01-2015;Derivados;PRT;
9000652643;1IGR;25381;BARRAQUEIRO TRANSPORTES S.A.;CQ_1IGR;Contrato Quadro;11-06-2015;Derivados;PRT;
7400109473;AEPZ;;Amorim-Investimentos e Participações, S.G.P.S;AEPZ;Contrato Quadro;15-04-2014;Derivados;PRT;
;5AJK;17104;NORS SA;CQ_5AJK;Contrato Quadro;30-10-2014;Derivados;PRT;
3481006035;C08B;03632;SUMOL COMPAL MARCAS SA;CQ_C08B;Contrato Quadro;11-03-2015;Derivados;PRT;
8030423509;ZK9F;25061;NAUTISURF-SOCIEDADE DE ARTIGOS DESPORTIVOS E PRODUTOS NAUTICOS LDA;CQ_ZK9F;Contrato Quadro;27-11-2014;Derivados;PRT;
1700037319;IKYA;20579;INDASA - INDUSTRIA DE ABRASIVOS, SA;CQ_IKYA;Contrato Quadro;06-04-2021;Derivados;PRT;
;WX60;24403;MOVITER - EQUIPAMENTOS SA (USAR 00MS1E);WX60;Contrato Quadro;16-06-2014;Derivados;PRT;
8001754726;TPAD;17491;TRANSPORTES PAULO DUARTE.LDA, PORTUGAL;TPAD;Contrato Quadro;01-04-2014;Derivados;PRT;
7400381654;8S0N;26379;LUSOPALADAR-TRANSP COM ALIMENTAR UNIP LDA;8S0N;Contrato Quadro;30-06-2015;Derivados;PRT;
7400579816;81GP;26595;RAVAGO E RIBEIRO PRODUTOS QUIMICOS SA;81GP;Contrato Quadro;01-10-2015;Derivados;PRT;
8025931387;8M0U;26423;ALVES BANDEIRA TYRES S A;CQ_8M0U;Contrato Quadro;03-08-2015;Derivados;PRT;
8021940795;8WZL;26342;ARMAZEM TECIDOS CARRICO, LDA;CQ_8WZL;Contrato Quadro;07-05-2015;Derivados;PRT;
8046332445;CDCV;15025;CAIMA - INDUSTRIA DE CELULOSE SA;CDCV;Contrato Quadro;17-06-2015;Derivados;PRT;
8008003155;S06Y;01040;SEBASTIAO & MARTINS, S.A.;CQ_S06Y;Contrato Quadro;07-08-2018;Derivados;PRT;
2311005959;W0H1;23950;MANUEL SERRA S A;CQ_W0H1;Contrato Quadro;23-09-2016;Derivados;PRT;
5100378105;7OKM;26715;EUROGALVA SA;7OKM;Contrato Quadro;17-01-2019;Derivados;PRT;
8042476411;25H4;25774;CISTER-INDUSTRIA DE PRODUTOS ALIMENTARES, LDA.;CQ_25H4;Contrato Quadro;21-01-2016;Derivados;PRT;
5100521051;9NPG;26042;YAP SOLUCOES GLOBAIS LDA;CQ_9NPG;Contrato Quadro;13-02-2015;Derivados;PRT;
9000644630;8PWF;26392;ERNESTO GRILO, SUCESSORES LDA;8PWF;Contrato Quadro;07-08-2015;Derivados;PRT;
2631003777;A9LI;24821;AGUESPORT - IMPORTACAO E EXPORTACAO LDA;A9LI;Contrato Quadro;21-09-2015;Derivados;PRT;
9000658007;UGHU;23362;ILHAMAR-PRODUTOS ALIMENTARES, S.A.;CQ_UGHU;Contrato Quadro;06-01-2017;Derivados;PRT;
8040176631;WBWN;24074;ROFINOR- TEXTEIS, LDA;CQ_WBWN;Contrato Quadro;09-07-2015;Derivados;PRT;
7400410663;8ILG;26468;VISION BOX - SOLUCOES DE VISAO POR COMPUTADOR S.A.;8ILG;Contrato Quadro;10-02-2016;Derivados;PRT;
8001128191;UT6K;23553;INTRAPLAS - INDUSTRIA TRANSFORMADORA DE PLASTICOS S.A.;CQ_UT6K;Contrato Quadro;05-08-2022;Derivados;PRT;
8024749115;E2PL;18885;EXPORPLAS - INDUSTRIA DE EXPORTACAO DE PLASTICOS SA;E2PL;Contrato Quadro;27-11-2015;Derivados;PRT;
7401327830;5CS4;26716;4H INVESTMENTS FOR HEALTH, S.A.;CQ_5CS4;Contrato Quadro;23-11-2015;Derivados;PRT;
1700201103;9DBU;26143;NOVARROZ - PRODUTOS ALIMENTARES SA;CQ_9DBU;Contrato Quadro;07-05-2015;Derivados;PRT;
7400332226;8H4H;26476;AFTERHOUSE, S.A.;8H4H;Contrato Quadro;24-08-2015;Derivados;PRT;
8046434534;84HC;26577;LICONFE-LINHAS INDUSTRIAIS S.A.;84HC;Contrato Quadro;04-09-2015;Derivados;PRT;
9000595288;9N20;26046;SOCIEDADE LISBONENSE DE METALIZACAO S.A.;9N20;Contrato Quadro;15-04-2015;Derivados;PRT;
7401101960;7GRH;26783;PRECISIONREPORT, LDA;CQ_7GRH;Contrato Quadro;30-01-2019;Derivados;PRT;
7401101974;7GR9;26784;SPHEREDRAFT - LDA;CQ_7GR9;Contrato Quadro;30-01-2019;Derivados;PRT;
8025493671;7ECK;26807;ALPI PORTUGAL - NAVEGACAO E TRANSITOS, LDA.;7ECK;Contrato Quadro;29-11-2017;Derivados;PRT;
7400548803;7DBE;26820;MAREC ESPACO CASA S A;CQ;Contrato Quadro;24-07-2023;Derivados;PRT;
8045084593;7XPT;26625;FIPORAG - TEXTEIS S.A.;7XPT;Contrato Quadro;03-11-2015;Derivados;PRT;
1700085535;R01G;01544;REAGRO IMPORTACAO E EXPORTACAO S A;R01G;Contrato Quadro;16-01-2018;Derivados;PRT;
7401102381;7IEM;26766;LIPACO - LINHAS PARA CONFECCOES, LDA;CQ_7IEM;Contrato Quadro;20-01-2016;Derivados;PRT;
7401358148;7W64;26647;VB KSC S.A.;7W64;Contrato Quadro;12-01-2016;Derivados;PRT;
8029080874;LC06;01533;LIDL Y COMPANHIA;CQ_LC06;Contrato Quadro;14-02-2017;Derivados;PRT;
48510;8LKO;26432;EFAFLU - BOMBAS E VENTILADORES SA;CQ_8LKO;Contrato Quadro;29-11-2017;Derivados;PRT;
7400166146;9CWM;26155;FARMINVESTE - INVESTIMENTOS, PARTICIPACOES E GESTAO S.A.;CQ_9CWM;Contrato Quadro;25-05-2015;Derivados;PRT;
8046440512;92XW;26292;DAV - ACESSORIOS PARA A INDUSTRIA DE TORNEIRAS LDA;CQ_92XW;Contrato Quadro;22-12-2015;Derivados;PRT;
7400231260;7JA7;26761;AVEICELLULAR - COMUNICACOES E ACESSORIOS LDA;CQ_7JA7;Contrato Quadro;13-11-2015;Derivados;PRT;
8001157177;EDN3;01637;GSLINES -TRANSPORTES MARITIMOS, LDA;CQ_EDN3;Contrato Quadro;11-01-2018;Derivados;PRT;
7400033655;WWQY;24398;LUZ SAUDE SA;CQ_WWQY;Contrato Quadro;11-12-2015;Derivados;PRT;
7401328885;61QI;27181;LIBERDADE 40 INVESTIMENTOS IMOBILIARIOS, UNIPESSOAL LDA;61QI;Contrato Quadro;27-05-2016;Derivados;PRT;
7400826214;UWJF;23622;ANN EVORA ESTRUTURAS METALICAS SA;UWJF;Contrato Quadro;16-09-2016;Derivados;PRT;
7400826231;UWJK;23623;ANN EVORA ESTRUTURAS EM COMPOSITOS SA;UWJK;Contrato Quadro;16-09-2016;Derivados;PRT;
8010444398;WCNO;24084;MARI-SPORT CALCADO, LDA;WCNO;Contrato Quadro;21-10-2016;Derivados;PRT;
9000650773;6PWE;26998;J. SILVA MOREIRA & IRMAOS LIMITADA;6PWE;Contrato Quadro;21-04-2016;Derivados;PRT;
7400826184;UWJB;23621;EMBRAER PORTUGAL S.A.;UWJB;Contrato Quadro;16-09-2016;Derivados;PRT;
8030996066;Z2N8;24806;CORK SUPPLY PORTUGAL S.A.;Z2N8;Contrato Quadro;10-03-2020;Derivados;PRT;
8038406586;8T4Y;26369;REALFIO-TEXTEIS, LIMITADA;8T4Y;Contrato Quadro;18-05-2016;Derivados;PRT;
2771001991;4GDT;27528;TEICOCIL - TEIXEIRA, COSTA & SILVA LDA;4GDT;Contrato Quadro;22-02-2018;Derivados;PRT;
2100297497;437U;27652;FAPRICELA - INDUSTRIA DE TREFILARIA S.A.;437U;Contrato Quadro;25-07-2018;Derivados;PRT;
2576;3PZA;27814;SICOR-SOCIEDADE INDUSTRIAL DE CORDOARIA S.A.;3PZA;Contrato Quadro;11-01-2024;Derivados;PRT;
7400115380;ZRNY;25208;DTX GRUPO S A;ZRNY;Contrato Quadro;18-04-2016;Derivados;PRT;
8010301990;U6V7;23158;FABRICA DE TECIDOS DE VILARINHO LDA;U6V7;Contrato Quadro;02-07-2018;Derivados;PRT;
8039210638;TM2L;15746;TECMIC - TECNOLOGIAS DE MICROELECTRONICA S.A.;TM2L;Contrato Quadro;25-06-2020;Derivados;PRT;
7401072541;7Q0P;26707;TEXAFIL - REPRESENTACOES TEXTEIS LDA;7Q0P;Contrato Quadro;16-02-2016;Derivados;PRT;
1700105703;1YC3;25672;BH FITNESS PORTUGAL, LDA;1YC3;Contrato Quadro;07-04-2016;Derivados;PRT;
7401094005;Y7VY;24570;GENYEN - GROW AND PROTECT S.A.;CQ_Y7VY;Contrato Quadro;12-02-2016;Derivados;PRT;
2661001539;6QZS;26992;SIMACA, LDA;6QZS;Contrato Quadro;11-04-2016;Derivados;PRT;
8006438181;60LG;27191;M Sousa & Rodrigues Lda;60LG;Contrato Quadro;13-05-2016;Derivados;PRT;
7401392187;47HH;27599;OCM-ECP I GRACA - IMOBILIARIA, UNIPESSOAL LDA;47HH;Contrato Quadro;17-10-2016;Derivados;PRT;
2431001902;47E5;27604;SOCIEDADE TEXTIL VITAL MARQUES RODRIGUES FILHOS, S.A.;47E5;Contrato Quadro;04-11-2016;Derivados;PRT;
7401290715;5YG0;27208;LIBERDADE 203 INVESTIMENTOS IMOBILIARIOS, S.A.;5YG0;Contrato Quadro;27-05-2016;Derivados;PRT;
8008487845;FTVB;15297;FERROMAR COMERCIO E INDUSTRIA DE FERNANDO DE PINHO TEIXEIRA SA;FTVB;Contrato Quadro;05-01-2017;Derivados;PRT;
8008616487;FTVH;15316;FERROMAR COMERCIO E INDUSTRIA DE FERNANDO DE PINHO TEIXEIRA SA;FTVH;Contrato Quadro;05-01-2017;Derivados;PRT;
1700055916;4D78;28894;EUROATLANTIC AIRWAYS - TRANSPORTES AEREOS S.A.;4D78;Contrato Quadro;18-02-2019;Derivados;PRT;
7400894608;9JB2;26083;INOVAFIL FIACAO S A;9JB2;Contrato Quadro;15-06-2016;Derivados;PRT;
8046390097;8LEJ;26437;S F P C SOCIEDADE FRANCO PORTUGUESA DE CAPACETES S A;8LEJ;Contrato Quadro;13-10-2017;Derivados;PRT;
8004851305;9ZXC;25883;HILARIO ROCHA & CA LDA;CQ_9ZXC;Contrato Quadro;28-01-2016;Derivados;PRT;
9001995952;3TXX;27777;JESUS & CURTO S.A.;3TXX;Contrato Quadro;15-06-2018;Derivados;PRT;
3461001377;7DTZ;26812;AVIQUIPO DE PORTUGAL SA;7DTZ;Contrato Quadro;16-03-2016;Derivados;PRT;
8004309432;R0ML;13516;RIBEIRO & CAMPOS,LDA;R0ML;Contrato Quadro;08-02-2017;Derivados;PRT;
9001492514;EDFW;03378;EUROFRUTAS - SOCIEDADE DE FRUTAS S.A.;EDFW;Contrato Quadro;19-02-2016;Derivados;PRT;
7401196658;5LG7;27288;GSLINES -TRANSPORTES MARITIMOS LDA;CQ_5LG7;Contrato Quadro;11-01-2018;Derivados;PRT;
8022345165;4QWC;27464;MACRO- FRIO - COMERCIO INTERNACIONAL DE PRODUTOS ALIMENTARES S.A.;4QWC;Contrato Quadro;31-08-2016;Derivados;PRT;
7400061796;4GDF;27530;JOAO VIOLAS, FILHO, LDA.;4GDF;Contrato Quadro;30-12-2016;Derivados;PRT;
7401016598;6DIL;27048;6 Dias-Texteis Internacionais Lda;6DIL;Contrato Quadro;27-07-2017;Derivados;PRT;
7401397922;6XEC;26958;Mar Belo-Comercio de Marisco S.A.;6XEC;Contrato Quadro;02-02-2016;Derivados;PRT;
1700143863;3TX0;27776;COMDALGEL - COMERCIO E DISTRIBUICAO ALIMENTAR LDA;3TX0;Contrato Quadro;15-06-2018;Derivados;PRT;
7401490576;3S07;27798;MOBIPIUM, LDA;CQ_3S07;Contrato Quadro;08-02-2017;Derivados;PRT;
7400935159;YCFT;24611;IMAG - IMAGENS MEDICAS PARA DIAGNOSTICO E TERAPEUTICA S.A.;YCFT;Contrato Quadro;12-05-2016;Derivados;PRT;
8021467743;44VW;27623;FABRICA DE TECIDOS DO CARVALHO LDA;44VW;Contrato Quadro;16-12-2016;Derivados;PRT;
7401473015;3S09;27801;MOBSAIL, UNIPESSOAL LDA ZONA FRANCA DA MADEIRA;CQ_3S09;Contrato Quadro;08-02-2017;Derivados;PRT;
7401472995;3S08;27800;ADSPASSPORT LDA ZONA FRANCA DA MADEIRA;CQ_3S08;Contrato Quadro;08-02-2017;Derivados;PRT;
7401455450;3S06;27799;SUPERMOBA INTERNATIONAL LDA ZONA FRANCA DA MADEIRA;CQ_3S06;Contrato Quadro;08-02-2017;Derivados;PRT;
8021713018;7U3C;26677;CARITE - CALCADOS LDA;7U3C;Contrato Quadro;29-03-2016;Derivados;PRT;
7400372915;62RA;27163;Tecealfa Lda;62RA;Contrato Quadro;30-05-2016;Derivados;PRT;
7400488567;64KQ;27146;YARNTRADE COMERCIO DE TEXTEIS LDA;64KQ;Contrato Quadro;19-07-2018;Derivados;PRT;
8038707185;6H1L;27045;MULTIFIBRAS - COMERCIO IMPORTACAO FIOS LDA;6H1L;Contrato Quadro;06-07-2016;Derivados;PRT;
8043505091;628Y;27170;FAMILITEX TECELAGEM LDA;628Y;Contrato Quadro;23-08-2017;Derivados;PRT;
8004508349;59Y8;27382;JOSE DE OLIVEIRA NOGUEIRA & FILHOS S.A.;59Y8;Contrato Quadro;06-07-2016;Derivados;PRT;
7401385305;57LK;27392;CHIADO 11 - INVESTIMENTOS IMOBILIARIOS, UNIPESSOAL LDA;57LK;Contrato Quadro;07-07-2016;Derivados;PRT;
8046569852;2RJ7;28219;QUIRONPREVENCION SEGURANCA E SAUDE NO TRABALHO S A;2RJ7;Contrato Quadro;21-04-2017;Derivados;PRT;
8003795082;1Q0E;25509;INAREL-INDUSTRIA DE LAVA LOUCAS INOX E ARTESANATO S.A.;1Q0E;Contrato Quadro;26-10-2017;Derivados;PRT;
7401438273;31WN;28103;BARBOSA WORLD BRASS S A;31WN;Contrato Quadro;27-12-2023;Derivados;PRT;
7400824176;00C00H;28403;CAFIMPORT - IMPORTACAO E COMERCIO DE CAFES LDA;00C00H;Contrato Quadro;27-07-2017;Derivados;PRT;
8046491560;33FO;28094;ORGANIZACOES BISCANA - COMERCIO E REPRESENTACOES, SOCIEDADE UNIPESSOAL;33FO;Contrato Quadro;07-04-2017;Derivados;PRT;
8045952232;8X0Q;26341;VILLAFELPOS - COMERCIO E INDUSTRIA TEXTIL, S.A.;8X0Q;Contrato Quadro;27-02-2018;Derivados;PRT;
8022616823;I11R;15698;IBERSOL SGPS SA;I11R;Contrato Quadro;12-07-2017;Derivados;PRT;
7401429730;00OUL0;28632;OVERSEAS SUPERMERCADOS UNIPESSOAL LDA;00OUL0;Contrato Quadro;20-09-2017;Derivados;PRT;
8038882736;R0EJ;04669;RITMOS E BLUES PRODUCOES LIMITADA;CQ_R0EJ;Contrato Quadro;19-02-2018;Derivados;PRT;
5100268473;00JPGL;29101;J.& P.- GEMAS LAPIDADAS LDA;00JPGL;Contrato Quadro;06-09-2018;Derivados;PRT;
8044810648;ZAKB;24903;NAUTISER - CENTRO NAUTICO, PRODUTOS NAUTICOS S.A.;ZAKB;Contrato Quadro;12-12-2017;Derivados;PRT;
7400990828;00P00H;28363;PINTO & CRUZ - TUBAGENS E SISTEMAS, S.A.;00P00H;Contrato Quadro;29-08-2017;Derivados;PRT;
8042227769;00NSL5;29202;IBERLIM - HIGIENE E SUSTENTABILIDADE AMBIENTAL, S.A.;00NSL5;Contrato Quadro;28-09-2016;Derivados;PRT;
7401655241;00QFI1;30468;QUINTA FRIO INTERNACIONAL - COMERCIO DE PRODUTOS ALIMENTARES LDA;00QFI1;Contrato Quadro;23-03-2018;Derivados;PRT;
3511000708;F93I;;AGRO MERCHANTS LISBOA WAREHOUSING S.A.;F93I;Contrato Quadro;22-03-2019;Derivados;PRT;
5100378010;3CDQ;28007;SICORNETE - FIOS E REDES LDA;3CDQ;Contrato Quadro;11-01-2024;Derivados;PRT;
8000659904;DWS7;18799;VEOLIA WATER TREATMENT SOLUTIONS PORTUGAL S A;DWS7;Contrato Quadro;22-03-2018;Derivados;PRT;
2311005260;00P00J;28365;PINTO & CRUZ MOTORES E EQUIPAMENTOS SA;00P00J;Contrato Quadro;29-08-2017;Derivados;PRT;
11407;00H00P;29006;HIDROFER - FABRICA DE ALGODAO HIDROFILO S A;00H00P;Contrato Quadro;16-03-2018;Derivados;PRT;
5100658310;00CSLU;29184;CATALOGNEMANIA SETUBAL LDA;00CSLU;Contrato Quadro;23-01-2018;Derivados;PRT;
8042407814;TPOG;17841;TRANSPORTES PASCOAL, S.A.;TPOG;Contrato Quadro;14-02-2017;Derivados;PRT;
6221024217;6TFH;26981;FERNETO - MAQUINAS E ARTIGOS PARA INDUSTRIA ALIMENTAR S.A.;6TFH;Contrato Quadro;20-01-2017;Derivados;PRT;
1700138444;KMLE;03113;MARMEDSA AGENCIA MARITIMA PORTUGAL SOCIEDAD UNIPESSOAL LDA;KMLE;Contrato Quadro;27-04-2018;Derivados;PRT;
8021762339;00MS1E;28794;MOVITER EQUIPAMENTOS S A;00MS1E;Contrato Quadro;26-09-2017;Derivados;PRT;
5100674067;00DHS4;29187;DULE HOTEL SA;00DHS4;Contrato Quadro;29-10-2015;Derivados;PRT;
5100681260;00CSPY;29195;CORK SUPPLY PORTUGAL 4 ROLHAS TECNICAS S A;00CSPY;Contrato Quadro;28-04-2017;Derivados;PRT;
5100260393;IAH1;;ITAU-INSTITUTO TECNICO DE ALIMENTACAO HUMANA S.A.;00ITDA;Contrato Quadro;30-10-2015;Derivados;PRT;
8008582659;2RJO;28218;STRONG CHARON, SOLUCOES DE SEGURANCA, S.A.;2RJO;Contrato Quadro;01-06-2017;Derivados;PRT;
5100265538;00I00Q;29204;INAUTOM AUTOMACAO LDA;00I00Q;Contrato Quadro;30-04-2020;Derivados;PRT;
5100339893;00O00R;29205;OXIQUIMICA - PRODUTOS QUIMICOS LIMITADA;00O00R;Contrato Quadro;04-05-2018;Derivados;PRT;
8008993969;3A6Y;28044;GRUPO SOUSA INVESTIMENTOS SGPS LDA;3A6Y;Contrato Quadro;28-06-2017;Derivados;PRT;
8021671036;00BL0B;29083;BARROS LDA;00BL0B;Contrato Quadro;11-01-2018;Derivados;PRT;
7400403387;2Q8R;28235;JOINCO IMPORTACAO E EXPORTACAO LDA;2Q8R;Contrato Quadro;19-05-2017;Derivados;PRT;
5100266573;00DB0I;29111;DECORACOES BRANDAO & LOPES, LDA;00DB0I;Contrato Quadro;08-02-2018;Derivados;PRT;
5100527000;00B5S0;29201;BERENIS SOLAR 5 SL;00B5S0;Contrato Quadro;10-01-2019;Derivados;PRT;
7400354545;00GRIC;29229;GAIO REPRESENTACOES IMPORTACAO COMERCIO LDA;00GRIC;Contrato Quadro;22-05-2018;Derivados;PRT;
7401537237;00GL0F;29311;GRAVITYTIGER, LDA;00GL0F;Contrato Quadro;22-05-2018;Derivados;PRT;
8005250093;00S04H;29316;SEMIMETAIS SEMIPRODUTOS DE METAIS LDA;00S04H;Contrato Quadro;08-03-2018;Derivados;PRT;
8005274281;1TPI;25574;PEDROSA & RODRIGUES S.A.;1TPI;Contrato Quadro;14-08-2018;Derivados;PRT;
7401720910;00MU1H;30116;META SOLUCIONES METALICAS INTEGRALES S.L.;00MU1H;Contrato Quadro;20-11-2018;Derivados;PRT;
6221063459;00PDHO;30323;PETASIL-COMERCIO DE CALCADO, LDA.;00PDHO;Contrato Quadro;11-07-2019;Derivados;PRT;
5100648266;00SN7A;30151;SHINING MOON S A R L;00SN7A;Contrato Quadro;09-04-2019;Derivados;PRT;
2100721389;00JREE;;J RIBEIRO DOS SANTOS - TRADING LDA;00JREE;Contrato Quadro;17-08-2018;Derivados;PRT;
5100603947;00RS3P;30101;ARKA EUROPE, S.A.;00RS3P;Contrato Quadro;16-01-2019;Derivados;PRT;
8000078117;QS76;22546;FINANCOR - AGRO - ALIMENTAR, S. A.;QS76;Contrato Quadro;09-08-2024;Derivados;PRT;
5100630653;00P05X;29401;PALMINHA & PALMINHA-CASA AGRICOLA LDA;00P05X;Contrato Quadro;24-06-2019;Derivados;PRT;
5100521244;00PJFU;29377;ECOFORHOUSE UNIPESSOAL LDA;00PJFU;Contrato Quadro;15-01-2019;Derivados;PRT;
1700049649;00CTPW;29689;COPO TEXTIL PORTUGAL S.A.;00CTPW;Contrato Quadro;12-06-2018;Derivados;PRT;
5100511846;00R01Z;29396;RENAGUSHOES - CALÇADOS LDA;00R01Z;Contrato Quadro;08-01-2019;Derivados;PRT;
8039252440;00S04Z;29405;SANIPINA-COMERCIO DE PRODUTOS PARA AGRICULTURA E PECUARIA LDA;00S04Z;Contrato Quadro;31-12-2018;Derivados;PRT;
40512;PC0F;08112;PAVIGRES CERAMICAS S.A.;PC0F;Contrato Quadro;09-07-2018;Derivados;PRT;
5100402011;00VMGI;29407;VITOR MANUEL GONCALVES ALEIXO PAPELARIA LDA;00VMGI;Contrato Quadro;23-01-2019;Derivados;PRT;
8046523343;SLYK;07958;SANICALD-COMERCIO ARTIGOS SANITARIOS, LDA;SLYK;Contrato Quadro;04-04-2008;Derivados;PRT;
12245;GEUS;29582;FLEXIPOL ESPUMAS SINTETICAS S.A;GEUS;Contrato Quadro;12-06-2018;Derivados;PRT;
5100489633;68YT;27109;MEGAFIBROS - MULTISERVICOS TEXTEIS LDA;68YT;Contrato Quadro;11-06-2019;Derivados;PRT;
7400993014;00PL14;30563;PERFILKIT LDA;00PL14;Contrato Quadro;05-04-2019;Derivados;PRT;
2100280005;M0UX;04537;METALOGALVA - IRMAOS SILVA, S.A.;M0UX;Contrato Quadro;05-01-2023;Derivados;PRT;
5100261449;00TPSV;30140;TEXTEIS PENEDO SA;00TPSV;Contrato Quadro;29-01-2019;Derivados;PRT;
7400061800;00SS8E;30642;STORAXINTER, S.A.;00SS8E;Contrato Quadro;03-04-2019;Derivados;PRT;
7401068460;00V01J;29609;VAGUITEC - INDUSTRIA TEXTIL UNIPESSOAL LDA;00V01J;Contrato Quadro;14-05-2018;Derivados;PRT;
7401568675;00FWAS;29953;FERPINTA WEST AFRICA, S.A.;00FWAS;Contrato Quadro;18-10-2019;Derivados;PRT;
5100263733;00AN5H;29392;AUTO MECANICA DO PORTO ALTO LDA;00AN5H;Contrato Quadro;18-04-2019;Derivados;PRT;
5100264836;00EBL2;29351;ESTORES BANDARRA LDA;00EBL2;Contrato Quadro;29-10-2019;Derivados;PRT;
5100429266;00V01B;29435;F. V. RACOES LDA;00V01B;Contrato Quadro;23-04-2019;Derivados;PRT;
5100521194;00QF00;30453;QUINTA FRIO INTERNACIONAL - COMERCIO DE PRODUTOS ALIMENTARES LDA;00QF00;Contrato Quadro;02-02-2018;Derivados;PRT;
7401134019;00PCW7;29831;PLURIMA COMPANHIA DE TRANSACCOES COMERCIAIS S A;00PCW7;Contrato Quadro;15-10-2018;Derivados;PRT;
2100935090;00B03G;29552;BRASMAR - COMERCIO DE PRODUTOS ALIMENTARES S.A.;00B03G;Contrato Quadro;18-12-2023;Derivados;PRT;
5100435674;00D05J;29391;DISTRIVENTE - SUPERMERCADOS, LIMITADA;00D05J;Contrato Quadro;14-08-2019;Derivados;PRT;
5100605371;00GDPK;29368;GELMATOS COMERCIO DE PRODUTOS ALIMENTARES LDA;00GDPK;Contrato Quadro;27-06-2019;Derivados;PRT;
5100596328;00GP13;30615;GLOBAL P - POLIMEROS E ADITIVOS LDA;00GP13;Contrato Quadro;19-07-2019;Derivados;PRT;
1700060841;00ANDN;29697;ALMINA - MINAS DO ALENTEJO, S.A.;00ANDN;Contrato Quadro;21-10-2019;Derivados;PRT;
5100482573;00GM0G;29575;GOMES MACHADO TEXTEIS LDA;00GM0G;Contrato Quadro;03-05-2018;Derivados;PRT;
7400592773;00FVRL;29436;F. V. RACOES LDA;00FVRL;Contrato Quadro;23-04-2019;Derivados;PRT;
5100556091;00ICT5;29378;ISEGORIA CAPITAL, S.A.;00ICT5;Contrato Quadro;01-08-2019;Derivados;PRT;
5100263234;00PL1A;30842;PROMOCOMPO, LDA;00PL1A;Contrato Quadro;03-03-2020;Derivados;PRT;
5100548837;00T3PT;31620;TOP 3 PROJECT SL;00T3PT;Contrato Quadro;14-02-2020;Derivados;PRT;
7401635387;00D1MC;31453;CIN GOVESAN SL;00D1MC;Contrato Quadro;05-12-2019;Derivados;PRT;
9001456985;00E04V;31366;ESPORGEL - PRODUTOS ALIMENTARES LDA;00E04V;Contrato Quadro;11-02-2020;Derivados;PRT;
7401549030;00EPHX;31711;EXPO PACIFICO EPII INVESTIMENTOS IMOBILIARIOS SA;00EPHX;Contrato Quadro;10-03-2020;Derivados;PRT;
7401549031;00EEQB;31712;EXPO ATLANTICO EAII INVESTIMENTOS IMOBILIARIOS SA;00EEQB;Contrato Quadro;10-03-2020;Derivados;PRT;
2100983072;00JS5T;30722;J.C.RIBEIRO, S.A.;00JS5T;Contrato Quadro;09-06-2020;Derivados;PRT;
7401410484;00K023;31538;KEMI - PINE ROSINS PORTUGAL, S.A.;00K023;Contrato Quadro;22-04-2022;Derivados;PRT;
8000538608;00DPH9;30361;DANIEL PROENCA CARVALHO;00DPH9;Contrato Quadro;29-01-2020;Derivados;PRT;
7401559209;00IML0;28351;INSTANTES MODERNOS LDA;00IML0;Contrato Quadro;17-03-2020;Derivados;PRT;
7401548980;00EIEU;31713;EXPO INDICO EIII INVESTIMENTOS IMOBILIARIOS SA;00EIEU;Contrato Quadro;10-03-2020;Derivados;PRT;
8002824529;00C0B2;31062;CAMACHO ENGENHARIA S A;00C0B2;Contrato Quadro;12-01-2023;Derivados;PRT;
5100477272;00GT52;31260;GEVISAR, S.G.P.S., S.A.;00GT52;Contrato Quadro;04-12-2019;Derivados;PRT;
2100953400;00DUXH;33146;COMFORT AND INNOVATIONS - COMERCIO TEXTIL LDA;00DUXH;Contrato Quadro;20-04-2021;Derivados;PRT;
7401411081;4BZL;27572;FRULACT CANADA INC;4BZL;Contrato Quadro;13-01-2021;Derivados;PRT;
5100267091;00RXA2;33161;RESIBRAS-COMPANHIA PORTUGUESA DE RESINAS PARA ABRASIVOS S.A.;00RXA2;Contrato Quadro;16-06-2021;Derivados;PRT;
5100261782;00BHEP;33034;A COSTA E SILVA LDA;00BHEP;Contrato Quadro;27-04-2021;Derivados;PRT;
5100287008;00M0DI;31901;MAPORAL MATADOURO DE PORCO DE RACA ALENTEJANA S A;00M0DI;Contrato Quadro;16-03-2021;Derivados;PRT;
7401646613;00B6BR;31975;AGPMEAT, S.A.;00B6BR;Contrato Quadro;16-03-2021;Derivados;PRT;
5100262663;00UCEI;33087;URPOL - COMERCIO E INDUSTRIA QUIMICA LDA;00UCEI;Contrato Quadro;19-03-2021;Derivados;PRT;
8043154348;2JGI;28293;FASTER - PRODUTOS ALIMENTARES LDA;2JGI;Contrato Quadro;27-11-2020;Derivados;PRT;
7401975349;00GL1E;31823;JHR - SGPS, LDA;00GL1E;Contrato Quadro;27-04-2021;Derivados;PRT;
24337;ZWNM;25298;POLIVOUGA - INDUSTRIA DE PLASTICOS S.A.;ZWNM;Contrato Quadro;30-10-2020;Derivados;PRT;
7400477614;ZEHO;24960;NTT DATA PORTUGAL S.A.;ZEHO;Contrato Quadro;01-02-2022;Derivados;PRT;
7401174450;00LKSU;33379;LISTA DE CONQUISTAS S.A.;00LKSU;Contrato Quadro;24-06-2021;Derivados;PRT;
9002682878;00NVU7;33109;MOLDOESTE-INDUSTRIA DE MOLDES, S.A.;00NVU7;Contrato Quadro;06-04-2021;Derivados;PRT;
8030894336;Q2U5;20643;PEUGAS CARLOS MAIA LIMITADA;Q2U5;Contrato Quadro;24-10-2024;Derivados;PRT;
7400460285;00TL1P;32023;TECNO PAN S A;00TL1P;Contrato Quadro;17-08-2020;Derivados;PRT;
5100500313;00LO10;32022;L M PERFIS INDUSTRIA DE PERFIS E PORTAS S A;00LO10;Contrato Quadro;17-08-2020;Derivados;PRT;
7401297118;005S01;33540;5ENSESINFOOD, S.A.;005S01;Contrato Quadro;27-12-2021;Derivados;PRT;
5100526859;00C0SW;33956;CRAFIL - FIOS E LINHAS TEXTEIS, LIMITADA;00C0SW;Contrato Quadro;08-03-2022;Derivados;PRT;
8038944389;00E35E;33726;DIETIMPORT S.A;00E35E;Contrato Quadro;13-12-2021;Derivados;PRT;
7401909303;00UR06;31345;UNIQUE RUG,UNIPESSOAL,LDA;00UR06;Contrato Quadro;13-07-2022;Derivados;PRT;
1700107844;BOGG;14242;GRUPO BEL, S.A.;BOGG;Contrato Quadro;12-08-2022;Derivados;PRT;
5100671094;00A0K5;33592;AQUAMARINE - EQUIPAMENTOS SANITARIOS LDA;00A0K5;Contrato Quadro;12-04-2022;Derivados;PRT;
7402194615;00TPHX;33656;GREENVOLT NEXT PORTUGAL, LDA.;00TPHX;Contrato Quadro;03-06-2022;Derivados;PRT;
8025931431;00B9AD;32202;AB CHEM S A;00B9AD;Contrato Quadro;21-02-2022;Derivados;PRT;
5100581507;00DYQP;33436;CONESA PORTUGAL, S.A.;00DYQP;Contrato Quadro;17-08-2021;Derivados;PRT;
7401062578;3YFD;27725;COTON COULEUR - EMPRESA TEXTIL, S.A.;3YFD;Contrato Quadro;17-11-2021;Derivados;PRT;
2101820954;00LUL2;33355;LORIB, UNIPESSOAL LDA;00LUL2;Contrato Quadro;03-11-2021;Derivados;PRT;
7402245918;00S2O3;33953;SANINDUSA INDUSTRIA DE SANITARIOS S A;00S2O3;Contrato Quadro;29-12-2021;Derivados;PRT;
1700180120;U02Z;05385;UNIVERSAL MOTORS U.M. - EQUIPAMENTOS ELECTROMECANICOS S.A.;U02Z;Contrato Quadro;17-05-2022;Derivados;PRT;
7402193927;00E5JN;33947;ECOGRES - CERAMICA ECOLOGICA, LDA;00E5JN;Contrato Quadro;02-09-2022;Derivados;PRT;
7401696486;00GQ92;33310;GLOBAL P I I LDA;00GQ92;Contrato Quadro;30-09-2022;Derivados;PRT;
7400427931;00E062;32545;GREENVOLT - ENERGIAS RENOVAVEIS S.A.;00E062;Contrato Quadro;27-05-2022;Derivados;PRT;
9000637989;BXYV;18170;ALVES RIBEIRO S.A.;BXYV;Contrato Quadro;19-04-2022;Derivados;PRT;
8024772253;G4CT;04536;GASCAN, S.A.;G4CT;Contrato Quadro;27-04-2022;Derivados;PRT;
7402129748;00V67E;36180;AVGPSL LDA;00V67E;Contrato Quadro;16-04-2024;Derivados;PRT;
7401498549;00V4YS;36170;IRMADONA SUPERMERCADOS, UNIPESSOAL, LDA.;00V4YS;Contrato Quadro;02-07-2024;Derivados;PRT;
7402283847;00Q19Q;34426;PARTNERS STEALTH, UNIPESSOAL LDA;00Q19Q;Contrato Quadro;06-02-2023;Derivados;PRT;
2100230637;00TZLL;35593;SIMOLDES-PLASTICOS, S.A.;00TZLL;Contrato Quadro;03-08-2023;Derivados;PRT;
7401367490;00JOPJ;30765;JULIANA NATALIA MARTIN DE SOUZA TULIO;00JOPJ;Contrato Quadro;09-01-2025;Derivados;PRT;
7401361062;00GN3C;30766;GABRIELA MARTIN DE SOUZA;00GN3C;Contrato Quadro;09-01-2025;Derivados;PRT;
7402526806;00U9S7;35931;FRULACT SWITZERLAND AG;00U9S7;Contrato Quadro;18-04-2024;Derivados;PRT;
7401061671;00F0EC;34036;FREIRE & PIRES LDA;00F0EC;Contrato Quadro;14-02-2023;Derivados;PRT;
8020841256;4DNO;27558;SILVEX- INDUSTRIA DE PLASTICOS E PAPEIS, S.A.;4DNO;Contrato Quadro;06-06-2023;Derivados;PRT;
7402610604;00I6MB;35720;TAPECARIAS FERREIRA DE SA LDA;00I6MB;Contrato Quadro;12-09-2023;Derivados;PRT;
8006814026;00M0SV;35047;MOLIPOREX - MOLDES PORTUGUESES, IMPORTACAO E EXPORTACAO S.A.;00M0SV;Contrato Quadro;16-03-2023;Derivados;PRT;
5100539492;00QHGZ;35594;PLASTAZE - PLASTICOS DE AZEMEIS S.A.;00QHGZ;Contrato Quadro;03-08-2023;Derivados;PRT;
7402509645;00U9S6;35930;FRULACT USA LLC;00U9S6;Contrato Quadro;18-04-2024;Derivados;PRT;
7402526825;00U9S5;35932;FRULACT GERMANY GMBH;00U9S5;Contrato Quadro;18-04-2024;Derivados;PRT;
7402030542;00J6AU;35719;MADEIRA SKYPARK ADVENTURE - ATIVIDADES TURISTICAS, LDA;00J6AU;Contrato Quadro;19-10-2023;Derivados;PRT;
8039091145;00M0A2;30803;MOTRINDE - MONTAGENS TECNICAS E REPARACOES INDUSTRIAIS S.A.;00M0A2;Contrato Quadro;16-10-2023;Derivados;PRT;
8046558921;YDIK;24619;ANTONIO N. NOBREGA II - INDUSTRIA E COMERCIO ALIMENTAR SA;YDIK;Contrato Quadro;22-04-2024;Derivados;PRT;
8026190176;00BU4R;33601;AXIANSEU II DIGITAL CONSULTING, S.A;00BU4R;Contrato Quadro;10-03-2023;Derivados;PRT;
5100643414;00SXV8;33163;STEAMPOWER SOLUCOES ENERGETICAS S A;00SXV8;Contrato Quadro;29-03-2023;Derivados;PRT;
2661006349;DEF0;02530;DEIBAR - MAQUINAS E FERRAMENTAS, UNIPESSOAL LDA;DEF0;Contrato Quadro;30-09-2022;Derivados;PRT;
7401009653;00P8L4;35334;MARCO GOMES FERREIRA, UNIPESSOAL LDA;00P8L4;Contrato Quadro;30-06-2023;Derivados;PRT;
7400562420;00IKF6;35662;AQUECINOX, LIMITADA;00IKF6;Contrato Quadro;03-08-2023;Derivados;PRT;
;JMK4;01172;J MARTINS CA,LDA;CQ_BSP_JMK4;Contrato Quadro;18-11-2004;Derivados;PRT;
8028766442;POOP;00960;REN PORTGAS DISTRIBUICAO S.A.;CQ_BSP_POOP;Contrato Quadro;07-07-2003;Derivados;PRT;
3381005684;SSLR;01279;SIFUCEL - SILICAS SA;CQ_BSP_SSLR;Contrato Quadro;02-11-2004;Derivados;PRT;
8001876935;PIDJ;02474;PISOMOVEL - SOCIEDADE INDUSTRIAL DE MOVEIS, LDA;CQ_BSP_PIDJ;Contrato Quadro;08-06-2005;Derivados;PRT;
8000919963;SPPA;02496;SERRALHARIA PROGRESSO PIEDENSE LDA;CQ_BSP_SPPA;Contrato Quadro;08-06-2005;Derivados;PRT;
8046478655;VEHA;02508;VARANDOTEIS GESTAO DE ESTABELECIMENTOS HOTELEIROS SA;CQ_BSP_VEHA;Contrato Quadro;18-05-2005;Derivados;PRT;
10441;LAOP;01967;LEICA APARELHOS OPTICOS DE PRECISAO SA;CQ_BSP_LAOP;Contrato Quadro;25-01-2005;Derivados;PRT;
2100298299;DILD;02015;DX 4 - INFORMATICA, LDA;CQ_BSP_DILD;Contrato Quadro;01-02-2005;Derivados;PRT;
9000670169;SIEF;02190;SANOCAL IMPORTACAO E EXPORTACAO LDA, AVEIRO;CQ_BSP_SIEF;Contrato Quadro;03-03-2005;Derivados;PRT;
8045488771;CIPD;02198;CONTIFORME II-IND PAPEL CONTINUO E FORMULARIOS SA;CQ_BSP_CIPD;Contrato Quadro;11-05-2006;Derivados;PRT;
3531009524;GXSS;02203;ESPACO 32 - PROPRIEDADES LDA;CQ_BSP_GXSS;Contrato Quadro;07-02-2005;Derivados;PRT;
8028393662;JFSR;02263;JANEIRO & FONSECA S.A. S.A.;CQ_BSP_JFSR;Contrato Quadro;09-06-2006;Derivados;PRT;
8008872455;AYLL;02282;ALVES & LEITE SA;CQ_BSP_AYLL;Contrato Quadro;08-01-2007;Derivados;PRT;
8008187369;FBPA;02309;FABRICA DE PAPEIS CUNHAS LDA;CQ_BSP_FBPA;Contrato Quadro;09-05-2005;Derivados;PRT;
8007178798;GS0L;03571;GRAFICA S MIGUEL LDA;CQ_BSP_GS0L;Contrato Quadro;16-05-2006;Derivados;PRT;
5100406908;PB06;03574;AGUAS DE GAIA EM S A;CQ_BSP_PB06;Contrato Quadro;11-05-2006;Derivados;PRT;
8040183120;VEI0;03267;VITALFLEX - COMERCIO E INDUSTRIA TEXTIL, LDA;CQ_BSP_VEI0;Contrato Quadro;23-02-2006;Derivados;PRT;
8046422033;J00D;03465;J.B. VELUDO ( HERDEIROS ), LDA;CQ_BSP_J00D;Contrato Quadro;31-05-2006;Derivados;PRT;
9002204702;CMNL;03587;CONSTRUCOES MUNDO NOVO LDA;CQ_BSP_CMNL1;Contrato Quadro;02-06-2006;Derivados;PRT;
8046284414;MIIL;03374;MULTIGANDRA - INVESTIMENTOS IMOBILIARIOS, LDA.;CQ_BSP_MIIL;Contrato Quadro;09-03-2006;Derivados;PRT;
7400009767;SOB0;03644;SERRALHARIA O BOTA - UNIPESSOAL LDA;CQ_BSP_SOB0;Contrato Quadro;23-05-2006;Derivados;PRT;
8000783032;T000;03249;SOVIAL SOCIEDADE DE VIATURAS DE ALUGUER UNIPESSOAL LDA;CQ_BSP_T000;Contrato Quadro;21-04-2006;Derivados;PRT;
7400177134;JGUL;03485;JOAQUIM GODINHO, UNIPESSOAL LDA;CQ_BSP_JGUL;Contrato Quadro;02-05-2006;Derivados;PRT;
8006170275;NCCM;02977;MADEIRO PLACA-SOCIEDADE COMERCIAL DE AGLOMERADOS DE MADEIRA, LDA;CQ_BSP_NCCM;Contrato Quadro;27-10-2005;Derivados;PRT;
8008500620;MMBL;02996;MARLINO MARMORES,LDA;CQ_BSP_MMBL;Contrato Quadro;29-12-2005;Derivados;PRT;
8023657561;4C0I;27570;LUSOMOTOS- VEICULOS E ACESSORIO, SA;4C0I;Contrato Quadro;24-09-2024;Derivados;PRT;
7400226941;00W9QR;36259;VERDELAGO SOCIEDADE IMOBILIARIA S A;00W9QR;Contrato Quadro;26-07-2024;Derivados;PRT;
9001665575;SCVM;03001;SOCIEDADE DE CONSTRUCOES V B L LDA;CQ_BSP_SCVM;Contrato Quadro;21-11-2005;Derivados;PRT;
8008037244;RNSJ;03025;RAINHO & NEVES LDA;CQ_BSP_RNSJ;Contrato Quadro;06-12-2005;Derivados;PRT;
3461000405;RIEN;03049;REVILLA INTERNACIONAL SOCIEDADE IMOBILIARIA LDA;CQ_BSP_RIEN;Contrato Quadro;21-01-2014;Derivados;PRT;
8046590245;JTDC;03060;J& TRIGO DA COSTA LDA EM LIQUIDACAO;CQ_BSP_JTDC;Contrato Quadro;11-01-2006;Derivados;PRT;
8021512384;BMNB;03073;A. BRITO - MOBILIARIO S.A.;CQ_BSP_BMNB;Contrato Quadro;09-01-2006;Derivados;PRT;
0000017282;AVNF;03088;ACA CONFECCOES LDA;CQ_BSP_AVNF;Contrato Quadro;07-03-2006;Derivados;PRT;
7400132025;SCVP;03098;SCARVALHO & VARELA UNIPESSOAL LDA;CQ_BSP_SCVP;Contrato Quadro;15-12-2005;Derivados;PRT;
8006634103;MAOB;03107;MALAQUIAS - DISTRIBUICAO ALIMENTAR, LIMITADA;CQ_BSP_MAOB;Contrato Quadro;10-01-2006;Derivados;PRT;
7400235005;FL1C;05379;FACEWARE-DISTRIBUICAO, LDA.;CQ_BSP_FL1C;Contrato Quadro;21-08-2007;Derivados;PRT;
2100798905;S1UY;05419;SERVICANOS CANALIZACOES, LDA;CQ_BSP_S1UY;Contrato Quadro;09-10-2007;Derivados;PRT;
2681006096;FS93;05491;F. SA & CAMILO, LDA;CQ_BSP_FS93;Contrato Quadro;21-08-2007;Derivados;PRT;
7400193985;L097;05608;LALINENSE CONSTRUCOES UNIPESSOAL LDA;CQ_BSP_L097;Contrato Quadro;04-09-2007;Derivados;PRT;
7400291968;SM40;05457;SUPERMUSICA MARKETING AGENCIAMENTO PRODUCAO EVENTOS UNIPESSOAL LDA;CQ_BSP_SM40;Contrato Quadro;14-09-2007;Derivados;PRT;
9000794424;CZF2;05495;CARLOS FREIRE SANTOS;CQ_BSP_CZF2;Contrato Quadro;28-09-2007;Derivados;PRT;
5100387591;B2E3;05464;ANTONIO FERREIRA PIMENTA LDA;CQ_BSP_B2E3;Contrato Quadro;22-08-2007;Derivados;PRT;
8030860211;P0WB;05542;PREDIPOSTA - CONSTRUCOES LDA;CQ_BSP_P0WB;Contrato Quadro;23-08-2007;Derivados;PRT;
5100545314;FM25;05533;FORMAR MATERIAS CAIXAS DE CARTAO LDA;CQ_BSP_FM25;Contrato Quadro;13-08-2007;Derivados;PRT;
2360008878;C2US;05537;COGERVIS - ENGENHARIA, COMERCIO E REALIZACOES, LDA;CQ_BSP_C2US;Contrato Quadro;08-10-2007;Derivados;PRT;
8028283935;TMNZ;05524;TECNOMEDICA-EQUIPAMENTOS MEDICOS LDA.;CQ_BSP_TMNZ;Contrato Quadro;23-11-2007;Derivados;PRT;
9002463244;G4WH;06467;GASOFARM - COMERCIO DE COMBUSTIVEIS,LDA;CQ_BSP_G4WH;Contrato Quadro;08-01-2008;Derivados;PRT;
8043072319;NTBP;06634;MANUEL MOREIRA DA COSTA SUCATAS, LDA;CQ_BSP_NTBP;Contrato Quadro;05-03-2008;Derivados;PRT;
7400347992;NTBS;06641;MOLECULA IMOBILIARIA SA;CQ_BSP_NTBS;Contrato Quadro;28-01-2008;Derivados;PRT;
7400371708;S265;06730;SOCIEDADE AGRICOLA DA FOZ E FRONTEIRA, LDA;CQ_BSP_S265;Contrato Quadro;22-01-2008;Derivados;PRT;
1700048807;D2O7;06791;CORTICEIRA LUIS VALERIO LDA;CQ_BSP_D2O7;Contrato Quadro;10-03-2008;Derivados;PRT;
59667;C1ZD;04606;CASTRO E FILHOS S A;CQ_BSP_C1ZD;Contrato Quadro;30-01-2008;Derivados;PRT;
5100687633;00ZF6D;36943;REALTEJO HOTELARIA E TURISMO S A;00ZF6D;Contrato Quadro;03-02-2025;Derivados;PRT;
7403020555;00ZS9J;37015;DUALBLOCO II S A;00ZS9J;Contrato Quadro;14-02-2025;Derivados;PRT;
7401577628;00YDA9;36693;PARICHIADO LDA;00YDA9;Contrato Quadro;20-12-2024;Derivados;PRT;
7400098947;M1KY;05567;MAQ3R - PRODUCAO E COMERCIALIZACAO DE MAQUINAS LDA;CQ_BSP_M1KY;Contrato Quadro;21-09-2007;Derivados;PRT;
7400220801;CDOI;03570;CONCHA DE OURO IMOBILIARIA S.A;CQ_BSP_CDOI;Contrato Quadro;01-06-2006;Derivados;PRT;
8021759018;AMM7;03342;ANTONIO MARTINEZ-MODA,LDA;CQ_BSP_AMM7;Contrato Quadro;15-03-2006;Derivados;PRT;
8046373197;A30N;05686;ARQUI300 VISUALIZACAO E ANIMACAO GRAFICA LDA;CQ_BSP_A30N;Contrato Quadro;21-09-2007;Derivados;PRT;
13038;FM0Z;04316;FARIA MACEDO & COMPANHIA LDA;CQ_BSP_FM0Z;Contrato Quadro;28-12-2006;Derivados;PRT;
8030684007;D06O;04330;CTED-CENTRO TECN.ESTETICA DENTARIA,LDA;CQ_BSP_D06O;Contrato Quadro;18-12-2006;Derivados;PRT;
8024406509;C2X6;05755;CONSTRUVIGO - URBANIZACAO E CONSTRUCAO LDA;CQ_BSP_C2X6;Contrato Quadro;24-10-2007;Derivados;PRT;
8002857894;D0JZ;05791;CUROCA-COM.MAT.CONSTRUCAO SUL,LDA;CQ_BSP_D0JZ;Contrato Quadro;25-10-2007;Derivados;PRT;
7400242251;FC2N;04450;FARMACIA CONFIANCA DAMAIA LDA;CQ_BSP_FC2N;Contrato Quadro;17-04-2007;Derivados;PRT;
8004693116;T09N;04439;TABOLIVA-SOCIEDADE DE CONSTRUCOES LDA;CQ_BSP_T09N;Contrato Quadro;02-02-2007;Derivados;PRT;
8015464454;V0FY;05889;VANIBRU - COMERCIO DE PRODUTOS ALIMENTARES, LDA;CQ_BSP_V0FY;Contrato Quadro;20-11-2007;Derivados;PRT;
7400241189;LFZ4;05895;L.S.N. COR- COMERCIO DE TINTAS E DERIVADOS UNIPESSOAL LDA;CQ_BSP_LFZ4;Contrato Quadro;22-10-2007;Derivados;PRT;
7400392912;DT2O;05907;DISTRIPRAIA - SUPERMERCADOS LDA;CQ_BSP_DT2O;Contrato Quadro;25-10-2007;Derivados;PRT;
7400359018;S1ZT;05882;SOTRAPEX - TRANSPORTES RODOVIARIOS EXPORTACAO IMPORTACAO CEREAIS LDA;CQ_BSP_S1ZT;Contrato Quadro;29-10-2007;Derivados;PRT;
8046333028;USCJ;05916;ULTIMO SECULO CONFECCOES CALCADO UNIP LDA;CQ_BSP_USCJ;Contrato Quadro;25-10-2007;Derivados;PRT;
7400121252;CJK6;04529;CENTRO DIAGNOSTICO VETERINARIO DE S ROQUE LDA;CQ_BSP_CJK6;Contrato Quadro;11-07-2007;Derivados;PRT;
1700075592;G4CX;04550;GOLDREAMS COMERCIO DE METAIS PRECIOSOS, LDA;CQ_BSP_G4CX;Contrato Quadro;07-02-2007;Derivados;PRT;
8009312809;FE2G;04559;FABRICA MEIAS MARBI,LDA;CQ_BSP_FE2G;Contrato Quadro;18-01-2007;Derivados;PRT;
9002237765;D1JT;06112;CONSTRUCOES CORREIA SILVA LDA;CQ_BSP_D1JT;Contrato Quadro;29-11-2007;Derivados;PRT;
7400204527;A36W;06113;ARTEOCEANICA - SOC.PROM.IMOB. LDA;CQ_BSP_A36W;Contrato Quadro;18-01-2008;Derivados;PRT;
7400227002;PHLX;06127;PETEREMP CONSTRUCOES, LDA;CQ_BSP_PHLX;Contrato Quadro;31-01-2008;Derivados;PRT;
7400372024;RS95;06310;RUI RIBEIRO SOCIEDADE DE GESTAO IMOBILIARIA SA;CQ_BSP_RS95;Contrato Quadro;22-01-2008;Derivados;PRT;
8037119358;NRTY;06292;NORDIVI-MONTAGEM DE ESTRUTURAS DECORATIVAS, LDA;CQ_BSP_NRTY;Contrato Quadro;28-12-2007;Derivados;PRT;
9000657853;N1XX;04721;MARQUES BRANDAO & ISIDORO - SOCIEDADE IMOBILIARIA, LDA;CQ_BSP_N1XX;Contrato Quadro;30-03-2007;Derivados;PRT;
8006609455;GPAW;04753;GALAXIPECAS - SOCIEDADE COMERCIO DE PECAS E ACESSORIOS, LDA;CQ_BSP_GPAW;Contrato Quadro;15-03-2007;Derivados;PRT;
8041852036;RZP0;04750;RESTAURANTE ZE PATACO,LDA;CQ_BSP_RZP0;Contrato Quadro;12-03-2007;Derivados;PRT;
8046547255;MGII;02699;MOBISER - SOC.GESTAO E INVESTIMENTO IMOBILIARIO S.A. S.A.;CQ_BSP_MGII;Contrato Quadro;05-12-2005;Derivados;PRT;
8001377748;NPMH;02722;NARCISO PEREIRA MENDES,HERDS.,LDA;CQ_BSP_NPMH;Contrato Quadro;03-08-2004;Derivados;PRT;
2711001942;SRDT;03147;SUCATAS REAL DE SILVA & CRUZ LDA;CQ_BSP_SRDT;Contrato Quadro;03-04-2006;Derivados;PRT;
2100713405;FPIM;01037;FRANCAIRES PROMOCAO IMOBILIARIA SA;CQ_BSP_FPIM;Contrato Quadro;15-11-2004;Derivados;PRT;
9002580376;LCFM;02761;L. CARDOSO & F. MELO, LDA;CQ_BSP_LCFM;Contrato Quadro;25-08-2005;Derivados;PRT;
8046306862;AA7V;04834;ANTONIO AGOSTINHO SOUSA UNIPESSOAL LDA;CQ_BSP_AA7V;Contrato Quadro;02-04-2007;Derivados;PRT;
8018623658;DCMV;00732;CAMPOS & COSTA, LDA;CQ_BSP_DCMV;Contrato Quadro;09-10-2013;Derivados;PRT;
8008331481;SP07;00769;SOUSA PEDRO - PROJECTOS E GESTAO DE INSTALACOES TECNICAS S.A.;CQ_BSP_SP07;Contrato Quadro;14-09-2004;Derivados;PRT;
8001479960;CGEI;00804;COSTA & GARCIA-EQUIPAMENTOS IND. SA;CQ_BSP_CGEI;Contrato Quadro;05-12-2005;Derivados;PRT;
;SVS3;00448;SOGRAPE-VINHOS,SA (USE S2L2);CQ_BSP_SVS3;Contrato Quadro;14-10-2005;Derivados;PRT;
;P04J;00456;PAULIBEL COMERCIO DE FLORES E PLANTAS ARTIFICIAIS LDA;CQ_BSP_P04J;Contrato Quadro;19-08-2003;Derivados;PRT;
3961000503;NLOI;00464;NOVADELTA-COMERCIO E INDUSTRIA DE CAFES, S.A.;CQ_BSP_NLOI;Contrato Quadro;15-07-2004;Derivados;PRT;
6221036262;IP0A;01541;IBEROALPLA PORTUGAL - EMBALAGENS PLASTICAS, UNIPESSOAL LDA;CQ_BSP_IP0A;Contrato Quadro;06-09-2017;Derivados;PRT;
8008738003;01YP;01653;GRASIL - CONFECCOES S.A.;CQ_BSP_01YP;Contrato Quadro;28-12-2005;Derivados;PRT;
2100581357;FDCM;01689;FABRICA CALCADO MELITOS,LDA;CQ_BSP_FDCM;Contrato Quadro;01-02-2005;Derivados;PRT;
;VA0B;01742;VIAGENS ABREU SA;CQ_BSP_VA0B;Contrato Quadro;21-01-2004;Derivados;PRT;
116211;VDC1;01328;VIATEL - TECNOLOGIA DE COMUNICACOES S.A.;CQ_BSP_VDC1;Contrato Quadro;23-02-2006;Derivados;PRT;
9000765191;PN41;04888;PAVIMETAL-PRODUTOS METALICOS, LDA;CQ_BSP_PN41;Contrato Quadro;19-04-2007;Derivados;PRT;
8038063441;GB1T;04892;GRAFIBEIRA-TIPOGRAFIA ARTES GRAFICAS LDA;CQ_BSP_GB1T;Contrato Quadro;18-04-2007;Derivados;PRT;
3921003830;CPCB;02225;CARTARIO PINTO CONSTRUCOES SA;CQ_BSP_CPCB;Contrato Quadro;10-02-2005;Derivados;PRT;
8046322112;I01Y;01112;ICC-IMPORTACAO E COMERCIO DE CARVOES, LDA;CQ_BSP_I01Y;Contrato Quadro;18-12-2017;Derivados;PRT;
8045736845;MTLQ;01125;MATEMA TEXTEIS LDA;CQ_BSP_MTLQ;Contrato Quadro;03-06-2015;Derivados;PRT;
8006889944;TES0;01145;TEXTEIS EVARISTO SAMPAIO, SA;CQ_BSP_TES0;Contrato Quadro;26-11-2004;Derivados;PRT;
7400308725;SRID;04984;S.R.J. - SOCIEDADE REPRESENTACOES, IMPORTACAO, DISTRIBUICAO, LDA;CQ_BSP_SRID;Contrato Quadro;23-05-2007;Derivados;PRT;
8045241005;RT2C;04987;RAMIRO S. MELO, LDA;CQ_BSP_RT2C;Contrato Quadro;22-05-2007;Derivados;PRT;
8045737734;JMV8;03694;JOSE MARQUES SIMPLICIO LDA;CQ_BSP_JMV8;Contrato Quadro;21-06-2006;Derivados;PRT;
2100724508;API3;03820;FOYSTAND LDA;CQ_BSP_API3;Contrato Quadro;28-09-2006;Derivados;PRT;
8023446550;P05X;03855;PORTICO-GABINETE ENGENHARIA,LDA;CQ_BSP_P05X;Contrato Quadro;14-07-2006;Derivados;PRT;
7400062311;AMQM;03831;A MINHA FARMACIA LDA;CQ_BSP_AMQM;Contrato Quadro;12-07-2006;Derivados;PRT;
8045017713;L015;03864;LOPES & FILHOS,LDA;CQ_BSP_L015;Contrato Quadro;26-07-2006;Derivados;PRT;
8022228861;AMFN;01124;ANTONIO MANUEL FERREIRA NUNES LDA;CQ_BSP_AMFN;Contrato Quadro;18-12-2001;Derivados;PRT;
8043571178;GMQN;05097;GONDODIGITAL-COMERCIO MATERIAL ELECTRONICO UNIPESSOAL LDA;CQ_BSP_GMQN;Contrato Quadro;14-06-2007;Derivados;PRT;
9001498597;LG3D;05081;LITOVISAO-SOC GRAFICA,LDA;CQ_BSP_LG3D;Contrato Quadro;28-05-2007;Derivados;PRT;
9000676162;EM2I;05104;ELECTRO MEDEIROS LDA;CQ_BSP_EM2I;Contrato Quadro;26-06-2007;Derivados;PRT;
8038621576;A26N;05056;ARMANDO & FILHOS LDA;CQ_BSP_A26N;Contrato Quadro;11-09-2007;Derivados;PRT;
8009653169;TLML;03659;CARNES LM- TRANSFORMACAO E COMERCIALIZACAO DE CARNES ,S.A.;CQ_BSP_TLML;Contrato Quadro;22-05-2006;Derivados;PRT;
1700077306;CCIH;02216;COSMOTUR COMERCIO INDUSTRIA DE HOTELARIA VIAGENS E TURISMO LDA;CQ_BSP_CCIH;Contrato Quadro;30-08-2006;Derivados;PRT;
9002684747;M076;03951;MADEILONGO COMERCIO DE MADEIRAS LDA;CQ_BSP_M076;Contrato Quadro;12-09-2006;Derivados;PRT;
2671004461;MC14;03952;MAR CLARO - INVEST.TURISTICOS E IMOBILIARIOS,LDA;CQ_BSP_MC14;Contrato Quadro;25-07-2006;Derivados;PRT;
9002432399;CSX0;03970;CHINA SECULO XXI-IMPORTACAO E EXPORTACAO,LDA.;CQ_BSP_CSX0;Contrato Quadro;18-08-2006;Derivados;PRT;
8029599235;I03Z;03971;IMOSOUDOS-CONST CIVIL E OBRAS PUBLICAS SA;CQ_BSP_I03Z;Contrato Quadro;08-11-2007;Derivados;PRT;
9002042053;J07P;05190;JESUS & BANON-PROJECTOS E SERVICOS DE TELECOMUNICACOES LDA;CQ_BSP_J07P;Contrato Quadro;09-08-2007;Derivados;PRT;
8025397437;CJL1;03547;CHASCO JEANS LDA;CQ_BSP_CJL1;Contrato Quadro;11-05-2006;Derivados;PRT;
7400116464;NIMY;05221;MAR NATIVO - COMERCIO COMBUSTIVEIS, LDA;CQ_BSP_NIMY;Contrato Quadro;29-06-2007;Derivados;PRT;
8027605876;MGMJ;04065;MEBRA - COMERCIO POR GROSSO DE METAIS E ACESSORIOS DE BRAGA, S.A.;CQ_BSP_MGMJ;Contrato Quadro;22-09-2006;Derivados;PRT;
8035704320;MRRK;03003;METALURGICA RIBEIRENSE LDA;CQ_BSP_MRRK;Contrato Quadro;11-12-2007;Derivados;PRT;
8045951768;AMED;03004;ALURIBER ESTRUTURAS METALICAS CAIXILHARIAS LDA;CQ_BSP_AMED;Contrato Quadro;11-12-2007;Derivados;PRT;
9001689291;I06Y;04085;INOVACIL-SOC CONSTRUCOES LDA;CQ_BSP_I06Y;Contrato Quadro;29-09-2006;Derivados;PRT;
2100237536;OLA5;05329;O LAMPIAO MOVEIS E ARTEFACTOS, LDA;CQ_BSP_OLA5;Contrato Quadro;13-08-2007;Derivados;PRT;
2100895880;A1I5;04185;ALUNIK - WORLD SYSTEM ALUMINIUM, LDA;CQ_BSP_A1I5;Contrato Quadro;27-12-2006;Derivados;PRT;
8027795409;OOS2;04214;PROFIAL - PROFISSIONAIS DE ALUMINIO S.A.;CQ_BSP_OOS2;Contrato Quadro;12-12-2006;Derivados;PRT;
8038013371;MBD9;04209;MARL-MERCADO ABASTECEDOR DA REGIAO DE LISBOA, S.A.;CQ_BSP_MBD9;Contrato Quadro;16-11-2006;Derivados;PRT;
1700121974;TMUA;01039;TURISMADEIRA-CONSTRUCAO CIVIL PROMOCAO E EXPL. EMPREENDIM. TURIST. LDA;CQ_BSP_TMUA;Contrato Quadro;20-04-2007;Derivados;PRT;
8046132078;MOFE;04217;MOINHO DA ALAGOA-PRODUCAO AGRICOLA, LDA.;CQ_BSP_MOFE;Contrato Quadro;15-12-2006;Derivados;PRT;
16602;VEMV;00452;VILARTEX EMPRESA DE MALHAS VILARINHO LDA;CQ_BSP_VEMV;Contrato Quadro;30-10-2014;Derivados;PRT;
7400038503;RS7N;05639;R. SANTOS & S. GASPAR, LDA;CQ_BSP_RS7N;Contrato Quadro;31-10-2007;Derivados;PRT;
7400195323;PP2M;07226;PREDI PROGRESSO LDA;CQ_BSP_PP2M;Contrato Quadro;10-03-2008;Derivados;PRT;
19561;KDYJ;07264;J.BAPTISTA & CA LDA;CQ_BSP_KDYJ;Contrato Quadro;28-03-2008;Derivados;PRT;
7400255840;FUL2;07271;FARIAGAS UNIPESSOAL LDA;CQ_BSP_FUL2;Contrato Quadro;25-02-2008;Derivados;PRT;
8043729576;GL1G;07283;GEOCANTARIAS LDA;CQ_BSP_GL1G;Contrato Quadro;29-02-2008;Derivados;PRT;
1700042331;S0AK;07332;SOCIEDADE CONSTRUCOES AZUIL FERREIRA E IRMAO LDA;CQ_BSP_S0AK;Contrato Quadro;15-04-2008;Derivados;PRT;
8006434711;TJFA;02631;TEXTEIS J F ALMEIDA SA;CQ_BSP_TJFA;Contrato Quadro;06-04-2017;Derivados;PRT;
7400210086;RMQF;07307;RITA MACHADO DA ROSA COSTA E SILVA, UNIPESSOAL, LDA.;CQ_BSP_RMQF;Contrato Quadro;28-03-2008;Derivados;PRT;
5100374303;DJML;07518;DANIEL JOSE MORAIS S.A.;CQ_BSP_DJML;Contrato Quadro;20-03-2008;Derivados;PRT;
7400136881;FLLD;07441;FRIULI LAVANDARIAS LDA;CQ_BSP_FLLD;Contrato Quadro;27-03-2008;Derivados;PRT;
8046558666;LHZQ;07478;LUIS ALBERTO M. PINHEIRO, LDA.;CQ_BSP_LHZQ;Contrato Quadro;27-03-2008;Derivados;PRT;
;T01D;03704;TAVARES & FARIA TAVARES, FERAGENS E FERRAMENTAS, LDA;CQ_BSP_T01D;Contrato Quadro;16-05-2008;Derivados;PRT;
8022852002;MIAL;00043;HSBC BANK PLC;IS_BSP_MIAL;ISDA;25-07-2018;Derivados;GBR;
8004716890;SIAE;01119;SATA AIR ACORES - SOC. ACORIANA TRANSP. AEREOS, SA;IS_BSP_SIAE;ISDA;28-02-2014;Derivados;GBR;
8001519853;5PTP;00788;PETROGAL SA;IS_BSP_5PTP;ISDA;01-07-2003;Derivados;GBR;
;JDN0;01676;JOSE DE MELLO SGPS;IS_BSP_JDN0;ISDA;31-07-2006;Derivados;GBR;
;C09Q;;CAMBERTON CORPORATION LIMITED (Usar 52CC);IS_BSP_C09Q;ISDA;25-06-2003;Derivados;GBR;
8000049245;CDFP;01161;CP COMBOIOS DE PORTUGAL EPE;IS_BSP_CDFP;ISDA;02-04-2004;Derivados;GBR;
8000049439;5EDP;01104;EDP S.A.;IS_BSP_5EDP;ISDA;07-02-2014;Derivados;GBR;
8032669642;GSE3;00959;LISBOAGAS-GDL SOCIEDADE DISTRIBUIDORA DE GAS NATURAL DE LISBOA S.A.;IS_BSP_GSE3;ISDA;08-10-2003;Derivados;GBR;
8045584954;POTE;00977;PHAROL SGPS SA;IS_BSP_POTE;ISDA;30-03-2001;Derivados;GBR;
8046376909;028U;01220;JOSE MELLO INVESTIMENTOS SGPS SA;IS_BSP_028U;ISDA;08-03-2006;Derivados;GBR;
8046396704;F0IY;03771;KINTO PORTUGAL S.A.;IS_BSP_F0IY;ISDA;31-07-2015;Derivados;GBR;
8003917084;AF0M;01840;ANA AEROPORTOS DE PORTUGAL SA;IS_BSP_AF0M;ISDA;28-06-2006;Derivados;GBR;
8000775813;5UUC;01491;SUPER BOCK GROUP, SGPS, S.A.;IS_BSP_5UUC;ISDA;05-02-2007;Derivados;GBR;
7400025698;M05O;03770;MPE - MADEIRA PARQUES EMPRESARIAIS - SOCIEDADE GESTORA S.A.;IS_BSP_M05O;ISDA;13-06-2006;Derivados;GBR;
2100676220;S083;03774;S D N M SOCIEDADE DE DESENVOLVIMENTO DO NORTE DA MADEIRA S A;IS_BSP_S083;ISDA;13-06-2006;Derivados;GBR;
2100622151;S084;03775;PONTA DO OESTE - SOCIEDADE DE PROMOCAO E DESENVOLVIMENTO DA ZONA OESTE;IS_BSP_S084;ISDA;13-06-2007;Derivados;GBR;
2100657305;S082;03772;SOCIEDADE DE DESENVOLVIMENTO DO PORTO SANTO S.A.;IS_BSP_S082;ISDA;13-06-2006;Derivados;GBR;
2100919926;S085;03776;SOCIEDADE METROPOLITANA DE DESENVOLVIMENTO S.A.;IS_BSP_S085;ISDA;13-06-2006;Derivados;GBR;
;BSNE;00048;BANCO SANTANDER SA;IS_BSP_BSNE;ISDA;20-03-2017;Derivados;GBR;
8045502287;BSNP;00435;BANCO SANTANDER DE NEGOCIOS;IS_BSP_BSNP;ISDA;17-06-1998;Derivados;GBR;
8000176012;BBVD;00393;BANCO BILBAO VIZCAYA ARGENTARIA SA;IS_BSP_BBVD;ISDA;15-10-2008;Derivados;GBR;
;CSG7;;CREDIT S. FIRST BOSTON    LONDON;IS_BSP_CSG7;ISDA;13-11-1990;Derivados;GBR;
8000038995;C090;01343;COMPANHIA CARRIS DE FERRO DE LISBOA, E.M., S.A.;IS_BSP_C090;ISDA;05-09-2017;Derivados;GBR;
8000384034;DRBF;00257;COMMERZBANK AG. FRANKFURT;IS_BSP_DRBF;ISDA;06-03-1995;Derivados;GBR;
1700163034;P19V;09496;PLANOTIR - OPERADORES DE TRANSPORTES LDA;P19V;ISDA;05-11-2008;Derivados;GBR;
9001434541;T01Z;03898;TRANSPERA-TRANSPORTES LDA;T01Z;ISDA;24-07-2008;Derivados;GBR;
5100269539;T0EY;08918;TRANSPRISMA TRANSPORTES LDA;T0EY;ISDA;09-07-2008;Derivados;GBR;
8005969452;A3WX;09240;ALEXANDRE BARBOSA BORGES, S.A.;A3WX;ISDA;07-08-2008;Derivados;GBR;
8004682696;M210;08642;ELEVOLUTION - ENGENHARIA S.A.;M210;ISDA;11-07-2008;Derivados;GBR;
1700096838;A3V8;08954;AMBIMED - GESTAO AMBIENTAL LIMITADA;A3V8;ISDA;31-07-2008;Derivados;GBR;
8007583840;TCCQ;05005;TRANSPORTES CENTRAIS CASTELO PAIVA,LDA;TCCQ;ISDA;07-07-2008;Derivados;GBR;
5100460771;TJMM;06151;TRANSPORTES J MORAIS SA;TJMM;ISDA;28-07-2008;Derivados;GBR;
8021383845;PCWX;01552;PORCELANAS COSTA VERDE S.A.;PCWX;ISDA;18-06-2008;Derivados;GBR;
8040247546;TM24;08901;TRANSPORTES MONTEIROS,LDA;TM24;ISDA;20-08-2008;Derivados;GBR;
8001332171;CH2C;08175;CONDURIL ENGENHARIA S A;CH2C;ISDA;27-10-2008;Derivados;GBR;
8002258895;AFCH;02718;A FORNECEDORA A CAMPOS FONSECA & COSTA SA;AFCH;ISDA;01-07-2008;Derivados;GBR;
1700019026;L04Q;04352;LEAL E SOARES SA;L04Q;ISDA;10-09-2008;Derivados;GBR;
7400375763;RUCG;09377;RNM - TRANSPORTES QUIMICOS, S.A.;RUCG;ISDA;23-07-2008;Derivados;GBR;
5100264630;TTMC;02295;TMC TRANSPORTES MARIO CARDADEIRO SA;TTMC;ISDA;03-07-2008;Derivados;GBR;
8009707798;TGMR;02551;TRANSPORTES GONCALO S.A.;TGMR;ISDA;25-08-2008;Derivados;GBR;
2441003030;TBML;04501;TRANSPORTES BERNARDO MARQUES, S.A.;TBML;ISDA;12-02-2007;Derivados;GBR;
7400416730;CIFE;18295;COMMODITIES INVEST FUNDO ESPECIAL DE INVESTIMENT;CIFE;ISDA;19-06-2001;Derivados;GBR;
8009553590;M048;00993;COMPLETO & FARIA ENGENHARIA E CONSTRUCAO SA;M048;ISDA;18-07-2008;Derivados;GBR;
8000645036;TIEY;07848;TIEL TRANSPORTES E LOGISTICA SA;TIEY;ISDA;19-06-2008;Derivados;GBR;
8010751805;JPTP;03108;JOAO PIRES INTERNACIONAL TRANSPORTES,LDA;JPTP;ISDA;21-10-2008;Derivados;GBR;
;TST9;12656;SANTANDER TOTTA SEG.UL 20102;9TTS;ISDA;19-06-2001;Derivados;GBR;
8046391238;BISR;03956;BRISA INTERNACIONAL SGPS S.A.;BISR;ISDA;05-03-2010;Derivados;GBR;
;TS2F;12663;Santander Totta Seguros - UL 20500;TS2F;ISDA;03-03-2010;Derivados;GBR;
8009370809;TM1P;05850;TRANSPORTES MATOS & FILHOS LDA;TM1P;ISDA;16-06-2008;Derivados;GBR;
12922;EDR7;04292;EMPRESA DE CONSTRUCOES AMANDIO CARVALHO, S.A.;EDR7;ISDA;25-08-2008;Derivados;GBR;
17864;BA9F;08890;ATRON CABOS, S.A.;BA9F;ISDA;21-07-2008;Derivados;GBR;
8027207159;TCQH;07789;TRANSPORTES CENTRAL POMBALENSE,LDA;TCQH;ISDA;24-07-2008;Derivados;GBR;
8043388153;I01P;00483;INDAQUA FEIRA-IND AGUAS STA MARIA FEIRA SA DO NOT USE;I01P;ISDA;30-11-2017;Derivados;GBR;
3311000078;EXTP;01896;NATIXIS, PARIS;EXTP;ISDA;13-02-2007;Derivados;GBR;
8000339820;MTLI;00956;METROPOLITANO LISBOA;MTLI;ISDA;08-07-2019;Derivados;GBR;
8046435017;7RGM;01223;GOVERNO REGIONAL MADEIRA;7RGM;ISDA;24-03-2002;Derivados;GBR;
;OPPD;;DEUTSCHE OPPENHEIM FAMILY OFFICE AG;OPPD;ISDA;12-05-1998;Derivados;GBR;
7400592800;BKS5;13475;AUTO ESTRADAS XXI SUBCONCESSIONARIA TRANSMONTANA S.A.;BKS5;ISDA;15-03-2019;Derivados;GBR;
8044567470;SGA2;00966;SAG GEST-SOLUCOES AUTOMOVEL GLOBAIS SGPS SA;SGA2;ISDA;28-11-2006;Derivados;GBR;
7400503265;HDHW;09689;HIDROELECTRICA DE CASAL SA;HDHW;ISDA;22-07-2008;Derivados;GBR;
7400605771;V0LK;13655;AEBT AUTO ESTRADAS DO BAIXO TEJO S A;V0LK;ISDA;29-07-2014;Derivados;GBR;
8022450167;I0YS;13009;GENERIS FARMACEUTICA SA;I0YS;ISDA;23-01-2009;Derivados;GBR;
7400617061;RY84;14901;ROTAS DO ALGARVE LITORAL S.A.;RY84;ISDA;14-06-2017;Derivados;GBR;
7400440215;A3JV;07458;AEDL - AUTO ESTRADAS DO DOURO LITORAL SA;A3JV;ISDA;06-10-2014;Derivados;GBR;
;BAV0;;BANK AUSTRIA VIENNA (USAR BAUM);BAV0;ISDA;05-11-1999;Derivados;GBR;
;BANA;;BANK OF AMERICA NATIONAL TRUST ASSOCIATION;BANA;ISDA;20-09-2004;Derivados;GBR;
;BMMA;;BANK OF MONTREAL;BMMA;ISDA;12-03-2001;Derivados;GBR;
;RJXA;;ROYAL BANK OF SCOTLAND TREASURY LDN;RJXA;ISDA;16-08-2001;Derivados;GBR;
8045630678;1AFP;01238;BANQUE AIG;1AFP;ISDA;26-04-2006;Derivados;GBR;
;BNPN;;BANQUE NATIONALE DE PARIS;BNPN;ISDA;06-05-1998;Derivados;GBR;
8027736881;2CTY;14643;CITIBANK NY IBF;2CTY;ISDA;16-02-1996;Derivados;GBR;
;CB0A;;Continental Bank - London;CB0A;ISDA;01-08-1992;Derivados;GBR;
8046077493;9TTS;07049;SANTANDER TOTTA SEGUROS COMPANHIA DE SEGUROS DE VIDA SA;TS0Z;ISDA;27-07-2022;Derivados;GBR;
;SBC4;;SWISS BANK CORPORATION (USAR 1SBZ);SBC4;ISDA;01-02-1998;Derivados;GBR;
;BIBJ;;BST INTERNATIONAL BANK, INC (PORTO RICO)(USAR BIBR);BIBJ;ISDA;01-07-2005;Derivados;GBR;
;BTAM;;BANCO TOTTA ASIA SA, MACAU;BTAM;ISDA;01-03-2000;Derivados;GBR;
8030049790;BECM;03829;BANCO SANTANDER S.A.;BECM;ISDA;07-08-1995;Derivados;GBR;
;TDMM;;THE TORONTO DOMINION BANK, MONTREAL (USE TDBT);TDMM;ISDA;20-05-1999;Derivados;GBR;
9001604080;TTIY;11531;TIRM TRANSPORTADORA IBERICA RODOVIARIA MERCADORIAS S.A;TTIY;ISDA;29-09-2009;Derivados;GBR;
;8ECE;;EUROPEAN CENTRAL BANK;8ECE;ISDA;09-12-1998;Derivados;GBR;
8038432550;NEYS;11474;MOTA ENGIL SGPS SA;NEYS;ISDA;03-04-2014;Derivados;GBR;
7400416406;MSIL;00772;MORGAN STANLEY CO INTERNATIONAL PLC;MSIL;ISDA;23-04-1997;Derivados;GBR;
170709;RYFN;15074;ROSAS CONSTRUTORES S.A.;RYFN;ISDA;18-08-2009;Derivados;GBR;
;TS31;10772;Santander Totta Seguros - UL 31101;TS31;ISDA;01-06-2010;Derivados;GBR;
8009517468;CCM4;03331;CASCAISHOPPING - CENTRO COMERCIAL S.A.;CCM4;ISDA;21-04-2016;Derivados;GBR;
8045882709;TLVV;01013;TEMPOS LIVRES-AGENCIA VIAGENS E TURISMO S.A.;TLVV;ISDA;26-12-2008;Derivados;GBR;
8029429834;BHHC;10841;BARRAQUEIRO,SGPS S.A.;BHHC;ISDA;03-12-2014;Derivados;GBR;
8002285436;5LMH;00718;LAMEIRINHO - INDUSTRIA TEXTIL SA;5LMH;ISDA;12-02-2014;Derivados;GBR;
;STCP;;STCP SOC.TRANSPORTES COLECTIVOS DO PORTO,SA(USAR S06F);STCP;ISDA;02-11-2007;Derivados;GBR;
3751003844;9EVD;00952;EUROVIDA-COMPANHIA DE SEGUROS DE VIDA SA USE 9TTS;9EVD;ISDA;21-01-2003;Derivados;GBR;
5100327583;BL5K;13526;BRITOBRAS - FORNECIMENTOS E OBRAS PUBLICAS LDA;BL5K;ISDA;27-03-2009;Derivados;GBR;
;DCEP;;CIMPOR CIMENTOS DE PORTUGAL,SGPS,SA, LISBOA;DCEP;ISDA;07-11-2003;Derivados;GBR;
8026370208;LTU3;09203;LOGOPLASTE,CONSULTORES TECNICOS S.A.;LTU3;ISDA;29-09-2008;Derivados;GBR;
7400503277;HDOA;09692;HIDRAULICA DEL LOUREIRO ENORSA S.L;HDOA;ISDA;22-07-2008;Derivados;GBR;
8042385121;SITA;07657;SATA INTERNACIONAL SA;SITA;ISDA;28-02-2014;Derivados;GBR;
;E1EW;;ENERPLUS-PRODUCAO DE ENERGIA ELECTRICA, LDA;E1EW;ISDA;22-07-2008;Derivados;GBR;
7400575886;GP2B;12172;TOTALENERGIES RENEWABLES PORTUGAL PORTFOLIO SGPS S A;GP2B;ISDA;12-02-2014;Derivados;GBR;
8007893580;V0JJ;09585;VAZLI - TRANSPORTES, LIMITADA;V0JJ;ISDA;30-10-2008;Derivados;GBR;
7400378221;00M9;09092;AMPER CENTRAL SOLAR SA;00M9;ISDA;29-05-2008;Derivados;GBR;
8001158406;SAMT;01020;SOCIEDADE AUTOMOVEIS MADEIRA (SAM) LDA;SAMT;ISDA;07-12-2015;Derivados;GBR;
8046326172;MDQP;01237;METRO DO PORTO, S.A.;IS_BSP_MDQP;ISDA;11-01-2007;Derivados;GBR;
7400416316;MPFX;06014;ABN AMRO BANK N.V.;IS_BSP_MPFX;ISDA;28-04-2004;Derivados;GBR;
;1MYL;00809;MERRILL LYNCH INTERNATIONAL LTD;IS_BSP_1MYL;ISDA;27-10-2000;Derivados;GBR;
;SBCL;01224;UBS AG LONDON BRANCH;IS_BSP_SBCL;ISDA;02-01-1998;Derivados;GBR;
7400414147;LBFG;06016;LEHMAN BROTHERS FINANCE AG, ZURICH;IS_BSP_LBFG;ISDA;07-05-1998;Derivados;GBR;
8006963731;SGAR;04410;SOCIETE GENERALE SA;IS_BSP_SGAR;ISDA;29-01-2018;Derivados;GBR;
7400117853;BIBR;02601;BST INTERNATIONAL BANK INC;IS_BSP_BIBR;ISDA;01-07-2005;Derivados;GBR;
8041492238;1BTD;00447;TOTTA IRELAND PUBLIC LIMITED COMPANY;IS_BSP_1BTD;ISDA;01-08-2000;Derivados;GBR;
8000176425;BBIL;00395;BARCLAYS BANK PLC;IS_BSP_BBIL;ISDA;18-05-2018;Derivados;GBR;
8005550337;SSM4;01575;SLEM-SOCIEDADE LUSO-ESPANHOLA DE METAIS LDA;SSM4;ISDA;10-10-2013;Derivados;GBR;
7401093920;WEM8;24106;WARTA - RETAIL AND SERVICES INVESTMENTS B.V.;WEM8;ISDA;18-08-2014;Derivados;GBR;
2311003387;ESS8;03709;EFANOR INVESTIMENTOS SGPS S.E.;ESS8;ISDA;09-02-2015;Derivados;GBR;
8009012449;5PGI;00835;THE NAVIGATOR COMPANY S.A;5PGI;ISDA;05-05-2014;Derivados;GBR;
;TS4A;10780;Santander Totta Seguros - UL 41002;TS4A;ISDA;19-06-2001;Derivados;GBR;
;TS3L;07029;Santander Totta Seguros - UL 30600;TS3L;ISDA;19-06-2001;Derivados;GBR;
;UFDC;18172;UNICRE-INSTITUICAO FINANCEIRA DE CREDITO S.A.USE UIFDCS;UFDC;ISDA;20-02-2013;Derivados;GBR;
;TS4N;07039;Santander Totta Seg - UL 40400;TSN4;ISDA;19-06-2001;Derivados;GBR;
;S1F4;17356;Santander Totta Seguros-SEE 70300;S1F4;ISDA;19-06-2001;Derivados;GBR;
;S298;07174;Santander Totta Seguros - UL 80200;S298;ISDA;19-06-2001;Derivados;GBR;
7400199070;AEB1;04006;AMORIM ENERGIA B.V.;AEB1;ISDA;25-05-2012;Derivados;GBR;
;S26S;06959;SANTANDER TOTTA SEGURO POUPINVEST NAO NORMALIZADO;S26S;ISDA;19-06-2001;Derivados;GBR;
;TS55;10792;Santander Totta Seguros - UL 50101;TS55;ISDA;01-07-2003;Derivados;GBR;
26646;54VI;13783;VIAGENS ABREU S.A.;54VI;ISDA;25-10-2011;Derivados;GBR;
8029540733;RENL;01310;REN-REDES ENERGETICAS NACIONAIS SGPS SA;RENL;ISDA;28-02-2014;Derivados;GBR;
8046472840;CI05;02564;INTERCEMENT TRADING E INVERSIONES S.A.;ISDA_CI05;ISDA;04-11-2011;Derivados;GBR;
4571000131;ST59;08117;SONAECOM-SGPS SA;ST59;ISDA;11-02-2014;Derivados;GBR;
7400682478;HZL6;21118;EOLICA DA SERRA DA BOA VIAGEM S.A.;HZL6;ISDA;25-08-2014;Derivados;GBR;
8046324613;GESN;08270;GALP ENERGIA SGPS SA;ISDA_GESN;ISDA;06-02-2014;Derivados;GBR;
8029567556;CP0A;01527;COLEP CONSUMER PRODUCTS PORTUGAL S.A.;CP0A;ISDA;18-10-2011;Derivados;GBR;
7400661853;H8F0;20792;FOTOVOLTAICA TALARRUBIAS S.L.;H8F0;ISDA;20-06-2014;Derivados;GBR;
8028864348;GG8U;15210;GISPARQUES PLANEAMENTO E GESTAO DE ESTACIONAMENTO S.A.;GG8U;ISDA;15-12-2009;Derivados;GBR;
;T2KM;19088;SONAE SGPS, S.A.;T2KM;ISDA;12-04-2011;Derivados;GBR;
8025220010;FQ8I;19406;BRISA CONCESSAO RODOVIARIA SA;FQ8I;ISDA;17-06-2014;Derivados;GBR;
;TS46;10779;Santander Totta Seguros - UL 41102;TS46;ISDA;07-01-2011;Derivados;GBR;
8028196868;53GN;01230;GALP GAS NATURAL SA;53GN;ISDA;04-05-2021;Derivados;GBR;
7400707662;EQOO;17510;EOLICA ESPIGAO SA;EQOO;ISDA;26-06-2015;Derivados;GBR;
7400724064;EQOS;17512;EOLICA DO BRAVO, SA;EQOS;ISDA;26-06-2015;Derivados;GBR;
7400724067;EQP1;17519;EOLICA DO ALTO DA TEIXOSA, SA;EQP1;ISDA;26-06-2015;Derivados;GBR;
7400724041;EQOY;17517;EOLICA DE TERRA FRIA, SA;EQOY;ISDA;26-06-2015;Derivados;GBR;
7400724055;EQOZ;17518;EOLICA DAS SERRAS DAS BEIRAS, SA;EQOZ;ISDA;26-06-2015;Derivados;GBR;
7400724029;EQOT;17513;EOLICA DO ALTO DA LAGOA, SA;EQOT;ISDA;26-06-2015;Derivados;GBR;
7400646837;DAXI;15200;EMPARK APARCAMIENTOS Y SERVICIOS SA;DAXI;ISDA;15-12-2009;Derivados;GBR;
;PMT3;02764;ZON MULTIMEDIA SERVICOS DE TEL.E MULTIMEDIA SGPS SA ( USAR 5PTV );PMT3;ISDA;03-06-2009;Derivados;GBR;
7400724069;EQP2;17520;EOLICA DO CARRECO OUTEIRO, SA;EQP2;ISDA;26-06-2015;Derivados;GBR;
7400724072;EQOR;17511;EOLICA ALTOS SALGUEIROS - GUILHADO, SA;EQOR;ISDA;26-06-2015;Derivados;GBR;
7400724277;EQOV;17514;EOLICA DO ALTO DO MOURISCO, SA;EQOV;ISDA;26-06-2015;Derivados;GBR;
7400724038;EQOX;17516;EOLICA DE ALVARROES, SA;EQOX;ISDA;26-06-2015;Derivados;GBR;
8046272892;SWA3;15214;S.P. GIS PLANEAMENTO E GESTAO DE ESTACIONAMENTO S.A.;SWA3;ISDA;15-12-2009;Derivados;GBR;
7400724071;EQP4;17521;EOLICA DA COUTADA, SA;EQP4;ISDA;26-06-2015;Derivados;GBR;
;GIJ2;;EMPARK PORTUGAL - EMPREENDIMENTOS E EXPLORACAO DE PARQUEAMENTOS,S.A.;GIJ2;ISDA;15-12-2009;Derivados;GBR;
8000705343;1EPE;15207;ESLI PARQUES ESTACIONAMENTO SA;1EPE;ISDA;15-12-2009;Derivados;GBR;
;ESMD;;EMPARK PORTUGAL EMPREENDIMENTOS EXPLORACAO PARQUEAMENTOS SA;ESMD;ISDA;15-12-2009;Derivados;GBR;
;B2VD;;ABBEY NATIONAL TREASURY SERVICES INVESTMENTS LIMITED;B2VD;ISDA;08-12-1998;Derivados;GBR;
;6MTT;;SGFIM - SANT MULTI TESOURARIA, LISBOA (USE FDU1);6MTT;ISDA;01-07-2003;Derivados;GBR;
;TTPS;18273;USE FDPDBS FUNDO DE PENSOES BANCO SANTANDER TOTTA;TTPS;ISDA;27-10-2003;Derivados;GBR;
;ABNA;00417;NATWEST MARKETS NV;ABNA;ISDA;08-05-2000;Derivados;GBR;
;1ANZ;;AUSTRALIA & NEW ZEALAND BANK. GROUP, GUERNSEY;1ANZ;ISDA;01-07-1997;Derivados;GBR;
7400751103;EV2I;18469;ELOS-LIGACOES DE ALA VELOCIDADE, S.A.;IS_BSP_EV2I;ISDA;07-05-2010;Derivados;GBR;
;NS7R;;MIDLAND BANK P L C;NS7R;ISDA;01-04-1993;Derivados;GBR;
;MSCS;;MORGAN STANLEY CAPITAL SERVICES;MSCS;ISDA;19-07-1996;Derivados;GBR;
;LBP0;00027;LLOYDS BANK PLC;LBP0;ISDA;09-07-2003;Derivados;GBR;
8001014238;5BAU;01300;BRISA AUTO ESTRADAS DE PORTUGAL S.A.;5BAU;ISDA;23-12-2016;Derivados;GBR;
;06AT;;DEN DANSKE BANK A/S, COPENHAGEN (USAR DANM);06AT;ISDA;01-11-1999;Derivados;GBR;
;GSBV;;GOLDMAN SACHS BANK AG  BLOQUEADA (USAR GSBN);GSBV;ISDA;01-09-1999;Derivados;GBR;
;CMFX;00201;JPMORGAN CHASE BANK NATIONAL ASSOCIATION;CMFX;ISDA;01-05-1990;Derivados;GBR;
;O2WW;;NATIONAL AUSTRALIA BANK LIMITED;O2WW;ISDA;01-09-1996;Derivados;GBR;
8000176188;UBFF;00275;NORDEA BANK ABP;UBFF;ISDA;17-11-1997;Derivados;GBR;
;SEB5;00153;SKANDINAVISKA ENSKILDA BANKEN;SEB5;ISDA;25-04-1996;Derivados;GBR;
4161000016;SCXN;14106;STANDARD CHARTERED BANK LONDON;SCXN;ISDA;01-03-1993;Derivados;GBR;
;WBCL;;WESTPAC BANKING CORPORATION LONDON;WBCL;ISDA;21-11-1997;Derivados;GBR;
;B024;;BIG BANCO DE INVESTIMENTO GLOBAL;B024;ISDA;02-05-2008;Derivados;GBR;
;GDI6;;GALP NEW ENERGIES S.A.;GDI6;ISDA;04-12-2002;Derivados;GBR;
;1SUC;;SUMITOMO BANK CAPITAL MARKETS DERIVATIVE PROD;1SUC;ISDA;12-02-1997;Derivados;GBR;
;UBLI;;UBS LIMITED (DO NOT USE);UBLI;ISDA;11-09-2003;Derivados;GBR;
7401413417;6ITB;27034;BIF PORTUGAL SA;ISDA_6ITB;ISDA;12-04-2016;Derivados;GBR;
7401358148;7W64;26647;VB KSC S.A.;ISDA_7W64;ISDA;10-02-2016;Derivados;GBR;
;BWIU;;Bear Stearns Bank PLC;BWIU;ISDA;20-05-1999;Derivados;GBR;
8000176281;CICP;00405;CREDIT INDUSTRIEL ET COMMERCIAL;CICP;ISDA;06-10-1997;Derivados;GBR;
8000369288;CLP4;00115;CREDIT LYONNAIS PARIS;CLP4;ISDA;04-04-1995;Derivados;GBR;
;DGMU;;DG BANK, MUENCHEN (USE 0ZC1);ISDA_DGMU;ISDA;24-11-1998;Derivados;GBR;
;XVBL;;BAYERISCHE HYPO-UND VEREINSBANK AG;XVBL;ISDA;14-11-2006;Derivados;GBR;
8030628181;PBFP;00402;BNP PARIBAS SA;PBFP;ISDA;10-02-2025;Derivados;GBR;
8004992454;3EMH;;SECRETARIA REGIONAL DO AMBIENTE E RECURSOS NATURAIS;ISDA_3EMH;ISDA;24-03-2002;Derivados;GBR;
1700184211;60LD;27192;Estacão de Viana-Centro Comercial S.A.;ISDA_60LD;ISDA;27-04-2016;Derivados;GBR;
7401447439;5EA6;27355;ESCALA VILA FRANCA-SOCIEDADE GESTORA DO EDIFICIO S.A.;ISDA_5EA6;ISDA;23-06-2016;Derivados;GBR;
9000803511;DBFF;11684;DEUTSCHE BANK AG;ISDA_DBFF;ISDA;07-08-2018;Derivados;GBR;
;ONEC;;BANK ONE NA;ONEC;ISDA;18-11-1996;Derivados;GBR;
;DBAH;;DRESDNER BANK AG B;DBAH;ISDA;09-04-1997;Derivados;GBR;
;5K3K;;WESTDEUTSCHE LANDESBANK;5K3K;ISDA;25-10-1999;Derivados;GBR;
1124;TSVM;01696;SONAE SGPS SA;ISDA_TSVM;ISDA;27-06-2024;Derivados;GBR;
2101551189;6BQZ;27088;HL SOCIEDADE GESTORA DO EDIFICIO SA;ISDA_6BQZ;ISDA;02-10-2015;Derivados;GBR;
7401238968;BESS;27069;NOVO BANCO SA,LISBON;ISDA_BESS;ISDA;12-04-2016;Derivados;GBR;
7400410663;8ILG;26468;VISION BOX - SOLUCOES DE VISAO POR COMPUTADOR S.A.;ISDA_8ILG;ISDA;10-02-2016;Derivados;GBR;
9000934956;BAUM;00079;BANK AUSTRIA CREDITANSTALT, VIENNA;BAUM;ISDA;05-11-1999;Derivados;GBR;
7401328361;8FWQ;26485;WATERVENTURES - CONSULTADORIA PROJECTOS E INVESTIMENTOS S.A.;ISDA_8FWQ;ISDA;28-09-2015;Derivados;GBR;
7401288438;90RL;26319;IBERWIND - III PRODUCAO, S.A.;ISDA_90RL;ISDA;03-06-2015;Derivados;GBR;
9002304663;BCIG;20812;(USE UH3H) SANTANDER ASSET MANAGEMENT S.G.O.I.C S.A.;BCIG;ISDA;10-12-2015;Derivados;GBR;
8007686951;P04D;01149;POLITEJO - INDUSTRIA DE PLASTICOS, SA;ISDA_P04D;ISDA;11-02-2016;Derivados;GBR;
7401379299;792Z;26851;SOVENA BRASIL SERVICOS CONSULTORIA E COMERCIO ALIMENTOS LTDA;ISDA_792Z;ISDA;13-04-2016;Derivados;GBR;
7400416333;BSTE;26277;BANCO SANTANDER SA;ISDA_BSTE;ISDA;31-07-2023;Derivados;GBR;
7401357886;7OBI;26722;FINERGE, S.A.;ISDA_7OBI;ISDA;24-02-2016;Derivados;GBR;
8037938734;S3BX;;SANTANDER PENSOES SOC GESTORA FUNDOS DE PENSOES;S3BX;ISDA;10-12-2015;Derivados;GBR;
8023778582;JDN1;01383;JOSE DE MELLO SAUDE S.A.;ISDA_JDN1;ISDA;08-06-2015;Derivados;GBR;
7401258689;2CRD;25870;Parque Eolico do Pisco S.A.;2CRD;ISDA;06-04-2015;Derivados;GBR;
8009658581;FIJ7;09127;ESPORAO S.A.;ISDA_FIJ7;ISDA;10-06-2014;Derivados;GBR;
7400344938;O8U5;12544;MARL ENERGIA-C FOTOVOLTAICA SOC UNIP LDA;O8U5;ISDA;27-01-2009;Derivados;GBR;
7401061771;202D;25706;PARQUE EOLICO DE MOURISCA;ISDA_202D;ISDA;29-10-2014;Derivados;GBR;
7401061772;202K;25707;PARQUE EOLICO DE NAVE S.A.;ISDA_202K;ISDA;29-10-2014;Derivados;GBR;
7400044509;201Q;25705;PARQUE EOLICO TERRAS ALTAS DE FAFE S.A.;ISDA_201Q;ISDA;29-10-2014;Derivados;GBR;
2101618860;6BR4;27090;ASCENDI PINHAL INTERIOR ESTRADAS DO PINHAL INTERIOR, SA;6BR4_ISDA;ISDA;23-10-2015;Derivados;GBR;
;TS53;10791;Santander Totta Seguros - ULR 50400;TS53;ISDA;19-06-2001;Derivados;GBR;
7401261481;29J0;25834;ALEGRO ALFRAGIDE - GESTAO E EXPLORACAO DE CENTROS COMERCIAIS S.A.;ISDA_29J0;ISDA;15-12-2014;Derivados;GBR;
7400864967;2BHN;25857;Parque Eolico de Vale do Chao S.A.;ISDA_2BHN;ISDA;27-01-2015;Derivados;GBR;
7401217822;ZYJL;25331;SHOPPING CENTRE COLOMBO HOLDING B.V.;ZYJL;ISDA;26-08-2014;Derivados;GBR;
1700059671;EIC3;25334;CENTRO COLOMBO-CENTRO COMERCIAL S.A.;EIC3;ISDA;29-05-2017;Derivados;GBR;
7401061786;202U;25708;PARQUE EOLICO DA SERRA DO RALO SA;ISDA_202U;ISDA;29-10-2014;Derivados;GBR;
8008437041;MWIN;12360;MOTA-ENGIL ENGENHARIA E CONSTRUCAO S.A.;ISDA_MWIN;ISDA;21-11-2014;Derivados;GBR;
;T3WD;20351;Santander Totta Seg-ULR 10120;T3WD;ISDA;19-06-2001;Derivados;GBR;
7400724074;EQOW;17515;EOLICA DA TERRA DO MATO, SA;EQOW;ISDA;26-06-2015;Derivados;GBR;
7401260554;2BHP;25858;PARQUE EOLICO DO DOURO SUL S.A.;ISDA_2BHP;ISDA;27-01-2015;Derivados;GBR;
;S1U8;17302;Santander Totta Seguros - SEE 70700;S1U8;ISDA;19-06-2001;Derivados;GBR;
;TS4H;10789;Santander Totta Seguros - UL 40601;TS4H;ISDA;19-06-2001;Derivados;GBR;
7400416353;ANTL;00546;SANTANDER FINANCIAL SERVICES PLC;IS_ANTL;ISDA;20-11-2007;Derivados;GBR;
7401084363;W8FG;24047;NAVIGATOR TISSUE RODÃO, SA;ISDA_W8FG;ISDA;05-02-2015;Derivados;GBR;
;S2GK;08588;Santander Totta Seguros - SEGURO SUPER ACTIVOS INVEST;S2GK;ISDA;19-06-2001;Derivados;GBR;
7400587522;S2ZF;13598;SPER-SOC PORTUGUESA CONSTRUCAO EXPLORACAO RODOVIARIA S.A.;S2ZF;ISDA;14-06-2017;Derivados;GBR;
7400412936;ETYM;07912;ELECGAS S.A.;ETYM;ISDA;13-07-2020;Derivados;GBR;
65274;S06F;00980;SOCIEDADE TRANSPORTES COLECTIVOS DO PORTO SA;S06F;ISDA;02-11-2007;Derivados;GBR;
8046287003;5PTV;08324;NOS SGPS S.A.;PMT3_2;ISDA;31-07-2023;Derivados;GBR;
;PPSW;;PARPUBLICA - PARTICIPACOES PUBLICAS (SGPS) SA;PPSW;ISDA;18-08-2014;Derivados;GBR;
7401998605;00T8IK;35113;SIMPLEWATT, UNIPESSOAL LDA;00T8IK;ISDA;22-12-2022;Derivados;GBR;
5100013512;00SS2G;29200;SILICALIA SL;00SS2G;ISDA;20-07-2017;Derivados;GBR;
5100706413;00CVDG;29203;CENTRO VASCO DA GAMA - CENTRO COMERCIAL SA;00CVDG;ISDA;10-10-2019;Derivados;GBR;
7400317578;00VVER;30903;VIOUTLETS VILA DO CONDE, UNIPESSOAL LDA;ISDA_3E8I;ISDA;22-03-2017;Derivados;GBR;
7401287415;9P5N;26016;Pestana International Holdings Sa;ISDA_9P5N;ISDA;12-09-2017;Derivados;GBR;
7400324759;977J;26252;VILAMOURA WORLD S.A.;977J;ISDA;14-02-2018;Derivados;GBR;
7401527694;3B90;28022;EOLICA DA CORREDOURA SA;ISDA_3B90;ISDA;13-03-2017;Derivados;GBR;
7401283618;00A036;29186;ANCPG - INVESTIMENTOS IMOBILIARIOS, S.A.;00A036;ISDA;20-05-2019;Derivados;GBR;
392;JM0F;08269;JERONIMO MARTINS SGPS SA;JM0F;ISDA;24-01-2018;Derivados;GBR;
5100706803;00CIUM;29182;CVILAFLOR INVESTE UNIPESSOAL LDA;00CIUM;ISDA;20-07-2017;Derivados;GBR;
7400317578;00VVER;30903;VIOUTLETS VILA DO CONDE, UNIPESSOAL LDA;ISDA_3E8N;ISDA;14-05-2021;Derivados;GBR;
8042501326;NTSG;29579;NOS COMUNICAÇOES SA;ISDA_NTSG;ISDA;04-04-2018;Derivados;GBR;
7400598019;BUHN;17173;NOS TECHNOLOGY - CONCEPCAO, CONSTRUCAO E GESTAO DE REDES DE COMUNICACO;ISDA_BUHN;ISDA;04-04-2018;Derivados;GBR;
7400558176;00LEDP;28968;LESTENERGIA EXPLORACAO DE PARQUES EOLICOS S.A;00LEDP;ISDA;07-05-2018;Derivados;GBR;
;LUTD;29155;LCH LIMITED SWAP CLEAR SERVICES;LUTD;ISDA;10-03-2009;Derivados;GBR;
7401282622;00A201;29185;ANCPG 2 - INVESTIMENTOS IMOBILIARIOS, S.A.;00A201;ISDA;20-05-2019;Derivados;GBR;
8038338570;MATU;18307;LUSOMUNDO AUDIOVISUAIS SA,LISBON;ISDA_MATU;ISDA;04-04-2018;Derivados;GBR;
7401523632;00VVES;30906;VIOUTLETS VILA DO CONDE III, UNIPESSOAL, LDA;ISDA_3E89;ISDA;14-05-2021;Derivados;GBR;
7401527695;3B8N;28023;EOLICA DA LOMBA SA;ISDA_3B8N;ISDA;13-03-2017;Derivados;GBR;
7401527696;3B8J;28024;EOLICA DO PENEDO SA;ISDA_3B8J;ISDA;13-03-2017;Derivados;GBR;
7401290808;33FF;28095;ANCORA WIND - ENERGIA EOLICA S.A.;ISDA_33FF;ISDA;10-05-2017;Derivados;GBR;
;S0N9;10279;1 SANTANDER TOTTA SEG.SEGURO MULTIBOND LISBOA;ISDA_S0N9;ISDA;01-04-2001;Derivados;GBR;
7401184798;80B0;26607;LCP - LISBON CRUISE PORT, LDA;80B0;ISDA;06-08-2020;Derivados;GBR;
8021880518;CLON;00706;CREDIT AGRICOLE CORPORATE AND INVESTMENT BANK LONDON BRANCH;CLON;ISDA;09-02-2011;Derivados;GBR;
8008765651;BISP;07151;CREDIT AGRICOLE CORPORATE AND INVESTMENT BANK;ISDA_BISP;ISDA;08-07-2021;Derivados;GBR;
2101694081;6BR0;27095;GENERG SOL DO ALENTEJO 2 - ENERGIAS RENOVAVEIS, SOCIEDADE UNIPESSOAL L;ISDA_6BR0_EXBANIF;ISDA;06-11-2015;Derivados;GBR;
8000175846;KRBE;20754;KBC BANK;ISDA_KRBE;ISDA;29-03-2016;Derivados;GBR;
9000735520;CHLP;03333;CAIXA BANCO DE INVESTIMENTO SA;CHLP;ISDA;01-06-2005;Derivados;GBR;
7400416538;GSLI;00752;GOLDMAN SACHS INTERNATIONAL;GSLI;ISDA;03-07-2007;Derivados;GBR;
;GRPN;;GENERAL RE FINANCIAL PRODUCTS, NEW YORK;GRPN;ISDA;28-11-1997;Derivados;GBR;
;MLCS;;MERRILL LYNCH CAPITAL MARKETS BANK LTD.,LONDON;MLCS;ISDA;22-07-1996;Derivados;GBR;
;1WLE;;WESTDEUTSCHE LANDBK GIRO GEM LDN;ISDA_1WLE;ISDA;27-04-1999;Derivados;GBR;
;LBSF;;LEHMAN BROTHERS SPECIAL FINANCING INC.;LBSF;ISDA;03-07-1996;Derivados;GBR;
;CIBC;;CANADIAN IMPERIAL BANK OF COMMERCE;CIBC;ISDA;25-05-2006;Derivados;GBR;
7401425520;63KJ;27158;LAND RETAIL B.V.;ISDA_63KJ;ISDA;21-04-2016;Derivados;GBR;
;TS0T;10771;Santander Totta Seguros - UL 50202;ISDA_BST_9TTS;ISDA;19-06-2001;Derivados;GBR;
8042241456;NOMU;13496;NOMURA INTERNATIONAL PLC;ISDA_NOMU;ISDA;06-02-2015;Derivados;GBR;
8000176012;BBVD;00393;BANCO BILBAO VIZCAYA ARGENTARIA SA;BBVD;ISDA;28-08-2019;Derivados;GBR;
8041358339;SSIP;00518;BANCO PRIVADO PORTUGUESSA;IS_BSN_SSIP;ISDA;13-03-2007;Derivados;GBR;
;ABNR;;ABN AMRO BANK N.V.;ABNR;ISDA;14-02-1997;Derivados;GBR;
;UBZA;14472;UBS AG;UBZA;ISDA;11-09-2003;Derivados;GBR;
8019833261;CBKJ;03794;COMMERZBANK AKTIENGESELLSCHAFT;ISDA_CBKJ;ISDA;10-09-2002;Derivados;GBR;
7400614029;6BQW;27091;ENERATLANTICA ENERGIAS SA;ISDA_6BQW;ISDA;25-06-2015;Derivados;GBR;
2101821182;6BR6;27086;VENTOS PROPICIOS - ENERGIA EOLICA, SA;ISDA_6BR6;ISDA;20-12-2015;Derivados;GBR;
;WBFL;;HAITONG BANK S.A. LONDON BRANCH;WBFL;ISDA;23-06-2005;Derivados;GBR;
;1HUK;;HSBC INVESTMENT BANK UK PLC, LONDON;1HUK;ISDA;22-04-1999;Derivados;GBR;
8000175811;BBLB;14646;ING BELGIUM NV SA;BBLB;ISDA;13-04-2006;Derivados;GBR;
8000175690;MGTO;00367;MORGAN GUARANTY TRUST        N.YORK;MGTO;ISDA;01-08-1998;Derivados;GBR;
8046257642;3WC7;27741;TAGUSGAS EMPRESA DE GAS DO VALE DO TEJO S.A.;3WC7;ISDA;03-03-2017;Derivados;GBR;
2101499839;6BR7;27085;GENERG SOL DO ALENTEJO - ENERGIAS RENOVAVEIS, SOCIEDADE UNIPESSOAL LDA;ISDA_6BR7;ISDA;06-11-2015;Derivados;GBR;
8022313024;CIDL;00227;CITIBANK NA LONDON;CIDL;ISDA;27-04-2017;Derivados;GBR;
;GBBO;16072;FORTIS BANK S.A./N.V.,BRUSSELS;ISDA_GBBO;ISDA;28-04-2004;Derivados;GBR;
;CZRJ;;CREDIT SUISSE FINANCIAL PRODUCTS;CZRJ;ISDA;26-08-2004;Derivados;GBR;
9000934951;1SLA;14038;THE CHASE MANHATTAN BANK NEW YORK;1SLA;ISDA;01-10-1997;Derivados;GBR;
7402648183;ECAG;35643;EUREX CLEARING AG;ECAG;ISDA;25-10-2022;Derivados;GBR;
7401688265;00KPED;35150;JOVINDO S A;00KPED;ISDA;06-03-2023;Derivados;GBR;
7402770862;00UUH8;36114;HLO - SOCIEDADE GESTORA DO EDIFICIO, S.A.;00UUH8;ISDA;05-02-2024;Derivados;GBR;
;00M5C7;;BANQUE CENTRALE DE COMPENSATION CDS;00M5C7;ISDA;20-03-2024;Derivados;GBR;
8000438626;RBSB;00051;NATWEST MARKETS PLC;IS_BSP_RBSB;ISDA;22-01-1997;Derivados;GBR;
5100374594;QKT1;21563;MARINOTEIS SOCIEDADE DE PROMOCAO E CONSTRUCAO DE HOTEIS S A;QKT1;ISDA;29-10-2024;Derivados;GBR;
5100715434;00S07N;30102;SOTAL SOCIEDADE DE GESTAO HOTELEIRA S A;00S07N;ISDA;29-10-2024;Derivados;GBR;
7401375790;00FADU;28455;FUNDACAO ALFREDO DE SOUSA;ISDA_00FADU;ISDA;18-06-2020;Derivados;GBR;
7401512279;00FOA1;28720;FUNDACAO OCEANO AZUL;ISDA_00FOA1;ISDA;29-09-2017;Derivados;GBR;
;TS0P;10770;POUPANCA RENDIMENTO VIDA 03 05 NAO NORMALIZADO;ISDA_TS0P;ISDA;01-04-2001;Derivados;GBR;
1700120380;NRFQ;30924;NOTOS PRODUCAO DE ENERGIA ELECTRICA LDA;NRFQ;ISDA;03-06-2019;Derivados;GBR;
7401140930;R4IE;;GALP ENERGIA E&P B.V;R4IE;ISDA;06-02-2014;Derivados;GBR;
1725;Z65W;24836;RAR - SOCIEDADE DE CONTROLE HOLDING ,SA;Z65W;ISDA;28-10-2019;Derivados;GBR;
7401162611;00DCUL;29565;DECISAO CRUCIAL, UNIPESSOAL LDA;00DCUL;ISDA;29-11-2021;Derivados;GBR;
7400629401;GWL1;17235;GALLO WORLDWIDE, LDA;ISDA_GWL1;ISDA;20-10-2021;Derivados;GBR;
7401616619;00IVPP;29733;INDORAMA VENTURES PORTUGAL PTA. UNIPESSOAL LDA;00IVPP;ISDA;08-05-2019;Derivados;GBR;
7400592800;BKS5;13475;AUTO ESTRADAS XXI SUBCONCESSIONARIA TRANSMONTANA S.A.;BKS5_BAPOP;ISDA;19-02-2014;Derivados;GBR;
8021014384;SK2B;06160;S. ROQUE - MAQUINAS E TECNOLOGIAS LASER, S.A.;SK2B;ISDA;29-11-2021;Derivados;GBR;
7400199147;EFBA;19012;EDP FINANCE BV;EFBA;ISDA;10-01-2011;Derivados;GBR;
2101618860;6BR4;27090;ASCENDI PINHAL INTERIOR ESTRADAS DO PINHAL INTERIOR, SA;6BR4_BAPOP;ISDA;14-03-2014;Derivados;GBR;
5100668955;00EATJ;29188;EPFPORTO ANTAS S A;00EATJ;ISDA;09-05-2019;Derivados;GBR;
8044500751;TDFS;30071;SONAE ARAUCO SA.;TDFS;ISDA;11-04-2019;Derivados;GBR;
8046459070;PUNN;15961;PSA SINES - TERMINAIS DE CONTENTORES, S.A.;PUNN;ISDA;23-04-2018;Derivados;GBR;
8020905003;BPEE;15160;BANCO POPULAR ESPA¿OL SA;BPEE;ISDA;01-10-2012;Derivados;GBR;
7401717264;00B04S;29911;CLNX PORTUGAL SA;00B04S;ISDA;03-10-2018;Derivados;GBR;
7401229173;00PEV3;30788;PONTE ALTA, SGPS, UNIPESSOAL LDA;00PEV3;ISDA;24-06-2019;Derivados;GBR;
8007537441;00RT8D;31468;RIO SUL - CENTRO COMERCIAL, S.A.;00RT8D;ISDA;20-12-2019;Derivados;GBR;
8029537126;206T;31100;NORTESHOPPING CENTRO COMERCIAL SA;206T;ISDA;06-08-2019;Derivados;GBR;
7401870046;208E;31102;NORTE SHOPPING RETAIL & LEISURE CENTRE BV;208E;ISDA;30-08-2019;Derivados;GBR;
7401880665;00VHB1;31149;VDG HOLDING BV;00VHB1;ISDA;18-11-2019;Derivados;GBR;
7400930438;00LEX4;31469;LOURESHOPPING CENTRO COMERCIAL S.A.;00LEX4;ISDA;20-12-2019;Derivados;GBR;
7400291653;PSZF;04470;8 AVENIDA - CENTRO COMERCIAL SA;PSZF;ISDA;20-12-2019;Derivados;GBR;
7401940249;AGPRSA;31917;MOVHERA HIDROELETRICAS DO NORTE SA;AGPRSA;ISDA;17-12-2020;Derivados;GBR;
7400519624;SLMN;26333;CITIGROUP GLOBAL MARKETS LIMITED;SLMN;ISDA;14-05-2019;Derivados;GBR;
8390;00DQ85;31811;D PEDRO V INVESTIMENTOS IMOBILIARIOS DPII S.A.;00DQ85;ISDA;17-06-2020;Derivados;GBR;
7401366107;00PRIP;30390;PORTUGAL RENEWABLE ENERGY PTRW UNIPESSOAL LDA;00PRIP;ISDA;26-11-2020;Derivados;GBR;
7401471742;00GQBG;33533;TOTALENERGIES RENEWABLES PORTUGAL GREEN S.G.P.S. SA;00GQBG;ISDA;10-08-2021;Derivados;GBR;
7402216729;00E6O8;34053;CORNER AND BORDER SA;00E6O8;ISDA;16-09-2022;Derivados;GBR;
7401983526;00ORGX;33574;OLIMPO REAL ESTATE PORTUGAL SIGI S.A.;00ORGX;ISDA;09-08-2021;Derivados;GBR;
7401993464;00EQKW;34360;DE PRADO FAMILY, LDA;00EQKW;ISDA;13-05-2022;Derivados;GBR;
8038167865;CGER;01885;CITIGROUP GLOBAL MARKETS EUROPE AG;CGER;ISDA;14-05-2019;Derivados;GBR;
7402111535;00H04X;33450;HC HOSPITAIS CONCESSIONADOS SGPS S A;00H04X;ISDA;06-07-2021;Derivados;GBR;
7401589376;00E0E1;33528;CITY MARQUES - SIC IMOBILIARIA FECHADA , S.A.;00E0E1;ISDA;11-08-2021;Derivados;GBR;
7401588953;00ETUW;33527;EIFCITYLIS, S.A.;00ETUW;ISDA;11-08-2021;Derivados;GBR;
7402175994;00C4WP;34340;AQUINOS INDUSTRY BUSINESS AND MANAGEMENT S A;00C4WP;ISDA;04-04-2024;Derivados;GBR;
7400575886;GP2B;12172;TOTALENERGIES RENEWABLES PORTUGAL PORTFOLIO SGPS S A;ISDA_GP2B_2022;ISDA;02-08-2022;Derivados;GBR;
7401486525;00F6O3;35011;CS WIND PORTUGAL S A;00F6O3;ISDA;04-10-2023;Derivados;GBR;
9000934989;MIDP;35425;HSBC BANK PLC PARIS;MIDP;GMRA;24-02-2016;Repos;GBR;
3311000078;EXTP;01896;NATIXIS, PARIS;EXTP;GMRA;30-09-2011;Repos;GBR;
9000803511;DBFF;11684;DEUTSCHE BANK AG;DBFF;GMRA;27-09-2010;Repos;GBR;
7400519624;SLMN;26333;CITIGROUP GLOBAL MARKETS LIMITED;SLMN;GMRA;08-05-2017;Repos;GBR;
8006850481;HVFX;31486;UNICREDIT BANK AG;HVFX;GMRA;31-12-2011;Repos;GBR;
8008765651;BISP;07151;CREDIT AGRICOLE CORPORATE AND INVESTMENT BANK;BISP;GMRA;02-03-2010;Repos;GBR;
8038167865;CGER;01885;CITIGROUP GLOBAL MARKETS EUROPE AG;CGER;GMRA;08-12-2022;Repos;GBR;
8004226289;DEUK;00234;DEUTSCHE BANK AG LONDON;DEUK;GMRA;27-09-2010;Repos;GBR;
8030628181;PBFP;00402;BNP PARIBAS SA;PBFP;GMRA;30-09-2010;Repos;GBR;
8000438626;RBSB;00051;NATWEST MARKETS PLC;RBSB;GMRA;06-01-2010;Repos;GBR;
7400416333;BSTE;26277;BANCO SANTANDER SA;BSTE;GMRA;02-12-2010;Repos;GBR;
8022852002;MIAL;00043;HSBC BANK PLC;MIAL;GMRA;24-02-2016;Repos;GBR;
8000176012;BBVD;00393;BANCO BILBAO VIZCAYA ARGENTARIA SA;BBVD;GMRA;25-11-2010;Repos;GBR;
8006963731;SGAR;04410;SOCIETE GENERALE SA;SGAR;GMRA;31-12-2012;Repos;GBR;
