Trn# (Internal - Atual);Deal Original;Trn# (External);Counterpart;Status (LIVE/MKT_OP/DEAD);Desc: Complete Trn.Type(Sum);Trn.Date;Date: Period calc. start;Date: Period calc. end;Date: Period expiry date;Nominal amount (Leg 1);IRD: Leg 1 currency;RT:Current Capital(1st leg);RT:Fix/Var rate (1st leg);RT:Pay/Rec(1st leg,FixRate);RT:Main convention(1st leg);RT:Main fix.freq (1st leg);RT:Main index(1st leg);RT:Main margin(1st leg);RT:Main rate(1st leg);RT:Curr.rate(1st leg);RT:Curr.fixing date(1st leg);RT:Curr.calc1 date(1st leg);RT:Curr.paymnt date(1st leg);RT:Prev.amount(1st leg);RT:Curr.amount(1st leg);RT:Accrual(1st leg);RT:Next fixing date(1st leg);RT:Next calc1 date(1st leg);RT:Interest first exact period flag (1st leg) (Y/N);RT:Interest last exact period flag (1st leg) (Y/N);RT:Principal exchange flag (1st leg) (Y/N);Nominal amount (2nd Leg);IRD: Leg 2 currency;RT:Current Capital(2nd leg);RT:Fix/Var rate (2nd leg);RT:Pay/Rec(2nd leg,FixRate);RT:Main convention(2nd leg);RT:Main fix.freq (2nd leg);RT:Main index(2nd leg);RT:Main margin(2nd leg);RT:Main rate(2nd leg);RT:Curr.rate(2nd leg);RT:Curr.fixing date(2nd leg);RT:Curr.calc1 date(2nd leg);RT:Curr.paymnt date(2nd leg);RT:Prev.amount(2nd leg);RT:Curr.amount(2nd leg);RT:Accrual(2nd leg);RT:Next fixing date(2nd leg);RT:Next calc2 date(2nd leg);RT:Interest first exact period flag (2nd leg) (Y/N);RT:Interest last exact period flag (2nd leg) (Y/N);RT:Principal exchange flag (2nd leg) (Y/N);BUY/SELL;Call/Put;American/European (A/E);Strike;PL currency;Discounted market value;Portfolio;Barrier Value;ZCliente;Número da estrutura;Código do Contrato Assinado;Código do Documento;Counterpart_Shortname;Ficticia;Ref Contract;Conta;cempresa;Proposta;Consumo;Produto;Sub Produto;UTI;Cap;Floor;Caract Mx
11469564;15074127;966403;BANCO SANTANDER SA;Live;OTC Option;09-01-2017;09-01-2017;15-10-2025;15-10-2025;10000000;EUR;18555000;;;;;;;;;;;27-10-2025;;18555000;0;15-10-2025;;;;;;;;;;;;;;;;;;;;;;;;;;;Buy;Call;European;2294.69;EUR;;ST_ALM_SEG_EMI;;3686;13393;13393.002;DR0333957;BSTE;;13393.002;05800044;31;;15955877.47521;102;C1N;1030266796SAN00000000000000000001560393721;;;EQD_OPT_FLEX
11469570;15074562;966403;SANTANDER TOTTA SEGUROS COMPANHIA DE SEGUROS DE VIDA SA;Live;OTC Option;09-01-2017;09-01-2017;15-10-2025;15-10-2025;10000000;EUR;18555000;;;;;;;;;;;27-10-2025;;18555000;0;15-10-2025;;;;;;;;;;;;;;;;;;;;;;;;;;;Sell;Call;European;2294.69;EUR;;ST_ALM_SEG_EMI;;8046077493;13393;13393.001;DR0333958;9TTS;;13393.001;05253982;31;;0;102;C2N;URJH9VSI58SAN00000000000000000000532596610;;;EQD_OPT_FLEX
11284000;15433744;1000948;BANCO SANTANDER SA;Live;OTC Option;27-02-2017;27-02-2017;15-10-2025;15-10-2025;10000000;EUR;38747000;;;;;;;;;;;22-10-2025;;38747000;0;15-10-2025;;;;;;;;;;;;;;;;;;;;;;;;;;;Buy;Call;European;309.73;EUR;;ST_ALM_SEG_EMI;;3686;13414;13414.002;DR0334276;BSTE;;13414.002;05800044;31;;18461100.67406;102;C1N;1030266796SAN00000000000000000001575344921;;;EQD_OPT_FLEX
11284003;15433956;1000948;SANTANDER TOTTA SEGUROS COMPANHIA DE SEGUROS DE VIDA SA;Live;OTC Option;27-02-2017;27-02-2017;15-10-2025;15-10-2025;10000000;EUR;38747000;;;;;;;;;;;22-10-2025;;38747000;0;15-10-2025;;;;;;;;;;;;;;;;;;;;;;;;;;;Sell;Call;European;309.73;EUR;;ST_ALM_SEG_EMI;;8046077493;13414;13414.001;DR0334277;9TTS;;13414.001;05256501;31;;3722399.76945;102;C2N;URJH9VSI58SAN00000000000000000000533413010;;;EQD_OPT_FLEX
12143408;17530021;1205377;BANCO SANTANDER SA;Live;OTC Option;03-01-2018;03-01-2018;17-07-2026;17-07-2026;15000000;EUR;39253000;;;;;;;;;;;24-07-2026;;39253000;0;17-07-2026;;;;;;;;;;;;;;;;;;;;;;;;;;;Buy;Call;European;3606.75;EUR;;ST_ALM_SEG_EMI;;3686;14149;14149.002;DR0336114;BSTE;;14149.002;05800044;31;;30664589.5278;102;C1N;1030266796SAN00000000000000000001644883521;;;EQD_OPT_FLEX
12143411;17530035;1205377;SANTANDER TOTTA SEGUROS COMPANHIA DE SEGUROS DE VIDA SA;Live;OTC Option;03-01-2018;03-01-2018;17-07-2026;17-07-2026;15000000;EUR;39253000;;;;;;;;;;;24-07-2026;;39253000;0;17-07-2026;;;;;;;;;;;;;;;;;;;;;;;;;;;Sell;Call;European;3606.75;EUR;;ST_ALM_SEG_EMI;;8046077493;14149;14149.001;DR0336116;9TTS;;14149.001;05265043;31;;3010908.3967;102;C2N;SAN00000000000000000000538064610;;;EQD_OPT_FLEX
11283974;17853606;1243175;BANCO SANTANDER SA;Live;OTC Option;12-02-2018;12-02-2018;17-07-2026;17-07-2026;30000000;EUR;60174000;;;;;;;;;;;24-07-2026;;60174000;0;17-07-2026;;;;;;;;;;;;;;;;;;;;;;;;;;;Buy;Call;European;299.8;EUR;;ST_ALM_SEG_EMI;;3686;14403;14403.002;DR0336459;BSTE;;14403.002;05800044;31;;43912181.96443;102;C1N;1030266796SAN00000000000000000001653361121;;;EQD_OPT_FLEX
11283981;17853632;1243175;SANTANDER TOTTA SEGUROS COMPANHIA DE SEGUROS DE VIDA SA;Live;OTC Option;12-02-2018;12-02-2018;17-07-2026;17-07-2026;30000000;EUR;60174000;;;;;;;;;;;24-07-2026;;60174000;0;17-07-2026;;;;;;;;;;;;;;;;;;;;;;;;;;;Sell;Call;European;299.8;EUR;;ST_ALM_SEG_EMI;;8046077493;14403;14403.001;DR0336460;9TTS;;14403.001;05265842;31;;7711627.98918;102;C2N;URJH9VSI58SAN00000000000000000000538883310;;;EQD_OPT_FLEX
8026111;7954485;7953011;BANCO SANTANDER SA;Live;OTC Option;15-03-2023;15-03-2023;21-03-2025;21-03-2025;10000000;EUR;22131924.87;;;;;;;;;;;28-03-2025;;22131924.87;0;21-03-2025;;;;;;;;;;;;;;;;;;;;;;;;;;;Buy;Put;European;4050.83;EUR;;ST_ALM_DER_EMI;100;3686;20918;20918.001;DR0345188;BSTE;;20918.001;05800044;31;;3749376.30383;102;P5N;5493006QMFDDMYWIAM13GBO00000000000000000002321157321;;;EQD_OPT_FLEX
8026238;7954492;7953011;EMISSOES PASSIVO, PORTUGAL;Live;OTC Option;15-03-2023;15-03-2023;21-03-2025;21-03-2025;10000000;EUR;22131924.87;;;;;;;;;;;28-03-2025;;22131924.87;0;21-03-2025;;;;;;;;;;;;;;;;;;;;;;;;;;;Sell;Put;European;4050.83;EUR;;ST_ALM_DER_EMI;100;0000041875;20918;20918.002;DR0345189;9CFL;FICTICIA;20918.002;05901046;31;;;102;EN8;URJH9VSI58SAN00000000000000000000569019810;;;EQD_OPT_FLEX
9221443;7934330;7867434;BANCO SANTANDER SA;Live;OTC Option;24-02-2023;24-02-2023;12-03-2025;12-03-2025;20000000;EUR;23087658.36;;;;;;;;;;;20-03-2025;;23087658.36;0;12-03-2025;;;;;;;;;;;;;;;;;;;;;;;;;;;Buy;Put;European;3951.57;EUR;;ST_ALM_DER_EMI;;3686;20859;20859.001;DR0345177;BSTE;;20859.001;05800044;31;;3815697.01097;102;P5N;5493006QMFDDMYWIAM13GBO00000000000000000002311977921;;;EQD_OPT_FLEX
9221444;7934337;7867434;EMISSOES PASSIVO, PORTUGAL;Live;OTC Option;24-02-2023;24-02-2023;12-03-2025;12-03-2025;20000000;EUR;23087658.36;;;;;;;;;;;20-03-2025;;23087658.36;0;12-03-2025;;;;;;;;;;;;;;;;;;;;;;;;;;;Sell;Put;European;3951.57;EUR;;ST_ALM_DER_EMI;;0000041875;20859;20859.002;DR0345176;9CFL;FICTICIA;20859.002;05901046;31;;;102;EN8;URJH9VSI58SAN00000000000000000000568949910;;;EQD_OPT_FLEX
10978357;8145794;8133862;BANCO SANTANDER SA;Live;OTC Option;26-04-2023;26-04-2023;23-05-2025;23-05-2025;20000000;EUR;44099784.23;;;;;;;;;;;30-05-2025;;44099784.23;0;23-05-2025;;;;;;;;;;;;;;;;;;;;;;;;;;;Buy;Put;European;1544.23;EUR;;ST_ALM_DER_EMI;100;3686;21044;21044.001;DR0345327;BSTE;;21044.001;05800044;31;;11126242.03031;102;P5N;5493006QMFDDMYWIAM13GBO00000000000000000002342216121;;;EQD_OPT_FLEX
10978361;8145806;8133862;EMISSOES PASSIVO, PORTUGAL;Live;OTC Option;26-04-2023;26-04-2023;23-05-2025;23-05-2025;20000000;EUR;44099784.23;;;;;;;;;;;30-05-2025;;44099784.23;0;23-05-2025;;;;;;;;;;;;;;;;;;;;;;;;;;;Sell;Put;European;1544.23;EUR;;ST_ALM_DER_EMI;100;0000041875;21044;21044.002;DR0345328;9CFL;FICTICIA;21044.002;05901046;31;;;102;EN8;URJH9VSI58SAN00000000000000000000569653510;;;EQD_OPT_FLEX
10217322;9941272;2880010401;BANCO SANTANDER SA;Live;OTC Option;03-04-2024;03-04-2024;24-04-2025;24-04-2025;10000000;EUR;5467434.67;;;;;;;;;;;29-04-2025;;5467434.67;0;24-04-2025;;;;;;;;;;;;;;;;;;;;;;;;;;;Buy;Call;European;1669;EUR;;ST_ALM_DER_EMI;;3686;22047;22047.001;DR0346707;BSTE;;22047.003;05800044;31;;938437.73886;102;C1N;;;;EQD_OPT_FLEX
10217343;9941312;2880010401;EMISSOES PASSIVO, PORTUGAL;Live;OTC Option;03-04-2024;03-04-2024;24-04-2025;24-04-2025;10000000;EUR;5467434.67;;;;;;;;;;;29-04-2025;;5467434.67;0;24-04-2025;;;;;;;;;;;;;;;;;;;;;;;;;;;Sell;Call;European;1669;EUR;;ST_ALM_DER_EMI;;0000041875;22047;22047.002;DR0346702;9CFL;FICTICIA;22047.004;05901046;31;;;102;EN4;URJH9VSI58SAN00000000000000000000574736810;;;EQD_OPT_FLEX
53686251;52062421;52062421;NOVARROZ - PRODUTOS ALIMENTARES SA;Live;OTC Option;05-12-2024;05-12-2024;11-04-2025;11-04-2025;5600000;USD;4105000;;;;;;;;;;;15-04-2025;;4105000;147414.89;11-04-2025;;;;;;;;;;;;;;;;;;;;;;;;;;;Sell;Put;American;1.05;EUR;;ST_FX_REDES;;1700201103;22805;22805.001;DR0347797;9DBU;;;05231561;31;;;102;CF4;URJH9VSI58SAN00000000000000000000578515410;;;CURR_OPT_SMP
53379441;53379441;53378777;BANCO SANTANDER SA;Live;OTC Option;22-01-2025;22-01-2025;19-03-2025;19-03-2025;96000;USD;96000;;;;;;;;;;;21-03-2025;;96000;135.25;19-03-2025;;;;;92201.30618517;EUR;92201.30618517;;;;;;;;;;;;;;;;;;;;Buy;Put;AmerFwd4;1.0412;EUR;;ST_FX_REDES;;3686;22917;22917.002;DR0348022;BSTE;;;05800044;31;;3970.32638;102;PF5;;;;CURR_OPT_FLEX
53378777;53378777;53378777;FRIJOBEL - INDUSTRIA E COMERCIO ALIMENTAR S.A.;Live;OTC Option;22-01-2025;22-01-2025;19-03-2025;19-03-2025;96000;USD;96000;;;;;;;;;;;21-03-2025;;96000;0;19-03-2025;;;;;92201.30618517;EUR;92201.30618517;;;;;;;;;;;;;;;;;;;;Sell;Put;AmerFwd4;1.0412;EUR;;ST_FX_REDES;;8024663816;22917;22917.001;DR0348009;J1D7;;;05206401;31;1000705960;4067.93443;102;PF8;URJH9VSI58SAN00000000000000000000579231410;;;CURR_OPT_FLEX
53258723;53258723;53258433;BANCO SANTANDER SA;Live;OTC Option;17-01-2025;17-01-2025;17-09-2025;17-09-2025;1600000;USD;1600000;;;;;;;;;;;19-09-2025;;1600000;-188900;17-09-2025;;;;;;;;;;;;;;;;;;;;;;;;;;;Buy;Call;European;1.04;EUR;;ST_FX_CORP_GL;;3686;22900;22900.002;DR0347980;BSTE;;;05800044;31;;158986.58342;102;PF5;;;;CURR_OPT_SMP
52009000;52009000;52009000;IMPORCELOS - IMPORTACAO DE LOUCAS E BRINQUEDOS LDA;Live;OTC Option;04-12-2024;04-12-2024;17-04-2025;17-04-2025;250000;USD;250000;;;;;;;;;;;22-04-2025;;250000;0;17-04-2025;;;;;;;;;;;;;;;;;;;;;;;;;;;Buy;Call;European;1.076;EUR;;ST_FX_REDES;;5100276161;22796;22796.001;DR0347779;ILEB;;;05265223;31;1000687611;4582.14975;102;PF6;URJH9VSI58SAN00000000000000000000578482010;;;CURR_OPT_SMP
52011379;52011379;52009000;IMPORCELOS - IMPORTACAO DE LOUCAS E BRINQUEDOS LDA;Live;OTC Option;04-12-2024;04-12-2024;17-04-2025;17-04-2025;250000;USD;250000;;;;;;;;;;;22-04-2025;;250000;0;17-04-2025;;;;;;;;;;;;;;;;;;;;;;;;;;;Sell;Put;European;1.076;EUR;;ST_FX_REDES;1.05;5100276161;22796;22796.001;DR0347780;ILEB;;;05265223;31;;6020.37022;102;CF4;URJH9VSI58SAN00000000000000000000578482210;;;CURR_OPT_BAR
52012369;52012369;52009000;BANCO SANTANDER SA;Live;OTC Option;04-12-2024;04-12-2024;17-04-2025;17-04-2025;250000;USD;250000;;;;;;;;;;;22-04-2025;;250000;1706.68;17-04-2025;;;;;;;;;;;;;;;;;;;;;;;;;;;Sell;Call;European;1.076;EUR;;ST_FX_REDES;;3686;22796;22796.002;DR0347782;BSTE;;;05800044;31;;0;102;PF7;;;;CURR_OPT_SMP
52095297;52095297;52095297;MADEICENTRO-EST.SERRACAO MAD.EXOTICAS LDA;Live;OTC Option;06-12-2024;06-12-2024;27-03-2025;27-03-2025;300000;USD;300000;;;;;;;;;;;31-03-2025;;300000;0;27-03-2025;;;;;283018.86792453;EUR;283018.86792453;;;;;;;;;;;;;;;;;;;;Sell;Put;AmerFwd4;1.06;EUR;;ST_FX_REDES;;8007772661;22811;22811.001;DR0347799;MAAA;;;05216774;31;1000636407;7553.90466;102;PF8;URJH9VSI58SAN00000000000000000000578538010;;;CURR_OPT_FLEX
52096320;52096320;52095297;BANCO SANTANDER SA;Live;OTC Option;06-12-2024;06-12-2024;27-03-2025;27-03-2025;300000;USD;300000;;;;;;;;;;;31-03-2025;;300000;861.13;27-03-2025;;;;;283018.86792453;EUR;283018.86792453;;;;;;;;;;;;;;;;;;;;Buy;Put;AmerFwd4;1.06;EUR;;ST_FX_REDES;;3686;22811;22811.002;DR0347798;BSTE;;;05800044;31;;17494.1363;102;PF5;;;;CURR_OPT_FLEX
52012443;52012443;52009000;BANCO SANTANDER SA;Live;OTC Option;04-12-2024;04-12-2024;17-04-2025;17-04-2025;250000;USD;250000;;;;;;;;;;;22-04-2025;;250000;0;17-04-2025;;;;;;;;;;;;;;;;;;;;;;;;;;;Buy;Put;European;1.076;EUR;;ST_FX_REDES;1.05;3686;22796;22796.002;DR0347781;BSTE;;;05800044;31;;7799.34897;102;CF1;;;;CURR_OPT_BAR
53686322;52063007;52062421;BANCO SANTANDER SA;Live;OTC Option;05-12-2024;05-12-2024;11-04-2025;11-04-2025;5600000;USD;4105000;;;;;;;;;;;15-04-2025;;4105000;-137282.72;11-04-2025;;;;;;;;;;;;;;;;;;;;;;;;;;;Buy;Put;American;1.05;EUR;;ST_FX_REDES;;3686;22805;22805.002;DR0347800;BSTE;;;05800044;31;;;102;CF1;;;;CURR_OPT_SMP
53335198;52277699;52277111;MADEIRA WINE COMPANY S.A.;Live;OTC Option;12-12-2024;12-12-2024;12-12-2025;12-12-2025;400000;USD;373545.14;;;;;;;;;;;16-12-2025;;373545.14;0;12-12-2025;;;;;371920.037192;EUR;347322.30590423;;;;;;;;;;;;;;;;;;;;Buy;Put;AmerFwd4;1.0755;EUR;;ST_FX_REDES;;8001088829;22822;22822.001;DR0347819;MWCS;;;05201603;31;1000645349;43268.40766;102;PF6;URJH9VSI58SAN00000000000000000000578634710;;;CURR_OPT_FLEX
53596518;52277865;52277520;MADEIRA WINE COMPANY S.A.;Live;OTC Option;12-12-2024;12-12-2024;12-12-2025;12-12-2025;350000;GBP;227665.3;;;;;;;;;;;16-12-2025;;227665.3;0;12-12-2025;;;;;414201.18343195;EUR;269426.39053254;;;;;;;;;;;;;;;;;;;;Buy;Put;AmerFwd4;.845;EUR;;ST_FX_REDES;;8001088829;22823;22823.001;DR0347826;MWCS;;;05201603;31;1000645349;18654.30271;102;PF6;URJH9VSI58SAN00000000000000000000578637910;;;CURR_OPT_FLEX
53596778;52277613;52277520;BANCO SANTANDER SA;Live;OTC Option;12-12-2024;12-12-2024;12-12-2025;12-12-2025;350000;GBP;227665.3;;;;;;;;;;;16-12-2025;;227665.3;1360.24;12-12-2025;;;;;414201.18343195;EUR;269426.39053254;;;;;;;;;;;;;;;;;;;;Sell;Put;AmerFwd4;.845;EUR;;ST_FX_REDES;;3686;22823;22823.002;DR0347825;BSTE;;;05800044;31;;24580.04883;102;PF7;;;;CURR_OPT_FLEX
53335215;52277706;52277111;BANCO SANTANDER SA;Live;OTC Option;12-12-2024;12-12-2024;12-12-2025;12-12-2025;400000;USD;373545.14;;;;;;;;;;;16-12-2025;;373545.14;1757.89;12-12-2025;;;;;371920.037192;EUR;347322.30590423;;;;;;;;;;;;;;;;;;;;Sell;Put;AmerFwd4;1.0755;EUR;;ST_FX_REDES;;3686;22822;22822.002;DR0347820;BSTE;;;05800044;31;;32556.45544;102;PF7;;;;CURR_OPT_FLEX
53258433;53258433;53258433;AMORIM CORK COMPOSITES SA;Live;OTC Option;17-01-2025;17-01-2025;15-04-2025;15-04-2025;1600000;USD;1600000;;;;;;;;;;;17-04-2025;;1600000;0;15-04-2025;;;;;;;;;;;;;;;;;;;;;;;;;;;Sell;Call;European;1.04;EUR;;ST_FX_CORP_GL;;8002781981;22900;22900.001;DR0347983;CAIM;;;05200780;31;;0;102;PF8;URJH9VSI58SAN00000000000000000000579173910;;;CURR_OPT_SMP
53258608;53258608;53258433;AMORIM CORK COMPOSITES SA;Live;OTC Option;17-01-2025;17-01-2025;14-05-2025;14-05-2025;1600000;USD;1600000;;;;;;;;;;;16-05-2025;;1600000;0;14-05-2025;;;;;;;;;;;;;;;;;;;;;;;;;;;Sell;Call;European;1.04;EUR;;ST_FX_CORP_GL;;8002781981;22900;22900.001;DR0347976;CAIM;;;05200780;31;;0;102;PF8;URJH9VSI58SAN00000000000000000000579174110;;;CURR_OPT_SMP
53258620;53258620;53258433;AMORIM CORK COMPOSITES SA;Live;OTC Option;17-01-2025;17-01-2025;11-06-2025;11-06-2025;1600000;USD;1600000;;;;;;;;;;;13-06-2025;;1600000;0;11-06-2025;;;;;;;;;;;;;;;;;;;;;;;;;;;Sell;Call;European;1.04;EUR;;ST_FX_CORP_GL;;8002781981;22900;22900.001;DR0347974;CAIM;;;05200780;31;;0;102;PF8;URJH9VSI58SAN00000000000000000000579174310;;;CURR_OPT_SMP
53258650;53258650;53258433;AMORIM CORK COMPOSITES SA;Live;OTC Option;17-01-2025;17-01-2025;16-07-2025;16-07-2025;1600000;USD;1600000;;;;;;;;;;;18-07-2025;;1600000;0;16-07-2025;;;;;;;;;;;;;;;;;;;;;;;;;;;Sell;Call;European;1.04;EUR;;ST_FX_CORP_GL;;8002781981;22900;22900.001;DR0347984;CAIM;;;05200780;31;;0;102;PF8;URJH9VSI58SAN00000000000000000000579174510;;;CURR_OPT_SMP
53258666;53258666;53258433;AMORIM CORK COMPOSITES SA;Live;OTC Option;17-01-2025;17-01-2025;06-08-2025;06-08-2025;1600000;USD;1600000;;;;;;;;;;;08-08-2025;;1600000;0;06-08-2025;;;;;;;;;;;;;;;;;;;;;;;;;;;Sell;Call;European;1.04;EUR;;ST_FX_CORP_GL;;8002781981;22900;22900.001;DR0347973;CAIM;;;05200780;31;;0;102;PF8;URJH9VSI58SAN00000000000000000000579174710;;;CURR_OPT_SMP
53258709;53258709;53258433;AMORIM CORK COMPOSITES SA;Live;OTC Option;17-01-2025;17-01-2025;17-09-2025;17-09-2025;1600000;USD;1600000;;;;;;;;;;;19-09-2025;;1600000;189000;17-09-2025;;;;;;;;;;;;;;;;;;;;;;;;;;;Sell;Call;European;1.04;EUR;;ST_FX_CORP_GL;;8002781981;22900;22900.001;DR0347982;CAIM;;;05200780;31;;0;102;PF8;URJH9VSI58SAN00000000000000000000579174910;;;CURR_OPT_SMP
53258655;53258655;53258433;BANCO SANTANDER SA;Live;OTC Option;17-01-2025;17-01-2025;16-07-2025;16-07-2025;1600000;USD;1600000;;;;;;;;;;;18-07-2025;;1600000;0;16-07-2025;;;;;;;;;;;;;;;;;;;;;;;;;;;Buy;Call;European;1.04;EUR;;ST_FX_CORP_GL;;3686;22900;22900.002;DR0347975;BSTE;;;05800044;31;;117117.22077;102;PF5;;;;CURR_OPT_SMP
53258692;53258692;53258433;BANCO SANTANDER SA;Live;OTC Option;17-01-2025;17-01-2025;06-08-2025;06-08-2025;1600000;USD;1600000;;;;;;;;;;;08-08-2025;;1600000;0;06-08-2025;;;;;;;;;;;;;;;;;;;;;;;;;;;Buy;Call;European;1.04;EUR;;ST_FX_CORP_GL;;3686;22900;22900.002;DR0347979;BSTE;;;05800044;31;;156909.98175;102;PF5;;;;CURR_OPT_SMP
53258547;53258547;53258433;BANCO SANTANDER SA;Live;OTC Option;17-01-2025;17-01-2025;15-04-2025;15-04-2025;1600000;USD;1600000;;;;;;;;;;;17-04-2025;;1600000;0;15-04-2025;;;;;;;;;;;;;;;;;;;;;;;;;;;Buy;Call;European;1.04;EUR;;ST_FX_CORP_GL;;3686;22900;22900.002;DR0347981;BSTE;;;05800044;31;;72532.99218;102;PF5;;;;CURR_OPT_SMP
53258613;53258613;53258433;BANCO SANTANDER SA;Live;OTC Option;17-01-2025;17-01-2025;14-05-2025;14-05-2025;1600000;USD;1600000;;;;;;;;;;;16-05-2025;;1600000;0;14-05-2025;;;;;;;;;;;;;;;;;;;;;;;;;;;Buy;Call;European;1.04;EUR;;ST_FX_CORP_GL;;3686;22900;22900.002;DR0347977;BSTE;;;05800044;31;;113286.6025;102;PF5;;;;CURR_OPT_SMP
53258625;53258625;53258433;BANCO SANTANDER SA;Live;OTC Option;17-01-2025;17-01-2025;11-06-2025;11-06-2025;1600000;USD;1600000;;;;;;;;;;;13-06-2025;;1600000;0;11-06-2025;;;;;;;;;;;;;;;;;;;;;;;;;;;Buy;Call;European;1.04;EUR;;ST_FX_CORP_GL;;3686;22900;22900.002;DR0347978;BSTE;;;05800044;31;;114844.67987;102;PF5;;;;CURR_OPT_SMP
53398601;53398601;53397931;BANCO SANTANDER SA;Live;OTC Option;22-01-2025;22-01-2025;12-01-2026;12-01-2026;179000000;MXN;179000000;;;;;;;;;;;14-01-2026;;179000000;-63000;12-01-2026;;;;;;;;;;;;;;;;;;;;;;;;;;;Buy;Call;European;26.913;EUR;;ST_FX_REDES;;3686;22921;22921.002;DR0348015;BSTE;;;05800044;31;;316888.33956;102;PF5;;;;CURR_OPT_SMP
53397931;53397931;53397931;COLEP PACKAGING MX S.A.;Live;OTC Option;22-01-2025;22-01-2025;12-01-2026;12-01-2026;179000000;MXN;179000000;;;;;;;;;;;14-01-2026;;179000000;65000;12-01-2026;;;;;;;;;;;;;;;;;;;;;;;;;;;Sell;Call;European;26.913;EUR;;ST_FX_REDES;;7402738150;22921;22921.001;DR0348016;00R3VD;;;05C12947;31;;0;102;PF8;URJH9VSI58SAN00000000000000000000579250010;;;CURR_OPT_SMP
15741633;1863170;1863162;ELECGAS S.A.;Live;Swap;14-03-2008;01-02-2012;01-02-2035;01-02-2035;60978456.9;EUR;34871817.11;Fixed;Loan;Actual/360 Linear;6M;;0;4.788;4.788;;03-02-2025;01-08-2025;894757.28;830193.35;;;01-08-2025;N;Y;N;60978456.9;EUR;34871817.11;Floating;Borrower;Actual/360 Linear;6M;EURIBOR-EURIBOR-6M;0;1.425;2.593;30-01-2025;03-02-2025;01-08-2025;669946.71;830193.35;;30-07-2025;01-08-2025;N;Y;N;;;;;EUR;;ST_RT_CORP_GL;;7400412936;5913;1863170;DR0315554;ETYM;;;05228666;31;;6842381.74512;101;INS;URJH9VSI58SAN00000000000000000000012104710;;;IRD_IRS
38438152;2507752;2507752;BANCO SANTANDER SA;Live;Swap;30-01-2009;02-02-2009;31-12-2029;31-12-2029;3201387.22;EUR;47950712.48;Floating;Loan;Actual/360 Linear;6M;EURIBOR-EURIBOR-6M;0;2.194;2.577;27-12-2024;31-12-2024;30-06-2025;931932.6;621277.4;;26-06-2025;30-06-2025;N;Y;N;3201387.22;EUR;47950712.48;Fixed;Borrower;Actual/360 Linear;6M;;0;4.22;4.22;;31-12-2024;30-06-2025;1071011.87;621277.4;;;30-06-2025;N;Y;N;;;;;EUR;;ST_RT_CORP_GL;;3686;8455;2507752;DR0332073;BSTE;;;05800044;31;;173530.20646;101;IGS;1030266796SAN00000000000000000000171142421;;;IRD_IRS
38257998;2549114;2548987;BANCO SANTANDER SA;Live;Swap;23-02-2009;31-12-2013;31-12-2030;31-12-2030;46349998.97;EUR;23443987.45;Floating;Loan;Actual/360 Linear;6M;EURIBOR-EURIBOR-6M;0;.392;2.577;27-12-2024;31-12-2024;30-06-2025;473841.59;303753.98;;26-06-2025;30-06-2025;N;Y;N;46349998.97;EUR;23443987.45;Fixed;Borrower;Actual/360 Linear;6M;;0;4.012;4.012;;31-12-2024;30-06-2025;517715.81;303753.98;;;30-06-2025;N;Y;N;;;;;EUR;;ST_RT_CORP_GL;;3686;8521;2549114;DR0332066;BSTE;;8521.001;05800044;31;;248232.3354;101;IGS;1030266796SAN00000000000000000000359207421;;;IRD_IRS
15741611;2549120;2548987;SPER-SOC PORTUGUESA CONSTRUCAO EXPLORACAO RODOVIARIA S.A.;Live;Swap;23-02-2009;31-12-2013;31-12-2030;31-12-2030;46349998.97;EUR;23443987.45;Fixed;Loan;Actual/360 Linear;6M;;0;4.012;4.012;;31-12-2024;30-06-2025;517715.81;472899.09;;;30-06-2025;N;Y;N;46349998.97;EUR;23443987.45;Floating;Borrower;Actual/360 Linear;6M;EURIBOR-EURIBOR-6M;0;.392;2.577;27-12-2024;31-12-2024;30-06-2025;473841.59;472899.09;;26-06-2025;30-06-2025;N;Y;N;;;;;EUR;;ST_RT_CORP_GL;;7400587522;8521;2549120;DR0332068;S2ZF;;8521.002;05247983;31;;1877474.11092;101;INS;URJH9VSI58SAN00000000000000000000040677010;;;IRD_IRS
15741699;2762436;2729242;ROTAS DO ALGARVE LITORAL S.A.;Live;Swap;09-06-2009;30-06-2014;29-12-2028;29-12-2028;27930348.71;EUR;9962282.37;Fixed;Loan;Actual/360 Linear;6M;;0;4.3965;4.3965;;31-12-2024;30-06-2025;258936.95;220212.52;;;30-06-2025;N;Y;N;27930348.71;EUR;9962282.37;Floating;Borrower;Actual/360 Linear;6M;EURIBOR-EURIBOR-6M;0;.305;2.577;27-12-2024;31-12-2024;30-06-2025;216266.68;220212.52;;26-06-2025;30-06-2025;N;Y;N;;;;;EUR;;ST_RT_CORP_GL;;7400617061;8993;2762436;DR0332072;RY84;;8993.001;05252223;31;;530022.78783;101;INS;URJH9VSI58SAN00000000000000000000046550810;;;IRD_IRS
38258064;2762434;2729242;BANCO SANTANDER SA;Live;Swap;09-06-2009;30-06-2014;29-12-2028;29-12-2028;27930348.71;EUR;9962282.37;Floating;Loan;Actual/360 Linear;6M;EURIBOR-EURIBOR-6M;0;.305;2.577;27-12-2024;31-12-2024;30-06-2025;216266.68;129077.14;;26-06-2025;30-06-2025;N;Y;N;27930348.71;EUR;9962282.37;Fixed;Borrower;Actual/360 Linear;6M;;0;4.3965;4.3965;;31-12-2024;30-06-2025;258936.95;129077.14;;;30-06-2025;N;Y;N;;;;;EUR;;ST_RT_CORP_GL;;3686;8993;2762432;DR0332069;BSTE;;8993.002;05800044;31;;10642.23024;101;IGS;1030266796SAN00000000000000000000488024421;;;IRD_IRS
38257954;2939801;1863162;BANCO SANTANDER SA;Live;Swap;23-11-2009;01-02-2012;01-02-2035;01-02-2035;60978456.9;EUR;34871817.11;Floating;Loan;Actual/360 Linear;6M;EURIBOR-EURIBOR-6M;0;1.425;2.593;30-01-2025;03-02-2025;01-08-2025;669946.71;449601.37;;30-07-2025;01-08-2025;N;Y;N;60978456.9;EUR;34871817.11;Fixed;Borrower;Actual/360 Linear;6M;;0;4.788;4.788;;03-02-2025;01-08-2025;894757.28;449601.37;;;01-08-2025;N;Y;N;;;;;EUR;;ST_RT_CORP_GL;;3686;5913;2939801;DR0310829;BSTE;;;05800044;31;;524438.80755;101;IGS;1030266796SAN00000000000000000000226055121;;;IRD_IRS
38266698;2940021;497245;BANCO SANTANDER SA;Live;Swap;23-11-2009;05-11-2004;31-10-2030;31-10-2030;12050000;EUR;1731130.65;Floating;Loan;Actual/360 Linear;1M;EURIBOR-EURIBOR-1M;1;1.426;3.725;29-01-2025;31-01-2025;28-02-2025;5942.35;5015.47;;26-02-2025;28-02-2025;N;Y;N;12050000;EUR;1731130.65;Fixed;Borrower;30/360 Linear;1M;;0;0;0;;31-01-2025;28-02-2025;8102.28;5015.47;;;28-02-2025;N;Y;N;;;;;EUR;;ST_GV_BTB_LD;;3686;T1109;2940021;DR0346018;BSTE;;;05800044;31;;1078.14006;101;IGS;1030266796SAN00000000000000000000010169521;;;IRD_IRS
38255756;4149521;740360;BANCO SANTANDER SA;Live;Swap;23-11-2009;03-08-2005;03-12-2029;03-12-2029;380100;EUR;380100;Fixed;Loan;Actual/360 Linear;1M;;0;3.78201402;7.15487654;;03-02-2025;03-02-2025;2115.22;2115.22;;;03-03-2025;Y;N;N;380100;EUR;380100;Fixed;Borrower;Actual/360 Linear;6M;;0;0;0;;02-12-2024;02-06-2025;0;2115.22;;;02-12-2024;N;N;N;;;;;EUR;;ST_RT_INST;;3686;1690;2940041;DR0345815;BSTE;;;05800044;31;;148789.01712;101;IGS;URJH9VSI58SAN00000000000000000000072935410;;;IRD_IRS
15741081;4149524;740360;SANTANDER TOTTA SEGUROS COMPANHIA DE SEGUROS DE VIDA SA;Live;Swap;23-11-2009;03-08-2005;03-12-2029;03-12-2029;385100;EUR;385100;Fixed;Loan;Actual/360 Linear;12M;;0;0;0;;02-12-2024;01-12-2025;0;0;;;01-12-2025;N;Y;N;385100;EUR;385100;Fixed;Borrower;Actual/360 Linear;1M;;0;3.7329097;7.0619802;;03-02-2025;03-02-2025;4230.44;0;;;01-12-2025;N;N;N;;;;;EUR;;ST_RT_INST;;8046077493;1690;2940040;DR0339985;9TTS;;;05226583;31;;0;101;INS;URJH9VSI58SAN00000000000000000000027460610;;;IRD_IRS
38191798;11533400;11533400;BANCO SANTANDER SA;Live;Swap;17-08-2015;20-08-2015;20-06-2025;20-06-2025;1943154;EUR;15324;Floating;Loan;Actual/360 Linear;1M;EURIBOR-EURIBOR-1M;0;-.089;0;18-02-2025;20-02-2025;20-03-2025;46.59;0;;18-03-2025;20-03-2025;N;Y;N;1943154;EUR;15324;Fixed;Borrower;Actual/360 Linear;1M;;0;.59;.59;;20-02-2025;20-03-2025;9.73;0;;;20-03-2025;N;Y;N;;;;;EUR;;ST_RT_SGC_COB;;3686;13157;13157.002;DR0331443;BSTE;;;05800044;31;;105.53319;101;IGS;1030266796SAN00000000000000000001377968721;;;IRD:IRS:-
15741515;11535082;11533400;AFTERHOUSE, S.A.;Live;Swap;17-08-2015;20-08-2015;20-06-2025;20-06-2025;1943154;EUR;15324;Fixed;Loan;Actual/360 Linear;1M;;;.59;.59;;20-02-2025;20-03-2025;9.73;7.03;;;20-03-2025;N;Y;N;1943154;EUR;15324;Floating;Borrower;Actual/360 Linear;1M;EURIBOR-EURIBOR-1M;0;-.089;;18-02-2025;20-02-2025;20-03-2025;46.59;7.03;;18-03-2025;20-03-2025;N;Y;N;;;;;EUR;;ST_GV_BTBACK;;7400332226;13157;13157.001;DR0331444;8H4H;;;05237281;31;9721404;0;101;INS;URJH9VSI58SAN00000000000000000000523909310;;;IRD_IRS
15741555;11995707;10564162;SANTANDER TOTTA SEGUROS COMPANHIA DE SEGUROS DE VIDA SA;Live;Swap;24-03-2015;04-04-2015;04-04-2033;04-04-2033;2302650;EUR;2300440;Fixed;Loan;Actual/360 Linear;12M;;0;0;0;;04-04-2024;04-04-2025;0;0;;;04-04-2025;N;Y;N;2302650;EUR;2300440;Fixed;Borrower;30/360 Linear;1M;;0;0;0;;04-02-2025;04-03-2025;11560;0;;;04-04-2025;N;N;N;;;;;EUR;;ST_RT_INST;;8046077493;13092;13092.001;DR0333171;9TTS;;;05226583;31;;0;101;INS;URJH9VSI58SAN00000000000000000000524991410;;;IRD_IRS
38255826;11995858;10564162;BANCO SANTANDER SA;Live;Swap;24-03-2015;04-04-2015;04-04-2033;04-04-2033;2302650;EUR;2300440;Fixed;Loan;30/360 Linear;1M;;0;0;0;;04-02-2025;04-03-2025;11560;11560;;;04-03-2025;N;Y;N;2302650;EUR;2300440;Fixed;Borrower;Actual/360 Linear;6M;;0;0;0;;04-10-2024;04-04-2025;0;11560;;;04-10-2024;N;N;N;;;;;EUR;;ST_RT_INST;;3686;13092;13092.002;DR0345631;BSTE;;;05800044;31;;1050789.41034;101;IGS;1030266796SAN00000000000000000001324066021;;;IRD_IRS
38437940;2507757;2507752;AUTO ESTRADAS XXI SUBCONCESSIONARIA TRANSMONTANA S.A.;Live;Swap;30-01-2009;02-02-2009;31-12-2029;31-12-2029;3201387.22;EUR;47950712.48;Fixed;Loan;Actual/360 Linear;6M;;0;4.22;4.22;;31-12-2024;30-06-2025;1071011.87;1017380.92;;;30-06-2025;N;Y;N;3201387.22;EUR;47950712.48;Floating;Borrower;Actual/360 Linear;6M;EURIBOR-EURIBOR-6M;0;2.194;2.577;27-12-2024;31-12-2024;30-06-2025;931932.6;1017380.92;;26-06-2025;30-06-2025;N;Y;N;;;;;EUR;;ST_RT_CORP_GL;;7400592800;8455;2507757;DR0345744;BKS5;;;05247123;31;;3487479.84493;101;INS;URJH9VSI58SAN00000000000000000000039469410;;;IRD_IRS
15741096;12251159;1900149142;DAV - ACESSORIOS PARA A INDUSTRIA DE TORNEIRAS LDA;Live;Swap;25-11-2015;16-05-2016;15-11-2030;15-11-2030;1100000;EUR;449482.76;Fixed;Loan;Actual/360 Linear;1M;;0;1.25;1.25;;17-02-2025;17-03-2025;522.13;437;;;17-03-2025;N;Y;N;1100000;EUR;449482.76;Floating;Borrower;Actual/360 Linear;1M;EURIBOR-EURIBOR-1Y;0;.084;2.495;13-11-2024;17-02-2025;17-03-2025;1042.1739251;437;;13-11-2024;17-03-2025;N;Y;N;;;;;EUR;;ST_GV_BTBACK;;8046440512;13189;13189.001;DR0331905;92XW;;;05233221;31;9824113;4849.34022;101;INS;URJH9VSI58SAN00000000000000000000525598810;;;IRD_IRS
38191731;12250138;1900149142;BANCO SANTANDER SA;Live;Swap;25-11-2015;16-05-2016;15-11-2030;15-11-2030;1100000;EUR;449482.76;Floating;Loan;Actual/360 Linear;1M;EURIBOR-EURIBOR-1Y;0;.084;2.495;13-11-2024;17-02-2025;17-03-2025;1042.1739251;872.24626704;;13-11-2024;17-03-2025;N;Y;N;1100000;EUR;449482.76;Fixed;Borrower;Actual/360 Linear;1M;;0;1.25;1.25;;17-02-2025;17-03-2025;522.13;872.24626704;;;17-03-2025;N;Y;N;;;;;EUR;;ST_RT_SGC_COB;;3686;13189;13189.002;DR0331912;BSTE;;;05800044;31;;25079.11296;101;IGS;1030266796SAN00000000000000000001416047421;;;IRD:IRS:-
15778854;13122496;12618861;ASCENDI PINHAL INTERIOR ESTRADAS DO PINHAL INTERIOR, SA;Live;Swap;23-10-2015;15-06-2015;15-06-2032;15-06-2032;31516537.11;EUR;14275791.67;Fixed;Loan;Actual/360 Linear;6M;;0;4.079;4.079;;16-12-2024;16-06-2025;311796.98;294389.82;;;16-06-2025;N;Y;N;31516537.11;EUR;14275791.67;Floating;Borrower;Actual/360 Linear;6M;EURIBOR-EURIBOR-6M;0;.049;2.656;12-12-2024;16-12-2024;16-06-2025;286113.29;294389.82;;12-06-2025;16-06-2025;N;Y;N;;;;;EUR;;ST_BIF_GV_BTBACK;;2101618860;B13275;B13275.001;DR0332558;6BR4;;;05244241;31;;1355828.70444;101;INS;URJH9VSI58SAN00000000000000000000527730110;;;IRD_IRS
15778878;13121120;12620385;HL SOCIEDADE GESTORA DO EDIFICIO SA;Live;Swap;02-10-2015;30-06-2015;30-12-2036;30-12-2036;16067689.31;EUR;11059085.65;Fixed;Loan;Actual/360 Linear;6M;;0;4.325;4.325;;30-12-2024;30-06-2025;251295.02;241809.98;;;30-06-2025;N;Y;N;16067689.31;EUR;11059085.65;Floating;Borrower;Actual/360 Linear;6M;EURIBOR-EURIBOR-6M;0;.05;2.597;24-12-2024;30-12-2024;30-06-2025;213353.83;241809.98;;26-06-2025;30-06-2025;N;Y;N;;;;;EUR;;ST_BIF_GV_BTBACK;;2101551189;B13278;B13278.001;DR0332597;6BQZ;;;05244268;31;;2571140.64769;101;INS;URJH9VSI58SAN00000000000000000000527729210;;;IRD_IRS
38224975;13192210;1900164487;BANCO SANTANDER SA;Live;Swap;07-04-2016;01-04-2016;15-11-2026;15-11-2026;2578705.95;EUR;468855.63;Floating;Loan;30/360 Linear;6M;EURIBOR-EURIBOR-6M;0;-.132;2.779;13-11-2024;15-11-2024;15-05-2025;11135.32;6514.75;;13-05-2025;15-05-2025;N;Y;N;2578705.95;EUR;468855.63;Fixed;Borrower;30/360 Linear;6M;;0;.594;.594;;15-11-2024;15-05-2025;1740.63;6514.75;;;15-05-2025;N;Y;N;;;;;EUR;;ST_ALM_TF_COB;;3686;13289;13289.001;DR0346767;BSTE;;;05800044;31;;13426.70754;101;IGS;1030266796SAN00000000000000000001469673321;;;IRD:IRS:-
15741389;13293839;1900166219;FIPORAG - TEXTEIS S.A.;Live;Swap;21-04-2016;02-05-2016;01-05-2026;01-05-2026;280800;EUR;40502.07;Fixed;Loan;Actual/360 Linear;1M;;;.64;.64;;01-02-2025;03-03-2025;23.68;20.16;;;01-03-2025;N;N;N;280800;EUR;40502.07;Floating;Borrower;Actual/360 Linear;1M;EURIBOR-EURIBOR-1Y;0;-.012;3.726;29-04-2024;01-02-2025;03-03-2025;137.86;20.16;;29-04-2024;01-03-2025;N;N;N;;;;;EUR;;ST_GV_BTBACK;;8045084593;13299;13299.001;DR0332679;7XPT;;;05238181;31;9963245;0;101;INS;URJH9VSI58SAN00000000000000000000528166010;;;IRD_IRS
38360477;13278287;1900162764;BANCO SANTANDER SA;Live;Swap;23-03-2016;26-03-2016;26-03-2025;26-03-2025;5500000;EUR;392857.14;Floating;Loan;30/360 Linear;6M;EURIBOR-EURIBOR-6M;0;-.133;3.196;24-09-2024;26-09-2024;26-03-2025;15219.29;6277.86;;;;N;Y;N;5500000;EUR;392857.14;Fixed;Borrower;30/360 Linear;6M;;0;.38;.38;;26-09-2024;26-03-2025;1492.86;6277.86;;;26-09-2024;N;Y;N;;;;;EUR;;ST_ALM_TF_COB;;3686;13272;13272.001;DR0332940;BSTE;;;05800044;31;;5536.9384;101;IGS;1030266796SAN00000000000000000001464103021;;;IRD:IRS:-
38191678;13250765;1900165362;BANCO SANTANDER SA;Live;Swap;15-04-2016;01-04-2016;01-04-2026;01-04-2026;1250000;EUR;201041.67;Floating;Loan;Actual/360 Linear;1M;EURIBOR-EURIBOR-1Y;0;-.004;3.684;27-03-2024;03-02-2025;03-03-2025;690.75;576.05;;27-03-2024;03-03-2025;N;Y;N;1250000;EUR;201041.67;Fixed;Borrower;Actual/360 Linear;1M;;0;.68;.68;;03-02-2025;03-03-2025;127.5;576.05;;;03-03-2025;N;Y;N;;;;;EUR;;ST_RT_SGC_COB;;3686;13294;13294.002;DR0332650;BSTE;;;05800044;31;;3859.12105;101;IGS;1030266796SAN00000000000000000001472553221;;;IRD:IRS:-
38191980;13293720;1900166219;BANCO SANTANDER SA;Live;Swap;21-04-2016;02-05-2016;01-05-2026;01-05-2026;280800;EUR;40502.07;Floating;Loan;Actual/360 Linear;1M;EURIBOR-EURIBOR-1Y;0;-.012;3.726;29-04-2024;01-02-2025;03-03-2025;137.86;117.37;;29-04-2024;01-03-2025;N;N;N;280800;EUR;40502.07;Fixed;Borrower;Actual/360 Linear;1M;;0;.64;.64;;01-02-2025;03-03-2025;23.68;117.37;;;01-03-2025;N;N;N;;;;;EUR;;ST_RT_SGC_COB;;3686;13299;13299.002;DR0332680;BSTE;;;05800044;31;;764.57926;101;IGS;1030266796SAN00000000000000000001474801021;;;IRD:IRS:-
15778876;13249028;1900165362;DTX GRUPO, S.A.;Live;Swap;15-04-2016;01-04-2016;01-04-2026;01-04-2026;1250000;EUR;201041.67;Fixed;Loan;Actual/360 Linear;1M;;0;.68;.68;;03-02-2025;03-03-2025;127.5;106.33;;;03-03-2025;N;Y;N;1250000;EUR;201041.67;Floating;Borrower;Actual/360 Linear;1M;EURIBOR-EURIBOR-1Y;0;-.004;3.684;27-03-2024;03-02-2025;03-03-2025;690.75;106.33;;27-03-2024;03-03-2025;N;Y;N;;;;;EUR;;ST_GV_BTBACK;;7400115380;13294;13294.001;DR0332649;ZRNY;;;05219541;31;9970462;0;101;INS;URJH9VSI58SAN00000000000000000000528047210;;;IRD_IRS
38225420;14315103;14315103;BANCO SANTANDER SA;Live;Swap;23-09-2016;23-09-2016;23-09-2026;23-09-2026;20000000;EUR;11363154.73;Floating;Loan;30/360 Linear;6M;EURIBOR-EURIBOR-6M;0;-.201;3.223;19-09-2024;23-09-2024;24-03-2025;232961.35;183117.24;;20-03-2025;23-03-2025;N;N;N;20000000;EUR;11363154.73;Fixed;Borrower;30/360 Linear;6M;;0;.38;.38;;23-09-2024;24-03-2025;22687.16;183117.24;;;23-03-2025;N;N;N;;;;;EUR;;ST_ALM_TF_COB;;3686;13350;13350.001;DR0346647;BSTE;;;05800044;31;;513663.45364;101;IGS;1030266796SAN00000000000000000001527879821;;;IRD:IRS:-
38266074;14381874;12620385;BANCO SANTANDER SA;Live;Swap;04-10-2016;30-06-2016;30-12-2036;30-12-2036;15862902.53;EUR;11059085.65;Floating;Loan;Actual/360 Linear;6M;EURIBOR-EURIBOR-6M;0;-.176;2.597;24-12-2024;30-12-2024;30-06-2025;213353.83;145197.81;;26-06-2025;30-06-2025;N;Y;N;15862902.53;EUR;11059085.65;Fixed;Borrower;Actual/360 Linear;6M;;0;4.325;4.325;;30-12-2024;30-06-2025;251295.02;145197.81;;;30-06-2025;N;Y;N;;;;;EUR;;ST_BIF_GV_BTBACK;;3686;B13278;B13278.003;DR0333477;BSTE;;;05800044;31;;458198.7238;101;IGS;1030266796SAN00000000000000000001531084021;;;IRD_IRS
38266187;14791741;12618861;BANCO SANTANDER SA;Live;Swap;28-11-2016;15-06-2016;15-06-2032;15-06-2032;30531397.06;EUR;14275791.67;Floating;Loan;Actual/360 Linear;6M;EURIBOR-EURIBOR-6M;0;-.158;2.656;12-12-2024;16-12-2024;16-06-2025;286113.29;191688.99;;12-06-2025;16-06-2025;N;Y;N;30531397.06;EUR;14275791.67;Fixed;Borrower;Actual/360 Linear;6M;;0;4.079;4.079;;16-12-2024;16-06-2025;311796.98;191688.99;;;16-06-2025;N;Y;N;;;;;EUR;;ST_BIF_GV_BTBACK;;3686;B13275;B13275.003;DR0333724;BSTE;;;05800044;31;;174548.19967;101;IGS;1030266796SAN00000000000000000001547609821;;;IRD_IRS
38225621;15048673;1900193914;BANCO SANTANDER SA;Live;Swap;04-01-2017;21-12-2016;15-11-2026;15-11-2026;2297216.75;EUR;459443.35;Floating;Loan;30/360 Linear;6M;EURIBOR-EURIBOR-6M;0;-.216;2.779;13-11-2024;15-11-2024;15-05-2025;10911.78;6383.97;;13-05-2025;15-05-2025;N;Y;N;2297216.75;EUR;459443.35;Fixed;Borrower;30/360 Linear;6M;;0;.698;.698;;15-11-2024;15-05-2025;2004.32;6383.97;;;15-05-2025;N;Y;N;;;;;EUR;;ST_ALM_TF_COB;;3686;13391;13391.001;DR0346770;BSTE;;;05800044;31;;12567.84521;101;IGS;1030266796SAN00000000000000000001559224721;;;IRD:IRS:-
11469574;15074116;966403;SANTANDER TOTTA SEGUROS COMPANHIA DE SEGUROS DE VIDA SA;Live;Swap;09-01-2017;27-01-2017;27-10-2025;27-10-2025;10000000;EUR;18555000;Fixed;Loan;Actual/360 Linear;1Y;;0;.997;1.0065;;27-01-2025;22-10-2025;188831.14;139029.52;;;;N;Y;N;10000000;EUR;18555000;Fixed;Borrower;Actual/360 Linear;1Y;;0;0;0;;27-01-2025;27-10-2025;0;139029.52;;;27-01-2025;N;N;N;;;;;EUR;;ST_ALM_SEG_EMI;;8046077493;13393;13393.001;DR0341745;9TTS;;13393.001;05253982;31;;139031.58719;101;ENN;URJH9VSI58SAN00000000000000000000532592310;;;IRD_IRS
11469573;15074035;966403;BANCO SANTANDER SA;Live;Swap;09-01-2017;27-01-2017;27-10-2025;27-10-2025;10000000;EUR;18555000;Fixed;Loan;Actual/360 Linear;1Y;;0;0;0;;27-01-2025;27-10-2025;0;0;;;;N;Y;N;10000000;EUR;18555000;Fixed;Borrower;Actual/360 Linear;1Y;;0;.997;1.0065;;27-01-2025;22-10-2025;188831.14;0;;;27-01-2025;N;N;N;;;;;EUR;;ST_ALM_SEG_EMI;;3686;13393;13393.002;DR0341431;BSTE;;13393.002;05800044;31;;0;101;EGN;1030266796SAN00000000000000000001560379821;;;IRD_IRS
51766797;15211714;1900196349;SANTANDER TOTTA SEGUROS COMPANHIA DE SEGUROS DE VIDA SA;Live;Swap;30-01-2017;24-02-2017;20-10-2025;20-10-2025;20000000;EUR;42969000;Fixed;Loan;Actual/360 Linear;1Y;;0;1.65845;1.65845;;24-02-2025;20-10-2025;720537.37;471120.59;;;;N;Y;N;20000000;EUR;42969000;Fixed;Borrower;Actual/360 Linear;6M;;0;0;0;;24-02-2025;25-08-2025;0;471120.59;;;25-08-2025;N;N;N;;;;;EUR;;ST_ALM_SEG_RT;;8046077493;13396;13396.001;DR0346790;9TTS;;13396.001;05255161;31;;1187386.14446;101;INN;URJH9VSI58SAN00000000000000000000532915810;;;IRD_IRS
50755737;15328917;1900197866;SANTANDER TOTTA SEGUROS COMPANHIA DE SEGUROS DE VIDA SA;Live;Swap;15-02-2017;24-02-2017;20-10-2025;20-10-2025;5000000;EUR;5652000;Fixed;Loan;Actual/360 Linear;1Y;;0;2.22747;2.22747;;24-02-2025;20-10-2025;127295.46;83231.64;;;;N;Y;N;5000000;EUR;5652000;Fixed;Borrower;Actual/360 Linear;6M;;0;0;0;;24-02-2025;25-08-2025;0;83231.64;;;25-08-2025;N;N;N;;;;;EUR;;ST_ALM_SEG_RT;;8046077493;13410;13410.001;DR0334222;9TTS;;13410.001;05255601;31;;209772.408;101;INN;URJH9VSI58SAN00000000000000000000533193710;;;IRD_IRS
15838293;15479872;15479204;PARQUE EOLICO DE MOURISCA;Live;Swap;09-03-2017;09-03-2017;13-12-2027;13-12-2027;2853467.97;EUR;1258669.89;Fixed;Loan;Actual/360 Linear;6M;;;.756;.756;;11-12-2024;11-06-2025;5150.39;4810.64;;;11-06-2025;N;Y;N;2853467.97;EUR;1258669.89;Floating;Borrower;Actual/360 Linear;6M;EURIBOR-EURIBOR-6M;0;-.323;2.661;09-12-2024;11-12-2024;11-06-2025;25445.38;4810.64;;09-06-2025;11-06-2025;N;Y;N;;;;;EUR;;ST_RT_CORP_GL;;7401061771;13416;13416.001;DR0334341;202D;;;05225082;31;10293380;966.94132;101;INS;URJH9VSI58SAN00000000000000000000533523510;;;IRD_IRS
11284011;15433712;1000948;SANTANDER TOTTA SEGUROS COMPANHIA DE SEGUROS DE VIDA SA;Live;Swap;02-03-2017;29-03-2017;22-10-2025;22-10-2025;10000000;EUR;38747000;Fixed;Loan;Actual/360 Linear;1Y;;0;.99742;.99666;;28-03-2024;31-03-2025;400431.83;394757.54;;;31-03-2025;N;Y;N;10000000;EUR;38747000;Fixed;Borrower;Actual/360 Linear;1Y;;0;0;0;;28-03-2024;31-03-2025;0;394757.54;;;31-03-2025;N;Y;N;;;;;EUR;;ST_ALM_SEG_EMI;;8046077493;13414;13414.001;DR0346771;9TTS;;13414.001;05256501;31;;612740.86299;101;ENN;URJH9VSI58SAN00000000000000000000533412610;;;IRD_IRS
38191438;15479204;15479204;BANCO SANTANDER SA;Live;Swap;09-03-2017;09-03-2017;13-12-2027;13-12-2027;2853467.97;EUR;1258669.89;Floating;Loan;Actual/360 Linear;6M;EURIBOR-EURIBOR-6M;0;-.323;2.661;09-12-2024;11-12-2024;11-06-2025;25445.38;16932.68;;09-06-2025;11-06-2025;N;Y;N;2853467.97;EUR;1258669.89;Fixed;Borrower;Actual/360 Linear;6M;;0;.756;.756;;11-12-2024;11-06-2025;5150.39;16932.68;;;11-06-2025;N;Y;N;;;;;EUR;;ST_RT_SALE_COB;;3686;13416;13416.008;DR0334340;BSTE;;;05800044;31;;41770.14782;101;IGS;1030266796SAN00000000000000000001578871721;;;IRD:IRS:-
38191491;15479452;15479452;BANCO SANTANDER SA;Live;Swap;09-03-2017;09-03-2017;11-12-2025;11-12-2025;3711561.47;EUR;958611.43;Floating;Loan;Actual/360 Linear;6M;EURIBOR-EURIBOR-6M;0;-.323;2.661;09-12-2024;11-12-2024;11-06-2025;22098.67;12896.04;;09-06-2025;11-06-2025;N;Y;N;3711561.47;EUR;958611.43;Fixed;Borrower;Actual/360 Linear;6M;;0;.637;.637;;11-12-2024;11-06-2025;3768.9;12896.04;;;11-06-2025;N;Y;N;;;;;EUR;;ST_RT_SALE_COB;;3686;13416;13416.011;DR0334327;BSTE;;;05800044;31;;12825.22148;101;IGS;1030266796SAN00000000000000000001578871921;;;IRD:IRS:-
38191592;15479516;15479516;BANCO SANTANDER SA;Live;Swap;09-03-2017;09-03-2017;07-11-2029;07-11-2029;7179422.67;EUR;3239160.39;Floating;Loan;Actual/360 Linear;6M;EURIBOR-EURIBOR-6M;0;-.323;2.661;09-12-2024;11-12-2024;11-06-2025;64242.25;43575.88;;09-06-2025;11-06-2025;N;Y;N;7179422.67;EUR;3239160.39;Fixed;Borrower;Actual/360 Linear;6M;;0;.861;.861;;11-12-2024;11-06-2025;14809.26;43575.88;;;11-06-2025;N;Y;N;;;;;EUR;;ST_RT_SALE_COB;;3686;13416;13416.012;DR0334312;BSTE;;;05800044;31;;179278.09077;101;IGS;1030266796SAN00000000000000000001579142721;;;IRD:IRS:-
11284007;15433740;1000948;BANCO SANTANDER SA;Live;Swap;02-03-2017;29-03-2017;22-10-2025;22-10-2025;10000000;EUR;38747000;Fixed;Loan;Actual/360 Linear;1Y;;0;0;0;;28-03-2024;31-03-2025;0;0;;;31-03-2025;N;Y;N;10000000;EUR;38747000;Fixed;Borrower;Actual/360 Linear;1Y;;0;.99742;.99666;;28-03-2024;31-03-2025;400431.83;0;;;31-03-2025;N;Y;N;;;;;EUR;;ST_ALM_SEG_EMI;;3686;13414;13414.002;DR0346765;BSTE;;13414.002;05800044;31;;0;101;EGN;1030266796SAN00000000000000000001575350821;;;IRD_IRS
15838305;15487211;15479366;PARQUE EOLICO DE NAVE S.A.;Live;Swap;09-03-2017;09-03-2017;13-12-2027;13-12-2027;2268477.92;EUR;1078160.26;Fixed;Loan;Actual/360 Linear;6M;;0;.763;.763;;11-12-2024;11-06-2025;4474.52;4158.88;;;11-06-2025;N;Y;N;2268477.92;EUR;1078160.26;Floating;Borrower;Actual/360 Linear;6M;EURIBOR-EURIBOR-6M;0;-.323;2.661;09-12-2024;11-12-2024;11-06-2025;21903.47;4158.88;;09-06-2025;11-06-2025;N;Y;N;;;;;EUR;;ST_RT_CORP_GL;;7401061772;13416;13416.003;DR0334337;202K;;;05225086;31;10293446;781.62663;101;INS;URJH9VSI58SAN00000000000000000000533523710;;;IRD_IRS
15838297;15479875;15479452;PARQUE EOLICO TERRAS ALTAS DE FAFE S.A.;Live;Swap;09-03-2017;09-03-2017;11-12-2025;11-12-2025;3711561.47;EUR;958611.43;Fixed;Loan;Actual/360 Linear;6M;;;.637;.637;;11-12-2024;11-06-2025;3768.9;3087.1;;;11-06-2025;N;Y;N;3711561.47;EUR;958611.43;Floating;Borrower;Actual/360 Linear;6M;EURIBOR-EURIBOR-6M;0;-.323;2.661;09-12-2024;11-12-2024;11-06-2025;22098.67;3087.1;;09-06-2025;11-06-2025;N;Y;N;;;;;EUR;;ST_RT_CORP_GL;;7400044509;13416;13416.004;DR0334330;201Q;;;05225081;31;10293621;0;101;INS;URJH9VSI58SAN00000000000000000000533523810;;;IRD_IRS
15741690;15479876;15479516;EOLICA DA LOMBA SA;Live;Swap;09-03-2017;09-03-2017;07-11-2029;07-11-2029;7179422.67;EUR;3239160.39;Fixed;Loan;Actual/360 Linear;6M;;;.861;.861;;11-12-2024;11-06-2025;14809.26;14099.53;;;11-06-2025;N;Y;N;7179422.67;EUR;3239160.39;Floating;Borrower;Actual/360 Linear;6M;EURIBOR-EURIBOR-6M;0;-.323;2.661;09-12-2024;11-12-2024;11-06-2025;64242.25;14099.53;;09-06-2025;11-06-2025;N;Y;N;;;;;EUR;;ST_RT_CORP_GL;;7401527695;13416;13416.005;DR0334320;3B8N;;;05256941;31;10293744;16698.042;101;INS;URJH9VSI58SAN00000000000000000000533524010;;;IRD_IRS
38191350;15479366;15479366;BANCO SANTANDER SA;Live;Swap;09-03-2017;09-03-2017;13-12-2027;13-12-2027;2268477.92;EUR;1078160.26;Floating;Loan;Actual/360 Linear;6M;EURIBOR-EURIBOR-6M;0;-.323;2.661;09-12-2024;11-12-2024;11-06-2025;21903.47;14504.31;;09-06-2025;11-06-2025;N;Y;N;2268477.92;EUR;1078160.26;Fixed;Borrower;Actual/360 Linear;6M;;0;.763;.763;;11-12-2024;11-06-2025;4474.52;14504.31;;;11-06-2025;N;Y;N;;;;;EUR;;ST_RT_SALE_COB;;3686;13416;13416.010;DR0334346;BSTE;;;05800044;31;;34671.03644;101;IGS;1030266796SAN000000000000000000015788718.21;;;IRD:IRS:-
38164614;15542625;15479336;BANCO SANTANDER SA;Live;Swap;09-03-2017;09-03-2017;01-06-2027;01-06-2027;3603455.66;EUR;1363799.54;Floating;Loan;Actual/360 Linear;6M;EURIBOR-EURIBOR-6M;0;-.323;2.661;09-12-2024;11-12-2024;11-06-2025;27632.83;18346.97;;09-06-2025;11-06-2025;N;Y;N;3603455.66;EUR;1363799.54;Fixed;Borrower;Actual/360 Linear;6M;;0;.726;.726;;11-12-2024;11-06-2025;5371.2;18346.97;;;11-06-2025;N;Y;N;;;;;EUR;;ST_RT_SALE_COB;;3686;13416;13416.009;DR0334375;BSTE;;;05800044;31;;43853.07586;101;IGS;1030266796SAN00000000000000000001579665021;;;IRD:IRS:-
15838276;15547035;15479336;PARQUE EOLICO DA SERRA DO RALO SA;Live;Swap;09-03-2017;09-03-2017;01-06-2027;01-06-2027;3603455.66;EUR;1363799.54;Fixed;Loan;Actual/360 Linear;6M;;0;.726;.726;;11-12-2024;11-06-2025;5371.2;5005.6;;;11-06-2025;N;Y;N;3603455.66;EUR;1363799.54;Floating;Borrower;Actual/360 Linear;6M;EURIBOR-EURIBOR-6M;0;-.323;2.661;09-12-2024;11-12-2024;11-06-2025;27632.83;5005.6;;09-06-2025;11-06-2025;N;Y;N;;;;;EUR;;ST_RT_CORP_GL;;7401061786;13416;13416.002;DR0334374;202U;;;05225087;31;10293328;811.11602;101;INS;URJH9VSI58SAN00000000000000000000533523610;;;IRD_IRS
38191536;15623862;15623862;BANCO SANTANDER SA;Live;Swap;30-03-2017;08-11-2016;08-11-2032;08-11-2032;96272726;EUR;96272726;Floating;Loan;Actual/360 Linear;6M;EURIBOR-EURIBOR-6M;0;-.213;2.916;06-11-2024;08-11-2024;08-05-2025;1865401.73;1411454.44;;06-05-2025;08-05-2025;N;Y;N;96272726;EUR;96272726;Fixed;Borrower;Actual/360 Linear;6M;;0;8.52;8.52;;08-11-2024;08-05-2025;4192356.31;1411454.44;;;08-05-2025;N;Y;N;;;;;EUR;;ST_RT_SALE_COB;;3686;13346;13346.003;DR0334506;BSTE;;;05800044;31;;0;101;IGS;1030266796SAN00000000000000000001583667821;;;IRD:IRS:-
15741455;15628665;15623862;GOVERNO REGIONAL MADEIRA;Live;Swap;30-03-2017;08-11-2016;08-11-2032;08-11-2032;88570908;EUR;88570908;Fixed;Loan;Actual/360 Linear;6M;;0;8.52;8.52;;08-11-2024;08-05-2025;3856967.81;3794082.46;;;08-05-2025;N;Y;N;88570908;EUR;88570908;Floating;Borrower;Actual/360 Linear;6M;EURIBOR-EURIBOR-6M;0;-.213;2.916;06-11-2024;08-11-2024;08-05-2025;1716169.6;3794082.46;;06-05-2025;08-05-2025;N;Y;N;;;;;EUR;;ST_RT_CORP_GL;;8046435017;13346;13346.001;DR0334505;7RGM;;;05500021;31;10313577;45752447.26071;101;INS;URJH9VSI58SAN00000000000000000000533898310;;;IRD_IRS
15741238;15624103;15623862;MPE - MADEIRA PARQUES EMPRESARIAIS - SOCIEDADE GESTORA S.A.;Live;Swap;30-03-2017;08-11-2016;08-11-2032;08-11-2032;7701818;EUR;7701818;Fixed;Loan;Actual/360 Linear;6M;;0;8.52;8.52;;08-11-2024;08-05-2025;335388.5;329920.21;;;08-05-2025;N;Y;N;7701818;EUR;7701818;Floating;Borrower;Actual/360 Linear;6M;EURIBOR-EURIBOR-6M;0;-.213;2.916;06-11-2024;08-11-2024;08-05-2025;149232.14;329920.21;;06-05-2025;08-05-2025;N;Y;N;;;;;EUR;;ST_RT_CORP_GL;;7400025698;13346;13346.002;DR0334504;M05O;;;05213687;31;10313626;3978473.6299;101;INS;URJH9VSI58SAN00000000000000000000533898610;;;IRD_IRS
53465898;15653999;15653999;BANCO SANTANDER SA;Live;Swap;04-04-2017;27-04-2017;06-11-2025;06-11-2025;30000000;EUR;41570000;Fixed;Loan;Actual/360 Linear;1Y;;0;0;0;;29-04-2024;28-04-2025;0;0;;;28-04-2025;N;Y;N;30000000;EUR;41570000;Fixed;Borrower;Actual/360 Linear;1Y;;0;1.57965;1.57965;;29-04-2024;28-04-2025;705986.3;0;;;28-04-2025;N;Y;N;;;;;EUR;;ST_ALM_SEG_COB;;3686;13433;13433.002;DR0342510;BSTE;;13433.002;05800044;31;;0;101;IGN;1030266796SAN00000000000000000001585066721;;;IRD:IRS:-
53466086;15654219;15653999;SANTANDER TOTTA SEGUROS COMPANHIA DE SEGUROS DE VIDA SA;Live;Swap;04-04-2017;27-04-2017;06-11-2025;06-11-2025;30000000;EUR;41570000;Fixed;Loan;Actual/360 Linear;1Y;;0;1.57965;1.57965;;29-04-2024;28-04-2025;705986.3;663956.73;;;28-04-2025;N;Y;N;30000000;EUR;41570000;Fixed;Borrower;Actual/360 Linear;1Y;;0;0;0;;29-04-2024;28-04-2025;0;663956.73;;;28-04-2025;N;Y;N;;;;;EUR;;ST_ALM_SEG_RT;;8046077493;13433;13433.001;DR0342511;9TTS;;13433.001;05258321;31;;1009809.15832;101;INN;URJH9VSI58SAN00000000000000000000533980010;;;IRD_IRS
38225105;15823104;15823104;BANCO SANTANDER SA;Live;Swap;02-05-2017;28-04-2017;28-04-2027;28-04-2027;2250000;EUR;506250;Floating;Loan;30/360 Linear;1M;EURIBOR-EURIBOR-6M;0;-.248;2.92;24-10-2024;28-01-2025;28-02-2025;1277.5;1231.875;;24-10-2024;28-02-2025;N;Y;N;2250000;EUR;506250;Fixed;Borrower;30/360 Linear;1M;;0;.53;.53;;28-01-2025;28-02-2025;231.88;1231.875;;;28-02-2025;N;Y;N;;;;;EUR;;ST_ALM_TF_COB;;3686;13506;13506.001;DR0346145;BSTE;;;05800044;31;;12441.01188;101;IGS;1030266796SAN00000000000000000001591282221;;;IRD_IRS
38225565;15880650;15880650;BANCO SANTANDER SA;Live;Swap;10-05-2017;31-05-2017;31-03-2026;31-03-2026;5000000;EUR;686274.51;Floating;Loan;30/360 Linear;1M;EURIBOR-EURIBOR-6M;0;-.254;3.162;26-09-2024;31-01-2025;28-02-2025;1937.5;1687.78;;26-09-2024;28-02-2025;N;Y;N;5000000;EUR;686274.51;Fixed;Borrower;30/360 Linear;1M;;0;.55;.55;;31-01-2025;28-02-2025;337.01;1687.78;;;28-02-2025;N;Y;N;;;;;EUR;;ST_ALM_TF_COB;;3686;13566;13566.001;DR0346650;BSTE;;;05800044;31;;10551.32608;101;IGS;1030266796SAN00000000000000000001593391621;;;IRD_IRS
38267423;16102496;1900209379;BANCO SANTANDER SA;Live;Swap;12-06-2017;08-06-2017;30-09-2025;30-09-2025;2569050.38;EUR;2471000;Floating;Loan;Actual/360 Linear;6M;EURIBOR-EURIBOR-1Y;0;-.312;2.755;26-09-2024;30-09-2024;31-03-2025;50799.16;34416.23;;27-03-2025;31-03-2025;N;Y;N;2569050.38;EUR;2471000;Fixed;Borrower;Actual/360 Linear;6M;;0;.89;.89;;30-09-2024;31-03-2025;12302.38;34416.23;;;31-03-2025;N;Y;N;;;;;EUR;;ST_GV_BTBACK;;3686;13670;13670.002;DR0334874;BSTE;;;05800044;31;;45987.74185;101;IGS;1030266796SAN00000000000000000001600237621;;;IRD_IRS
15778864;16102538;1900209379;LCP - LISBON CRUISE PORT, LDA;Live;Swap;12-06-2017;08-06-2017;30-09-2025;30-09-2025;2569050.38;EUR;2471000;Fixed;Loan;Actual/360 Linear;6M;;0;.89;.89;;30-09-2024;31-03-2025;12302.38;11118.13;;;31-03-2025;N;Y;N;2569050.38;EUR;2471000;Floating;Borrower;Actual/360 Linear;6M;EURIBOR-EURIBOR-1Y;0;-.312;2.755;26-09-2024;30-09-2024;31-03-2025;50799.16;11118.13;;27-03-2025;31-03-2025;N;Y;N;;;;;EUR;;ST_GV_BTBACK;;7401184798;13670;13670.001;DR0334875;80B0;;;05239441;31;10381519;0;101;INS;URJH9VSI58SAN00000000000000000000534990410;;;IRD_IRS
45410832;16297224;1000209;BANCO SANTANDER SA;Live;Swap;10-07-2017;10-04-2017;12-04-2027;12-04-2027;1000000000;EUR;1000000000;Fixed;Loan;Actual/nActual Linear;1Y;;0;1.481;1.481;;10-04-2024;10-04-2025;14810000;14810000;;;10-04-2025;N;Y;N;1000000000;EUR;1000000000;Fixed;Borrower;Actual/360 Linear;1Y;;0;1.146645;4.61141;;10-04-2024;10-04-2025;41747675.78;14810000;;;10-04-2025;N;Y;N;;;;;EUR;;ST_FINCORP_COVB;;3686;13759;13759.001;DR0343841;BSTE;;;05800044;31;;0;101;IGS;1030266796SAN00000000000000000001607272721M;;;IRD_IRS
45410902;16297465;1000209;BANCO SANTANDER SA;Live;Swap;10-07-2017;10-04-2017;12-04-2027;12-04-2027;1166000529.85;EUR;1165254738.12;Fixed;Loan;Actual/360 Linear;1Y;;0;1.146645;4.61141;;10-04-2024;10-04-2025;41747675.78;54480988.43;;;10-04-2025;N;Y;N;1166000529.85;EUR;1165254738.12;Fixed;Borrower;Actual/nActual Linear;1Y;;0;1.501;1.501;;10-04-2024;10-04-2025;15010000;54480988.43;;;10-04-2025;N;Y;N;;;;;EUR;;ST_FINCORP_COVB;;3686;13759;13759.001;DR0343842;BSTE;;;05800044;31;;116589715.7821;101;IGS;1030266796SAN00000000000000000001607272821M;;;IRD_IRS
38324211;16754620;16754620;BANCO SANTANDER SA;Live;Swap;14-09-2017;14-09-2017;14-09-2027;14-09-2027;800000;EUR;224192.87;Floating;Loan;30/360 Linear;1M;EURIBOR-EURIBOR-6M;0;-.272;3.265;12-09-2024;14-02-2025;14-03-2025;629.08;609.99;;12-03-2025;14-03-2025;N;Y;N;800000;EUR;224192.87;Fixed;Borrower;30/360 Linear;1M;;0;.65;.65;;14-02-2025;14-03-2025;125.24;609.99;;;14-03-2025;N;Y;N;;;;;EUR;;ST_ALM_TF_COB;;3686;13886;13886.001;DR0346147;BSTE;;;05800044;31;;6496.11039;101;IGS;1030266796SAN00000000000000000001620002821;;;IRD_IRS
38358934;16884997;16880190;BANCO SANTANDER SA;Live;Swap;02-10-2017;29-09-2017;29-09-2025;29-09-2025;1000000;EUR;83333.33;Floating;Loan;30/360 Linear;1M;EURIBOR-EURIBOR-6M;0;-.273;3.162;26-09-2024;29-01-2025;28-02-2025;247.03;212.26;;26-09-2024;28-02-2025;N;Y;N;1000000;EUR;83333.33;Fixed;Borrower;30/360 Linear;1M;;0;.55;.55;;29-01-2025;28-02-2025;42.97;212.26;;;28-02-2025;N;Y;N;;;;;EUR;;ST_ALM_TF_COB;;3686;13918;13918.001;DR0346651;BSTE;;;05800044;31;;734.17254;101;IGS;1030266796SAN00000000000000000001623856421;;;IRD_IRS
38293844;17021532;17021532;BANCO SANTANDER SA;Live;Swap;20-10-2017;19-10-2017;19-10-2033;19-10-2033;3908983.71;EUR;2198752.25;Floating;Loan;30/360 Linear;6M;EURIBOR-EURIBOR-6M;0;-.274;3.036;17-10-2024;19-10-2024;22-04-2025;44584.59;33377.06;;16-04-2025;19-04-2025;N;N;N;3908983.71;EUR;2198752.25;Fixed;Borrower;30/360 Linear;6M;;0;1.146;1.146;;19-10-2024;22-04-2025;13298.79;33377.06;;;19-04-2025;N;N;N;;;;;EUR;;ST_ALM_TF_COB;;3686;13957;13957.001;DR0346012;BSTE;;;05800044;31;;201853.89144;101;IGS;1030266796SAN00000000000000000001633049321;;;IRD_IRS
15740887;17495033;17493667;LESTENERGIA EXPLORACAO DE PARQUES EOLICOS S.A;Live;Swap;27-12-2017;27-12-2017;15-12-2027;15-12-2027;28687500;EUR;9790937.5;Fixed;Loan;Actual/360 Linear;6M;;;.757;.757;;16-12-2024;16-06-2025;42126.31;37470.46;;;16-06-2025;N;Y;N;28687500;EUR;9790937.5;Floating;Borrower;Actual/360 Linear;6M;EURIBOR-EURIBOR-6M;0;-.271;2.656;12-12-2024;16-12-2024;16-06-2025;208294.31;37470.46;;12-06-2025;16-06-2025;N;Y;N;;;;;EUR;;ST_GV_BTBPRJFIN;;7400558176;14119;14119.001;DR0335979;00LEDP;;;05264922;31;10576442;15635.3724;101;INS;URJH9VSI58SAN00000000000000000000537931810;;;IRD_IRS
38258536;17493667;17493667;BANCO SANTANDER SA;Live;Swap;27-12-2017;27-12-2017;15-12-2027;15-12-2027;28687500;EUR;9790937.5;Floating;Loan;Actual/360 Linear;6M;EURIBOR-EURIBOR-6M;0;-.271;2.656;12-12-2024;16-12-2024;16-06-2025;208294.31;131468.36;;12-06-2025;16-06-2025;N;Y;N;28687500;EUR;9790937.5;Fixed;Borrower;Actual/360 Linear;6M;;0;.757;.757;;16-12-2024;16-06-2025;42126.31;131468.36;;;16-06-2025;N;Y;N;;;;;EUR;;ST_GV_BTBPRJFIN;;3686;14119;14119.002;DR0335980;BSTE;;;05800044;31;;420920.73582;101;IGS;1030266796SAN00000000000000000001642721121;;;IRD_IRS
38324197;17513637;17506887;BANCO SANTANDER SA;Live;Swap;28-12-2017;28-12-2017;28-10-2027;28-10-2027;1300000;EUR;403309.52;Floating;Loan;30/360 Linear;1M;EURIBOR-EURIBOR-6M;0;-.271;2.92;24-10-2024;28-01-2025;28-02-2025;1010.353653;981.38649867;;24-10-2024;28-02-2025;N;Y;N;1300000;EUR;403309.52;Fixed;Borrower;30/360 Linear;1M;;0;.55;.55;;28-01-2025;28-02-2025;190.31;981.38649867;;;28-02-2025;N;Y;N;;;;;EUR;;ST_ALM_TF_COB;;3686;14133;14133.001;DR0346019;BSTE;;;05800044;31;;11918.68374;101;IGS;1030266796SAN00000000000000000001643462021;;;IRD_IRS
12143412;17529413;1205377;BANCO SANTANDER SA;Live;Swap;03-01-2018;30-01-2018;24-07-2026;24-07-2026;15000000;EUR;39253000;Fixed;Loan;Actual/360 Linear;12M;;0;0;0;;29-07-2024;28-07-2025;0;0;;;28-07-2025;N;Y;N;15000000;EUR;39253000;Fixed;Borrower;Actual/360 Linear;6M;;0;.40487;.40487;;27-01-2025;28-07-2025;83126.38;0;;;28-07-2025;N;N;N;;;;;EUR;;ST_ALM_SEG_EMI;;3686;14149;14149.002;DR0342358;BSTE;;14149.002;05800044;31;;0;101;EGN;URJH9VSI58SAN00000000000000000000538063910;;;IRD_IRS
12143415;17529630;1205377;SANTANDER TOTTA SEGUROS COMPANHIA DE SEGUROS DE VIDA SA;Live;Swap;03-01-2018;30-01-2018;24-07-2026;24-07-2026;15000000;EUR;39253000;Fixed;Loan;Actual/360 Linear;6M;;0;.40487;.40487;;27-01-2025;28-07-2025;81386.56;80344.72;;;28-07-2025;N;Y;N;15000000;EUR;39253000;Fixed;Borrower;Actual/360 Linear;12M;;0;0;0;;29-07-2024;28-07-2025;0;80344.72;;;28-07-2025;N;N;N;;;;;EUR;;ST_ALM_SEG_EMI;;8046077493;14149;14149.001;DR0342357;9TTS;;14149.001;05265043;31;;237635.76449;101;ENN;URJH9VSI58SAN00000000000000000000538145210;;;IRD_IRS
52190632;17603221;1000212;BANCO SANTANDER SA;Live;Swap;07-12-2017;07-12-2017;07-12-2027;07-12-2027;875200333.35;EUR;856690921.35;Fixed;Loan;Actual/360 Linear;1Y;;0;1.115406;3.958545;;09-12-2024;09-12-2025;42242659.27;34383502.52;;;09-12-2025;N;Y;N;875200333.35;EUR;856690921.35;Fixed;Borrower;Actual/nActual Linear;1Y;;0;1.221;1.221;;09-12-2024;09-12-2025;9157500;34383502.52;;;09-12-2025;N;Y;N;;;;;EUR;;ST_FINCORP_COVB;;3686;14198;14198.001;DR0336198;BSTE;;14198.001;05800044;31;;74536921.73967;101;IGS;1030266796SAN00000000000000000001647056721;;;IRD_IRS
15778855;17618481;17618481;ASCENDI PINHAL INTERIOR ESTRADAS DO PINHAL INTERIOR, SA;Live;Swap;29-04-2010;15-12-2010;15-06-2032;15-06-2032;7216439.9;EUR;28551583.33;Fixed;Loan;Actual/360 Linear;6M;;0;4.079;4.079;;16-12-2024;16-06-2025;623593.96;588779.65;;;16-06-2025;N;Y;N;7216439.9;EUR;28551583.33;Floating;Borrower;Actual/360 Linear;6M;EURIBOR-EURIBOR-6M;0;1.257;2.656;12-12-2024;16-12-2024;16-06-2025;572226.57;588779.65;;12-06-2025;16-06-2025;N;Y;N;;;;;EUR;;POP_DERIV1;;2101618860;P14231;P14231.001;DR0336341;6BR4;;;05265205;31;;2711657.40888;101;INS;URJH9VSI58SAN00000000000000000000538337110;;;IRD_IRS
52190590;17603290;1000212;BANCO SANTANDER SA;Live;Swap;07-12-2017;07-12-2017;07-12-2027;07-12-2027;750000000;EUR;750000000;Fixed;Loan;Actual/nActual Linear;1Y;;0;1.201;1.201;;09-12-2024;09-12-2025;9007500;9007500;;;09-12-2025;N;Y;N;750000000;EUR;750000000;Fixed;Borrower;Actual/360 Linear;1Y;;0;1.115406;3.958545;;09-12-2024;09-12-2025;42242659.27;9007500;;;09-12-2025;N;Y;N;;;;;EUR;;ST_FINCORP_COVB;;3686;14198;14198.001;DR0336199;BSTE;;14198.001;05800044;31;;0;101;IGS;1030266796SAN00000000000000000001646990321;;;IRD_IRS
38438217;17617836;17617836;AUTO ESTRADAS XXI SUBCONCESSIONARIA TRANSMONTANA S.A.;Live;Swap;30-01-2009;02-02-2009;31-12-2029;31-12-2029;1165710.08;EUR;17460127.39;Fixed;Loan;Actual/360 Linear;6M;;0;4.22;4.22;;31-12-2024;30-06-2025;389983.85;370455.4;;;30-06-2025;N;Y;N;1165710.08;EUR;17460127.39;Floating;Borrower;Actual/360 Linear;6M;EURIBOR-EURIBOR-6M;0;2.194;2.577;27-12-2024;31-12-2024;30-06-2025;339341.4;370455.4;;26-06-2025;30-06-2025;N;Y;N;;;;;EUR;;POP_DERIV1;;7400592800;P14230;P14230.001;DR0345745;BKS5;;;05265204;31;;1269883.99553;101;INS;PTVDLM0P28-V-84830;;;IRD_IRS
11283986;17831614;1243175;BANCO SANTANDER SA;Live;Swap;12-02-2018;05-03-2018;24-07-2026;24-07-2026;30000000;EUR;60174000;Fixed;Loan;Actual/360 Linear;12M;;0;0;0;;05-03-2024;05-03-2025;0;0;;;05-03-2025;N;Y;N;30000000;EUR;60174000;Fixed;Borrower;Actual/360 Linear;6M;;0;.461;.461;;05-09-2024;05-03-2025;146651.37;0;;;05-03-2025;N;N;N;;;;;EUR;;ST_ALM_SEG_EMI;;3686;14403;14403.002;DR0343484;BSTE;;14403.002;05800044;31;;0;101;EGN;1030266796SAN00000000000000000001653362721;;;IRD_IRS
11283995;17832575;1243175;SANTANDER TOTTA SEGUROS COMPANHIA DE SEGUROS DE VIDA SA;Live;Swap;12-02-2018;05-03-2018;24-07-2026;24-07-2026;30000000;EUR;60174000;Fixed;Loan;Actual/360 Linear;6M;;0;.461;.461;;05-09-2024;05-03-2025;143833.23;139471.63;;;05-03-2025;N;Y;N;30000000;EUR;60174000;Fixed;Borrower;Actual/360 Linear;12M;;0;0;0;;05-03-2024;05-03-2025;0;139471.63;;;05-03-2025;N;N;N;;;;;EUR;;ST_ALM_SEG_EMI;;8046077493;14403;14403.001;DR0345574;9TTS;;14403.001;05265842;31;;523845.07767;101;ENN;URJH9VSI58SAN00000000000000000000538883110;;;IRD_IRS
38295709;17868787;17836694;BANCO SANTANDER SA;Live;Swap;12-02-2018;12-02-2018;12-02-2030;12-02-2030;2154000;EUR;1199353.49;Floating;Loan;30/360 Linear;6M;EURIBOR-EURIBOR-6M;0;-.278;0;10-02-2025;12-02-2025;12-08-2025;22863.62;0;;08-08-2025;12-08-2025;N;Y;N;2154000;EUR;1199353.49;Fixed;Borrower;30/360 Linear;6M;;0;1.1;1.1;;12-02-2025;12-08-2025;7210.43;0;;;12-08-2025;N;Y;N;;;;;EUR;;ST_ALM_TF_COB;;3686;14407;14407.001;DR0346515;BSTE;;;05800044;31;;69928.92105;101;IGS;1030266796SAN00000000000000000001653495521;;;IRD_IRS
38294708;17921107;17921107;BANCO SANTANDER SA;Live;Swap;22-02-2018;22-02-2018;22-06-2032;22-06-2032;3100000;EUR;1623809.6;Floating;Loan;30/360 Linear;1M;EURIBOR-EURIBOR-6M;0;-.273;0;20-02-2025;22-02-2025;24-03-2025;4662.66;0;;20-02-2025;22-03-2025;N;N;N;3100000;EUR;1623809.6;Fixed;Borrower;30/360 Linear;1M;;0;1.23;1.23;;22-02-2025;24-03-2025;1683.32;0;;;22-03-2025;N;N;N;;;;;EUR;;ST_ALM_TF_COB;;3686;14453;14453.001;DR0345907;BSTE;;;05800044;31;;112295.22313;101;IGS;1030266796SAN00000000000000000001655765521;;;IRD_IRS
51766745;17943815;1900196349;BANCO SANTANDER SA;Live;Swap;30-01-2017;24-02-2017;20-10-2025;20-10-2025;20000000;EUR;42969000;Fixed;Loan;Actual/360 Linear;6M;;0;0;0;;24-02-2025;25-08-2025;0;0;;;25-08-2025;N;Y;N;20000000;EUR;42969000;Fixed;Borrower;Actual/360 Linear;12M;;0;1.65845;1.65845;;24-02-2025;20-10-2025;720537.37;0;;;24-02-2025;N;N;N;;;;;EUR;;ST_ALM_SEG_RT;;3686;13396;13396.002;DR0343779;BSTE;;13396.002;05800044;31;;0;101;IGN;1030266796SAN00000000000000000001565819721;;;IRD_IRS
38438297;18044946;17617836;BANCO SANTANDER SA;Live;Swap;09-03-2018;02-02-2009;31-12-2029;31-12-2029;1165710.08;EUR;17460127.39;Floating;Loan;Actual/360 Linear;6M;EURIBOR-EURIBOR-6M;0;-.271;2.577;27-12-2024;31-12-2024;30-06-2025;339341.4;226223.6;;26-06-2025;30-06-2025;N;Y;N;1165710.08;EUR;17460127.39;Fixed;Borrower;Actual/360 Linear;6M;;0;4.22;4.22;;31-12-2024;30-06-2025;389983.85;226223.6;;;30-06-2025;N;Y;N;;;;;EUR;;POP_DERIV1;;3686;P14230;P14230.003;DR0336709;BSTE;;;05800044;31;;63186.95499;101;IGS;1030266796SAN00000000000000000001659186821;;;IRD_IRS
38257553;18045259;17618481;BANCO SANTANDER SA;Live;Swap;09-03-2018;15-12-2010;15-06-2032;15-06-2032;7216439.9;EUR;28551583.33;Floating;Loan;Actual/360 Linear;6M;EURIBOR-EURIBOR-6M;0;-.273;2.656;12-12-2024;16-12-2024;16-06-2025;572226.57;383377.97;;12-06-2025;16-06-2025;N;Y;N;7216439.9;EUR;28551583.33;Fixed;Borrower;Actual/360 Linear;6M;;0;4.079;4.079;;16-12-2024;16-06-2025;623593.96;383377.97;;;16-06-2025;N;Y;N;;;;;EUR;;POP_DERIV1;;3686;P14231;P14231.003;DR0336710;BSTE;;;05800044;31;;349096.39834;101;IGS;1030266796SAN00000000000000000001659185821;;;IRD_IRS
38360538;18056955;18056955;BANCO SANTANDER SA;Live;Swap;12-03-2018;12-03-2018;12-03-2025;12-03-2025;1000000;EUR;37746.94;Floating;Loan;30/360 Linear;3M;EURIBOR-EURIBOR-6M;0;-.272;3.293;10-09-2024;12-12-2024;12-03-2025;620.22;310.75;;;;N;Y;N;1000000;EUR;37746.94;Fixed;Borrower;30/360 Linear;3M;;0;.66;.66;;12-12-2024;12-03-2025;124.31;310.75;;;12-12-2024;N;Y;N;;;;;EUR;;ST_ALM_TF_COB;;3686;14518;14518.001;DR0346871;BSTE;;;05800044;31;;248.92739;101;IGS;1030266796SAN00000000000000000001659850121;;;IRD_IRS
38295018;18256089;18255875;BANCO SANTANDER SA;Live;Swap;05-04-2018;30-03-2018;30-12-2031;30-12-2031;4854006.04;EUR;2471130.49;Floating;Loan;30/360 Linear;3M;EURIBOR-EURIBOR-6M;0;-.271;3.162;26-09-2024;30-12-2024;31-03-2025;20231.94;19534.29;;27-03-2025;30-03-2025;N;N;N;4854006.04;EUR;2471130.49;Fixed;Borrower;30/360 Linear;3M;;0;1.125;1.125;;30-12-2024;31-03-2025;7198.27;19534.29;;;30-03-2025;N;N;N;;;;;EUR;;ST_ALM_TF_COB;;3686;14611;14611.001;DR0346020;BSTE;;;05800044;31;;166875.50313;101;IGS;1030266796SAN00000000000000000001665223021;;;IRD_IRS
38224706;18335612;18324256;BANCO SANTANDER SA;Live;Swap;12-04-2018;12-04-2018;12-04-2028;12-04-2028;700000;EUR;243568.85;Floating;Loan;30/360 Linear;1M;EURIBOR-EURIBOR-6M;0;-.271;3.055;10-10-2024;12-02-2025;12-03-2025;635.66080012;620.08569729;;10-10-2024;12-03-2025;N;Y;N;700000;EUR;243568.85;Fixed;Borrower;30/360 Linear;1M;;0;.85;.85;;12-02-2025;12-03-2025;176.86;620.08569729;;;12-03-2025;N;Y;N;;;;;EUR;;ST_ALM_TF_COB;;3686; 14634;14634.001;DR0345903;BSTE;;;05800044;31;;7609.38331;101;IGS;1030266796SAN00000000000000000001667004821;;;IRD_IRS
38360454;18383929;18383856;BANCO SANTANDER SA;Live;Swap;19-04-2018;17-04-2018;17-04-2025;17-04-2025;750000;EUR;33028.99;Floating;Loan;30/360 Linear;3M;EURIBOR-EURIBOR-6M;0;-.271;3.057;15-10-2024;17-01-2025;17-04-2025;503.62;252.42405608;;;;N;Y;N;750000;EUR;33028.99;Fixed;Borrower;30/360 Linear;3M;;0;.575;.575;;17-01-2025;17-04-2025;94.73;252.42405608;;;17-01-2025;N;Y;N;;;;;EUR;;ST_ALM_TF_COB;;3686;14671;14671.001;DR0346428;BSTE;;;05800044;31;;204.88338;101;IGS;1030266796SAN00000000000000000001668407221;;;IRD_IRS
15741618;18773925;18773925;FUNDACAO ALFREDO DE SOUSA;Live;Swap;01-06-2018;11-06-2018;15-11-2028;15-11-2028;12000000;EUR;5418000;Fixed;Loan;Actual/360 Linear;6M;;0;.9325;.9325;;15-11-2024;15-05-2025;26692.13;25401.77;;;15-05-2025;N;Y;N;12000000;EUR;5418000;Floating;Borrower;Actual/360 Linear;6M;EURIBOR-EURIBOR-6M;0;-.269;2.779;13-11-2024;15-11-2024;15-05-2025;108772.21;25401.77;;13-05-2025;15-05-2025;N;Y;N;;;;;EUR;;ST_GV_BTBPRJFIN;;7401375790;14812;14812.001;DR0342482;00FADU;;;05284370;31;10739263;24793.36991;101;INS;URJH9VSI58SAN00000000000000000000541102810;;;IRD_IRS
38258624;18774440;18773925;BANCO SANTANDER SA;Live;Swap;01-06-2018;11-06-2018;15-11-2028;15-11-2028;12000000;EUR;5418000;Floating;Loan;Actual/360 Linear;6M;EURIBOR-EURIBOR-6M;0;-.269;2.779;13-11-2024;15-11-2024;15-05-2025;108772.21;75701.35;;13-05-2025;15-05-2025;N;Y;N;12000000;EUR;5418000;Fixed;Borrower;Actual/360 Linear;6M;;0;.9325;.9325;;15-11-2024;15-05-2025;26692.13;75701.35;;;15-05-2025;N;Y;N;;;;;EUR;;ST_GV_BTBPRJFIN;;3686;14812;14812.002;DR0337195;BSTE;;;05800044;31;;272637.3396;101;IGS;1030266796SAN00000000000000000001681195821;;;IRD_IRS
15741044;18774526;18774526;FUNDACAO ALFREDO DE SOUSA;Live;Swap;01-06-2018;11-06-2018;15-11-2028;15-11-2028;2250000;EUR;1021500;Fixed;Loan;Actual/360 Linear;6M;;0;1.116;1.116;;15-11-2024;15-05-2025;6035.83;5731.64;;;15-05-2025;N;Y;N;2250000;EUR;1021500;Floating;Borrower;Actual/360 Linear;6M;EURIBOR-EURIBOR-1Y;0;-.18;3.654;13-05-2024;15-11-2024;15-05-2025;19762.48;5731.64;;13-05-2025;15-05-2025;N;Y;N;;;;;EUR;;ST_GV_BTBPRJFIN;;7401375790;14813;14813.001;DR0342435;00FADU;;14813.001;05284370;31;;4462.13158;101;INN;URJH9VSI58SAN00000000000000000000541105710;;;IRD_IRS
38258659;18790432;18774526;BANCO SANTANDER SA;Live;Swap;01-06-2018;11-06-2018;15-11-2028;15-11-2028;2250000;EUR;1021500;Floating;Loan;Actual/360 Linear;6M;EURIBOR-EURIBOR-1Y;0;-.18;3.654;13-05-2024;15-11-2024;15-05-2025;19762.48;18766.49;;13-05-2025;15-05-2025;N;Y;N;2250000;EUR;1021500;Fixed;Borrower;Actual/360 Linear;6M;;0;1.116;1.116;;15-11-2024;15-05-2025;6035.83;18766.49;;;15-05-2025;N;Y;N;;;;;EUR;;ST_GV_BTBPRJFIN;;3686;14813;14813.002;DR0337196;BSTE;;14813.002;05800044;31;;53582.6958;101;IGN;1030266796SAN00000000000000000001680975621;;;IRD_IRS
38223517;19012334;19011672;BANCO SANTANDER SA;Live;Swap;28-06-2018;27-06-2018;27-06-2028;27-06-2028;7500000;EUR;4677296.83;Floating;Loan;30/360 Linear;1M;EURIBOR-EURIBOR-6M;0;-.269;2.612;23-12-2024;27-01-2025;27-02-2025;10265.78;10180.91609997;;23-12-2024;27-02-2025;N;Y;N;7500000;EUR;4677296.83;Fixed;Borrower;30/360 Linear;1M;;0;.98;.98;;27-01-2025;27-02-2025;3851.63;10180.91609997;;;27-02-2025;N;Y;N;;;;;EUR;;ST_ALM_TF_COB;;3686;14906;14906.001;DR0345708;BSTE;;;05800044;31;;252492.34452;101;IGS;1030266796SAN00000000000000000001690611321;;;IRD_IRS
38323682;19064494;19064492;BANCO SANTANDER SA;Live;Swap;04-07-2018;04-07-2018;04-07-2028;04-07-2028;10000000;GBP;3500000;Floating;Loan;30/360 Linear;6M;LONDON CLOSING-SONIA FB6M-SPT;0;.8065;0;01-07-2025;04-01-2025;04-07-2025;105040;0;;29-12-2025;04-07-2025;N;Y;N;10000000;GBP;3500000;Fixed;Borrower;30/360 Linear;6M;;0;1.465;1.465;;04-01-2025;04-07-2025;29300;0;;;04-07-2025;N;Y;N;;;;;EUR;;ST_ALM_TF_COB;;3686;14923;14923.001;DR0345710;BSTE;;;05800044;31;;301126.55925;101;IGS;1030266796SAN00000000000000000001692505621;;;IRD_IRS
38325153;19146337;19146337;BANCO SANTANDER SA;Live;Swap;16-07-2018;13-07-2018;15-11-2026;15-11-2026;1498767.51;EUR;352651.24;Floating;Loan;30/360 Linear;6M;EURIBOR-EURIBOR-6M;0;-.271;2.779;13-11-2024;15-11-2024;15-05-2025;8375.47;4900.09;;13-05-2025;15-05-2025;N;Y;N;1498767.51;EUR;352651.24;Fixed;Borrower;30/360 Linear;6M;;0;.581;.581;;15-11-2024;15-05-2025;1280.56;4900.09;;;15-05-2025;N;Y;N;;;;;EUR;;ST_ALM_TF_COB;;3686;14952;14952.001;DR0346139;BSTE;;;05800044;31;;10155.48437;101;IGS;1030266796SAN00000000000000000001695830821;;;IRD_IRS
38360187;19243686;19243686;BANCO SANTANDER SA;Live;Swap;27-07-2018;26-07-2018;26-07-2025;26-07-2025;739000;EUR;52786.42;Floating;Loan;30/360 Linear;1M;EURIBOR-EURIBOR-6M;0;-.269;2.586;23-01-2025;26-01-2025;26-02-2025;187.42;113.75;;23-01-2025;26-02-2025;N;Y;N;739000;EUR;52786.42;Fixed;Borrower;30/360 Linear;1M;;0;.49;.49;;26-01-2025;26-02-2025;25.15;113.75;;;26-02-2025;N;Y;N;;;;;EUR;;ST_ALM_TF_COB;;3686;14983;14983.001;DR0346425;BSTE;;;05800044;31;;322.24018;101;IGS;1030266796SAN00000000000000000001699364121;;;IRD_IRS
38295736;19361943;19358402;BANCO SANTANDER SA;Live;Swap;13-08-2018;12-08-2018;12-02-2030;12-02-2030;746000;EUR;414163.09;Floating;Loan;30/360 Linear;6M;EURIBOR-EURIBOR-6M;0;-.266;0;10-02-2025;12-02-2025;12-08-2025;7897.92;0;;08-08-2025;12-08-2025;N;Y;N;746000;EUR;414163.09;Fixed;Borrower;30/360 Linear;6M;;0;.96;.96;;12-02-2025;12-08-2025;2173.74;0;;;12-08-2025;N;Y;N;;;;;EUR;;ST_ALM_TF_COB;;3686;15013;15013.001;DR0346517;BSTE;;;05800044;31;;25668.83557;101;IGS;1030266796SAN00000000000000000001703809921;;;IRD_IRS
38360151;19405386;19405334;BANCO SANTANDER SA;Live;Swap;21-08-2018;20-08-2018;20-08-2025;20-08-2025;1000000;EUR;71428.72;Floating;Loan;30/360 Linear;3M;EURIBOR-EURIBOR-6M;0;-.266;0;18-02-2025;20-02-2025;20-05-2025;901.88;0;;18-02-2025;20-05-2025;N;Y;N;1000000;EUR;71428.72;Fixed;Borrower;30/360 Linear;3M;;0;.51;.51;;20-02-2025;20-05-2025;136.61;0;;;20-05-2025;N;Y;N;;;;;EUR;;ST_ALM_TF_COB;;3686;15023;15023.001;DR0346516;BSTE;;;05800044;31;;1382.22515;101;IGS;1030266796SAN00000000000000000001705276721;;;IRD_IRS
38225012;19444877;19444877;BANCO SANTANDER SA;Live;Swap;28-08-2018;15-08-2018;15-08-2028;15-08-2028;12506926.95;EUR;6540667.34;Floating;Loan;30/360 Linear;3M;EURIBOR-EURIBOR-6M;0;-.266;0;13-02-2025;15-02-2025;15-05-2025;58399.61;0;;13-02-2025;15-05-2025;N;Y;N;12506926.95;EUR;6540667.34;Fixed;Borrower;30/360 Linear;3M;;0;.88;.88;;15-02-2025;15-05-2025;14935.09;0;;;15-05-2025;N;Y;N;;;;;EUR;;ST_ALM_TF_COB;;3686;15031;15031.001;DR0346149;BSTE;;;05800044;31;;357448.10608;101;IGS;1030266796SAN00000000000000000001706407921;;;IRD_IRS
38295677;19575236;19575236;BANCO SANTANDER SA;Live;Swap;14-09-2018;14-09-2018;14-09-2030;14-09-2030;3000000;EUR;1966143.14;Floating;Loan;30/360 Linear;1M;EURIBOR-EURIBOR-6M;0;-.269;3.265;12-09-2024;14-02-2025;14-03-2025;5389.46;5349.55;;12-03-2025;14-03-2025;N;Y;N;3000000;EUR;1966143.14;Fixed;Borrower;30/360 Linear;1M;;0;1.09;1.09;;14-02-2025;14-03-2025;1799.24;5349.55;;;14-03-2025;N;Y;N;;;;;EUR;;ST_ALM_TF_COB;;3686;15087;15087.001;DR0345908;BSTE;;;05800044;31;;163588.00907;101;IGS;1030266796SAN00000000000000000001711466321;;;IRD_IRS
38295655;19689709;19689709;BANCO SANTANDER SA;Live;Swap;01-10-2018;28-09-2018;28-09-2030;28-09-2030;1800000;EUR;979036.99;Floating;Loan;30/360 Linear;1M;EURIBOR-EURIBOR-6M;0;-.267;3.162;26-09-2024;28-01-2025;28-02-2025;2615.46;2579.76;;26-09-2024;28-02-2025;N;Y;N;1800000;EUR;979036.99;Fixed;Borrower;30/360 Linear;1M;;0;1;1;;28-01-2025;28-02-2025;827.15;2579.76;;;28-02-2025;N;Y;N;;;;;EUR;;ST_ALM_TF_COB;;3686;15172;15172.001;DR0345703;BSTE;;;05800044;31;;54313.91069;101;IGS;1030266796SAN00000000000000000001715976321;;;IRD_IRS
38259482;19876799;19876799;BANCO SANTANDER SA;Live;Swap;25-10-2018;25-10-2019;27-10-2031;27-10-2031;14000000;EUR;9450000;Floating;Loan;Actual/360 Linear;6M;EURIBOR-EURIBOR-6M;0;-.351;2.972;23-10-2024;25-10-2024;25-04-2025;193547;141987.3;;23-04-2025;25-04-2025;N;Y;N;14000000;EUR;9450000;Fixed;Borrower;Actual/360 Linear;6M;;0;1.48;1.48;;25-10-2024;25-04-2025;74518.62;141987.3;;;25-04-2025;N;Y;N;;;;;EUR;;ST_ALM_TF_CRPCB;;3686;15286;15286.001;DR0346021;BSTE;;;05800044;31;;786348.605;101;IGS;1030266796SAN00000000000000000001722329021;;;IRD_IRS
38293681;19915341;19915341;BANCO SANTANDER SA;Live;Swap;30-10-2018;30-10-2018;30-10-2033;30-10-2033;8400000;EUR;5987445.67;Floating;Loan;30/360 Linear;1M;EURIBOR-EURIBOR-6M;0;-.259;2.905;28-10-2024;30-01-2025;28-02-2025;14582.44155754;13528.30085549;;28-10-2024;28-02-2025;N;Y;N;8400000;EUR;5987445.67;Fixed;Borrower;30/360 Linear;1M;;0;1.23;1.23;;30-01-2025;28-02-2025;6174.32;13528.30085549;;;28-02-2025;N;Y;N;;;;;EUR;;ST_ALM_TF_COB;;3686;15305;15305.001;DR0345603;BSTE;;;05800044;31;;705094.11607;101;IGS;1030266796SAN00000000000000000001723905321;;;IRD_IRS
38322656;19935992;19924803;BANCO SANTANDER SA;Live;Swap;31-10-2018;31-10-2018;31-10-2028;31-10-2028;1000000;EUR;399900.31;Floating;Loan;30/360 Linear;1M;EURIBOR-EURIBOR-6M;0;-.259;2.886;29-10-2024;31-01-2025;28-02-2025;982.2809802;897.64289585;;29-10-2024;28-02-2025;N;Y;N;1000000;EUR;399900.31;Fixed;Borrower;30/360 Linear;1M;;0;.76;.76;;31-01-2025;28-02-2025;258.67;897.64289585;;;28-02-2025;N;Y;N;;;;;EUR;;ST_ALM_TF_COB;;3686;15312;15312.001;DR0345706;BSTE;;;05800044;31;;15368.13629;101;IGS;1030266796SAN00000000000000000001724103921;;;IRD_IRS
38322684;19929381;19929125;BANCO SANTANDER SA;Live;Swap;31-10-2018;31-10-2018;31-10-2028;31-10-2028;18263990.91;EUR;7305596.43;Floating;Loan;30/360 Linear;6M;EURIBOR-EURIBOR-6M;0;-.259;2.886;29-10-2024;31-10-2024;30-04-2025;157595.41;105419.76;;28-04-2025;30-04-2025;N;Y;N;18263990.91;EUR;7305596.43;Fixed;Borrower;30/360 Linear;6M;;0;.737;.737;;31-10-2024;30-04-2025;30286.26;105419.76;;;30-04-2025;N;Y;N;;;;;EUR;;ST_ALM_TF_COB;;3686;15313;15313.001;DR0346146;BSTE;;;05800044;31;;324933.06684;101;IGS;1030266796SAN00000000000000000001724391321;;;IRD_IRS
38259269;20104395;20095514;BANCO SANTANDER SA;Live;Swap;23-11-2018;23-11-2018;23-11-2033;23-11-2033;25000000;EUR;15290625;Floating;Loan;Actual/360 Linear;3M;EURIBOR-EURIBOR-6M;0;-.257;2.778;21-11-2024;24-02-2025;23-05-2025;110248.02;103833.5375;;21-05-2025;23-05-2025;N;Y;N;25000000;EUR;15290625;Fixed;Borrower;Actual/360 Linear;3M;;0;.2;1.5;;24-02-2025;23-05-2025;59529.17;103833.5375;;;23-05-2025;N;Y;N;;;;;EUR;;ST_ALM_TF_CRPCB;;3686;15411;15411.001;DR0345912;BSTE;;;05800044;31;;1283345.53624;101;IGS;1030266796SAN00000000000000000001730244121;;;IRD_IRS
38260846;20169805;20169805;BANCO SANTANDER SA;Live;Swap;04-12-2018;04-12-2018;04-12-2030;04-12-2030;15000000;EUR;9150000;Floating;Loan;Actual/360 Linear;6M;EURIBOR-EURIBOR-6M;0;-.251;2.675;02-12-2024;04-12-2024;04-06-2025;183469.89;123741.04;;02-06-2025;04-06-2025;N;Y;N;15000000;EUR;9150000;Fixed;Borrower;Actual/360 Linear;6M;;0;1.2;1.2;;04-12-2024;04-06-2025;58788.75;123741.04;;;04-06-2025;N;Y;N;;;;;EUR;;ST_ALM_TF_CRPCB;;3686;15435;15435.001;DR0346429;BSTE;;;05800044;31;;737436.1149;101;IGS;1030266796SAN00000000000000000001733964721;;;IRD_IRS
38225059;20240839;20240354;BANCO SANTANDER SA;Live;Swap;13-12-2018;12-12-2018;12-12-2033;12-12-2033;550020;EUR;351868.04;Floating;Loan;30/360 Linear;1M;EURIBOR-EURIBOR-6M;0;-.245;2.655;10-12-2024;12-02-2025;12-03-2025;784.96006463;778.5080385;;10-12-2024;12-03-2025;N;Y;N;550020;EUR;351868.04;Fixed;Borrower;30/360 Linear;1M;;0;1.1;1.1;;12-02-2025;12-03-2025;325.22;778.5080385;;;12-03-2025;N;Y;N;;;;;EUR;;ST_ALM_TF_COB;;3686;15462;15462.001;DR0345607;BSTE;;;05800044;31;;33320.71589;101;IGS;1030266796SAN00000000000000000001735857221;;;IRD_IRS
38325464;20362328;20362328;BANCO SANTANDER SA;Live;Swap;03-01-2019;03-01-2019;05-01-2026;05-01-2026;18058256.43;EUR;1553398.06;Floating;Loan;Actual/360 Linear;6M;EURIBOR-EURIBOR-6M;0;-.237;2.568;31-12-2024;03-01-2025;03-07-2025;80304.98;20056.44;;01-07-2025;03-07-2025;N;Y;N;18058256.43;EUR;1553398.06;Fixed;Borrower;Actual/360 Linear;6M;;0;.405;.405;;03-01-2025;03-07-2025;8842.72;20056.44;;;03-07-2025;N;Y;N;;;;;EUR;;ST_ALM_TF_COB;;3686;15535;15535.001;DR0346355;BSTE;;;05800044;31;;37431.02719;101;IGS;1030266796SAN0000000000000000001742420421M;;;IRD_IRS
38224208;20522865;20522865;BANCO SANTANDER SA;Live;Swap;25-01-2019;25-01-2019;25-01-2026;25-01-2026;9500000;EUR;1692307.95;Floating;Loan;30/360 Linear;1M;EURIBOR-EURIBOR-6M;0;-.237;2.586;23-01-2025;25-02-2025;25-03-2025;3978.46;3646.92363225;;23-01-2025;25-03-2025;N;Y;N;9500000;EUR;1692307.95;Fixed;Borrower;30/360 Linear;1M;;0;.4;.4;;25-02-2025;25-03-2025;615.38;3646.92363225;;;25-03-2025;N;Y;N;;;;;EUR;;ST_ALM_TF_COB;;3686;15621;15621.001;DR0346025;BSTE;;;05800044;31;;21682.71976;101;IGS;1030266796SAN00000000000000000001748039521;;;IRD_IRS
38294900;20656674;20656177;BANCO SANTANDER SA;Live;Swap;12-02-2019;09-02-2019;09-01-2032;09-01-2032;820045.65;EUR;462985.32;Floating;Loan;30/360 Linear;1M;EURIBOR-EURIBOR-6M;0;-.233;0;06-02-2025;09-02-2025;10-03-2025;1350.8;0;;06-02-2025;09-03-2025;N;N;N;820045.65;EUR;462985.32;Fixed;Borrower;30/360 Linear;1M;;0;.82;.82;;09-02-2025;10-03-2025;319.95;0;;;09-03-2025;N;N;N;;;;;EUR;;ST_ALM_TF_COB;;3686;15677;15677.001;DR0345711;BSTE;;;05800044;31;;35707.62986;101;IGS;1030266796SAN00000000000000000001752855521;;;IRD_IRS
38572841;20657384;17657163;BANCO SANTANDER SA;Live;Swap;15-01-2019;15-10-2018;15-10-2025;15-10-2025;30000000;EUR;30000000;Floating;Loan;Actual/360 Linear;6M;EURIBOR-EURIBOR-6M;1.7955;1.5285;4.8595;11-10-2024;15-10-2024;15-04-2025;862768.75;737024.17;;11-04-2025;15-04-2025;N;Y;N;30000000;EUR;30000000;Fixed;Borrower;Actual/Actual Linear;1Y;;0;2.875;2.875;;15-10-2024;15-10-2025;862500;737024.17;;;15-10-2024;N;N;N;;;;;EUR;;ST_ALM_INV_AS;;3686;P14241;P14241.003;DR0345816;BSTE;;;05800044;31;;580818.59124;101;IGS;1030266796SAN00000000000000000001745116621;;;IRD_IRS
37461981;20657470;17657197;BANCO SANTANDER SA;Live;Swap;12-01-2016;15-02-2018;15-02-2030;15-02-2030;50000000;EUR;50000000;Floating;Loan;Actual/360 Linear;6M;EURIBOR-EURIBOR-6M;2.318;2.052;0;13-02-2025;17-02-2025;15-08-2025;1487741.67;0;;13-08-2025;15-08-2025;N;Y;N;50000000;EUR;50000000;Fixed;Borrower;Actual/Actual Linear;1Y;;0;3.875;3.875;;15-02-2025;16-02-2026;1937500;0;;;15-02-2025;N;N;N;;;;;EUR;;ST_ALM_INV_AS;;3686;P14242;P14242.003;DR0338419;BSTE;;;05800044;31;;4754813.16786;101;IGS;1030266796SAN00000000000000000001745116921;;;IRD_IRS
38261079;20717967;20713797;BANCO SANTANDER SA;Live;Swap;20-02-2019;20-02-2019;20-02-2026;20-02-2026;175000000;EUR;35000000;Floating;Loan;Actual/360 Linear;6M;EURIBOR-EURIBOR-6M;0;-.232;0;18-02-2025;20-02-2025;20-08-2025;1204637.78;0;;18-08-2025;20-08-2025;N;Y;N;175000000;EUR;35000000;Fixed;Borrower;Actual/360 Linear;6M;;0;.42;.42;;20-02-2025;20-08-2025;150266.67;0;;;20-08-2025;N;Y;N;;;;;EUR;;ST_ALM_TF_CRPCB;;3686;15701;15701.001;DR0346513;BSTE;;;05800044;31;;1847016.54677;101;IGS;1030266796SAN00000000000000000001755060321;;;IRD_IRS
38325178;20908445;20888113;BANCO SANTANDER SA;Live;Swap;14-03-2019;15-03-2019;15-11-2026;15-11-2026;516668.18;EUR;117935.73;Floating;Loan;30/360 Linear;1M;EURIBOR-EURIBOR-6M;0;-.232;3.265;12-09-2024;15-02-2025;17-03-2025;336.16352933;320.88346537;;13-03-2025;15-03-2025;N;N;N;516668.18;EUR;117935.73;Fixed;Borrower;30/360 Linear;1M;;0;.31;.31;;15-02-2025;17-03-2025;31.92;320.88346537;;;15-03-2025;N;N;N;;;;;EUR;;ST_ALM_TF_COB;;3686;15793;15793.001;DR0345898;BSTE;;;05800044;31;;2861.84943;101;IGS;1030266796SAN00000000000000000001762054021;;;IRD_IRS
15741331;20971564;20971289;LCH LIMITED SWAP CLEAR SERVICES;Live;Swap;26-03-2019;25-02-2023;25-02-2026;25-02-2026;250000000;EUR;250000000;Floating;Loan;Actual/360 Linear;6M;EURIBOR-EURIBOR-6M;0;3.198;;21-02-2025;25-02-2025;25-08-2025;4354666.67;0;;21-08-2025;25-08-2025;N;Y;N;250000000;EUR;250000000;Fixed;Borrower;Actual/Actual Linear;1Y;;0;.567;.567;;25-02-2025;25-02-2026;1417500;0;;;25-02-2025;N;N;N;;;;;EUR;;ST_ALM_INV_AS;;7401586148;15836;15836.001;DR0338691;LUTD;;;05700902;31;;8224317.63688;101;INS;1010000051SW10000000LCH0005373668048539483;;;IRD_IRS
15741661;20976017;20976017;LCH LIMITED SWAP CLEAR SERVICES;Live;Swap;27-03-2019;25-02-2023;25-02-2026;25-02-2026;250000000;EUR;250000000;Floating;Loan;Actual/360 Linear;6M;EURIBOR-EURIBOR-6M;0;3.198;;21-02-2025;25-02-2025;25-08-2025;4354666.67;0;;21-08-2025;25-08-2025;N;Y;N;250000000;EUR;250000000;Fixed;Borrower;Actual/Actual Linear;12M;;0;.531;.531;;25-02-2025;25-02-2026;1327500;0;;;25-02-2025;N;N;N;;;;;EUR;;ST_ALM_INV_AS;;7401586148;15840;15840.001;DR0338696;LUTD;;;05700902;31;;8402274.97965;101;INS;1010000051SW10000000LCH0005377010248584328;;;IRD_IRS
15741449;20949881;20949308;LCH LIMITED SWAP CLEAR SERVICES;Live;Swap;22-03-2019;25-02-2023;25-02-2026;25-02-2026;250000000;EUR;250000000;Floating;Loan;Actual/360 Linear;6M;EURIBOR-EURIBOR-6M;0;3.198;;21-02-2025;25-02-2025;25-08-2025;4354666.67;0;;21-08-2025;25-08-2025;N;Y;N;250000000;EUR;250000000;Fixed;Borrower;Actual/Actual Linear;12M;;0;.556;.556;;25-02-2025;25-02-2026;1390000;0;;;25-02-2025;N;N;N;;;;;EUR;;ST_ALM_INV_AS;;7401586148;15824;15824.001;DR0338687;LUTD;;;05700902;31;;8278693.49193;101;INS;1010000051SW10000000LCH0005364952648444835;;;IRD_IRS
38261057;21046270;21046238;BANCO SANTANDER SA;Live;Swap;04-04-2019;28-04-2020;28-04-2026;28-04-2026;250000000;EUR;125000000;Floating;Loan;Actual/360 Linear;6M;EURIBOR-EURIBOR-6M;0;-.136;2.92;24-10-2024;28-10-2024;28-04-2025;2417187.5;1845277.78;;24-04-2025;28-04-2025;N;Y;N;250000000;EUR;125000000;Fixed;Borrower;Actual/360 Linear;6M;;0;.44;.44;;28-10-2024;28-04-2025;278055.56;1845277.78;;;28-04-2025;N;Y;N;;;;;EUR;;ST_ALM_TF_CRPCB;;3686;15861;15861.001;DR0345379;BSTE;;;05800044;31;;4401207.62368;101;IGS;1030266796SAN00000000000000000001769062221;;;IRD_IRS
38325027;21096744;20090666;BANCO SANTANDER SA;Live;Swap;22-11-2018;14-12-2018;14-06-2027;14-06-2027;945000;EUR;579353.42;Floating;Loan;30/360 Linear;1M;EURIBOR-EURIBOR-6M;0;-.241;2.656;12-12-2024;14-02-2025;14-03-2025;1293.23869253;1282.30223627;;12-12-2024;14-03-2025;N;Y;N;945000;EUR;579353.42;Fixed;Borrower;30/360 Linear;1M;;0;.9;.9;;14-02-2025;14-03-2025;438.22;1282.30223627;;;14-03-2025;N;Y;N;;;;;EUR;;ST_ALM_TF_COB;;3686;15410;15410.001;DR0345600;BSTE;;;05800044;31;;22729.31307;101;IGS;1030266796SAN00000000000000000001730117921;;;IRD_IRS
38295519;21145922;21143759;BANCO SANTANDER SA;Live;Swap;18-04-2019;17-04-2019;17-04-2031;17-04-2031;2300000;EUR;1197916.82;Floating;Loan;30/360 Linear;3M;EURIBOR-EURIBOR-6M;0;-.231;3.057;15-10-2024;17-01-2025;17-04-2025;9521.28;9155.07929685;;15-04-2025;17-04-2025;N;Y;N;2300000;EUR;1197916.82;Fixed;Borrower;30/360 Linear;3M;;0;.74;.74;;17-01-2025;17-04-2025;2304.79;9155.07929685;;;17-04-2025;N;Y;N;;;;;EUR;;ST_ALM_TF_COB;;3686;15915;15915.001;DR0345605;BSTE;;;05800044;31;;82365.68995;101;IGS;1030266796SAN00000000000000000001772715521;;;IRD_IRS
38322439;21173918;21173014;BANCO SANTANDER SA;Live;Swap;24-04-2019;15-04-2019;15-04-2029;15-04-2029;8500000;EUR;5996068.71;Floating;Loan;30/360 Linear;1M;EURIBOR-EURIBOR-6M;0;-.232;3.064;11-10-2024;15-02-2025;17-03-2025;15406.28900633;15309.9621062;;11-10-2024;15-03-2025;N;N;N;8500000;EUR;5996068.71;Fixed;Borrower;30/360 Linear;1M;;0;.62;.62;;15-02-2025;17-03-2025;3117.46;15309.9621062;;;15-03-2025;N;N;N;;;;;EUR;;ST_ALM_TF_COB;;3686;15944;15944.001;DR0345491;BSTE;;;05800044;31;;487404.70998;101;IGS;1030266796SAN00000000000000000001773599821;;;IRD_IRS
38360435;21162440;21159760;BANCO SANTANDER SA;Live;Swap;23-04-2019;22-04-2019;22-04-2025;22-04-2025;1500000;EUR;64750.07;Floating;Loan;30/360 Linear;3M;EURIBOR-EURIBOR-6M;0;-.232;3.028;18-10-2024;22-01-2025;22-04-2025;978.8;490.1580299;;;;N;Y;N;1500000;EUR;64750.07;Fixed;Borrower;30/360 Linear;3M;;0;.24;.24;;22-01-2025;22-04-2025;77.58;490.1580299;;;22-01-2025;N;Y;N;;;;;EUR;;ST_ALM_TF_COB;;3686;15939;15939.001;DR0346014;BSTE;;;05800044;31;;451.04261;101;IGS;1030266796SAN00000000000000000001773080121;;;IRD_IRS
38325439;21199650;21197015;BANCO SANTANDER SA;Live;Swap;26-04-2019;27-04-2019;27-04-2026;27-04-2026;2000000;EUR;372686.51;Floating;Loan;30/360 Linear;3M;EURIBOR-EURIBOR-6M;0;-.23;2.92;24-10-2024;27-01-2025;28-04-2025;3258.65;2720.611523;;24-04-2025;27-04-2025;N;N;N;2000000;EUR;372686.51;Fixed;Borrower;30/360 Linear;3M;;0;.25;.25;;27-01-2025;28-04-2025;278.99;2720.611523;;;27-04-2025;N;N;N;;;;;EUR;;ST_ALM_TF_COB;;3686;15946;15946.001;DR0346022;BSTE;;;05800044;31;;7098.5429;101;IGS;1030266796SAN00000000000000000001774546721;;;IRD_IRS
38325042;21512044;21511856;BANCO SANTANDER SA;Live;Swap;11-06-2019;11-06-2019;11-06-2027;11-06-2027;1250000;EUR;575459.68;Floating;Loan;30/360 Linear;3M;EURIBOR-EURIBOR-6M;0;-.256;2.661;09-12-2024;11-12-2024;11-03-2025;5671.04;3828.25;;09-12-2024;11-03-2025;N;Y;N;1250000;EUR;575459.68;Fixed;Borrower;30/360 Linear;3M;;0;.45;.45;;11-12-2024;11-03-2025;683.26;3828.25;;;11-03-2025;N;Y;N;;;;;EUR;;ST_ALM_TF_COB;;3686;16142;16142.001;DR0345909;BSTE;;;05800044;31;;23655.66811;101;IGS;1030266796SAN00000000000000000001794342721;;;IRD_IRS
38295425;21470152;21469937;BANCO SANTANDER SA;Live;Swap;05-06-2019;05-06-2019;05-06-2031;05-06-2031;3602878.08;EUR;2187640.09;Floating;Loan;30/360 Linear;6M;EURIBOR-EURIBOR-6M;0;-.254;2.634;03-12-2024;05-12-2024;05-06-2025;41072.94;28811.22;;03-06-2025;05-06-2025;N;Y;N;3602878.08;EUR;2187640.09;Fixed;Borrower;30/360 Linear;12M;;0;.55;.55;;05-06-2024;05-06-2025;12032.02;28811.22;;;05-06-2025;N;N;N;;;;;EUR;;ST_ALM_TF_COB;;3686;16105;16105.001;DR0346358;BSTE;;;05800044;31;;178233.68613;101;IGS;1030266796SAN00000000000000000001792474921;;;IRD_IRS
38324235;21527570;21521877;BANCO SANTANDER SA;Live;Swap;12-06-2019;02-06-2019;02-08-2027;02-08-2027;2700000;EUR;887022.4;Floating;Loan;30/360 Linear;1M;EURIBOR-EURIBOR-6M;0;-.247;2.708;28-11-2024;02-02-2025;03-03-2025;2066.86;2001.71;;28-11-2024;02-03-2025;N;N;N;2700000;EUR;887022.4;Fixed;Borrower;30/360 Linear;1M;;0;.35;.35;;02-02-2025;03-03-2025;267.13;2001.71;;;02-03-2025;N;N;N;;;;;EUR;;ST_ALM_TF_COB;;3686;16146;16146.001;DR0345718;BSTE;;;05800044;31;;26772.87959;101;IGS;1030266796SAN00000000000000000001794815421;;;IRD_IRS
38293576;21644351;21643472;BANCO SANTANDER SA;Live;Swap;01-07-2019;28-06-2019;28-06-2034;28-06-2034;1771200;EUR;3673649.83;Floating;Loan;30/360 Linear;1M;EURIBOR-EURIBOR-6M;0;-.311;2.597;24-12-2024;28-01-2025;28-02-2025;7989.68;7950.39050709;;24-12-2024;28-02-2025;N;Y;N;1771200;EUR;3673649.83;Fixed;Borrower;30/360 Linear;1M;;0;.8;.59;;28-01-2025;28-02-2025;1815.14;7950.39050709;;;28-02-2025;N;Y;N;;;;;EUR;;ST_ALM_TF_COB;;3686;16215;16215.001;DR0345486;BSTE;;;05800044;31;;611718.73066;101;IGS;1030266796SAN00000000000000000001896547321;;;IRD_IRS
38260880;21644773;21643902;BANCO SANTANDER SA;Live;Swap;01-07-2019;28-06-2019;30-12-2026;30-12-2026;29962500;EUR;7490625;Floating;Loan;Actual/360 Linear;6M;EURIBOR-EURIBOR-6M;0;-.311;2.597;24-12-2024;30-12-2024;30-06-2025;181258.14;98346.5;;26-06-2025;30-06-2025;N;Y;N;29962500;EUR;7490625;Fixed;Borrower;Actual/360 Linear;6M;;0;.35;.35;;30-12-2024;30-06-2025;17276.78;98346.5;;;30-06-2025;N;Y;N;;;;;EUR;;ST_ALM_TF_CRPCB;;3686;16216;16216.001;DR0346359;BSTE;;;05800044;31;;212802.74359;101;IGS;1030266796SAN00000000000000000001802207721;;;IRD_IRS
38295358;21696269;21695906;BANCO SANTANDER SA;Live;Swap;08-07-2019;08-07-2019;08-07-2031;08-07-2031;2150000;EUR;1290001.02;Floating;Loan;30/360 Linear;1M;EURIBOR-EURIBOR-6M;0;-.338;2.585;06-01-2025;08-02-2025;10-03-2025;2807.61;2778.87719725;;06-01-2025;08-03-2025;N;N;N;2150000;EUR;1290001.02;Fixed;Borrower;30/360 Linear;1M;;0;.5;.5;;08-02-2025;10-03-2025;543.06;2778.87719725;;;08-03-2025;N;N;N;;;;;EUR;;ST_ALM_TF_COB;;3686;16243;16243.001;DR0345709;BSTE;;;05800044;31;;120020.83932;101;IGS;1030266796SAN00000000000000000001804775021;;;IRD_IRS
47768009;21709485;21699317;BANCO SANTANDER SA;Live;Swap;04-07-2019;05-07-2019;05-07-2029;05-07-2029;1100000000;EUR;1100000000;Fixed;Loan;Actual/nActual Linear;1Y;;0;.412;.412;;05-07-2024;07-07-2025;4532000;4532000;;;05-07-2025;N;N;N;1100000000;EUR;1100000000;Fixed;Borrower;Actual/360 Linear;1Y;;0;1.133917;4.461037;;05-07-2024;07-07-2025;54023274.63;4532000;;;05-07-2024;N;N;N;;;;;EUR;;ST_FINCORP_COVB;;3686;16245;16245.001;DR0339283;BSTE;;16245.001;05800044;31;;0;101;IGS;1030266796SAN00000000000000000001808159721;;;IRD_IRS
47768844;21709490;21699317;BANCO SANTANDER SA;Live;Swap;04-07-2019;05-07-2019;05-07-2029;05-07-2029;1281797305.28;EUR;1270169062.51;Fixed;Loan;Actual/360 Linear;1Y;;0;1.133917;4.461037;;05-07-2024;07-07-2025;54023274.63;57764486.79;;;07-07-2025;N;Y;N;1281797305.28;EUR;1270169062.51;Fixed;Borrower;Actual/nActual Linear;1Y;;0;.432;.432;;05-07-2024;07-07-2025;4752000;57764486.79;;;05-07-2025;N;N;N;;;;;EUR;;ST_FINCORP_COVB;;3686;16245;16245.001;DR0339281;BSTE;;16245.001;05800044;31;;255448911.32842;101;IGS;1030266796SAN00000000000000000001808159621;;;IRD_IRS
38260908;21880579;21876196;BANCO SANTANDER SA;Live;Swap;01-08-2019;01-08-2019;27-07-2026;27-07-2026;25275000;EUR;25275000;Floating;Loan;Actual/360 Linear;3M;EURIBOR-EURIBOR-6M;0;-.355;2.593;30-01-2025;03-02-2025;02-05-2025;236595.06;160204.18;;30-01-2025;02-05-2025;N;Y;N;25275000;EUR;25275000;Fixed;Borrower;Actual/360 Linear;3M;;0;.09;.09;;03-02-2025;02-05-2025;5939.63;160204.18;;;02-05-2025;N;Y;N;;;;;EUR;;ST_ALM_TF_CRPCB;;3686;16297;16297.001;DR0345712;BSTE;;;05800044;31;;1107122.7527;101;IGS;1030266796SAN00000000000000000001813968321;;;IRD_IRS
38260961;21881388;21876218;BANCO SANTANDER SA;Live;Swap;01-08-2019;01-08-2019;27-07-2026;27-07-2026;25275000;EUR;25275000;Floating;Loan;Actual/360 Linear;3M;EURIBOR-EURIBOR-6M;0;-.355;2.593;30-01-2025;03-02-2025;02-05-2025;236595.06;160204.18;;30-01-2025;02-05-2025;N;Y;N;25275000;EUR;25275000;Fixed;Borrower;Actual/360 Linear;3M;;0;.09;.09;;03-02-2025;02-05-2025;5939.63;160204.18;;;02-05-2025;N;Y;N;;;;;EUR;;ST_ALM_TF_CRPCB;;3686;16298;16298.001;DR0345719;BSTE;;;05800044;31;;1107122.7527;101;IGS;1030266796SAN00000000000000000001813967921;;;IRD_IRS
38358826;21864592;10827496;BANCO SANTANDER SA;Live;Swap;30-07-2019;06-05-2019;06-11-2025;06-11-2025;4657340.04;EUR;1470119.87;Floating;Loan;Actual/360 Linear;3M;EURIBOR-EURIBOR-3M;0;-.309;0;04-02-2025;06-02-2025;06-05-2025;12641.66;0;;02-05-2025;06-05-2025;N;Y;N;4657340.04;EUR;1470119.87;Fixed;Borrower;30/360 Linear;3M;;0;.75;.75;;06-02-2025;06-05-2025;3016.3;0;;;06-05-2025;N;Y;N;;;;;EUR;;ST_ALM_TF_COB;;3686;13112;13112.001;DR0346141;BSTE;;;05800044;31;;23664.7797;101;IGS;1030266796SAN0000000000000000001576786421M;;;IRD_IRS
38358858;21924730;10827515;BANCO SANTANDER SA;Live;Swap;07-08-2019;06-08-2019;06-11-2025;06-11-2025;3367215.14;EUR;1416130.18;Floating;Loan;Actual/360 Linear;3M;EURIBOR-EURIBOR-3M;0;-.38;0;04-02-2025;06-02-2025;06-05-2025;11825.34;0;;02-05-2025;06-05-2025;N;Y;N;3367215.14;EUR;1416130.18;Fixed;Borrower;30/360 Linear;3M;;0;.77;.77;;06-02-2025;06-05-2025;2896.77;0;;;06-05-2025;N;Y;N;;;;;EUR;;ST_ALM_TF_COB;;3686;13113;13113.001;DR0345817;BSTE;;;05800044;31;;22311.15659;101;IGS;1030266796SAN0000000000000000001576686821M;;;IRD_IRS
38295265;22002528;22002243;BANCO SANTANDER SA;Live;Swap;19-08-2019;01-08-2019;01-08-2031;01-08-2031;500337;EUR;299317.96;Floating;Loan;30/360 Linear;1M;EURIBOR-EURIBOR-6M;0;-.355;2.593;30-01-2025;01-02-2025;03-03-2025;903.83;646.78;;30-01-2025;01-03-2025;N;N;N;500337;EUR;299317.96;Fixed;Borrower;30/360 Linear;1M;;0;.39;.39;;01-02-2025;03-03-2025;98.32;646.78;;;01-03-2025;N;N;N;;;;;EUR;;ST_ALM_TF_COB;;3686;16373;16373.001;DR0345704;BSTE;;;05800044;31;;27806.4572;101;IGS;1030266796SAN00000000000000000001819287421;;;IRD_IRS
38293602;22095300;22095021;BANCO SANTANDER SA;Live;Swap;02-09-2019;17-08-2019;17-12-2033;17-12-2033;3000000;EUR;1848837.24;Floating;Loan;30/360 Linear;1M;EURIBOR-EURIBOR-6M;0;-.409;0;13-02-2025;17-02-2025;17-03-2025;5248.91;0;;13-02-2025;17-03-2025;N;Y;N;3000000;EUR;1848837.24;Fixed;Borrower;30/360 Linear;1M;;0;.4;.4;;17-02-2025;17-03-2025;622.09;0;;;17-03-2025;N;Y;N;;;;;EUR;;ST_ALM_TF_COB;;3686;16423;16423.001;DR0345604;BSTE;;;05800044;31;;209282.20702;101;IGS;1030266796SAN00000000000000000001823450221;;;IRD_IRS
50755715;22098407;1900197866;BANCO SANTANDER SA;Live;Swap;15-02-2017;24-02-2017;20-10-2025;20-10-2025;5000000;EUR;5652000;Fixed;Loan;Actual/360 Linear;6M;;0;0;0;;24-02-2025;25-08-2025;0;0;;;25-08-2025;N;Y;N;5000000;EUR;5652000;Fixed;Borrower;Actual/360 Linear;1Y;;0;2.22747;2.22747;;24-02-2025;20-10-2025;127295.46;0;;;24-02-2025;N;N;N;;;;;EUR;;ST_ALM_SEG_RT;;3686;13410;13410.002;DR0339544;BSTE;;13410.002;05800044;31;;0;101;IGN;1030266796SAN00000000000000000001570648121;;;IRD_IRS
38359476;22202187;292170919;BANCO SANTANDER SA;Live;Swap;17-09-2019;15-09-2019;15-09-2025;15-09-2025;670000;EUR;81657.27;Floating;Loan;Actual/360 Linear;1M;EURIBOR-EURIBOR-6M;0;-.408;3.265;12-09-2024;15-02-2025;17-03-2025;256.91;207.36;;13-03-2025;15-03-2025;N;N;N;670000;EUR;81657.27;Fixed;Borrower;Actual/360 Linear;1M;;0;.07;.07;;15-02-2025;17-03-2025;5.51;207.36;;;15-03-2025;N;N;N;;;;;EUR;;ST_ALM_TF_COB;;3686;16466;16466.001;DR0346017;BSTE;;;05800044;31;;1103.0675;101;IGS;1030266796SAN00000000000000000001828007321;;;IRD_IRS
38325404;22235551;22235247;BANCO SANTANDER SA;Live;Swap;23-09-2019;15-09-2019;15-09-2026;15-09-2026;963882.84;EUR;234694.41;Floating;Loan;Actual/360 Linear;3M;EURIBOR-EURIBOR-6M;0;-.408;3.265;12-09-2024;15-12-2024;17-03-2025;2230.04;1915.69;;13-03-2025;15-03-2025;N;N;N;963882.84;EUR;234694.41;Fixed;Borrower;Actual/360 Linear;3M;;0;.05;.05;;15-12-2024;17-03-2025;34.15;1915.69;;;15-03-2025;N;N;N;;;;;EUR;;ST_ALM_TF_COB;;3686;16483;16483.001;DR0345914;BSTE;;;05800044;31;;6400.98013;101;IGS;1030266796SAN00000000000000000001829841021;;;IRD_IRS
38293643;22245101;22244950;BANCO SANTANDER SA;Live;Swap;25-09-2019;27-11-2019;27-11-2033;27-11-2033;1500000;EUR;1004207.44;Floating;Loan;30/360 Linear;3M;EURIBOR-EURIBOR-6M;0;-.338;2.711;25-11-2024;27-11-2024;27-02-2025;9741.19;6806.02;;25-11-2024;27-02-2025;N;Y;N;1500000;EUR;1004207.44;Fixed;Borrower;30/360 Linear;3M;;0;.33;.33;;27-11-2024;27-02-2025;849.75;6806.02;;;27-02-2025;N;Y;N;;;;;EUR;;ST_ALM_TF_COB;;3686;16491;16491.001;DR0345893;BSTE;;;05800044;31;;121301.34515;101;IGS;1030266796SAN00000000000000000001830908821;;;IRD_IRS
38322372;22252922;22252805;BANCO SANTANDER SA;Live;Swap;27-09-2019;27-09-2019;27-09-2029;27-09-2029;3000000;EUR;1425000;Floating;Loan;30/360 Linear;3M;EURIBOR-EURIBOR-6M;0;-.375;3.155;25-09-2024;27-12-2024;27-03-2025;11831.25;11239.6875;;25-03-2025;27-03-2025;N;Y;N;3000000;EUR;1425000;Fixed;Borrower;30/360 Linear;3M;;0;.12;.12;;27-12-2024;27-03-2025;450;11239.6875;;;27-03-2025;N;Y;N;;;;;EUR;;ST_ALM_TF_COB;;3686;16501;16501.001;DR0345524;BSTE;;;05800044;31;;92153.90156;101;IGS;1030266796SAN00000000000000000001832590821;;;IRD_IRS
38325344;22251154;22251029;BANCO SANTANDER SA;Live;Swap;27-09-2019;25-09-2019;25-09-2026;25-09-2026;2000000;EUR;452381.2;Floating;Loan;30/360 Linear;1M;EURIBOR-EURIBOR-6M;0;-.363;3.212;23-09-2024;25-02-2025;25-03-2025;1274.6;1210.87;;21-03-2025;25-03-2025;N;Y;N;2000000;EUR;452381.2;Fixed;Borrower;30/360 Linear;1M;;0;.11;.11;;25-02-2025;25-03-2025;43.65;1210.87;;;25-03-2025;N;Y;N;;;;;EUR;;ST_ALM_TF_COB;;3686;16498;16498.001;DR0345720;BSTE;;;05800044;31;;10899.18658;101;IGS;1030266796SAN00000000000000000001831977121;;;IRD_IRS
38360098;22253115;22252901;BANCO SANTANDER SA;Live;Swap;27-09-2019;15-09-2019;15-09-2025;15-09-2025;999999.99;EUR;110205.16;Floating;Loan;Actual/360 Linear;3M;EURIBOR-EURIBOR-6M;0;-.408;3.265;12-09-2024;15-12-2024;17-03-2025;1268.49;899.55;;13-03-2025;15-03-2025;N;N;N;999999.99;EUR;110205.16;Fixed;Borrower;Actual/360 Linear;3M;;0;.05;.05;;15-12-2024;17-03-2025;19.43;899.55;;;15-03-2025;N;N;N;;;;;EUR;;ST_ALM_TF_COB;;3686;16502;16502.001;DR0346363;BSTE;;;05800044;31;;1530.20121;101;IGS;1030266796SAN00000000000000000001832595521;;;IRD_IRS
38322344;22278963;22278769;BANCO SANTANDER SA;Live;Swap;10-10-2019;09-10-2019;09-10-2029;09-10-2029;1000000;EUR;475000;Floating;Loan;30/360 Linear;3M;EURIBOR-EURIBOR-6M;0;-.389;3.048;07-10-2024;09-01-2025;09-04-2025;3810;3619.5;;07-04-2025;09-04-2025;N;Y;N;1000000;EUR;475000;Fixed;Borrower;30/360 Linear;3M;;0;.15;.15;;09-01-2025;09-04-2025;187.5;3619.5;;;09-04-2025;N;Y;N;;;;;EUR;;ST_ALM_TF_COB;;3686;16561;16561.001;DR0345606;BSTE;;;05800044;31;;30183.08354;101;IGS;1030266796SAN00000000000000000001836493021;;;IRD_IRS
38322283;22322687;22322716;BANCO SANTANDER SA;Live;Swap;28-10-2019;28-10-2019;28-10-2029;28-10-2029;2500000;EUR;1484375;Floating;Loan;30/360 Linear;3M;EURIBOR-EURIBOR-6M;0;-.348;2.92;24-10-2024;28-01-2025;28-04-2025;11406.25;10835.9375;;24-04-2025;28-04-2025;N;Y;N;2500000;EUR;1484375;Fixed;Borrower;30/360 Linear;3M;;0;.14;.14;;28-01-2025;28-04-2025;546.88;10835.9375;;;28-04-2025;N;Y;N;;;;;EUR;;ST_ALM_TF_COB;;3686;16656;16656.001;DR0345715;BSTE;;;05800044;31;;93884.86247;101;IGS;1030266796SAN00000000000000000001843155421;;;IRD_IRS
50030262;22298635;1000211;BANCO SANTANDER SA;Live;Swap;19-09-2017;26-09-2017;27-09-2027;27-09-2027;1000000000;EUR;1000000000;Fixed;Loan;Actual/nActual Linear;1Y;;0;1.25;1.25;;26-09-2024;26-09-2025;12500000;12500000;;;26-09-2025;N;Y;N;1000000000;EUR;1000000000;Fixed;Borrower;Actual/360 Linear;1Y;;0;1.131971;4.2923401;;26-09-2024;26-09-2025;53648541.91;12500000;;;26-09-2025;N;Y;N;;;;;EUR;;ST_FINCORP_COVB;;3686;13977;13977.001;DR0343128;BSTE;;;05800044;31;;0;101;IGS;1030266796SAN00000000000000000001630340921;;;IRD_IRS
50030416;22298637;1000211;BANCO SANTANDER SA;Live;Swap;19-09-2017;26-09-2017;27-09-2027;27-09-2027;1169133797.23;EUR;1164460298.53;Fixed;Loan;Actual/360 Linear;1Y;;0;1.131971;4.2923401;;26-09-2024;26-09-2025;53648541.91;50676799.07;;;26-09-2025;N;Y;N;1169133797.23;EUR;1164460298.53;Fixed;Borrower;Actual/nActual Linear;1Y;;0;1.27;1.27;;26-09-2024;26-09-2025;12700000;50676799.07;;;26-09-2025;N;Y;N;;;;;EUR;;ST_FINCORP_COVB;;3686;13977;13977.001;DR0343129;BSTE;;;05800044;31;;112890297.41579;101;IGS;1030266796SAN00000000000000000001630341621;;;IRD_IRS
41335397;22309863;22309791;BANCO SANTANDER SA;Live;Swap;22-10-2019;16-10-2019;16-10-2026;16-10-2026;25400000;EUR;10160000;Floating;Loan;30/360 Linear;6M;EURIBOR-EURIBOR-6M;0;-.353;3.062;14-10-2024;16-10-2024;16-04-2025;245427.5;155549.6;;14-04-2025;16-04-2025;N;Y;N;25400000;EUR;10160000;Fixed;Borrower;30/360 Linear;6M;;0;.1;.62;;16-10-2024;16-04-2025;39370;155549.6;;;16-04-2025;N;Y;N;;;;;EUR;;ST_ALM_TF_COB;;3686;16624;16624.001;DR0346015;BSTE;;;05800044;31;;282263.56187;101;IGS;1030266796SAN00000000000000000001841172421;;;IRD_IRS
38293528;22336193;22335938;BANCO SANTANDER SA;Live;Swap;04-11-2019;30-10-2019;30-10-2034;30-10-2034;2000000;EUR;1360468.12;Floating;Loan;30/360 Linear;1M;EURIBOR-EURIBOR-6M;0;-.346;2.905;28-10-2024;30-01-2025;28-02-2025;3319.2004195;3073.90213558;;28-10-2024;28-02-2025;N;Y;N;2000000;EUR;1360468.12;Fixed;Borrower;30/360 Linear;1M;;0;.3;.3;;30-01-2025;28-02-2025;342.77;3073.90213558;;;28-02-2025;N;Y;N;;;;;EUR;;ST_ALM_TF_COB;;3686;16676;16676.001;DR0345494;BSTE;;;05800044;31;;182441.34945;101;IGS;1030266796SAN00000000000000000001845537221;;;IRD_IRS
38293560;22328745;22328527;BANCO SANTANDER SA;Live;Swap;30-10-2019;30-10-2019;30-06-2034;30-06-2034;10800000;EUR;6840000;Floating;Loan;30/360 Linear;6M;EURIBOR-EURIBOR-6M;0;-.346;2.597;24-12-2024;30-12-2024;30-06-2025;132408;88817.4;;26-06-2025;30-06-2025;N;Y;N;10800000;EUR;6840000;Fixed;Borrower;30/360 Linear;6M;;0;.3;.3;;30-12-2024;30-06-2025;10800;88817.4;;;30-06-2025;N;Y;N;;;;;EUR;;ST_ALM_TF_COB;;3686;16662;16662.001;DR0345613;BSTE;;;05800044;31;;935469.81564;101;IGS;1030266796SAN00000000000000000001843986221;;;IRD_IRS
38358893;22354679;22354458;BANCO SANTANDER SA;Live;Swap;13-11-2019;01-11-2019;01-11-2025;01-11-2025;638878.18;EUR;85528.03;Floating;Loan;Actual/360 Linear;1M;EURIBOR-EURIBOR-6M;0;-.339;2.867;30-10-2024;01-02-2025;03-03-2025;233.45807945;190.71800379;;30-10-2024;01-03-2025;N;N;N;638878.18;EUR;85528.03;Fixed;Borrower;Actual/360 Linear;1M;;0;.1;.1;;01-02-2025;03-03-2025;8.14;190.71800379;;;01-03-2025;N;N;N;;;;;EUR;;ST_ALM_TF_COB;;3686;16717;16717.001;DR0345894;BSTE;;;05800044;31;;1170.05892;101;IGS;1030266796SAN00000000000000000001848819921;;;IRD_IRS
38295746;22382932;22382847;BANCO SANTANDER SA;Live;Swap;27-11-2019;15-11-2019;15-01-2030;15-01-2030;4161962.33;EUR;2089343.56;Floating;Loan;30/360 Linear;1M;EURIBOR-EURIBOR-6M;0;-.336;2.779;13-11-2024;15-02-2025;17-03-2025;4917.65;4838.57;;13-11-2024;15-03-2025;N;N;N;4161962.33;EUR;2089343.56;Fixed;Borrower;30/360 Linear;1M;;0;.25;.25;;15-02-2025;17-03-2025;442.39;4838.57;;;15-03-2025;N;N;N;;;;;EUR;;ST_ALM_TF_COB;;3686;16772;16772.001;DR0345487;BSTE;;;05800044;31;;132257.65159;101;IGS;1030266796SAN00000000000000000001853431721;;;IRD_IRS
38323969;22376884;22376759;BANCO SANTANDER SA;Live;Swap;25-11-2019;13-09-2019;13-12-2027;13-12-2027;1733209.3;EUR;654993.19;Floating;Loan;30/360 Linear;3M;EURIBOR-EURIBOR-6M;0;-.408;3.276;11-09-2024;13-12-2024;13-03-2025;5800.72;5364.39;;11-03-2025;13-03-2025;N;Y;N;1733209.3;EUR;654993.19;Fixed;Borrower;30/360 Linear;3M;;0;.09;.09;;13-12-2024;13-03-2025;159.36;5364.39;;;13-03-2025;N;Y;N;;;;;EUR;;ST_ALM_TF_COB;;3686;16758;16758.001;DR0345910;BSTE;;;05800044;31;;28852.76677;101;IGS;1030266796SAN00000000000000000001852300421;;;IRD_IRS
38358713;22393416;22389967;BANCO SANTANDER SA;Live;Swap;02-12-2019;20-11-2019;20-11-2025;20-11-2025;3000000;EUR;450000;Floating;Loan;30/360 Linear;1M;EURIBOR-EURIBOR-6M;0;-.338;2.735;18-11-2024;20-02-2025;20-03-2025;1139.58333333;1025.625;;18-11-2024;20-03-2025;N;Y;N;3000000;EUR;450000;Fixed;Borrower;30/360 Linear;1M;;0;.1;.1;;20-02-2025;20-03-2025;41.67;1025.625;;;20-03-2025;N;Y;N;;;;;EUR;;ST_ALM_TF_COB;;3686;16823;16823.001;DR0345911;BSTE;;;05800044;31;;5920.70385;101;IGS;1030266796SAN00000000000000000001855152721;;;IRD_IRS
38324178;22401988;22401773;BANCO SANTANDER SA;Live;Swap;06-12-2019;06-12-2019;06-12-2027;06-12-2027;4000000;EUR;1536255.84;Floating;Loan;30/360 Linear;3M;EURIBOR-EURIBOR-6M;0;-.335;2.625;04-12-2024;06-12-2024;06-03-2025;15608.84;10081.68;;04-12-2024;06-03-2025;N;Y;N;4000000;EUR;1536255.84;Fixed;Borrower;30/360 Linear;3M;;0;.09;.09;;06-12-2024;06-03-2025;374.01;10081.68;;;06-03-2025;N;Y;N;;;;;EUR;;ST_ALM_TF_COB;;3686;16860;16860.001;DR0345905;BSTE;;;05800044;31;;63814.09368;101;IGS;1030266796SAN00000000000000000001857283721;;;IRD_IRS
38322240;22418746;22418752;BANCO SANTANDER SA;Live;Swap;16-12-2019;12-12-2019;12-12-2029;12-12-2029;1500000;EUR;750000;Floating;Loan;30/360 Linear;6M;EURIBOR-EURIBOR-6M;0;-.333;2.655;10-12-2024;12-12-2024;12-06-2025;15460.5;9956.25;;10-06-2025;12-06-2025;N;Y;N;1500000;EUR;750000;Fixed;Borrower;30/360 Linear;6M;;0;.2;.2;;12-12-2024;12-06-2025;825;9956.25;;;12-06-2025;N;Y;N;;;;;EUR;;ST_ALM_TF_COB;;3686;16897;16897.001;DR0346360;BSTE;;;05800044;31;;54582.90403;101;IGS;1030266796SAN00000000000000000001860155421;;;IRD_IRS
38294444;22410907;19224343;BANCO SANTANDER SA;Live;Swap;11-12-2019;16-09-2019;16-11-2032;16-11-2032;5462837.84;EUR;3343284.89;Floating;Loan;30/360 Linear;3M;EURIBOR-EURIBOR-6M;0;-.259;2.656;12-12-2024;16-12-2024;17-03-2025;31565.51;22199.41;;12-12-2024;16-03-2025;N;N;N;5462837.84;EUR;3343284.89;Fixed;Borrower;30/360 Linear;3M;;0;.63;.63;;16-12-2024;17-03-2025;5312.92;22199.41;;;16-03-2025;N;N;N;;;;;EUR;;ST_ALM_TF_COB;;3686;14978;14978.001;DR0345495;BSTE;;;05800044;31;;305904.7134;101;IGS;1030266796SAN00000000000000000001859242921;;;IRD_IRS
38295634;22420394;1900169671;BANCO SANTANDER SA;Live;Swap;16-12-2019;28-10-2019;28-10-2030;28-10-2030;5234880.84;EUR;2805389.49;Floating;Loan;30/360 Linear;3M;EURIBOR-EURIBOR-6M;0;-.348;2.92;24-10-2024;28-01-2025;28-04-2025;20844.34;20479.343277;;24-04-2025;28-04-2025;N;Y;N;5234880.84;EUR;2805389.49;Fixed;Borrower;30/360 Linear;3M;;0;.38;.38;;28-01-2025;28-04-2025;2712.62;20479.343277;;;28-04-2025;N;Y;N;;;;;EUR;;ST_ALM_TF_COB;;3686;13310;13310.001;DR0345716;BSTE;;;05800044;31;;199891.38011;101;IGS;1030266796SAN00000000000000000001860462121;;;IRD_IRS
38295134;22431176;22431096;BANCO SANTANDER SA;Live;Swap;20-12-2019;20-12-2019;20-12-2031;20-12-2031;1250000;EUR;875000;Floating;Loan;30/360 Linear;6M;EURIBOR-EURIBOR-6M;0;-.348;2.652;18-12-2024;20-12-2024;20-06-2025;18475;11602.5;;18-06-2025;20-06-2025;N;Y;N;1250000;EUR;875000;Fixed;Borrower;30/360 Linear;1Y;;0;.3;.3;;20-12-2024;22-12-2025;3000;11602.5;;;20-12-2024;N;N;N;;;;;EUR;;ST_ALM_TF_COB;;3686;16914;16914.001;DR0345895;BSTE;;;05800044;31;;90244.5998;101;IGS;1030266796SAN00000000000000000001862546121;;;IRD_IRS
38322531;22434730;22434699;BANCO SANTANDER SA;Live;Swap;27-12-2019;23-12-2019;23-12-2028;23-12-2028;1100000;EUR;468518.84;Floating;Loan;30/360 Linear;1M;EURIBOR-EURIBOR-6M;0;-.342;2.637;19-12-2024;23-02-2025;24-03-2025;1051.95208395;1029.5701509;;19-12-2024;23-03-2025;N;N;N;1100000;EUR;468518.84;Fixed;Borrower;30/360 Linear;1M;;0;.22;.22;;23-02-2025;24-03-2025;87.76;1029.5701509;;;23-03-2025;N;N;N;;;;;EUR;;ST_ALM_TF_COB;;3686;16928;16928.001;DR0345529;BSTE;;;05800044;31;;22479.46328;101;IGS;1030266796SAN00000000000000000001864300121;;;IRD_IRS
38322154;22434959;22434886;BANCO SANTANDER SA;Live;Swap;27-12-2019;26-12-2019;26-12-2029;26-12-2029;850000;EUR;417916.87;Floating;Loan;30/360 Linear;1M;EURIBOR-EURIBOR-6M;0;-.339;2.612;23-12-2024;26-01-2025;26-02-2025;925.08;909.66572037;;23-12-2024;26-02-2025;N;Y;N;850000;EUR;417916.87;Fixed;Borrower;30/360 Linear;1M;;0;.25;.25;;26-01-2025;26-02-2025;88.54;909.66572037;;;26-02-2025;N;Y;N;;;;;EUR;;ST_ALM_TF_COB;;3686;16929;16929.001;DR0345528;BSTE;;;05800044;31;;25307.53026;101;IGS;1030266796SAN00000000000000000001864366421;;;IRD_IRS
38259425;22432020;22431637;BANCO SANTANDER SA;Live;Swap;23-12-2019;28-02-2020;20-12-2034;20-12-2034;45000000;EUR;33750000;Floating;Loan;Actual/360 Linear;3M;EURIBOR-EURIBOR-6M;0;-.371;2.652;18-12-2024;20-12-2024;20-03-2025;320483.52;223762.5;;18-12-2024;20-03-2025;N;Y;N;45000000;EUR;33750000;Fixed;Borrower;Actual/360 Linear;3M;;0;.64;.64;;20-12-2024;20-03-2025;55510;223762.5;;;20-03-2025;N;Y;N;;;;;EUR;;ST_ALM_TF_CRPCB;;3686;16925;16925.001;DR0345489;BSTE;;;05800044;31;;5143801.97424;101;IGS;1030266796SAN00000000000000000001862656521;;;IRD_IRS
38260866;22433056;22432939;BANCO SANTANDER SA;Live;Swap;23-12-2019;26-03-2021;30-12-2026;30-12-2026;200000000;EUR;65000000;Floating;Loan;Actual/360 Linear;6M;EURIBOR-EURIBOR-6M;0;-.516;2.597;24-12-2024;30-12-2024;30-06-2025;3774000;853403.06;;26-06-2025;30-06-2025;N;Y;N;200000000;EUR;65000000;Fixed;Borrower;Actual/360 Linear;6M;;0;.269;.269;;30-12-2024;30-06-2025;276472.22;853403.06;;;30-06-2025;N;Y;N;;;;;EUR;;ST_ALM_TF_CRPCB;;3686;16927;16927.001;DR0345601;BSTE;;;05800044;31;;3369514.16076;101;IGS;1030266796SAN00000000000000000001863225921;;;IRD_IRS
38323701;22449902;22449795;BANCO SANTANDER SA;Live;Swap;08-01-2020;08-01-2020;08-01-2028;08-01-2028;1000000;EUR;364583.74;Floating;Loan;30/360 Linear;1M;EURIBOR-EURIBOR-6M;0;-.325;2.585;06-01-2025;08-02-2025;10-03-2025;807.81;785.37413992;;06-01-2025;08-03-2025;N;N;N;1000000;EUR;364583.74;Fixed;Borrower;30/360 Linear;1M;;0;.1;.1;;08-02-2025;10-03-2025;31.25;785.37413992;;;08-03-2025;N;N;N;;;;;EUR;;ST_ALM_TF_COB;;3686;16955;16955.001;DR0345721;BSTE;;;05800044;31;;13787.5326;101;IGS;1030266796SAN00000000000000000001868938421;;;IRD_IRS
38324989;22480518;16405841;BANCO SANTANDER SA;Live;Swap;25-07-2017;24-01-2020;24-07-2027;24-07-2027;2792857.14;EUR;1214285.73;Floating;Loan;30/360 Linear;3M;EURIBOR-EURIBOR-6M;0;-.329;2.585;22-01-2025;24-01-2025;24-04-2025;12158.34;7847.32;;22-01-2025;24-04-2025;N;Y;N;2792857.14;EUR;1214285.73;Fixed;Borrower;30/360 Linear;3M;;0;.55;.55;;24-01-2025;24-04-2025;1836.61;7847.32;;;24-04-2025;N;Y;N;;;;;EUR;;ST_ALM_TF_COB;;3686;13797;13797.001;DR0345713;BSTE;;;05800044;31;;34495.48199;101;IGS;1030266796SAN00000000000000000001874345121;;;IRD_IRS
38265866;22591118;22590253;BANCO SANTANDER SA;Live;Swap;24-03-2020;15-06-2020;16-06-2025;16-06-2025;200000000;EUR;200000000;Floating;Loan;Actual/360 Linear;6M;EURIBOR-EURIBOR-6M;0;-.183;2.656;12-12-2024;16-12-2024;16-06-2025;3784588.89;2685511.11;;;;N;Y;N;200000000;EUR;200000000;Fixed;Borrower;Actual/360 Linear;6M;;0;.2;.2;;16-12-2024;16-06-2025;202222.22;2685511.11;;;16-12-2024;N;Y;N;;;;;EUR;;ST_ALM_TF_CRPCB;;3686;17343;17343.001;DR0345493;BSTE;;;05800044;31;;2484268.5474;101;IGS;1030266796SAN00000000000000000001894543921;;;IRD_IRS
34857211;22597507;22597300;BANCO SANTANDER SA;Live;Swap;27-03-2020;27-03-2020;27-03-2025;27-03-2025;100000000;EUR;100000000;Floating;Loan;Actual/360 Linear;6M;EURIBOR-EURIBOR-6M;0;-.298;3.155;25-09-2024;27-09-2024;27-03-2025;1970333.33;1586263.89;;;;N;Y;N;100000000;EUR;100000000;Fixed;Borrower;Actual/360 Linear;6M;;0;.16;.16;;27-09-2024;27-03-2025;81777.78;1586263.89;;;27-09-2024;N;Y;N;;;;;EUR;;ST_ALM_TF_CRPCB;;3686;17360;17360.001;DR0345897;BSTE;;;05800044;31;;1507229.1808;101;IGS;1030266796SAN00000000000000000001896412221;;;IRD_IRS
38265880;22656856;17420455;BANCO SANTANDER SA;Live;Swap;07-05-2020;08-05-2020;08-05-2025;08-05-2025;85000000;EUR;28400000;Floating;Loan;Actual/360 Linear;6M;EURIBOR-EURIBOR-6M;0;-.136;2.916;06-11-2024;08-11-2024;08-05-2025;550284.71;416372.4;;;;N;Y;N;85000000;EUR;28400000;Fixed;Borrower;Actual/360 Linear;6M;;0;.07;.07;;08-11-2024;08-05-2025;10160.89;416372.4;;;08-11-2024;N;Y;N;;;;;EUR;;ST_ALM_TF_CRPCB;;3686;14097;14097.003;DR0345386;BSTE;;;05800044;31;;407274.04882;101;IGS;1030266796SAN00000000000000000001909240821;;;IRD_IRS
38573372;22741231;21735292;BANCO SANTANDER SA;Live;Swap;24-06-2020;16-07-2024;16-07-2025;16-07-2025;250000000;USD;250000000;Floating;Loan;Actual/360 Linear;3M;FEDN-SOFR FB3M-SPT;0;5.5175;0;11-04-2025;16-01-2025;16-04-2025;3124728.89;0;;11-07-2025;16-04-2025;N;Y;N;250000000;USD;250000000;Fixed;Borrower;Actual/360 Linear;3M;;0;.7;.7;;16-01-2025;16-04-2025;447222.22;0;;;16-04-2025;N;Y;N;;;;;EUR;;ST_ALM_TF_CRPCB;;3686;16253;16253.001;DR0347001;BSTE;;;05800044;31;;5208204.68005;101;IGS;1030266796SAN00000000000000000001925584121;;;IRD_IRS
38293887;18114545;18043774;BANCO SANTANDER SA;Live;Swap;09-03-2018;08-03-2018;08-03-2033;08-03-2033;3000000;EUR;1816129.27;Floating;Loan;30/360 Linear;3M;EURIBOR-EURIBOR-6M;0;-.271;3.364;05-09-2024;08-12-2024;10-03-2025;15679.71;15273.65;;06-03-2025;08-03-2025;N;N;N;3000000;EUR;1816129.27;Fixed;Borrower;30/360 Linear;3M;;0;1.28;1.28;;08-12-2024;10-03-2025;5966.12;15273.65;;;08-03-2025;N;N;N;;;;;EUR;;ST_ALM_TF_COB;;3686;14515;14515.001;DR0345901;BSTE;;;05800044;31;;147301.68588;101;IGS;1030266796SAN00000000000000000001659223021;;;IRD_IRS
50906842;18797332;18748052;BANCO SANTANDER SA;Live;Swap;27-10-2020;28-10-2020;28-10-2030;28-10-2030;750000000;EUR;750000000;Fixed;Loan;Actual/nActual Linear;1Y;;0;0;0;;28-10-2024;28-10-2025;0;0;;;28-10-2025;N;Y;N;750000000;EUR;750000000;Fixed;Borrower;Actual/360 Linear;1Y;;0;.948744;4.20482;;28-10-2024;28-10-2025;40820154.48;0;;;28-10-2025;N;Y;N;;;;;EUR;;ST_FINCORP_COVB;;3686;18122;18122.001;DR0341800;BSTE;;18122.001;05800044;31;;0;101;IGS;1030266796SAN00000000000000000001977159021;;;IRD_IRS
50906876;18797358;18748052;BANCO SANTANDER SA;Live;Swap;27-10-2020;28-10-2020;28-10-2030;28-10-2030;872606110.64;EUR;865437629;Fixed;Loan;Actual/360 Linear;1Y;;0;.948744;4.20482;;28-10-2024;28-10-2025;40820154.48;36895512.49;;;28-10-2025;N;Y;N;872606110.64;EUR;865437629;Fixed;Borrower;Actual/nActual Linear;1Y;;0;.02;.02;;28-10-2024;28-10-2025;150000;36895512.49;;;28-10-2025;N;Y;N;;;;;EUR;;ST_FINCORP_COVB;;3686;18122;18122.001;DR0341799;BSTE;;18122.001;05800044;31;;213915574.80363;101;IGS;1030266796SAN00000000000000000001977160121;;;IRD_IRS
38323491;19137173;19136318;BANCO SANTANDER SA;Live;Swap;30-11-2020;16-10-2020;16-08-2028;16-08-2028;153285.47;EUR;531421.63;Floating;Loan;30/360 Linear;1M;EURIBOR-EURIBOR-6M;0;-.493;3.062;14-10-2024;16-02-2025;17-03-2025;1386.87418615;1356.01085922;;14-10-2024;16-03-2025;N;N;N;153285.47;EUR;531421.63;Fixed;Borrower;30/360 Linear;1M;;0;.5;.5;;16-02-2025;17-03-2025;226.47;1356.01085922;;;16-03-2025;N;N;N;;;;;EUR;;ST_ALM_TF_COB;;3686;18250;18250.001;DR0345158;BSTE;;;05800044;31;;21475.04215;101;IGS;1030266796SAN00000000000000000001985119221;;;IRD_IRS
19492293;19492293;19492293;MOVHERA HIDROELETRICAS DO NORTE SA;Live;Swap;17-12-2020;17-12-2020;17-12-2035;17-12-2035;44606250;EUR;41709128.21;Fixed;Loan;Actual/360 Linear;6M;;0;.9551;.9551;;31-12-2024;30-06-2025;207687.73;200288.51;;;30-06-2025;N;Y;N;44606250;EUR;41709128.21;Floating;Borrower;Actual/360 Linear;6M;EURIBOR-EURIBOR-6M;0;-.519;2.577;27-12-2024;31-12-2024;30-06-2025;798481.13;200288.51;;26-06-2025;30-06-2025;N;Y;N;;;;;EUR;;ST_RT_CORP_GL;;7401940249;18352;18352.001;DR0341959;AGPRSA;;18352.001;05285150;31;1000210997;2333648.6176;101;INN;URJH9VSI58SAN00000000000000000000556702710;;;IRD_IRS
38258166;19492429;19492293;BANCO SANTANDER SA;Live;Swap;17-12-2020;17-12-2020;17-12-2035;17-12-2035;44606250;EUR;41709128.21;Floating;Loan;Actual/360 Linear;6M;EURIBOR-EURIBOR-6M;0;-.519;2.577;27-12-2024;31-12-2024;30-06-2025;798481.13;540407.8;;26-06-2025;30-06-2025;N;Y;N;44606250;EUR;41709128.21;Fixed;Borrower;Actual/360 Linear;6M;;0;.9551;.9551;;31-12-2024;30-06-2025;207687.73;540407.8;;;30-06-2025;N;Y;N;;;;;EUR;;ST_RT_CORP_GL;;3686;18352;18352.002;DR0341961;BSTE;;18352.002;05800044;31;;8906675.01151;101;IGN;1030266796SAN00000000000000000001992374421;;;IRD_IRS
19492602;19492602;19492602;MOVHERA HIDROELETRICAS DO NORTE SA;Live;Swap;17-12-2020;17-12-2020;17-12-2035;17-12-2035;44606250;EUR;41709128.21;Fixed;Loan;Actual/360 Linear;6M;;0;.7409;.7409;;31-12-2024;30-06-2025;161109.66;155369.86;;;30-06-2025;N;Y;N;44606250;EUR;41709128.21;Floating;Borrower;Actual/360 Linear;6M;EURIBOR-EURIBOR-6M;0;-.519;2.577;27-12-2024;31-12-2024;30-06-2025;798481.13;155369.86;;26-06-2025;30-06-2025;N;Y;N;;;;;EUR;;ST_RT_CORP_GL;;7401940249;18353;18353.001;DR0341960;AGPRSA;;18353.001;05285150;31;1000210997;1943661.85905;101;INN;URJH9VSI58SAN00000000000000000000556704810;;;IRD_IRS
38258275;19492684;19492602;BANCO SANTANDER SA;Live;Swap;17-12-2020;17-12-2020;17-12-2035;17-12-2035;44606250;EUR;41709128.21;Floating;Loan;Actual/360 Linear;6M;EURIBOR-EURIBOR-6M;0;-.519;2.577;27-12-2024;31-12-2024;30-06-2025;798481.13;540407.8;;26-06-2025;30-06-2025;N;Y;N;44606250;EUR;41709128.21;Fixed;Borrower;Actual/360 Linear;6M;;0;.7409;.7409;;31-12-2024;30-06-2025;161109.66;540407.8;;;30-06-2025;N;Y;N;;;;;EUR;;ST_RT_CORP_GL;;3686;18353;18353.002;DR0341962;BSTE;;18353.002;05800044;31;;9436443.49932;101;IGN;1030266796SAN00000000000000000001992376421;;;IRD_IRS
38574123;19675091;22740650;BANCO SANTANDER SA;Live;Swap;24-06-2020;26-06-2020;26-06-2025;26-06-2025;225000000;USD;112500000;Floating;Loan;Actual/360 Linear;3M;FEDN-SOFR FB3M-SPT;0;.28375;0;21-03-2025;27-12-2024;26-03-2025;1436324.13;0;;23-06-2025;26-03-2025;N;Y;N;225000000;USD;112500000;Fixed;Borrower;Actual/360 Linear;3M;;0;.37;.37;;27-12-2024;26-03-2025;106375;0;;;26-03-2025;N;Y;N;;;;;EUR;;ST_ALM_TF_CRPCB;;3686;17672;17672.001;DR0345972;BSTE;;;05800044;31;;2517657.04476;101;IGS;1030266796SAN0000000000000000001925582021M;;;IRD_IRS
38295613;20972869;20972284;BANCO SANTANDER SA;Live;Swap;22-03-2021;22-03-2021;22-03-2031;22-03-2031;6400000;EUR;4112986.14;Floating;Loan;30/360 Linear;1M;EURIBOR-EURIBOR-6M;0;-.519;3.223;19-09-2024;22-02-2025;24-03-2025;11184.92607118;11046.79527435;;20-03-2025;22-03-2025;N;N;N;6400000;EUR;4112986.14;Fixed;Borrower;30/360 Linear;1M;;0;.17;.17;;22-02-2025;24-03-2025;589.96;11046.79527435;;;22-03-2025;N;N;N;;;;;EUR;;ST_ALM_TF_COB;;3686;18641;18641.001;DR0345230;BSTE;;;05800044;31;;346203.39204;101;IGS;1030266796SAN00000000000000000002027848821;;;IRD_IRS
21479082;21479082;21475094;BANCO SANTANDER SA;Live;Swap;23-04-2021;23-04-2021;27-02-2026;27-02-2026;10000000;EUR;10000000;Floating;Loan;Actual/360 Linear;6M;EURIBOR-EURIBOR-6M;0;-.513;3.382;23-08-2024;27-08-2024;27-02-2025;197874.44;172857.78;;25-02-2025;27-02-2025;N;Y;N;10000000;EUR;10000000;Fixed;Borrower;Actual/360 Linear;6M;;0;.05;.05;;27-08-2024;27-02-2025;2527.78;172857.78;;;27-02-2025;N;Y;N;;;;;EUR;;ST_ALM_TF_COB;;3686;18789;18789.001;DR0345896;BSTE;;;05800044;31;;431800.47706;101;IGS;1030266796SAN00000000000000000002039289821;;;IRD_IRS
21530681;21530681;21530188;BANCO SANTANDER SA;Live;Swap;27-04-2021;27-04-2021;27-04-2026;27-04-2026;100000000;EUR;30000000;Floating;Loan;Actual/360 Linear;6M;EURIBOR-EURIBOR-6M;0;-.515;2.92;24-10-2024;28-10-2024;28-04-2025;773500;442866.67;;24-04-2025;28-04-2025;N;Y;N;100000000;EUR;30000000;Fixed;Borrower;Actual/360 Linear;6M;;0;.03;.03;;28-10-2024;28-04-2025;6066.67;442866.67;;;28-04-2025;N;Y;N;;;;;EUR;;ST_ALM_TF_COB;;3686;18805;18805.001;DR0345387;BSTE;;;05800044;31;;842026.70214;101;IGS;1030266796SAN00000000000000000002040688821;;;IRD_IRS
21692738;21692738;21690747;BANCO SANTANDER SA;Live;Swap;07-05-2021;07-05-2021;07-05-2025;07-05-2025;20000000;EUR;5000000;Floating;Loan;Actual/360 Linear;6M;EURIBOR-EURIBOR-6M;0;-.515;2.923;05-11-2024;07-11-2024;07-05-2025;145743.33;73480.97;;;;N;Y;N;20000000;EUR;5000000;Fixed;Borrower;Actual/360 Linear;6M;;0;.03;.03;;07-11-2024;07-05-2025;1150;73480.97;;;07-11-2024;N;Y;N;;;;;EUR;;ST_ALM_TF_COB;;3686;18857;18857.001;DR0345384;BSTE;;;05800044;31;;72890.82148;101;IGS;1030266796SAN00000000000000000002045075121;;;IRD_IRS
21776835;21776835;21772605;BANCO SANTANDER SA;Live;Swap;12-05-2021;12-05-2021;12-05-2026;12-05-2026;15000000;EUR;5500000;Floating;Loan;Actual/360 Linear;6M;EURIBOR-EURIBOR-6M;0;-.513;2.822;08-11-2024;12-11-2024;12-05-2025;135287.83;78036.14;;08-05-2025;12-05-2025;N;Y;N;15000000;EUR;5500000;Fixed;Borrower;Actual/360 Linear;6M;;0;.05;.05;;12-11-2024;12-05-2025;1779.17;78036.14;;;12-05-2025;N;Y;N;;;;;EUR;;ST_ALM_TF_COB;;3686;18886;18886.001;DR0345389;BSTE;;;05800044;31;;165855.51292;101;IGS;1030266796SAN00000000000000000002046568221;;;IRD_IRS
21610046;21610046;21609730;BANCO SANTANDER SA;Live;Swap;03-05-2021;30-04-2021;30-04-2036;30-04-2036;22000000;EUR;18740740.76;Floating;Loan;30/360 Linear;6M;EURIBOR-EURIBOR-6M;0;-.518;2.905;28-10-2024;30-10-2024;30-04-2025;374977.78;272209.26;;28-04-2025;30-04-2025;N;Y;N;22000000;EUR;18740740.76;Fixed;Borrower;30/360 Linear;6M;;0;.34;.34;;30-10-2024;30-04-2025;33244.44;272209.26;;;30-04-2025;N;Y;N;;;;;EUR;;ST_ALM_TF_COB;;3686;18833;18833.001;DR0345388;BSTE;;;05800044;31;;2914327.51725;101;IGS;1030266796SAN00000000000000000002043136921;;;IRD_IRS
22739773;22739773;22733206;HC HOSPITAIS CONCESSIONADOS SGPS S A;Live;Swap;06-07-2021;06-07-2021;02-12-2039;02-12-2039;33507000;EUR;29026194.3;Fixed;Loan;Actual/360 Linear;6M;;0;.537;.537;;31-12-2024;30-06-2025;83273.88;78368.31;;;30-06-2025;N;Y;N;33507000;EUR;29026194.3;Floating;Borrower;Actual/360 Linear;6M;EURIBOR-EURIBOR-6M;0;-.512;2.577;27-12-2024;31-12-2024;30-06-2025;569425.88;78368.31;;26-06-2025;30-06-2025;N;Y;N;;;;;EUR;;ST_GV_BTBPRJFIN;;7402111535;19070;19070.001;DR0342654;00H04X;;19070.004;05290111;31;1000285394;1094027.14251;101;INN;URJH9VSI58SAN00000000000000000000559613710;;;IRD_IRS
22740113;22740113;22733206;BANCO SANTANDER SA;Live;Swap;06-07-2021;06-07-2021;02-12-2039;02-12-2039;33507000;EUR;29026194.3;Floating;Loan;Actual/360 Linear;6M;EURIBOR-EURIBOR-6M;0;-.512;2.577;27-12-2024;31-12-2024;30-06-2025;569425.88;376080.31;;26-06-2025;30-06-2025;N;Y;N;33507000;EUR;29026194.3;Fixed;Borrower;Actual/360 Linear;6M;;0;.537;.537;;31-12-2024;30-06-2025;83273.88;376080.31;;;30-06-2025;N;Y;N;;;;;EUR;;ST_GV_BTBPRJFIN;;3686;19070;19070.002;DR0342653;BSTE;;19070.003;05800044;31;;6458897.0417;101;IGN;1030266796SAN00000000000000000002068144021;;;IRD_IRS
22675593;22675593;22673786;BANCO SANTANDER SA;Live;Swap;01-07-2021;25-06-2021;25-06-2025;25-06-2025;20000000;EUR;20000000;Floating;Loan;Actual/360 Linear;6M;EURIBOR-EURIBOR-6M;0;-.509;2.612;23-12-2024;27-12-2024;25-06-2025;379352.78;261200;;;;N;Y;N;20000000;EUR;20000000;Fixed;Borrower;Actual/360 Linear;6M;;0;.05;.05;;27-12-2024;25-06-2025;5138.89;261200;;;27-12-2024;N;Y;N;;;;;EUR;;ST_ALM_TF_COB;;3686;19058;19058.001;DR0345525;BSTE;;;05800044;31;;256198.33918;101;IGS;1030266796SAN00000000000000000002066806221;;;IRD_IRS
22958089;22958089;22955748;BANCO SANTANDER SA;Live;Swap;16-07-2021;07-09-2021;07-09-2026;07-09-2026;8000000;EUR;3700000;Floating;Loan;Actual/360 Linear;6M;EURIBOR-EURIBOR-6M;0;-.519;3.364;05-09-2024;09-09-2024;07-03-2025;91163.25;61888.26;;05-03-2025;07-03-2025;N;Y;N;8000000;EUR;3700000;Fixed;Borrower;Actual/360 Linear;6M;;0;.06;.06;;09-09-2024;07-03-2025;1395;61888.26;;;07-03-2025;N;Y;N;;;;;EUR;;ST_ALM_TF_COB;;3686;19106;19106.001;DR0345190;BSTE;;;05800044;31;;143166.80598;101;IGS;1030266796SAN00000000000000000002072064421;;;IRD_IRS
23015684;23015684;23014072;BANCO SANTANDER SA;Live;Swap;20-07-2021;20-07-2021;09-06-2031;09-06-2031;6913397.23;EUR;5873478.19;Floating;Loan;Actual/360 Linear;6M;EURIBOR-EURIBOR-6M;0;-.515;2.642;05-12-2024;09-12-2024;09-06-2025;116094.09;78450.74296645;;05-06-2025;09-06-2025;N;Y;N;6913397.23;EUR;5873478.19;Fixed;Borrower;Actual/360 Linear;6M;;0;.08;.08;;09-12-2024;09-06-2025;2480.64;78450.74296645;;;09-06-2025;N;Y;N;;;;;EUR;;ST_ALM_TF_CRPCB;;3686;19117;19117.001;DR0345490;BSTE;;;05800044;31;;657416.25758;101;IGS;1030266796SAN00000000000000000002073552321;;;IRD_IRS
23015688;23015688;23014196;BANCO SANTANDER SA;Live;Swap;20-07-2021;20-07-2021;28-09-2026;28-09-2026;245000;EUR;93483.67;Floating;Loan;Actual/360 Linear;6M;EURIBOR-EURIBOR-6M;0;-.515;2.656;12-12-2024;16-12-2024;16-06-2025;2191.46;1255.26;;12-06-2025;16-06-2025;N;Y;N;245000;EUR;93483.67;Fixed;Borrower;Actual/360 Linear;6M;;0;.02;.02;;16-12-2024;16-06-2025;11.71;1255.26;;;16-06-2025;N;Y;N;;;;;EUR;;ST_ALM_TF_CRPCB;;3686;19116;19116.003;DR0345496;BSTE;;;05800044;31;;3169.27426;101;IGS;1030266796SAN00000000000000000002073553521;;;IRD_IRS
23015862;23015862;23014072;BANCO SANTANDER SA;Live;Swap;20-07-2021;20-07-2021;09-06-2031;09-06-2031;3058625;EUR;2598544.04;Floating;Loan;Actual/360 Linear;6M;EURIBOR-EURIBOR-6M;0;-.515;2.642;05-12-2024;09-12-2024;09-06-2025;51362.34;34708.17528805;;05-06-2025;09-06-2025;N;Y;N;3058625;EUR;2598544.04;Fixed;Borrower;Actual/360 Linear;6M;;0;.08;.08;;09-12-2024;09-06-2025;1097.49;34708.17528805;;;09-06-2025;N;Y;N;;;;;EUR;;ST_ALM_TF_CRPCB;;3686;19117;19117.003;DR0345497;BSTE;;;05800044;31;;290854.07601;101;IGS;1030266796SAN00000000000000000002073552721;;;IRD_IRS
23016083;23016083;23014196;BANCO SANTANDER SA;Live;Swap;20-07-2021;20-07-2021;28-09-2026;28-09-2026;8629700;EUR;3292800;Floating;Loan;Actual/360 Linear;6M;EURIBOR-EURIBOR-6M;0;-.515;2.656;12-12-2024;16-12-2024;16-06-2025;77190.47;44214.25;;12-06-2025;16-06-2025;N;Y;N;8629700;EUR;3292800;Fixed;Borrower;Actual/360 Linear;6M;;0;.02;.02;;16-12-2024;16-06-2025;412.45;44214.25;;;16-06-2025;N;Y;N;;;;;EUR;;ST_ALM_TF_CRPCB;;3686;19116;19116.001;DR0345499;BSTE;;;05800044;31;;111632.1727;101;IGS;1030266796SAN00000000000000000002073378121;;;IRD_IRS
23937685;23460906;23459112;TOTALENERGIES RENEWABLES PORTUGAL GREEN S.G.P.S. SA;Live;Swap;12-08-2021;12-08-2021;17-12-2040;17-12-2040;4932820;EUR;14513190;Fixed;Loan;Actual/360 Linear;6M;;0;.27;.27;;16-12-2024;16-06-2025;20042.42;19810.5;;;16-06-2025;N;Y;N;4932820;EUR;14513190;Floating;Borrower;Actual/360 Linear;6M;EURIBOR-EURIBOR-6M;0;-.528;2.656;12-12-2024;16-12-2024;16-06-2025;277847.33;19810.5;;12-06-2025;16-06-2025;N;Y;N;;;;;EUR;;ST_GV_BTBPRJFIN;;7401471742;19189;19189.001;DR0342901;00GQBG;;19189.003;05291250;31;1000295826;378416.2052;101;INS;URJH9VSI58SAN00000000000000000000560153110;;;IRD_IRS
23461164;23461164;23459112;BANCO SANTANDER SA;Live;Swap;12-08-2021;12-08-2021;17-12-2040;17-12-2040;4932820;EUR;14513190;Floating;Loan;Actual/360 Linear;6M;EURIBOR-EURIBOR-6M;0;-.528;2.656;12-12-2024;16-12-2024;16-06-2025;277847.33;194876.67;;12-06-2025;16-06-2025;N;Y;N;4932820;EUR;14513190;Fixed;Borrower;Actual/360 Linear;6M;;0;.27;.27;;16-12-2024;16-06-2025;20042.42;194876.67;;;16-06-2025;N;Y;N;;;;;EUR;;ST_GV_BTBPRJFIN;;3686;19189;19189.002;DR0342902;BSTE;;19189.002;05800044;31;;3150592.92217;101;IGS;1030266796SAN00000000000000000002081988021;;;IRD_IRS
24347801;24347801;24346406;BANCO SANTANDER SA;Live;Swap;30-09-2021;29-09-2021;29-09-2031;29-09-2031;5000000;EUR;3375000;Floating;Loan;30/360 Linear;3M;EURIBOR-EURIBOR-6M;0;-.517;3.162;26-09-2024;29-12-2024;31-03-2025;27667.5;26679.38;;27-03-2025;29-03-2025;N;N;N;5000000;EUR;3375000;Fixed;Borrower;30/360 Linear;3M;;0;.25;.25;;29-12-2024;31-03-2025;2187.5;26679.38;;;29-03-2025;N;N;N;;;;;EUR;;ST_ALM_TF_COB;;3686;19323;19323.001;DR0345240;BSTE;;;05800044;31;;298510.80589;101;IGS;1030266796SAN00000000000000000002099813721;;;IRD_IRS
24461298;24461298;24459582;BANCO SANTANDER SA;Live;Swap;06-10-2021;06-10-2021;06-10-2026;06-10-2026;10000000;EUR;5000000;Floating;Loan;Actual/360 Linear;6M;EURIBOR-EURIBOR-6M;0;-.527;3.071;03-10-2024;06-10-2024;07-04-2025;122127.08;77628.06;;03-04-2025;06-04-2025;N;N;N;10000000;EUR;5000000;Fixed;Borrower;Actual/360 Linear;6M;;0;.07;.07;;06-10-2024;07-04-2025;2223.96;77628.06;;;06-04-2025;N;N;N;;;;;EUR;;ST_ALM_TF_COB;;3686;19344;19344.001;DR0345281;BSTE;;;05800044;31;;175811.56201;101;IGS;1030266796SAN00000000000000000002102231221;;;IRD_IRS
24760285;24760285;24756231;LIDL Y COMPANHIA;Live;Swap;21-10-2021;27-10-2021;27-04-2026;27-04-2026;90000000;EUR;30000000;Floating;Loan;Actual/360 Linear;6M;EURIBOR-EURIBOR-6M;.5085;-.0195;3.4285;24-10-2024;28-10-2024;28-04-2025;876330;519989.17;;24-04-2025;28-04-2025;N;Y;N;90000000;EUR;30000000;Fixed;Borrower;30/360 Linear;6M;;0;.25;.25;;28-10-2024;28-04-2025;49722.22;519989.17;;;28-04-2025;N;Y;N;;;;;EUR;;ST_GV_BTBACK;;8029080874;19402;19402.001;DR0343187;LC06;;;05201718;31;1000300338;929134.00965;101;INS;URJH9VSI58SAN00000000000000000000561212910;;;IRD_IRS
24760622;24760622;24756231;BANCO SANTANDER SA;Live;Swap;21-10-2021;27-10-2021;27-04-2026;27-04-2026;90000000;EUR;30000000;Fixed;Loan;30/360 Linear;6M;;0;.25;.25;;28-10-2024;28-04-2025;49722.22;37500;;;28-04-2025;N;Y;N;90000000;EUR;30000000;Floating;Borrower;Actual/360 Linear;6M;EURIBOR-EURIBOR-6M;.5085;-.0195;3.4285;24-10-2024;28-10-2024;28-04-2025;876330;37500;;24-04-2025;28-04-2025;N;Y;N;;;;;EUR;;ST_GV_BTBACK;;3686;19402;19402.002;DR0343186;BSTE;;;05800044;31;;0;101;IGS;1030266796SAN00000000000000000002107412321;;;IRD_IRS
24863094;24863094;24860999;BANCO SANTANDER SA;Live;Swap;26-10-2021;12-11-2021;11-11-2026;11-11-2026;7500000;EUR;4300000;Floating;Loan;Actual/360 Linear;6M;EURIBOR-EURIBOR-6M;0;-.532;2.858;07-11-2024;11-11-2024;12-05-2025;102833.54;62129.74;;08-05-2025;12-05-2025;N;Y;N;7500000;EUR;4300000;Fixed;Borrower;Actual/360 Linear;6M;;0;.05;.05;;11-11-2024;12-05-2025;1352.36;62129.74;;;12-05-2025;N;Y;N;;;;;EUR;;ST_ALM_TF_COB;;3686;19444;19444.001;DR0345390;BSTE;;;05800044;31;;155064.13042;101;IGS;1030266796SAN00000000000000000002109122321;;;IRD_IRS
26003746;26003746;26002172;BANCO SANTANDER SA;Live;Swap;22-12-2021;17-01-2022;15-01-2032;15-01-2032;5000000;EUR;11700000;Floating;Loan;Actual/360 Linear;3M;EURIBOR-EURIBOR-6M;0;-.534;2.655;13-01-2025;15-01-2025;15-04-2025;114139.8;77658.75;;13-01-2025;15-04-2025;N;Y;N;5000000;EUR;11700000;Fixed;Borrower;Actual/360 Linear;3M;;0;.25;.25;;15-01-2025;15-04-2025;7762.5;77658.75;;;15-04-2025;N;Y;N;;;;;EUR;;ST_ALM_TF_COB;;3686;19651;19651.001;DR0345055;BSTE;;;05800044;31;;1116490.75352;101;IGS;1030266796SAN00000000000000000002134076321;;;IRD_IRS
26070655;26070655;26069762;BANCO SANTANDER SA;Live;Swap;28-12-2021;28-12-2021;15-07-2025;15-07-2025;14000000;EUR;2500000;Floating;Loan;Actual/360 Linear;6M;EURIBOR-EURIBOR-6M;0;-.545;2.655;13-01-2025;15-01-2025;15-07-2025;90184.53;33371.88;;;;N;Y;N;14000000;EUR;2500000;Fixed;Borrower;Actual/360 Linear;6M;;0;.1;.1;;15-01-2025;15-07-2025;2453.33;33371.88;;;15-01-2025;N;Y;N;;;;;EUR;;ST_ALM_TF_COB;;3686;19683;19683.001;DR0345609;BSTE;;;05800044;31;;32086.46279;101;IGS;1030266796SAN00000000000000000002135919121;;;IRD_IRS
47542525;26032944;26030886;BANCO SANTANDER SA;Live;Swap;23-12-2021;15-12-2023;15-12-2031;15-12-2031;15300000;EUR;11501389.62;Floating;Loan;Actual/360 Linear;6M;EURIBOR-EURIBOR-6M;0;3.945;2.656;12-12-2024;16-12-2024;16-06-2025;223235.94;154435.55;;12-06-2025;16-06-2025;N;Y;N;15300000;EUR;11501389.62;Fixed;Borrower;Actual/360 Linear;6M;;0;.76;.76;;16-12-2024;16-06-2025;45327.09;154435.55;;;16-06-2025;N;Y;N;;;;;EUR;;ST_ALM_TF_COB;;3686;19660;19660.001;DR0347422;BSTE;;;05800044;31;;972069.62149;101;IGS;1030266796SAN00000000000000000002134948521;;;IRD_IRS
26032420;26032420;26030669;BANCO SANTANDER SA;Live;Swap;23-12-2021;23-12-2021;15-12-2031;15-12-2031;29700000;EUR;26968307.14;Floating;Loan;Actual/360 Linear;6M;EURIBOR-EURIBOR-6M;0;-.551;2.656;12-12-2024;16-12-2024;16-06-2025;537296.33;362118.44;;12-06-2025;16-06-2025;N;Y;N;29700000;EUR;26968307.14;Fixed;Borrower;Actual/360 Linear;6M;;0;.6;.6;;16-12-2024;16-06-2025;86128.18;362118.44;;;16-06-2025;N;Y;N;;;;;EUR;;ST_ALM_TF_COB;;3686;19659;19659.001;DR0345498;BSTE;;;05800044;31;;2469427.29305;101;IGS;1030266796SAN00000000000000000002134941521;;;IRD_IRS
52840951;26274083;26271368;BANCO SANTANDER SA;Live;Swap;10-01-2022;10-01-2022;12-01-2032;12-01-2032;50000000;EUR;14800000;Floating;Loan;Actual/360 Linear;6M;EURIBOR-EURIBOR-6M;0;-.534;2.639;08-01-2025;10-01-2025;10-07-2025;456435;196370.92;;08-07-2025;10-07-2025;N;Y;N;50000000;EUR;14800000;Fixed;Borrower;Actual/360 Linear;6M;;0;.33;.33;;10-01-2025;10-07-2025;40986;196370.92;;;10-07-2025;N;Y;N;;;;;EUR;;ST_ALM_TF_COB;;3686;19718;19718.001;DR0345608;BSTE;;;05800044;31;;1288420.14982;101;IGS;1030266796SAN00000000000000000002141641521;;;IRD_IRS
27868364;26624201;26623739;CORNER AND BORDER SA;Live;Swap;27-01-2022;27-01-2022;28-01-2036;28-01-2036;123760000;EUR;98043175.7;Fixed;Loan;Actual/360 Linear;6M;;0;.56;.56;;31-12-2024;30-06-2025;283671.59;276046.01;;;30-06-2025;N;Y;N;123760000;EUR;98043175.7;Floating;Borrower;Actual/360 Linear;6M;EURIBOR-EURIBOR-6M;0;-.523;2.577;27-12-2024;31-12-2024;30-06-2025;1860075.13;276046.01;;26-06-2025;30-06-2025;N;Y;N;;;;;EUR;;ST_GV_BTBPRJFIN;;7402216729;19808;19808.001;DR0343617;00E6O8;;;05296010;31;1000356039;5173780.3619;101;INS;URJH9VSI58SAN00000000000000000000562722810;;;IRD_IRS
27867211;26622929;26620446;CORNER AND BORDER SA;Live;Swap;27-01-2022;27-01-2022;31-12-2031;31-12-2031;114240000;EUR;67188284.56;Fixed;Loan;Actual/360 Linear;6M;;0;.56;.56;;31-12-2024;30-06-2025;206316.36;189172.35;;;30-06-2025;N;Y;N;114240000;EUR;67188284.56;Floating;Borrower;Actual/360 Linear;6M;EURIBOR-EURIBOR-6M;0;-.523;2.577;27-12-2024;31-12-2024;30-06-2025;1352845.83;189172.35;;26-06-2025;30-06-2025;N;Y;N;;;;;EUR;;ST_GV_BTBPRJFIN;;7402216729;19809;19809.001;DR0343615;00E6O8;;;05296010;31;1000356039;640432.49543;101;INS;URJH9VSI58SAN00000000000000000000562721710;;;IRD_IRS
27867532;26623676;26620446;BANCO SANTANDER SA;Live;Swap;27-01-2022;27-01-2022;31-12-2031;31-12-2031;114240000;EUR;67188284.56;Floating;Loan;Actual/360 Linear;6M;EURIBOR-EURIBOR-6M;0;-.523;2.577;27-12-2024;31-12-2024;30-06-2025;1352845.83;870530.61;;26-06-2025;30-06-2025;N;Y;N;114240000;EUR;67188284.56;Fixed;Borrower;Actual/360 Linear;6M;;0;.56;.56;;31-12-2024;30-06-2025;206316.36;870530.61;;;30-06-2025;N;Y;N;;;;;EUR;;ST_GV_BTBPRJFIN;;3686;19809;19809.002;DR0343798;BSTE;;;05800044;31;;6432135.99063;101;IGS;1030266796SAN00000000000000000002148311121;;;IRD_IRS
27868500;26624398;26623739;BANCO SANTANDER SA;Live;Swap;27-01-2022;27-01-2022;28-01-2036;28-01-2036;123760000;EUR;98043175.7;Floating;Loan;Actual/360 Linear;6M;EURIBOR-EURIBOR-6M;0;-.523;2.577;27-12-2024;31-12-2024;30-06-2025;1860075.13;1270304.58;;26-06-2025;30-06-2025;N;Y;N;123760000;EUR;98043175.7;Fixed;Borrower;Actual/360 Linear;6M;;0;.56;.56;;31-12-2024;30-06-2025;283671.59;1270304.58;;;30-06-2025;N;Y;N;;;;;EUR;;ST_GV_BTBPRJFIN;;3686;19808;19808.002;DR0343796;BSTE;;;05800044;31;;28603909.15365;101;IGS;1030266796SAN00000000000000000002148300321;;;IRD_IRS
27319968;27319968;27319968;LCH LIMITED SWAP CLEAR SERVICES;Live;Swap;03-03-2022;25-02-2023;25-02-2026;25-02-2026;266000000;EUR;266000000;Floating;Loan;Actual/360 Linear;6M;EURIBOR-EURIBOR-6M;0;3.198;;21-02-2025;25-02-2025;25-08-2025;4633365.33;0;;21-08-2025;25-08-2025;N;Y;N;266000000;EUR;266000000;Fixed;Borrower;Actual/Actual Linear;12M;;0;.552;.552;;25-02-2025;25-02-2026;1468320;0;;;25-02-2025;N;N;N;;;;;EUR;;ST_ALM_INV_AS;;7401586148;19971;19971.001;DR0343696;LUTD;;;05700902;31;;8829568.38732;101;INS;1010000051SW10000000LCH0008706909989827660;;;IRD_IRS
44421835;27393134;27393134;BANCO SANTANDER SA;Live;Swap;04-03-2022;04-03-2022;05-03-2029;05-03-2029;750000000;EUR;750000000;Fixed;Loan;Actual/Actual Linear - Infl2;1Y;;0;.639;.639;;04-03-2024;04-03-2025;4792500;4792500;;;04-03-2025;N;Y;N;750000000;EUR;750000000;Fixed;Borrower;Actual/360 Linear;1Y;;0;.694247;4.67693925;;04-03-2024;04-03-2025;28695947.85;4792500;;;04-03-2025;N;Y;N;;;;;EUR;;ST_FINCORP_COVB;;3686;20054;20054.001;DR0343768;BSTE;;;05800044;31;;0;101;IGS;1030266796SAN00000000000000000002163398621;;;IRD_IRS
44421917;27393865;27393134;BANCO SANTANDER SA;Live;Swap;04-03-2022;04-03-2022;05-03-2029;05-03-2029;867762308;EUR;877825184;Fixed;Loan;Actual/360 Linear;1Y;;0;.694247;4.67693925;;04-03-2024;04-03-2025;28695947.85;41625563.78;;;04-03-2025;N;Y;N;867762308;EUR;877825184;Fixed;Borrower;Actual/Actual Linear - Infl2;1Y;;0;.659;.659;;04-03-2024;04-03-2025;4942500;41625563.78;;;04-03-2025;N;Y;N;;;;;EUR;;ST_FINCORP_COVB;;3686;20054;20054.001;DR0343767;BSTE;;;05800044;31;;177360551.01573;101;IGS;1030266796SAN00000000000000000002163400421;;;IRD_IRS
27944669;27944669;27943360;BANCO SANTANDER SA;Live;Swap;31-03-2022;16-05-2022;17-05-2027;17-05-2027;15000000;EUR;15000000;Floating;Loan;Actual/360 Linear;6M;EURIBOR-EURIBOR-6M;0;-.211;2.765;14-11-2024;18-11-2024;16-05-2025;294422.5;206222.92;;14-05-2025;16-05-2025;N;Y;N;15000000;EUR;15000000;Fixed;Borrower;Actual/360 Linear;6M;;0;1.26;1.26;;18-11-2024;16-05-2025;97650;206222.92;;;16-05-2025;N;Y;N;;;;;EUR;;ST_ALM_TF_COB;;3686;20090;20090.001;DR0345385;BSTE;;;05800044;31;;629113.90366;101;IGS;1030266796SAN00000000000000000002173997721;;;IRD_IRS
28181384;28181384;22673786;BANCO SANTANDER SA;Live;Swap;12-04-2022;25-06-2025;25-06-2026;25-06-2026;10000000;EUR;10000000;Floating;Loan;Actual/360 Linear;6M;EURIBOR-EURIBOR-6M;0;0;;;;;;0;;23-12-2025;29-12-2025;N;Y;N;10000000;EUR;10000000;Fixed;Borrower;Actual/360 Linear;6M;;0;1.8;;;;;93500;0;;;29-12-2025;N;Y;N;;;;;EUR;;ST_ALM_TF_COB;;3686;19058;19058.001;DR0343851;BSTE;;;05800044;31;;147675.45746;101;IGS;1030266796SAN00000000000000000002178948821;;;IRD_IRS
28492470;28492470;28490294;AQUINOS INDUSTRY BUSINESS AND MANAGEMENT S A;Live;Swap;28-04-2022;31-03-2022;29-03-2029;29-03-2029;7500000;EUR;6112500;Fixed;Loan;Actual/360 Linear;6M;;0;1.525;1.525;;30-09-2024;31-03-2025;51707.03;47125.68;;;31-03-2025;N;Y;N;7500000;EUR;6112500;Floating;Borrower;Actual/360 Linear;6M;EURIBOR-EURIBOR-6M;0;-.381;3.162;26-09-2024;30-09-2024;31-03-2025;130810.31;47125.68;;27-03-2025;31-03-2025;N;Y;N;;;;;EUR;;ST_GV_BTBACK;;7402175994;20143;20143.001;DR0344516;00C4WP;;20143.001;05298094;31;1000366462;63911.43758;101;INN;URJH9VSI58SAN00000000000000000000564070010;;;IRD_IRS
28493359;28493359;28490294;BANCO SANTANDER SA;Live;Swap;28-04-2022;31-03-2022;29-03-2029;29-03-2029;7500000;EUR;6112500;Floating;Loan;Actual/360 Linear;6M;EURIBOR-EURIBOR-6M;0;-.381;3.162;26-09-2024;30-09-2024;31-03-2025;130810.31;97712.39;;27-03-2025;31-03-2025;N;Y;N;7500000;EUR;6112500;Fixed;Borrower;Actual/360 Linear;6M;;0;1.525;1.525;;30-09-2024;31-03-2025;51707.03;97712.39;;;31-03-2025;N;Y;N;;;;;EUR;;ST_GV_BTBACK;;3686;20143;20143.002;DR0345273;BSTE;;20143.002;05800044;31;;218656.35675;101;IGN;1030266796SAN00000000000000000002183970921;;;IRD_IRS
31490998;29102709;29091706;TOTALENERGIES RENEWABLES PORTUGAL PORTFOLIO SGPS S A;Live;Swap;26-05-2022;26-05-2022;15-06-2033;15-06-2033;84602418.75;EUR;17485838.28;Fixed;Loan;Actual/360 Linear;6M;;0;1.676;1.676;;16-12-2024;16-06-2025;127022.35;148159.45;;;16-06-2025;N;Y;N;84602418.75;EUR;17485838.28;Floating;Borrower;Actual/360 Linear;6M;EURIBOR-EURIBOR-6M;0;-.557;2.656;12-12-2024;16-12-2024;16-06-2025;283678.19;148159.45;;12-06-2025;16-06-2025;N;Y;N;;;;;EUR;;ST_GV_BTBPRJFIN;;7400575886;20237;20237.001;DR0343991;GP2B;;;05243883;31;;626051.19842;101;INS;URJH9VSI58SAN00000000000000000000564550410;;;IRD_IRS
31491153;29102946;29091706;BANCO SANTANDER SA;Live;Swap;26-05-2022;26-05-2022;15-06-2033;15-06-2033;84602418.75;EUR;17485838.28;Floating;Loan;Actual/360 Linear;6M;EURIBOR-EURIBOR-6M;0;-.557;2.656;12-12-2024;16-12-2024;16-06-2025;283678.19;234792.06;;12-06-2025;16-06-2025;N;Y;N;84602418.75;EUR;17485838.28;Fixed;Borrower;Actual/360 Linear;6M;;0;1.676;1.676;;16-12-2024;16-06-2025;127022.35;234792.06;;;16-06-2025;N;Y;N;;;;;EUR;;ST_GV_BTBPRJFIN;;3686;20237;20237.002;DR0343990;BSTE;;;05800044;31;;1414732.55705;101;IGS;1030266796SAN00000000000000000002195668221;;;IRD_IRS
31253987;31253987;31253691;ECOGRES - CERAMICA ECOLOGICA, LDA;Live;Swap;06-09-2022;31-08-2024;31-08-2027;31-08-2027;5250000;EUR;5010327.14;Fixed;Loan;30/360 Linear;1M;;0;2.25;2.25;;31-01-2025;28-02-2025;9484.75;8768.07;;;28-02-2025;N;Y;N;5250000;EUR;5010327.14;Floating;Borrower;30/360 Linear;1M;EURIBOR-EURIBOR-1Y;0;3.108;3.108;29-08-2024;31-01-2025;28-02-2025;13101.6;8768.07;;29-08-2024;28-02-2025;N;Y;N;;;;;EUR;;ST_GV_BTBACK;;7402193927;20448;20448.001;DR0344398;00E5JN;;20448.001;05294670;31;1000406618;72578.26537;101;INN;URJH9VSI58SAN00000000000000000000566124710;;;IRD_IRS
31254248;31254248;31253691;BANCO SANTANDER SA;Live;Swap;06-09-2022;31-08-2024;31-08-2027;31-08-2027;5250000;EUR;5010327.14;Floating;Loan;30/360 Linear;1M;EURIBOR-EURIBOR-1Y;0;3.108;3.108;29-08-2024;31-01-2025;28-02-2025;13101.6;12111.63;;29-08-2024;28-02-2025;N;Y;N;5250000;EUR;5010327.14;Fixed;Borrower;30/360 Linear;1M;;0;2.25;2.25;;31-01-2025;28-02-2025;9484.75;12111.63;;;28-02-2025;N;Y;N;;;;;EUR;;ST_GV_BTBACK;;3686;20448;20448.002;DR0344430;BSTE;;20448.002;05800044;31;;107345.90088;101;IGN;1030266796SAN00000000000000000002235456621;;;IRD_IRS
52739619;31691043;31497031;BANCO SANTANDER SA;Live;Swap;16-09-2022;30-09-2022;28-03-2028;28-03-2028;628207383.89;EUR;349134868.63;Floating;Loan;Actual/360 Linear;3M;EURIBOR-EURIBOR-3M;0;1.185;2.772;24-12-2024;30-12-2024;28-03-2025;3344495.64;2365737.87;;26-03-2025;28-03-2025;N;Y;N;628207383.89;EUR;349134868.63;Fixed;Borrower;Actual/360 Linear;3M;;0;2;2;;30-12-2024;28-03-2025;1999698.44;2365737.87;;;28-03-2025;N;Y;N;;;;;EUR;;GMFCTITCE;;3686;20490;20490.001;DR0345991;BSTE;;;04701062;85;;6087347.95636;101;INS;;;;IRD_IRS
52739702;31691326;31497031;BANCO SANTANDER SA;Live;Swap;16-09-2022;30-09-2022;28-03-2028;28-03-2028;628207383.89;EUR;349134868.63;Fixed;Loan;Actual/360 Linear;3M;;0;2;2;;30-12-2024;28-03-2025;1999698.54;1706881.58;;;28-03-2025;N;Y;N;628207383.89;EUR;349134868.63;Floating;Borrower;Actual/360 Linear;3M;EURIBOR-EURIBOR-3M;0;1.185;2.772;24-12-2024;30-12-2024;28-03-2025;3344495.64;1706881.58;;26-03-2025;28-03-2025;N;Y;N;;;;;EUR;;STFCTITCE;;3686;20489;20489.001;DR0346413;BSTE;;;05800044;31;;3118356.00503;101;IGS;1030266796SAN00000000000000000002240126021;;;IRD_IRS
52739737;31691425;31497031;BANCO SANTANDER SA;Live;Swap;16-09-2022;30-09-2022;28-03-2028;28-03-2028;628207383.89;EUR;395544746.66;Fixed;Loan;Actual/360 Linear;3M;;0;0;0;;30-12-2024;28-03-2025;0;0;;;28-03-2025;N;Y;N;628207383.89;EUR;395544746.66;Floating;Borrower;Actual/360 Linear;3M;EURIBOR-EURIBOR-3M;.02;.02;.02;24-12-2024;30-12-2024;28-03-2025;19996.98;0;;26-03-2025;28-03-2025;N;Y;N;;;;;EUR;;STFCTITCE;;3686;20489;20489.001;DR0346414;BSTE;;;05800044;31;;0;101;IGS;GBO0000000000000000000000000000000000000002281983721;;;IRD_IRS
33225515;33225515;33220829;TOTALENERGIES RENEWABLES PORTUGAL PORTFOLIO SGPS S A;Live;Swap;29-11-2022;15-06-2022;15-06-2026;15-06-2026;56235644.56;EUR;19813050.37;Fixed;Loan;Actual/360 Linear;6M;;0;4.138;4.138;;16-12-2024;16-06-2025;570342.03;414486.81;;;16-06-2025;N;Y;N;56235644.56;EUR;19813050.37;Floating;Borrower;Actual/360 Linear;6M;EURIBOR-EURIBOR-6M;0;.108;2.656;12-12-2024;16-12-2024;16-06-2025;515899.03;414486.81;;12-06-2025;16-06-2025;N;Y;N;;;;;EUR;;ST_GV_BTBPRJFIN;;7400575886;20658;20658.001;DR0344773;GP2B;;;05243883;31;;375730.78019;101;INS;URJH9VSI58SAN00000000000000000000567462510;;;IRD_IRS
33225579;33225579;33220829;BANCO SANTANDER SA;Live;Swap;29-11-2022;15-06-2022;15-06-2026;15-06-2026;56235644.56;EUR;19813050.37;Floating;Loan;Actual/360 Linear;6M;EURIBOR-EURIBOR-6M;0;.108;2.656;12-12-2024;16-12-2024;16-06-2025;515899.03;266040.83;;12-06-2025;16-06-2025;N;Y;N;56235644.56;EUR;19813050.37;Fixed;Borrower;Actual/360 Linear;6M;;0;4.138;4.138;;16-12-2024;16-06-2025;570342.03;266040.83;;;16-06-2025;N;Y;N;;;;;EUR;;ST_GV_BTBPRJFIN;;3686;20658;20658.002;DR0344777;BSTE;;;05800044;31;;0;101;IGS;1030266796SAN00000000000000000002271676621;;;IRD_IRS
52738565;33542969;23084372;BANCO SANTANDER SA;Live;Swap;12-12-2022;20-09-2022;22-12-2064;22-12-2064;177057615.25;EUR;128580080.7;Floating;Loan;Actual/360 Linear;3M;EURIBOR-EURIBOR-3M;0;1.03;2.852;18-12-2024;20-12-2024;20-03-2025;1166187.92;916775.98;;18-03-2025;20-03-2025;N;Y;N;177057615.25;EUR;128580080.7;Fixed;Borrower;Actual/360 Linear;3M;;0;-.17254;3.3994;;20-12-2024;20-03-2025;1256842.33;916775.98;;;20-03-2025;N;Y;N;;;;;EUR;;GM_FINCORP_TIT;;3686;20413;20413.003;DR0344814;BSTE;;;04701062;85;;833150.02601;101;INS;;;;IRD_IRS
52403609;33541519;23084145;BANCO SANTANDER SA;Live;Swap;12-12-2022;21-11-2022;22-08-2061;22-08-2061;157441694.31;EUR;122992547.65;Fixed;Loan;Actual/360 Linear;3M;;0;.41948;0;;20-02-2025;20-05-2025;1120483.29;0;;;20-05-2025;N;Y;N;157441694.31;EUR;122992547.65;Floating;Borrower;Actual/360 Linear;3M;EURIBOR-EURIBOR-3M;.02;1.822;0;18-02-2025;20-02-2025;20-05-2025;950486.41;0;;16-05-2025;20-05-2025;N;Y;N;;;;;EUR;;ST_FINCORP_TIT;;3686;19129;19129.002;DR0344813;BSTE;;;05800044;31;;518344.67084;101;IGS;5493006QMFDDMYWIAM13GBO00000000000000000002276622121;;;IRD_IRS
52404143;33541998;23084145;BANCO SANTANDER SA;Live;Swap;12-12-2022;21-11-2022;22-08-2061;22-08-2061;157441694.31;EUR;122992547.65;Floating;Loan;Actual/360 Linear;3M;EURIBOR-EURIBOR-3M;0;1.802;0;18-02-2025;20-02-2025;20-05-2025;944200.12;0;;16-05-2025;20-05-2025;N;Y;N;157441694.31;EUR;122992547.65;Fixed;Borrower;Actual/360 Linear;3M;;0;.41948;0;;20-02-2025;20-05-2025;1120483.29;0;;;20-05-2025;N;Y;N;;;;;EUR;;GM_FINCORP_TIT;;3686;20412;20412.003;DR0344816;BSTE;;;04701062;85;;831523.12868;101;INS;;;;IRD_IRS
52737949;33542458;23084372;BANCO SANTANDER SA;Live;Swap;12-12-2022;20-09-2022;22-12-2064;22-12-2064;177057615.25;EUR;128580080.7;Fixed;Loan;Actual/360 Linear;3M;;0;-.17254;3.3994;;20-12-2024;20-03-2025;1256842.33;1092737.82;;;20-03-2025;N;Y;N;177057615.25;EUR;128580080.7;Floating;Borrower;Actual/360 Linear;3M;EURIBOR-EURIBOR-3M;.02;1.05;2.872;18-12-2024;20-12-2024;20-03-2025;1172932.79;1092737.82;;18-03-2025;20-03-2025;N;Y;N;;;;;EUR;;ST_FINCORP_TIT;;3686;19130;19130.002;DR0344810;BSTE;;;05800044;31;;611817.80849;101;IGS;5493006QMFDDMYWIAM13GBO00000000000000000002276625921;;;IRD_IRS
52736839;33543198;22960964;BANCO SANTANDER SA;Live;Swap;12-12-2022;20-09-2022;20-09-2060;20-09-2060;96160261.72;EUR;72541482.6;Fixed;Loan;Actual/360 Linear;3M;;0;-.16521;3.42777;;18-12-2024;18-03-2025;710699.11;621638.79;;;18-03-2025;N;Y;N;96160261.72;EUR;72541482.6;Floating;Borrower;Actual/360 Linear;3M;EURIBOR-EURIBOR-3M;.02;1.083;2.883;16-12-2024;18-12-2024;18-03-2025;665436.89;621638.79;;14-03-2025;18-03-2025;N;Y;N;;;;;EUR;;ST_FINCORP_TIT;;3686;19111;19111.002;DR0344811;BSTE;;;05800044;31;;355382.90793;101;IGS;5493006QMFDDMYWIAM13GBO00000000000000000002276600621;;;IRD_IRS
52737241;33543608;22960964;BANCO SANTANDER SA;Live;Swap;12-12-2022;20-09-2022;20-09-2060;20-09-2060;96160261.72;EUR;72541482.6;Floating;Loan;Actual/360 Linear;3M;EURIBOR-EURIBOR-3M;0;1.063;2.863;16-12-2024;18-12-2024;18-03-2025;661643.06;519215.66;;14-03-2025;18-03-2025;N;Y;N;96160261.72;EUR;72541482.6;Fixed;Borrower;Actual/360 Linear;3M;;0;-.16521;3.42777;;18-12-2024;18-03-2025;710699.11;519215.66;;;18-03-2025;N;Y;N;;;;;EUR;;GM_FINCORP_TIT;;3686;20410;20410.003;DR0344815;BSTE;;;04701062;85;;444407.51974;101;INS;;;;IRD_IRS
38839178;33762003;32297482;LCH LIMITED SWAP CLEAR SERVICES;Live;Swap;24-10-2022;26-10-2022;16-07-2025;16-07-2025;100000000;EUR;100000000;Floating;Loan;Actual/360 Linear;6M;EURIBOR-EURIBOR-6M;0;1.46;2.685;14-01-2025;16-01-2025;16-07-2025;1871688.89;1349958.33;;;;N;Y;N;100000000;EUR;100000000;Fixed;Borrower;30/360 Linear;1Y;;0;2.963;2.963;;16-07-2024;16-07-2025;2963000;1349958.33;;;16-07-2024;N;N;N;;;;;EUR;;ST_ALM_INV_HC;;7401586148;20550;20550.001;DR0345746;LUTD;;;05700902;31;;0;101;INS;1010000051SW1000000LCH00096201500100943705;;;IRD_IRS
38839307;33762079;32296658;LCH LIMITED SWAP CLEAR SERVICES;Live;Swap;24-10-2022;26-10-2022;16-07-2025;16-07-2025;100000000;EUR;100000000;Floating;Loan;Actual/360 Linear;6M;EURIBOR-EURIBOR-6M;0;1.46;2.685;14-01-2025;16-01-2025;16-07-2025;1871688.89;1349958.33;;;;N;Y;N;100000000;EUR;100000000;Fixed;Borrower;30/360 Linear;1Y;;0;2.987;2.987;;16-07-2024;16-07-2025;2987000;1349958.33;;;16-07-2024;N;N;N;;;;;EUR;;ST_ALM_INV_HC;;7401586148;20554;20554.001;DR0345743;LUTD;;;05700902;31;;0;101;INS;1010000051SW1000000LCH00096202669100944057;;;IRD_IRS
9221446;7869960;7867434;BANCO SANTANDER SA;Live;Swap;24-02-2023;20-03-2023;20-03-2025;20-03-2025;20000000;EUR;23087658.36;Fixed;Loan;Actual/360 Linear;12M;;0;.49180328;.49315068;;20-03-2024;20-03-2025;115438.29;115438.29;;;;N;Y;N;20000000;EUR;23087658.36;Floating;Borrower;Actual/360 Linear;3M;EURIBOR-EURIBOR-3M;-1.5;2.072;1.352;18-12-2024;20-12-2024;20-03-2025;142282.83;115438.29;;18-12-2024;20-12-2024;N;N;N;;;;;EUR;;ST-ALM_PAS_EMI;;3686;20859;20859.001;DR0346882;BSTE;;20859.001;05800044;31;;37452.78552;101;EGN;URJH9VSI58SANF0000000000000000000568730710;;;IRD_IRS
41427879;35415641;34679519;SIMPLEWATT, UNIPESSOAL LDA;Live;Swap;01-02-2023;20-10-2023;20-06-2036;20-06-2036;6359816.04;EUR;4451652.5;Fixed;Loan;Actual/360 Linear;6M;;0;2.99;2.99;;20-12-2024;20-06-2025;71695.11;67291.67;;;20-06-2025;N;Y;N;6359816.04;EUR;4451652.5;Floating;Borrower;Actual/360 Linear;6M;EURIBOR-EURIBOR-6M;0;4.143;2.652;18-12-2024;20-12-2024;20-06-2025;88599.81;67291.67;;18-06-2025;20-06-2025;N;Y;N;;;;;EUR;;ST_GV_BTBPRJFIN;;7401998605;20785;20785.001;DR0345136;00T8IK;;;05C04926;31;1000467160;471742.62472;101;INS;URJH9VSI58SAN00000000000000000000568393710;;;IRD_IRS
41428091;35415738;34679519;BANCO SANTANDER SA;Live;Swap;01-02-2023;20-10-2023;20-06-2036;20-06-2036;6359816.04;EUR;4451652.5;Floating;Loan;Actual/360 Linear;6M;EURIBOR-EURIBOR-6M;0;4.143;2.652;18-12-2024;20-12-2024;20-06-2025;88599.81;59684.79;;18-06-2025;20-06-2025;N;Y;N;6359816.04;EUR;4451652.5;Fixed;Borrower;Actual/360 Linear;6M;;0;2.99;2.99;;20-12-2024;20-06-2025;71695.11;59684.79;;;20-06-2025;N;Y;N;;;;;EUR;;ST_GV_BTBPRJFIN;;3686;20785;20785.002;DR0345137;BSTE;;;05800044;31;;253205.43099;101;IGS;5493006QMFDDMYWIAM13GBO00000000000000000002301446421;;;IRD_IRS
8027354;7954459;7953011;BANCO SANTANDER SA;Live;Swap;15-03-2023;30-03-2023;28-03-2025;28-03-2025;10000000;EUR;22131924.87;Fixed;Loan;Actual/360 Linear;1Y;;0;.74175824;.73972603;;28-03-2024;28-03-2025;165989.44;165989.44;;;;N;Y;N;10000000;EUR;22131924.87;Floating;Borrower;Actual/360 Linear;3M;EURIBOR-EURIBOR-3M;-.96;2.03;1.755;24-12-2024;30-12-2024;28-03-2025;164052.89;165989.44;;24-12-2024;30-12-2024;N;N;N;;;;;EUR;;ST-ALM_PAS_EMI;;3686;20918;20918.001;DR0345286;BSTE;;20918.001;05800044;31;;71105.72744;101;EGN;URJH9VSI58SAN00000000000000000000569019510;;;IRD_IRS
36923432;36258524;36196450;BANCO SANTANDER SA;Live;Swap;30-03-2023;30-03-2023;14-12-2027;14-12-2027;83100000;EUR;70100000;Floating;Loan;Actual/360 Linear;6M;EURIBOR-EURIBOR-6M;0;3.269;3.265;12-09-2024;16-09-2024;14-03-2025;1414325.92;1138024.82;;12-03-2025;14-03-2025;N;Y;N;83100000;EUR;70100000;Fixed;Borrower;Actual/360 Linear;6M;;0;3.205;3.205;;16-09-2024;14-03-2025;1160797.58;1138024.82;;;14-03-2025;N;Y;N;;;;;EUR;;ST_ALM_TF_COB;;3686;20977;20977.001;DR0345508;BSTE;;;05800044;31;;724016.84312;101;IGS;5493006QMFDDMYWIAM13GBO00000000000000000002328706921;;;IRD_IRS
10978372;8145815;8133862;BANCO SANTANDER SA;Live;Swap;26-04-2023;30-05-2023;30-05-2025;30-05-2025;20000000;EUR;44099784.23;Fixed;Loan;Actual/360 Linear;1Y;;0;.73770492;.73972603;;30-05-2024;30-05-2025;332480.88;330748.38;;;;N;Y;N;20000000;EUR;44099784.23;Floating;Borrower;Actual/360 Linear;3M;EURIBOR-EURIBOR-3M;-1.5;1.962;1.412;27-11-2024;29-11-2024;28-02-2025;274767.13;330748.38;;26-02-2025;28-02-2025;N;N;N;;;;;EUR;;ST-ALM_PAS_EMI;;3686;21044;21044.001;DR0345329;BSTE;;21044.001;05800044;31;;259889.69494;101;EGN;URJH9VSI58SAN00000000000000000000569653710;;;IRD_IRS
49972861;37921236;37830561;BANCO SANTANDER SA;Live;Swap;06-06-2023;28-06-2023;30-06-2025;30-06-2025;15250000;EUR;39945000;Fixed;Loan;Actual/360 Linear;12M;;0;3.26301639;.49046322;;28-06-2024;30-06-2025;1325135.43;199725;;;;N;Y;N;15250000;EUR;39945000;Floating;Borrower;Actual/360 Linear;3M;EURIBOR-EURIBOR-3M;-.5;3.402;2.215;24-12-2024;30-12-2024;28-03-2025;347281.83;199725;;26-03-2025;28-03-2025;N;N;N;;;;;EUR;;ST_ALM_PAS_E_RT;;3686;21137;21137.001;DR0347612;BSTE;;21137.001;05800044;31;;47714.52896;101;IGN;5493006QMFDDMYWIAM13GBO00000000000000000002360659121;;;IRD_IRS
38602046;38602046;38590195;BANCO SANTANDER SA;Live;Swap;05-07-2023;21-06-2023;21-10-2026;21-10-2026;1481481.44;EUR;740740.84;Floating;Loan;30/360 Linear;1M;EURIBOR-EURIBOR-1Y;0;2.233;2.936;02-09-2024;21-02-2025;21-03-2025;1902.9631886;1812.34592187;;02-09-2024;21-03-2025;N;Y;N;1481481.44;EUR;740740.84;Fixed;Borrower;30/360 Linear;1M;;0;3.82;3.82;;21-02-2025;21-03-2025;2475.93;1812.34592187;;;21-03-2025;N;Y;N;;;;;EUR;;ST_GV_BTBACK;;3686;21211;21211.002;DR0346491;BSTE;;;05800044;31;;0;101;IGS;5493006QMFDDMYWIAM13GBO00000000000000000002377142021;;;IRD_IRS
38599372;38599372;38590169;SIMOLDES-PLASTICOS, S.A.;Live;Swap;05-07-2023;24-06-2023;24-05-2028;24-05-2028;893939.37;EUR;590909.17;Fixed;Loan;30/360 Linear;1M;;0;3.76;3.76;;24-02-2025;24-03-2025;1898.99;1851.52;;;24-03-2025;N;Y;N;893939.37;EUR;590909.17;Floating;Borrower;30/360 Linear;1M;EURIBOR-EURIBOR-1Y;0;3.757;3.703;02-04-2024;24-02-2025;24-03-2025;1870.20224837;1851.52;;02-04-2024;24-03-2025;N;Y;N;;;;;EUR;;ST_GV_BTBACK;;2100230637;21212;21212.001;DR0345554;00TZLL;;;05C08326;31;1000538008;17055.91241;101;INS;URJH9VSI58SAN00000000000000000000570710910;;;IRD_IRS
38600037;38600037;38590169;BANCO SANTANDER SA;Live;Swap;05-07-2023;24-06-2023;24-05-2028;24-05-2028;893939.37;EUR;590909.17;Floating;Loan;30/360 Linear;1M;EURIBOR-EURIBOR-1Y;0;3.757;3.703;02-04-2024;24-02-2025;24-03-2025;1870.20224837;1823.44721376;;02-04-2024;24-03-2025;N;Y;N;893939.37;EUR;590909.17;Fixed;Borrower;30/360 Linear;1M;;0;3.76;3.76;;24-02-2025;24-03-2025;1898.99;1823.44721376;;;24-03-2025;N;Y;N;;;;;EUR;;ST_GV_BTBACK;;3686;21212;21212.002;DR0345550;BSTE;;;05800044;31;;1277.93754;101;IGS;5493006QMFDDMYWIAM13GBO00000000000000000002377139621;;;IRD_IRS
38600174;38600174;38590195;PLASTAZE - PLASTICOS DE AZEMEIS S.A.;Live;Swap;05-07-2023;21-06-2023;21-10-2026;21-10-2026;1481481.44;EUR;740740.84;Fixed;Loan;30/360 Linear;1M;;0;3.82;3.82;;21-02-2025;21-03-2025;2475.93;2358.03;;;21-03-2025;N;Y;N;1481481.44;EUR;740740.84;Floating;Borrower;30/360 Linear;1M;EURIBOR-EURIBOR-1Y;0;2.233;2.936;02-09-2024;21-02-2025;21-03-2025;1902.9631886;2358.03;;02-09-2024;21-03-2025;N;Y;N;;;;;EUR;;ST_GV_BTBACK;;5100539492;21211;21211.001;DR0346490;00QHGZ;;;05C08327;31;1000538018;8040.26472;101;INS;URJH9VSI58SAN00000000000000000000570711410;;;IRD_IRS
38602357;38602357;38590224;BANCO SANTANDER SA;Live;Swap;05-07-2023;14-06-2023;14-06-2028;14-06-2028;454545.44;EUR;303030.44;Floating;Loan;30/360 Linear;1M;EURIBOR-EURIBOR-1Y;0;3.862;3.68;02-05-2024;14-02-2025;14-03-2025;952.52564933;929.29334933;;02-05-2024;14-03-2025;N;Y;N;454545.44;EUR;303030.44;Fixed;Borrower;30/360 Linear;1M;;;3.78;3.78;;14-02-2025;14-03-2025;978.41;929.29334933;;;14-03-2025;N;Y;N;;;;;EUR;;ST_GV_BTBACK;;3686;21213;21213.002;DR0345553;BSTE;;;05800044;31;;669.93798;101;IGS;5493006QMFDDMYWIAM13GBO00000000000000000002377144921;;;IRD_IRS
38638698;38638698;38590224;PLASTAZE - PLASTICOS DE AZEMEIS S.A.;Live;Swap;05-07-2023;14-06-2023;14-06-2028;14-06-2028;454545.44;EUR;303030.44;Fixed;Loan;30/360 Linear;1M;;0;3.78;3.78;;14-02-2025;14-03-2025;978.41;954.55;;;14-03-2025;N;Y;N;454545.44;EUR;303030.44;Floating;Borrower;30/360 Linear;1M;EURIBOR-EURIBOR-1Y;0;3.862;3.68;02-05-2024;14-02-2025;14-03-2025;952.52564933;954.55;;02-05-2024;14-03-2025;N;Y;N;;;;;EUR;;ST_GV_BTBACK;;5100539492;21213;21213.001;DR0345549;00QHGZ;;;05C08327;31;1000538025;9038.68733;101;INS;URJH9VSI58SAN00000000000000000000570735010;;;IRD_IRS
39355330;39355330;39355330;EUREX CLEARING AG;Live;Swap;04-08-2023;02-01-2026;04-01-2027;04-01-2027;500000000;EUR;500000000;Fixed;Loan;30/360 Linear;12M;;0;2.97;;;;;;14932500;;;;N;Y;N;500000000;EUR;500000000;Floating;Borrower;Actual/360 Linear;6M;EURIBOR-EURIBOR-6M;0;0;;;;;0;14932500;;30-06-2026;02-07-2026;N;N;N;;;;;EUR;;ST_ALCO_FC;;7402648183;21323;21323.001;DR0345682;ECAG;;;05C08826;31;;11853221.93895;101;INS;529900LN3S50JPU47S06O00000000000004213070C;;;IRD_IRS
39354993;39354993;39354993;EUREX CLEARING AG;Live;Swap;04-08-2023;29-07-2024;28-07-2025;28-07-2025;500000000;EUR;500000000;Floating;Loan;Actual/360 Linear;6M;EURIBOR-EURIBOR-6M;0;3.619;2.581;24-01-2025;28-01-2025;28-07-2025;9198291.67;6488347.22;;;;N;Y;N;500000000;EUR;500000000;Fixed;Borrower;30/360 Linear;12M;;0;3.455;3.455;;29-07-2024;28-07-2025;17227013.89;6488347.22;;;29-07-2024;N;N;N;;;;;EUR;;ST_ALCO1;;7402648183;21324;21324.001;DR0345683;ECAG;;;05C08826;31;;0;101;INS;529900LN3S50JPU47S06O00000000000004213094C;;;IRD_IRS
39385464;39385464;39385464;EUREX CLEARING AG;Live;Swap;07-08-2023;09-08-2023;28-07-2025;28-07-2025;500000000;EUR;500000000;Floating;Loan;Actual/360 Linear;6M;EURIBOR-EURIBOR-6M;0;3.949;2.581;24-01-2025;28-01-2025;28-07-2025;9198291.67;6488347.22;;;;N;Y;N;500000000;EUR;500000000;Fixed;Borrower;30/360 Linear;12M;;0;3.735;3.735;;29-07-2024;28-07-2025;18623125;6488347.22;;;29-07-2024;N;N;N;;;;;EUR;;ST_ALCO1;;7402648183;21331;21331.001;DR0345677;ECAG;;;05C08826;31;;0;101;INS;529900LN3S50JPU47S06O00000000000004213785C;;;IRD_IRS
39357113;39357113;39357113;EUREX CLEARING AG;Live;Swap;04-08-2023;29-07-2024;28-07-2025;28-07-2025;500000000;EUR;500000000;Floating;Loan;Actual/360 Linear;6M;EURIBOR-EURIBOR-6M;0;3.619;2.581;24-01-2025;28-01-2025;28-07-2025;9198291.67;6488347.22;;;;N;Y;N;500000000;EUR;500000000;Fixed;Borrower;30/360 Linear;12M;;0;3.487;3.487;;29-07-2024;28-07-2025;17386569.44;6488347.22;;;29-07-2024;N;N;N;;;;;EUR;;ST_ALCO1;;7402648183;21326;21326.001;DR0345678;ECAG;;;05C08826;31;;0;101;INS;529900LN3S50JPU47S06O00000000000004213098C;;;IRD_IRS
39358998;39358998;39358998;EUREX CLEARING AG;Live;Swap;04-08-2023;29-07-2024;28-07-2025;28-07-2025;800000000;EUR;800000000;Floating;Loan;Actual/360 Linear;6M;EURIBOR-EURIBOR-6M;0;3.619;2.581;24-01-2025;28-01-2025;28-07-2025;14717266.67;10381355.56;;;;N;Y;N;800000000;EUR;800000000;Fixed;Borrower;30/360 Linear;12M;;0;3.486;3.486;;29-07-2024;28-07-2025;27810533.33;10381355.56;;;29-07-2024;N;N;N;;;;;EUR;;ST_ALCO1;;7402648183;21325;21325.001;DR0345674;ECAG;;;05C08826;31;;0;101;INS;529900LN3S50JPU47S06O00000000000004213101C;;;IRD_IRS
39447969;39447969;39447969;EUREX CLEARING AG;Live;Swap;09-08-2023;02-01-2026;04-01-2027;04-01-2027;500000000;EUR;500000000;Fixed;Loan;30/360 Linear;12M;;0;2.862;;;;;;14389500;;;;N;Y;N;500000000;EUR;500000000;Floating;Borrower;Actual/360 Linear;6M;EURIBOR-EURIBOR-6M;0;0;;;;;0;14389500;;30-06-2026;02-07-2026;N;N;N;;;;;EUR;;ST_ALCO_FC;;7402648183;21334;21334.001;DR0345691;ECAG;;;05C08826;31;;11309887.06358;101;INS;529900LN3S50JPU47S06O00000000000004220900C;;;IRD_IRS
39385289;39385289;39349784;EUREX CLEARING AG;Live;Swap;04-08-2023;02-01-2026;04-01-2027;04-01-2027;400000000;EUR;400000000;Fixed;Loan;30/360 Linear;12M;;0;2.975;;;;;;99166.67;;;05-01-2026;N;Y;N;400000000;EUR;400000000;Floating;Borrower;Actual/360 Linear;6M;EURIBOR-EURIBOR-6M;0;0;;;;;0;99166.67;;31-12-2025;05-01-2026;N;Y;N;;;;;EUR;;ST_ALCO_FC;;7402648183;21327;21327.001;DR0345676;ECAG;;;05C08826;31;;9419865.7172;101;INS;529900LN3S50JPU47S06O00000000000004213006C;;;IRD_IRS
39389644;39389644;39389644;EUREX CLEARING AG;Live;Swap;07-08-2023;02-01-2026;04-01-2027;04-01-2027;500000000;EUR;500000000;Fixed;Loan;30/360 Linear;12M;;0;2.979;;;;;;14977750;;;;N;Y;N;500000000;EUR;500000000;Floating;Borrower;Actual/360 Linear;6M;EURIBOR-EURIBOR-6M;0;0;;;;;0;14977750;;30-06-2026;02-07-2026;N;N;N;;;;;EUR;;ST_ALCO_FC;;7402648183;21328;21328.001;DR0345675;ECAG;;;05C08826;31;;11898499.84545;101;INS;529900LN3S50JPU47S06O00000000000004213689C;;;IRD_IRS
39326000;39326000;39326000;EUREX CLEARING AG;Live;Swap;03-08-2023;02-01-2026;04-01-2027;04-01-2027;100000000;EUR;100000000;Fixed;Loan;30/360 Linear;12M;;0;2.9;;;;;;2916111.11;;;;N;Y;N;100000000;EUR;100000000;Floating;Borrower;Actual/360 Linear;6M;EURIBOR-EURIBOR-6M;0;0;;;;;0;2916111.11;;30-06-2026;02-07-2026;N;N;N;;;;;EUR;;ST_ALCO_FC;;7402648183;21314;21314.001;DR0345665;ECAG;;;05C08826;31;;2300212.08874;101;INS;529900LN3S50JPU47S06O00000000000004212429C;;;IRD_IRS
39500586;39500586;39500586;EUREX CLEARING AG;Live;Swap;11-08-2023;02-01-2026;04-01-2027;04-01-2027;500000000;EUR;500000000;Fixed;Loan;30/360 Linear;12M;;0;2.95;;;;;;14831944.44;;;;N;Y;N;500000000;EUR;500000000;Floating;Borrower;Actual/360 Linear;6M;EURIBOR-EURIBOR-6M;0;0;;;;;0;14831944.44;;30-06-2026;02-07-2026;N;N;N;;;;;EUR;;ST_ALCO_FC;;7402648183;21338;21338.001;DR0345702;ECAG;;;05C08826;31;;11752604.36903;101;INS;529900LN3S50JPU47S06O00000000000004222825C;;;IRD_IRS
39499940;39499940;39499940;EUREX CLEARING AG;Live;Swap;11-08-2023;02-01-2026;04-01-2027;04-01-2027;500000000;EUR;500000000;Fixed;Loan;30/360 Linear;12M;;0;2.95;;;;;;14831944.44;;;;N;Y;N;500000000;EUR;500000000;Floating;Borrower;Actual/360 Linear;6M;EURIBOR-EURIBOR-6M;0;0;;;;;0;14831944.44;;30-06-2026;02-07-2026;N;N;N;;;;;EUR;;ST_ALCO_FC;;7402648183;21337;21337.001;DR0345722;ECAG;;;05C08826;31;;11752604.36903;101;INS;529900LN3S50JPU47S06O00000000000004222821C;;;IRD_IRS
40283594;40283594;40271593;BANCO SANTANDER SA;Live;Swap;14-09-2023;15-09-2023;15-09-2033;15-09-2033;14348000;EUR;13033712.39;Floating;Loan;Actual/360 Linear;6M;EURIBOR-EURIBOR-6M;0;3.999;2.598;29-01-2025;31-01-2025;31-07-2025;248230.83;170248.52;;29-07-2025;31-07-2025;N;Y;N;14348000;EUR;13033712.39;Fixed;Borrower;Actual/360 Linear;6M;;0;3.345;3.345;;31-01-2025;31-07-2025;231290.29;170248.52;;;31-07-2025;N;Y;N;;;;;EUR;;ST_ALM_TF_COB;;3686;21397;21397.002;DR0345840;BSTE;;;05800044;31;;698317.25266;101;IGS;5493006QMFDDMYWIAM13GBO00000000000000000002406352621;;;IRD_IRS
42791765;40294393;40275232;BANCO SANTANDER SA;Live;Swap;14-09-2023;14-09-2023;15-09-2031;15-09-2031;15037500;EUR;7518750;Floating;Loan;Actual/360 Linear;6M;EURIBOR-EURIBOR-6M;0;3.968;3.162;26-09-2024;30-09-2024;14-03-2025;149871.24;108965.48;;12-03-2025;14-03-2025;N;Y;N;15037500;EUR;7518750;Fixed;Borrower;Actual/360 Linear;6M;;0;3.45;3.45;;30-09-2024;14-03-2025;134021.72;108965.48;;;14-03-2025;N;Y;N;;;;;EUR;;ST_ALM_TF_COB;;3686;21401;21401.001;DR0346362;BSTE;;;05800044;31;;166021.5412;101;IGS;5493006QMFDDMYWIAM13GBO00000000000000000002406490421;;;IRD_IRS
42791492;40294891;40275809;BANCO SANTANDER SA;Live;Swap;14-09-2023;15-09-2025;15-09-2031;15-09-2031;1500000;EUR;750000;Floating;Loan;Actual/360 Linear;6M;EURIBOR-EURIBOR-6M;0;0;;;;;;0;;12-03-2026;16-03-2026;N;Y;N;1500000;EUR;750000;Fixed;Borrower;Actual/360 Linear;6M;;0;3.15;;;;;11943.75;0;;;16-03-2026;N;Y;N;;;;;EUR;;ST_ALM_TF_COB;;3686;21398;21398.001;DR0345849;BSTE;;;05800044;31;;34194.81102;101;IGS;5493006QMFDDMYWIAM13GBO00000000000000000002406493321;;;IRD_IRS
42791687;40295317;40275922;BANCO SANTANDER SA;Live;Swap;14-09-2023;14-09-2026;15-09-2031;15-09-2031;1500000;EUR;750000;Floating;Loan;Actual/360 Linear;6M;EURIBOR-EURIBOR-6M;0;0;;;;;;0;;11-03-2027;15-03-2027;N;Y;N;1500000;EUR;750000;Fixed;Borrower;Actual/360 Linear;6M;;0;3.15;;;;;11943.75;0;;;15-03-2027;N;Y;N;;;;;EUR;;ST_ALM_TF_COB;;3686;21400;21400.001;DR0345847;BSTE;;;05800044;31;;39995.663;101;IGS;5493006QMFDDMYWIAM13GBO00000000000000000002406512021;;;IRD_IRS
42792073;40294710;40275703;BANCO SANTANDER SA;Live;Swap;14-09-2023;16-09-2024;15-09-2031;15-09-2031;1500000;EUR;750000;Floating;Loan;Actual/360 Linear;6M;EURIBOR-EURIBOR-6M;0;3.265;3.265;12-09-2024;16-09-2024;14-03-2025;;12175.73;;12-03-2025;14-03-2025;N;Y;N;1500000;EUR;750000;Fixed;Borrower;Actual/360 Linear;6M;;0;3.25;3.25;;16-09-2024;14-03-2025;12119.79;12175.73;;;14-03-2025;N;Y;N;;;;;EUR;;ST_ALM_TF_COB;;3686;21399;21399.001;DR0345846;BSTE;;;05800044;31;;26032.97523;101;IGS;5493006QMFDDMYWIAM13GBO00000000000000000002406492121;;;IRD_IRS
40536185;40536185;40531661;MOTRINDE - MONTAGENS TECNICAS E REPARACOES INDUSTRIAIS S.A.;Live;Swap;25-09-2023;21-09-2023;20-09-2028;20-09-2028;2000000;EUR;1500000;Fixed;Loan;Actual/360 Linear;3M;;0;3.67;3.67;;20-12-2024;20-03-2025;14843.11;13762.5;;;20-03-2025;N;Y;N;2000000;EUR;1500000;Floating;Borrower;Actual/360 Linear;3M;EURIBOR-EURIBOR-3M;0;3.934;2.852;18-12-2024;20-12-2024;20-03-2025;13985.69;13762.5;;18-03-2025;20-03-2025;N;Y;N;;;;;EUR;;ST_GV_BTBACK;;8039091145;21431;21431.001;DR0345886;00M0A2;;21431.003;05273884;31;1000560184;56491.79555;101;INN;URJH9VSI58SAN00000000000000000000571929610;;;IRD_IRS
40536741;40536741;40531661;BANCO SANTANDER SA;Live;Swap;25-09-2023;21-09-2023;20-09-2028;20-09-2028;2000000;EUR;1500000;Floating;Loan;Actual/360 Linear;3M;EURIBOR-EURIBOR-3M;0;3.934;2.852;18-12-2024;20-12-2024;20-03-2025;13985.69;10695;;18-03-2025;20-03-2025;N;Y;N;2000000;EUR;1500000;Fixed;Borrower;Actual/360 Linear;3M;;0;3.67;3.67;;20-12-2024;20-03-2025;14843.11;10695;;;20-03-2025;N;Y;N;;;;;EUR;;ST_GV_BTBACK;;3686;21431;21431.002;DR0345885;BSTE;;21431.002;05800044;31;;5582.4043;101;IGN;5493006QMFDDMYWIAM13GBO00000000000000000002411581721;;;IRD_IRS
41019804;41019804;41016697;BANCO SANTANDER SA;Live;Swap;13-10-2023;12-10-2023;30-03-2027;30-03-2027;5600000;EUR;8000000;Floating;Loan;Actual/360 Linear;6M;EURIBOR-EURIBOR-6M;0;4.112;3.162;26-09-2024;30-09-2024;31-03-2025;155338.22;127885.33;;27-03-2025;31-03-2025;N;Y;N;5600000;EUR;8000000;Fixed;Borrower;Actual/360 Linear;6M;;0;3.62;3.62;;30-09-2024;31-03-2025;145604.44;127885.33;;;31-03-2025;N;Y;N;;;;;EUR;;ST_GV_BTBACK;;3686;21469;21469.002;DR0345964;BSTE;;21469.002;05800044;31;;24550.07316;101;IGN;5493006QMFDDMYWIAM13GBO00000000000000000002421791721;;;IRD_IRS
41020005;41020005;41016697;CS WIND PORTUGAL S A;Live;Swap;13-10-2023;12-10-2023;30-03-2027;30-03-2027;5600000;EUR;8000000;Fixed;Loan;Actual/360 Linear;6M;;0;3.62;3.62;;30-09-2024;31-03-2025;145604.44;146408.89;;;31-03-2025;N;Y;N;5600000;EUR;8000000;Floating;Borrower;Actual/360 Linear;6M;EURIBOR-EURIBOR-6M;0;4.112;3.162;26-09-2024;30-09-2024;31-03-2025;155338.22;146408.89;;27-03-2025;31-03-2025;N;Y;N;;;;;EUR;;ST_GV_BTBACK;;7401486525;21469;21469.001;DR0345963;00F6O3;;21469.001;05C02342;31;1000540614;334519.54923;101;INN;URJH9VSI58SAN00000000000000000000572216910;;;IRD_IRS
41099982;41099982;41096020;MADEIRA SKYPARK ADVENTURE - ATIVIDADES TURISTICAS, LDA;Live;Swap;17-10-2023;02-04-2024;17-10-2033;17-10-2033;540704.18;EUR;6439810.07;Fixed;Loan;Actual/360 Linear;6M;;0;3.787;3.787;;31-12-2024;30-06-2025;43060.72;122615.24;;;30-06-2025;N;Y;N;540704.18;EUR;6439810.07;Floating;Borrower;Actual/360 Linear;6M;EURIBOR-EURIBOR-1Y;0;3.684;2.465;27-12-2024;31-12-2024;30-06-2025;41889.54;122615.24;;27-12-2024;30-06-2025;N;Y;N;;;;;EUR;;ST_GV_BTBACK;;7402030542;21480;21480.001;DR0345988;00J6AU;;21480.001;05C11006;31;;2124183.58688;101;INN;URJH9VSI58SAN00000000000000000000572269110;;;IRD_IRS
41100774;41100774;41096020;BANCO SANTANDER SA;Live;Swap;17-10-2023;02-04-2024;17-10-2033;17-10-2033;540704.18;EUR;6439810.07;Floating;Loan;Actual/360 Linear;6M;EURIBOR-EURIBOR-1Y;0;3.684;2.465;27-12-2024;31-12-2024;30-06-2025;41889.54;79811.61;;27-12-2024;30-06-2025;N;Y;N;540704.18;EUR;6439810.07;Fixed;Borrower;Actual/360 Linear;6M;;0;3.787;3.787;;31-12-2024;30-06-2025;43060.72;79811.61;;;30-06-2025;N;Y;N;;;;;EUR;;ST_GV_BTBACK;;3686;21480;21480.002;DR0345990;BSTE;;21480.003;05800044;31;;660549.85654;101;IGN;5493006QMFDDMYWIAM13GBO00000000000000000002422913721;;;IRD_IRS
46798959;41884931;37788856;BANCO SANTANDER SA;Live;Swap;02-06-2023;02-06-2023;02-06-2030;02-06-2030;1000000000;EUR;1000000000;Fixed;Loan;Actual/Actual Linear;1Y;;0;3.549;3.549;;02-06-2024;02-06-2025;35490000;35490000;;;02-06-2025;N;Y;N;1000000000;EUR;1000000000;Fixed;Borrower;Actual/360 Linear;1Y;;0;3.752643;4.5274;;02-06-2024;02-06-2025;43798835.19;35490000;;;02-06-2025;N;Y;N;;;;;EUR;;STFCCOVCE;;3686;21128;21128.001;DR0346099;BSTE;;;05800044;31;;0;101;IGS;5493006QMFDDMYWIAM13GBO00000000000000000002360177521;;;IRD_IRS
51501676;41882589;41801895;BANCO SANTANDER SA;Live;Swap;15-11-2023;15-11-2023;15-11-2028;15-11-2028;27300000;EUR;27300000;Fixed;Loan;Actual/Actual Linear;1Y;;0;3.738;3.738;;15-11-2024;17-11-2025;1020474;1020474;;;15-11-2025;N;N;N;27300000;EUR;27300000;Fixed;Borrower;Actual/360 Linear;1Y;;0;4.72601;4.090164;;15-11-2024;17-11-2025;1520028.85;1020474;;;15-11-2025;N;N;N;;;;;EUR;;STFCCOVCE;;3686;21566;21566.001;DR0346097;BSTE;;;05800044;31;;0;101;IGS;5493006QMFDDMYWIAM13GBO00000000000000000002438089021;;;IRD_IRS
51501801;41883915;41801895;BANCO SANTANDER SA;Live;Swap;15-11-2023;15-11-2023;15-11-2028;15-11-2028;31635784.57;EUR;31438950.9;Fixed;Loan;Actual/360 Linear;1Y;;0;4.72601;4.090164;;15-11-2024;17-11-2025;1520028.85;1303764.44;;;15-11-2025;N;N;N;31635784.57;EUR;31438950.9;Fixed;Borrower;Actual/Actual Linear;1Y;;0;3.758;3.758;;15-11-2024;17-11-2025;1025934;1303764.44;;;15-11-2025;N;N;N;;;;;EUR;;STFCCOVCE;;3686;21566;21566.001;DR0346094;BSTE;;;05800044;31;;1094726.13174;101;IGS;5493006QMFDDMYWIAM13GBO00000000000000000002438087221;;;IRD_IRS
45675870;41884848;36705446;BANCO SANTANDER SA;Live;Swap;19-04-2023;19-04-2023;19-04-2028;19-04-2028;750000000;EUR;750000000;Fixed;Loan;Actual/Actual Linear;1Y;;0;3.375;3.375;;19-04-2024;22-04-2025;25312500;25312500;;;19-04-2025;N;N;N;750000000;EUR;750000000;Fixed;Borrower;Actual/360 Linear;1Y;;0;3.49503;4.6054;;19-04-2024;22-04-2025;31369415.44;25312500;;;19-04-2025;N;N;N;;;;;EUR;;STFCCOVCE;;3686;21023;21023.001;DR0346095;BSTE;;;05800044;31;;0;101;IGS;5493006QMFDDMYWIAM13GBO00000000000000000002350235121;;;IRD_IRS
45675943;41884869;36705446;BANCO SANTANDER SA;Live;Swap;19-04-2023;19-04-2023;19-04-2028;19-04-2028;882829696;EUR;871566321;Fixed;Loan;Actual/360 Linear;1Y;;0;3.49503;4.6054;;19-04-2024;22-04-2025;31369415.44;40696603.06;;;19-04-2025;N;N;N;882829696;EUR;871566321;Fixed;Borrower;Actual/Actual Linear;1Y;;0;3.395;3.395;;19-04-2024;22-04-2025;25462500;40696603.06;;;19-04-2025;N;N;N;;;;;EUR;;STFCCOVCE;;3686;21023;21023.001;DR0346098;BSTE;;;05800044;31;;59371165.86445;101;IGS;5493006QMFDDMYWIAM13GBO00000000000000000002350241921;;;IRD_IRS
46799806;41884941;37788856;BANCO SANTANDER SA;Live;Swap;02-06-2023;02-06-2023;02-06-2030;02-06-2030;1148012787.08;EUR;1174133024;Fixed;Loan;Actual/360 Linear;1Y;;0;3.752643;4.5274;;02-06-2024;02-06-2025;43798835.19;53895999.9;;;02-06-2025;N;Y;N;1148012787.08;EUR;1174133024;Fixed;Borrower;Actual/Actual Linear;1Y;;0;3.569;3.569;;02-06-2024;02-06-2025;35690000;53895999.9;;;02-06-2025;N;Y;N;;;;;EUR;;STFCCOVCE;;3686;21128;21128.001;DR0346100;BSTE;;;05800044;31;;105254032.39877;101;IGS;5493006QMFDDMYWIAM13GBO00000000000000000002360177721;;;IRD_IRS
49615139;41885234;40202267;BANCO SANTANDER SA;Live;Swap;11-09-2023;11-09-2023;11-09-2026;11-09-2026;850000000;EUR;850000000;Fixed;Loan;Actual/Actual Linear;1Y;;0;3.75;3.75;;11-09-2024;11-09-2025;31875000;31875000;;;11-09-2025;N;Y;N;850000000;EUR;850000000;Fixed;Borrower;Actual/360 Linear;1Y;;0;4.5342;4.3153784;;11-09-2024;11-09-2025;45530884.74;31875000;;;11-09-2025;N;Y;N;;;;;EUR;;STFCCOVCE;;3686;21384;21384.001;DR0346101;BSTE;;;05800044;31;;0;101;IGS;5493006QMFDDMYWIAM13GBO00000000000000000002406132921;;;IRD_IRS
49615275;41885255;40202267;BANCO SANTANDER SA;Live;Swap;11-09-2023;11-09-2023;11-09-2026;11-09-2026;987704044.6;EUR;986267324.2;Fixed;Loan;Actual/360 Linear;1Y;;0;4.5342;4.3153784;;11-09-2024;11-09-2025;45530884.74;43152294.4;;;11-09-2025;N;Y;N;987704044.6;EUR;986267324.2;Fixed;Borrower;Actual/Actual Linear;1Y;;0;3.77;3.77;;11-09-2024;11-09-2025;32045000;43152294.4;;;11-09-2025;N;Y;N;;;;;EUR;;STFCCOVCE;;3686;21384;21384.001;DR0346105;BSTE;;;05800044;31;;22123901.38744;101;IGS;5493006QMFDDMYWIAM13GBO00000000000000000002406132321;;;IRD_IRS
50904333;41885317;41078605;BANCO SANTANDER SA;Live;Swap;16-10-2023;16-10-2023;16-10-2028;16-10-2028;25700000;EUR;25700000;Fixed;Loan;Actual/Actual Linear;1Y;;0;3.854;3.854;;16-10-2024;16-10-2025;990478;990478;;;16-10-2025;N;Y;N;25700000;EUR;25700000;Fixed;Borrower;Actual/360 Linear;1Y;;0;4.65512;4.21188;;16-10-2024;16-10-2025;1395959.29;990478;;;16-10-2025;N;Y;N;;;;;EUR;;STFCCOVCE;;3686;21474;21474.001;DR0346104;BSTE;;;05800044;31;;0;101;IGS;5493006QMFDDMYWIAM13GBO00000000000000000002422619521;;;IRD_IRS
50904429;41885329;41078605;BANCO SANTANDER SA;Live;Swap;16-10-2023;16-10-2023;16-10-2028;16-10-2028;29496011.06;EUR;29741997;Fixed;Loan;Actual/360 Linear;1Y;;0;4.65512;4.21188;;16-10-2024;16-10-2025;1395959.29;1270095.8;;;16-10-2025;N;Y;N;29496011.06;EUR;29741997;Fixed;Borrower;Actual/Actual Linear;1Y;;0;3.874;3.874;;16-10-2024;16-10-2025;995618;1270095.8;;;16-10-2025;N;Y;N;;;;;EUR;;STFCCOVCE;;3686;21474;21474.001;DR0346102;BSTE;;;05800044;31;;1082550.30634;101;IGS;5493006QMFDDMYWIAM13GBO00000000000000000002422614521;;;IRD_IRS
41885489;41885489;40026200;EUREX CLEARING AG;Live;Swap;05-09-2023;11-09-2025;11-09-2026;11-09-2026;400000000;EUR;400000000;Fixed;Loan;Actual/Actual Linear;12M;;0;2.959;;;;;;11836000;;;;N;Y;N;400000000;EUR;400000000;Floating;Borrower;Actual/360 Linear;6M;EURIBOR-EURIBOR-6M;0;0;;;;;0;11836000;;09-03-2026;11-03-2026;N;N;N;;;;;EUR;;STALCOEMI;;7402648183;21371;21371.002;DR0346096;ECAG;;;05C08826;31;;8210986.70819;101;INS;529900LN3S50JPU47S06O00000000000004256904C;;;IRD_IRS
41885528;41885528;40034427;EUREX CLEARING AG;Live;Swap;05-09-2023;11-09-2025;11-09-2026;11-09-2026;450000000;EUR;450000000;Fixed;Loan;Actual/Actual Linear;12M;;0;2.944;;;;;;13248000;;;;N;Y;N;450000000;EUR;450000000;Floating;Borrower;Actual/360 Linear;6M;EURIBOR-EURIBOR-6M;0;0;;;;;0;13248000;;09-03-2026;11-03-2026;N;N;N;;;;;EUR;;STALCOEMI;;7402648183;21372;21372.002;DR0346103;ECAG;;;05C08826;31;;9184148.34085;101;INS;529900LN3S50JPU47S06O00000000000004256902C;;;IRD_IRS
52557607;42099022;42092545;BANCO SANTANDER SA;Live;Swap;28-11-2023;21-12-2023;22-12-2025;22-12-2025;10000000;EUR;2101500;Fixed;Loan;Actual/360 Linear;12M;;0;1.76318804;1.08791209;;23-12-2024;22-12-2025;37876.81;23116.5;;;;N;Y;N;10000000;EUR;2101500;Floating;Borrower;Actual/360 Linear;6M;EURIBOR-EURIBOR-6M;-1;2.695;1.637;19-12-2024;23-12-2024;23-06-2025;29104.32;23116.5;;19-06-2025;23-06-2025;N;N;N;;;;;EUR;;ST_ALM_PAS_E_RT;;3686;21614;21614.001;DR0347963;BSTE;;21614.001;05800044;31;;18524.62244;101;IGN;5493006QMFDDMYWIAM13GBO00000000000000000002444528321;;;IRD_IRS
52738377;42839034;42839034;BANCO SANTANDER SA;Live;Swap;28-12-2023;28-12-2023;28-12-2028;28-12-2028;16900000;EUR;16900000;Fixed;Loan;Actual/Actual Linear;1Y;;0;3.05;3.05;;28-12-2024;29-12-2025;515450;515450;;;28-12-2025;N;N;N;16900000;EUR;16900000;Fixed;Borrower;Actual/360 Linear;1Y;;0;4.768612;3.925551;;28-12-2024;29-12-2025;949124.4;515450;;;28-12-2025;N;N;N;;;;;EUR;;STFCCOVCE;;3686;21709;21709.001;DR0346302;BSTE;;;05800044;31;;0;101;IGS;5493006QMFDDMYWIAM13GBO00000000000000000002462850321;;;IRD_IRS
52738653;42839225;42839034;BANCO SANTANDER SA;Live;Swap;28-12-2023;28-12-2023;28-12-2028;28-12-2028;19577289.68;EUR;19585289.58;Fixed;Loan;Actual/360 Linear;1Y;;0;4.768612;3.925551;;28-12-2024;29-12-2025;949124.4;779508.73;;;28-12-2025;N;N;N;19577289.68;EUR;19585289.58;Fixed;Borrower;Actual/Actual Linear;1Y;;0;3.07;3.07;;28-12-2024;29-12-2025;518830;779508.73;;;28-12-2025;N;N;N;;;;;EUR;;STFCCOVCE;;3686;21709;21709.001;DR0346303;BSTE;;;05800044;31;;1024521.23928;101;IGS;5493006QMFDDMYWIAM13GBO00000000000000000002460643521;;;IRD_IRS
43541703;43541703;43539519;A.A.C. - TEXTEIS, S.A.;Live;Swap;29-01-2024;28-12-2023;22-12-2028;22-12-2028;1500000;EUR;1500000;Fixed;Loan;Actual/360 Linear;6M;;0;2.85;2.85;;23-12-2024;23-06-2025;21612.5;21612.5;;;23-06-2025;N;Y;N;1500000;EUR;1500000;Floating;Borrower;Actual/360 Linear;6M;EURIBOR-EURIBOR-6M;0;3.895;2.637;19-12-2024;23-12-2024;23-06-2025;27974.92;21612.5;;19-06-2025;23-06-2025;N;Y;N;;;;;EUR;;ST_GV_BTBACK;;19341;21785;21785.001;DR0346427;R710;;;05292807;31;1000590694;43818.61346;101;INS;URJH9VSI58SAN0000000000000000000573777410T;;;IRD_IRS
43541864;43541864;43539519;BANCO SANTANDER SA;Live;Swap;29-01-2024;28-12-2023;22-12-2028;22-12-2028;1500000;EUR;1500000;Floating;Loan;Actual/360 Linear;6M;EURIBOR-EURIBOR-6M;0;3.895;2.637;19-12-2024;23-12-2024;23-06-2025;27974.92;19997.25;;19-06-2025;23-06-2025;N;Y;N;1500000;EUR;1500000;Fixed;Borrower;Actual/360 Linear;6M;;0;2.85;2.85;;23-12-2024;23-06-2025;21612.5;19997.25;;;23-06-2025;N;Y;N;;;;;EUR;;ST_GV_BTBACK;;3686;21785;21785.002;DR0346430;BSTE;;;05800044;31;;22683.11898;101;IGS;5493006QMFDDMYWIAM13GBO00000000000000000002474296621;;;IRD_IRS
43749492;43749492;43749492;BANCO SANTANDER SA;Live;Swap;05-02-2024;05-02-2024;05-02-2029;05-02-2029;11900000;EUR;11900000;Fixed;Loan;Actual/Actual Linear;1Y;;0;3.111;3.111;;05-02-2025;05-02-2026;370209;370209;;;05-02-2026;N;Y;N;11900000;EUR;11900000;Fixed;Borrower;Actual/360 Linear;1Y;;0;4.766032;4.766032;;05-02-2025;05-02-2026;712429.54;370209;;;05-02-2026;N;Y;N;;;;;EUR;;STFCCOVCE;;3686;21816;21816.001;DR0346452;BSTE;;;05800044;31;;0;101;IGS;;;;IRD_IRS
43749603;43749603;43749492;BANCO SANTANDER SA;Live;Swap;05-02-2024;05-02-2024;05-02-2029;05-02-2029;14703014.35;EUR;14703014.35;Fixed;Loan;Actual/360 Linear;1Y;;0;4.766032;4.766032;;05-02-2025;05-02-2026;712429.54;710483.01;;;05-02-2026;N;Y;N;14703014.35;EUR;14703014.35;Fixed;Borrower;Actual/Actual Linear;1Y;;0;3.131;3.131;;05-02-2025;05-02-2026;372589;710483.01;;;05-02-2026;N;Y;N;;;;;EUR;;STFCCOVCE;;3686;21816;21816.001;DR0346451;BSTE;;;05800044;31;;1623763.22491;101;IGS;;;;IRD_IRS
43845790;43845790;43841170;EUREX CLEARING AG;Live;Swap;09-02-2024;15-02-2024;17-02-2031;17-02-2031;500000000;EUR;500000000;Fixed;Loan;Actual/Actual Linear;1Y;;0;2.725;2.725;;15-02-2025;15-02-2026;13625000;13625000;;;15-02-2026;N;Y;N;500000000;EUR;500000000;Floating;Borrower;Actual/360 Linear;6M;EURIBOR-EURIBOR-6M;0;3.882;0;13-02-2025;17-02-2025;15-08-2025;8889250;13625000;;12-02-2026;16-02-2026;N;N;N;;;;;EUR;;STALCOEMI;;7402648183;21828;21828.001;DR0346459;ECAG;;;05C08826;31;;55916938.57717;101;INS;529900LN3S50JPU47S06O00000000000004648948C;;;IRD_IRS
43845805;43845805;43843561;EUREX CLEARING AG;Live;Swap;09-02-2024;15-02-2024;17-02-2031;17-02-2031;500000000;EUR;500000000;Fixed;Loan;Actual/Actual Linear;1Y;;0;2.72;2.72;;15-02-2025;15-02-2026;13600000;13600000;;;15-02-2026;N;Y;N;500000000;EUR;500000000;Floating;Borrower;Actual/360 Linear;6M;EURIBOR-EURIBOR-6M;0;3.882;0;13-02-2025;17-02-2025;15-08-2025;8889250;13600000;;12-02-2026;16-02-2026;N;N;N;;;;;EUR;;STALCOEMI;;7402648183;21827;21827.001;DR0346460;ECAG;;;05C08826;31;;55797937.42785;101;INS;529900LN3S50JPU47S06O00000000000004648668C;;;IRD_IRS
44010183;44010183;44010183;BANCO SANTANDER SA;Live;Swap;15-02-2024;15-02-2024;15-02-2031;15-02-2031;1000000000;EUR;1000000000;Fixed;Loan;Actual/Actual Linear;1Y;;0;3.25;3.25;;15-02-2025;16-02-2026;32500000;32500000;;;15-02-2026;N;N;N;1000000000;EUR;1000000000;Fixed;Borrower;Actual/360 Linear;1Y;;0;4.717229;4.717229;;15-02-2025;16-02-2026;55467778.96;32500000;;;15-02-2026;N;N;N;;;;;EUR;;STFCCOVCE;;3686;21845;21845.001;DR0346483;BSTE;;;05800044;31;;0;101;IGS;;;;IRD_IRS
44137663;44137663;44010183;BANCO SANTANDER SA;Live;Swap;15-02-2024;15-02-2024;15-02-2031;15-02-2031;1156578811.62;EUR;1156578811.62;Fixed;Loan;Actual/360 Linear;1Y;;0;4.717229;4.717229;;15-02-2025;16-02-2026;55467778.96;55316227.65;;;15-02-2026;N;N;N;1156578811.62;EUR;1156578811.62;Fixed;Borrower;Actual/Actual Linear;1Y;;0;3.27;3.27;;15-02-2025;16-02-2026;32700000;55316227.65;;;15-02-2026;N;N;N;;;;;EUR;;STFCCOVCE;;3686;21845;21845.001;DR0346500;BSTE;;;05800044;31;;149680426.73922;101;IGS;;;;IRD_IRS
44513532;44513532;44513532;BANCO SANTANDER SA;Live;Swap;07-03-2024;07-03-2024;07-03-2029;07-03-2029;49600000;EUR;49600000;Fixed;Loan;Actual/Actual Linear;1Y;;0;3.291;3.291;;07-03-2024;07-03-2025;;1632336;;;07-03-2025;N;Y;N;49600000;EUR;49600000;Fixed;Borrower;Actual/360 Linear;1Y;;0;4.67213;4.67213;;07-03-2024;07-03-2025;2734598.38;1632336;;;07-03-2025;N;Y;N;;;;;EUR;;STFCCOVCE;;3686;21930;21930.001;DR0346544;BSTE;;;05800044;31;;0;101;IGS;5493006QMFDDMYWIAM13GBO00000000000000000002495187321;;;IRD_IRS
44513953;44513953;44513532;BANCO SANTANDER SA;Live;Swap;07-03-2024;07-03-2024;07-03-2029;07-03-2029;57728233.85;EUR;57728233.85;Fixed;Loan;Actual/360 Linear;1Y;;0;4.67213;4.67213;;07-03-2024;07-03-2025;;2734598.38;;;07-03-2025;N;Y;N;57728233.85;EUR;57728233.85;Fixed;Borrower;Actual/Actual Linear;1Y;;0;3.311;3.311;;07-03-2024;07-03-2025;1642256;2734598.38;;;07-03-2025;N;Y;N;;;;;EUR;;STFCCOVCE;;3686;21930;21930.001;DR0346545;BSTE;;;05800044;31;;5281170.73128;101;IGS;5493006QMFDDMYWIAM13GBO00000000000000000002495203321;;;IRD_IRS
45045054;45045054;45044911;BANCO SANTANDER SA;Live;Swap;27-03-2024;30-09-2024;30-09-2029;30-09-2029;50000000;EUR;50000000;Floating;Loan;Actual/360 Linear;6M;EURIBOR-EURIBOR-6M;0;3.162;3.162;26-09-2024;30-09-2024;31-03-2025;;794891.67;;27-03-2025;30-03-2025;N;N;N;50000000;EUR;50000000;Fixed;Borrower;Actual/360 Linear;6M;;0;2.65;2.65;;30-09-2024;31-03-2025;666180.56;794891.67;;;30-03-2025;N;N;N;;;;;EUR;;ST_ALM_TF_COB;;3686;22023;22023.001;DR0346601;BSTE;;;05800044;31;;2543231.22382;101;IGS;5493006QMFDDMYWIAM13GBO00000000000000000002505464021;;;IRD_IRS
45225308;45225308;45223636;AQUINOS INDUSTRY BUSINESS AND MANAGEMENT S A;Live;Swap;04-04-2024;04-04-2024;04-04-2031;04-04-2031;885500;EUR;863362.5;Fixed;Loan;Actual/360 Linear;6M;;0;2.91;2.91;;04-10-2024;04-04-2025;13098.76;12701.5;;;04-04-2025;N;Y;N;885500;EUR;863362.5;Floating;Borrower;Actual/360 Linear;6M;EURIBOR-EURIBOR-6M;0;3.842;3.092;02-10-2024;04-10-2024;04-04-2025;17293.96;12701.5;;02-04-2025;04-04-2025;N;Y;N;;;;;EUR;;ST_GV_BTBACK;;7402175994;22056;22056.001;DR0347962;00C4WP;;22056.001;05298094;31;1000611741;50467.67298;101;INN;URJH9VSI58SAN00000000000000000000574754210;;;IRD_IRS
45225553;45225553;45223636;BANCO SANTANDER SA;Live;Swap;04-04-2024;04-04-2024;04-04-2031;04-04-2031;885500;EUR;863362.5;Floating;Loan;Actual/360 Linear;6M;EURIBOR-EURIBOR-6M;0;3.842;3.092;02-10-2024;04-10-2024;04-04-2025;17293.96;13495.89074167;;02-04-2025;04-04-2025;N;Y;N;885500;EUR;863362.5;Fixed;Borrower;Actual/360 Linear;6M;;0;2.91;2.91;;04-10-2024;04-04-2025;13098.76;13495.89074167;;;04-04-2025;N;Y;N;;;;;EUR;;ST_GV_BTBACK;;3686;22056;22056.002;DR0346620;BSTE;;22056.002;05800044;31;;25676.76953;101;IGS;5493006QMFDDMYWIAM13GBO00000000000000000002509149721;;;IRD_IRS
10200482;9941205;2880010401;BANCO SANTANDER SA;Live;Swap;03-04-2024;29-04-2024;29-04-2025;29-04-2025;10000000;EUR;5467434.67;Fixed;Loan;Actual/360 Linear;12M;;0;.98630137;.98630137;;29-04-2024;29-04-2025;;54674.35;;;;N;Y;N;10000000;EUR;5467434.67;Floating;Borrower;Actual/360 Linear;6M;EURIBOR-EURIBOR-6M;-.5;3.325;2.394;25-10-2024;29-10-2024;29-04-2025;92411.04;54674.35;;25-10-2024;29-10-2024;N;N;N;;;;;EUR;;ST-ALM_PAS_EMI;;3686;22047;22047.001;DR0346708;BSTE;;22047.003;05800044;31;;0;101;EGN;;;;IRD_IRS
46556808;46556808;46548390;BANCO SANTANDER SA;Live;Swap;24-05-2024;17-06-2024;15-06-2032;15-06-2032;30000000;EUR;30000000;Floating;Loan;Actual/360 Linear;1Y;EURIBOR-EURIBOR-1Y;0;3.678;3.678;13-06-2024;17-06-2024;16-06-2025;;1115660;;12-06-2025;16-06-2025;N;Y;N;30000000;EUR;30000000;Fixed;Borrower;Actual/360 Linear;1Y;;;3.23;3.23;;17-06-2024;16-06-2025;979766.67;1115660;;;16-06-2025;N;Y;N;;;;;EUR;;ST_ALM_TF_COB;;3686;22220;22220.001;DR0346761;BSTE;;;05800044;31;;1522779.53727;101;IGS;;;;IRD_IRS
46731349;46731349;46731349;BANCO SANTANDER SA;Live;Swap;29-05-2024;29-05-2024;29-05-2029;29-05-2029;1000000000;EUR;1000000000;Fixed;Loan;Actual/Actual Linear;1Y;;0;3.399;3.399;;29-05-2024;29-05-2025;;33990000;;;29-05-2025;N;Y;N;1000000000;EUR;1000000000;Fixed;Borrower;Actual/360 Linear;1Y;;0;4.529518;4.529518;;29-05-2024;29-05-2025;54080498.49;33990000;;;29-05-2025;N;Y;N;;;;;EUR;;STFCCOVCE;;3686;22237;22237.001;DR0346785;BSTE;;;05800044;31;;0;101;IGS;;;;IRD_IRS
46732121;46732121;46731349;BANCO SANTANDER SA;Live;Swap;29-05-2024;29-05-2024;29-05-2029;29-05-2029;1177601452.12;EUR;1177601452.12;Fixed;Loan;Actual/360 Linear;1Y;;0;4.529518;4.529518;;29-05-2024;29-05-2025;;54080498.49;;;29-05-2025;N;Y;N;1177601452.12;EUR;1177601452.12;Fixed;Borrower;Actual/Actual Linear;1Y;;0;3.419;3.419;;29-05-2024;29-05-2025;34190000;54080498.49;;;29-05-2025;N;Y;N;;;;;EUR;;STFCCOVCE;;3686;22237;22237.001;DR0346786;BSTE;;;05800044;31;;96661695.56357;101;IGS;;;;IRD_IRS
47300561;47300561;47297978;BANCO SANTANDER SA;Live;Swap;20-06-2024;10-07-2024;18-06-2029;18-06-2029;20000000;EUR;20000000;Floating;Loan;Actual/360 Linear;3M;EURIBOR-EURIBOR-3M;0;3.699;2.863;16-12-2024;18-12-2024;18-03-2025;176337.78;143150;;14-03-2025;18-03-2025;N;Y;N;20000000;EUR;20000000;Fixed;Borrower;Actual/360 Linear;3M;;0;2.87;2.87;;18-12-2024;18-03-2025;145094.44;143150;;;18-03-2025;N;Y;N;;;;;EUR;;ST_GV_BTBACK;;3686;22280;22280.002;DR0346841;BSTE;;;05800044;31;;730856.84831;101;IGS;;;;IRD_IRS
47300164;47300164;47297978;CIN-CORPORACAO INDUSTRIAL DO NORTE S.A.;Live;Swap;20-06-2024;10-07-2024;18-06-2029;18-06-2029;20000000;EUR;20000000;Fixed;Loan;Actual/360 Linear;3M;;0;2.87;2.87;;18-12-2024;18-03-2025;145094.44;143500;;;18-03-2025;N;Y;N;20000000;EUR;20000000;Floating;Borrower;Actual/360 Linear;3M;EURIBOR-EURIBOR-3M;0;3.699;2.863;16-12-2024;18-12-2024;18-03-2025;176337.78;143500;;14-03-2025;18-03-2025;N;Y;N;;;;;EUR;;ST_GV_BTBACK;;8010140713;22280;22280.001;DR0346840;CIN8;;;05201679;31;1000610970;1406760.14196;101;INS;URJH9VSI58SAN00000000000000000000575900010;;;IRD_IRS
47534029;47534029;47525720;BANCO SANTANDER SA;Live;Swap;28-06-2024;28-06-2024;28-06-2027;28-06-2027;10000000;EUR;10000000;Floating;Loan;Actual/360 Linear;6M;EURIBOR-EURIBOR-6M;0;3.672;2.597;24-12-2024;30-12-2024;30-06-2025;188700;131292.78;;26-06-2025;30-06-2025;N;Y;N;10000000;EUR;10000000;Fixed;Borrower;Actual/360 Linear;6M;;0;3.02;3.02;;30-12-2024;30-06-2025;155194.44;131292.78;;;30-06-2025;N;Y;N;;;;;EUR;;ST_GV_BTBACK;;3686;22299;22299.002;DR0346869;BSTE;;22299.002;05800044;31;;132924.5595;101;IGN;;;;IRD_IRS
47534314;47534314;47525720;GREENVOLT - ENERGIAS RENOVAVEIS S.A.;Live;Swap;28-06-2024;28-06-2024;28-06-2027;28-06-2027;10000000;EUR;10000000;Fixed;Loan;Actual/360 Linear;6M;;0;3.02;3.02;;30-12-2024;30-06-2025;155194.44;152677.78;;;30-06-2025;N;Y;N;10000000;EUR;10000000;Floating;Borrower;Actual/360 Linear;6M;EURIBOR-EURIBOR-6M;0;3.672;2.597;24-12-2024;30-12-2024;30-06-2025;188700;152677.78;;26-06-2025;30-06-2025;N;Y;N;;;;;EUR;;ST_GV_BTBACK;;7400427931;22299;22299.001;DR0346868;00E062;;22299.001;05289952;31;1000661180;351553.48175;101;INN;URJH9VSI58SAN00000000000000000000576038810;;;IRD_IRS
47746776;47615372;49682365;BANCO SANTANDER SA;Live;Swap;02-07-2024;02-07-2024;02-07-2029;02-07-2029;112500000;USD;112500000;Floating;Loan;Actual/360 Linear;3M;FEDN-USDSOFR3M-3M;0;5.3246;4.31044;30-12-2024;02-01-2025;02-04-2025;1320231.63;1212311.25;;31-03-2025;02-04-2025;N;Y;N;112500000;USD;112500000;Fixed;Borrower;Actual/360 Linear;3M;;0;4.164;4.164;;02-01-2025;02-04-2025;1197150;1212311.25;;;02-04-2025;N;Y;N;;;;;EUR;;ST_ALM_TF_CRPCB;;3686;22308;22308.001;DR0346886;BSTE;;;05800044;31;;7548578.94177;101;IGS;;;;IRD_IRS
47944583;47944583;47932559;BANCO SANTANDER SA;Live;Swap;12-07-2024;27-08-2024;27-08-2029;27-08-2029;50000000;EUR;50000000;Floating;Loan;Actual/360 Linear;3M;EURIBOR-EURIBOR-3M;0;3.525;2.985;25-11-2024;27-11-2024;27-02-2025;450416.67;381416.67;;25-02-2025;27-02-2025;N;Y;N;50000000;EUR;50000000;Fixed;Borrower;Actual/360 Linear;3M;;0;2.747;2.747;;27-11-2024;27-02-2025;351005.56;381416.67;;;27-02-2025;N;Y;N;;;;;EUR;;ST_RT_CORP_GL;;3686;22347;22347.002;DR0346936;BSTE;;22347.002;05800044;31;;2164032.62466;101;IGN;;;;IRD_IRS
47944070;47944070;47932559;SONAE SGPS SA;Live;Swap;12-07-2024;27-08-2024;27-08-2029;27-08-2029;50000000;EUR;50000000;Fixed;Loan;Actual/360 Linear;3M;;0;2.747;2.747;;27-11-2024;27-02-2025;351005.56;351005.56;;;27-02-2025;N;Y;N;50000000;EUR;50000000;Floating;Borrower;Actual/360 Linear;3M;EURIBOR-EURIBOR-3M;0;3.525;2.985;25-11-2024;27-11-2024;27-02-2025;450416.67;351005.56;;25-02-2025;27-02-2025;N;Y;N;;;;;EUR;;ST_RT_CORP_GL;;1124;22347;22347.001;DR0346937;TSVM;;22347.001;05201886;31;;3516321.8348;101;INN;URJH9VSI58SAN00000000000000000000576266210;;;IRD_IRS
52006646;48089846;48086606;BANCO SANTANDER SA;Live;Swap;18-07-2024;18-07-2024;18-07-2028;18-07-2028;78400000;EUR;19595279.01;Floating;Loan;Actual/360 Linear;6M;EURIBOR-EURIBOR-6M;0;3.634;2.668;16-01-2025;20-01-2025;18-07-2025;367914.43;259948.79;;16-07-2025;18-07-2025;N;Y;N;78400000;EUR;19595279.01;Fixed;Borrower;Actual/360 Linear;6M;;0;3.05;3.05;;20-01-2025;18-07-2025;308788.94;259948.79;;;18-07-2025;N;Y;N;;;;;EUR;;ST_ALM_TF_COB;;3686;22378;22378.001;DR0346951;BSTE;;;05800044;31;;389209.46423;101;IGS;;;;IRD_IRS
49538033;49538033;49536340;BANCO SANTANDER SA;Live;Swap;11-09-2024;11-09-2024;30-09-2031;30-09-2031;15462962.6;EUR;15462962.6;Floating;Loan;Actual/360 Linear;3M;EURIBOR-EURIBOR-3M;0;3.566;2.715;24-12-2024;30-12-2024;31-03-2025;130745.79;106121.02;;27-03-2025;31-03-2025;N;Y;N;15462962.6;EUR;15462962.6;Fixed;Borrower;Actual/360 Linear;3M;;0;2.48;2.48;;30-12-2024;31-03-2025;96935.59;106121.02;;;31-03-2025;N;Y;N;;;;;EUR;;ST_GV_BTBACK;;3686;22563;22563.002;DR0347324;BSTE;;22563.002;05800044;31;;1314758.87553;101;IGN;;;;IRD_IRS
49538837;49538837;49536599;BRAFERO - SOCIEDADE IMOBILIARIA SA;Live;Swap;11-09-2024;11-09-2024;30-09-2031;30-09-2031;15462962.6;EUR;15462962.6;Fixed;Loan;Actual/360 Linear;3M;;0;2.48;2.48;;30-12-2024;31-03-2025;96935.59;96935.59;;;31-03-2025;N;Y;N;15462962.6;EUR;15462962.6;Floating;Borrower;Actual/360 Linear;3M;EURIBOR-EURIBOR-3M;0;3.566;2.715;24-12-2024;30-12-2024;31-03-2025;130745.79;96935.59;;27-03-2025;31-03-2025;N;Y;N;;;;;EUR;;ST_GV_BTBACK;;8046441061;22564;22564.001;DR0347327;00B05L;;22564.001;05272445;31;1000684894;1516168.64208;101;INN;URJH9VSI58SAN0000000000000000000577141910T;;;IRD_IRS
49538184;49538184;49536599;BANCO SANTANDER SA;Live;Swap;11-09-2024;11-09-2024;30-09-2031;30-09-2031;15462962.6;EUR;15462962.6;Floating;Loan;Actual/360 Linear;3M;EURIBOR-EURIBOR-3M;0;3.566;2.715;24-12-2024;30-12-2024;31-03-2025;130745.79;106121.02;;27-03-2025;31-03-2025;N;Y;N;15462962.6;EUR;15462962.6;Fixed;Borrower;Actual/360 Linear;3M;;0;2.48;2.48;;30-12-2024;31-03-2025;96935.59;106121.02;;;31-03-2025;N;Y;N;;;;;EUR;;ST_GV_BTBACK;;3686;22564;22564.002;DR0347326;BSTE;;22564.002;05800044;31;;1314758.87553;101;IGN;;;;IRD_IRS
49538264;49538264;49536340;ALEGRO MONTIJO - GESTAO DE CENTRO COMERCIAL SOCIDADE UNIPESSOAL LDA;Live;Swap;11-09-2024;11-09-2024;30-09-2031;30-09-2031;15462962.6;EUR;15462962.6;Fixed;Loan;Actual/360 Linear;3M;;0;2.48;2.48;;30-12-2024;31-03-2025;96935.59;96935.59;;;31-03-2025;N;Y;N;15462962.6;EUR;15462962.6;Floating;Borrower;Actual/360 Linear;3M;EURIBOR-EURIBOR-3M;0;3.566;2.715;24-12-2024;30-12-2024;31-03-2025;130745.79;96935.59;;27-03-2025;31-03-2025;N;Y;N;;;;;EUR;;ST_GV_BTBACK;;9002632404;22563;22563.001;DR0347325;00FMZ4;;22563.001;05272444;31;1000684900;1516168.64208;101;INN;URJH9VSI58SAN0000000000000000000577141710T;;;IRD_IRS
49888197;49888197;49884250;BANCO SANTANDER SA;Live;Swap;24-09-2024;24-09-2024;31-07-2029;31-07-2029;25000000;EUR;25000000;Floating;Loan;Actual/360 Linear;6M;EURIBOR-EURIBOR-6M;0;3.184;2.598;29-01-2025;31-01-2025;31-07-2025;285233.33;326554.17;;29-07-2025;31-07-2025;N;Y;N;25000000;EUR;25000000;Fixed;Borrower;Actual/360 Linear;6M;;0;2.415;2.415;;31-01-2025;31-07-2025;216343.75;326554.17;;;31-07-2025;N;Y;N;;;;;EUR;;ST_ALM_TF_COB;;3686;22614;22614.001;DR0347440;BSTE;;;05800044;31;;1146049.9821;101;IGS;;;;IRD_IRS
50169136;50169136;50162507;CENTRO VASCO DA GAMA - CENTRO COMERCIAL SA;Live;Swap;02-10-2024;30-09-2024;30-09-2025;30-09-2025;18365182.5;EUR;18365182.5;Fixed;Loan;Actual/360 Linear;3M;;0;2.599;2.599;;31-12-2024;31-03-2025;121979.5;119327.77;;;31-03-2025;N;Y;N;18365182.5;EUR;18365182.5;Floating;Borrower;Actual/360 Linear;3M;EURIBOR-EURIBOR-3M;0;3.345;2.683;27-12-2024;31-12-2024;31-03-2025;156991.7;119327.77;;27-03-2025;31-03-2025;N;Y;N;;;;;EUR;;ST_RT_CORP_GL;;5100706413;22649;22649.001;DR0347497;00CVDG;;;05265390;31;1000692257;79799.47081;101;INS;URJH9VSI58SAN00000000000000000000577491710;;;IRD_IRS
50169108;50169108;50162438;VDG HOLDING BV;Live;Swap;02-10-2024;30-09-2024;30-09-2025;30-09-2025;18365182.5;EUR;18365182.5;Fixed;Loan;Actual/360 Linear;3M;;0;2.599;2.599;;31-12-2024;31-03-2025;121979.5;119327.77;;;31-03-2025;N;Y;N;18365182.5;EUR;18365182.5;Floating;Borrower;Actual/360 Linear;3M;EURIBOR-EURIBOR-3M;0;3.345;2.683;27-12-2024;31-12-2024;31-03-2025;156991.7;119327.77;;27-03-2025;31-03-2025;N;Y;N;;;;;EUR;;ST_RT_CORP_GL;;7401880665;22648;22648.001;DR0347495;00VHB1;;;05275324;31;1000692257;79799.47081;101;INS;URJH9VSI58SAN00000000000000000000577491510;;;IRD_IRS
50169126;50169126;50162438;BANCO SANTANDER SA;Live;Swap;02-10-2024;30-09-2024;30-09-2025;30-09-2025;18365182.5;EUR;18365182.5;Floating;Loan;Actual/360 Linear;3M;EURIBOR-EURIBOR-3M;0;3.345;2.683;27-12-2024;31-12-2024;31-03-2025;156991.7;123184.46;;27-03-2025;31-03-2025;N;Y;N;18365182.5;EUR;18365182.5;Fixed;Borrower;Actual/360 Linear;3M;;0;2.599;2.599;;31-12-2024;31-03-2025;121979.5;123184.46;;;31-03-2025;N;Y;N;;;;;EUR;;ST_RT_CORP_GL;;3686;22648;22648.002;DR0347496;BSTE;;;05800044;31;;35060.73224;101;IGS;;;;IRD_IRS
50169151;50169151;50162507;BANCO SANTANDER SA;Live;Swap;02-10-2024;30-09-2024;30-09-2025;30-09-2025;18365182.5;EUR;18365182.5;Floating;Loan;Actual/360 Linear;3M;EURIBOR-EURIBOR-3M;0;3.345;2.683;27-12-2024;31-12-2024;31-03-2025;156991.7;123184.46;;27-03-2025;31-03-2025;N;Y;N;18365182.5;EUR;18365182.5;Fixed;Borrower;Actual/360 Linear;3M;;0;2.599;2.599;;31-12-2024;31-03-2025;121979.5;123184.46;;;31-03-2025;N;Y;N;;;;;EUR;;ST_RT_CORP_GL;;3686;22649;22649.002;DR0347498;BSTE;;;05800044;31;;35060.73224;101;IGS;;;;IRD_IRS
50248774;50248774;50246763;BANCO SANTANDER SA;Live;Swap;04-10-2024;04-10-2024;04-10-2029;04-10-2029;37386471.41;EUR;37386471.41;Floating;Loan;30/360 Linear;6M;EURIBOR-EURIBOR-6M;0;3.092;3.092;02-10-2024;04-10-2024;04-04-2025;;577994.85;;02-04-2025;04-04-2025;N;Y;N;37386471.41;EUR;37386471.41;Fixed;Borrower;30/360 Linear;12M;;0;2.35;2.35;;04-10-2024;06-10-2025;878582.08;577994.85;;;04-10-2024;N;N;N;;;;;EUR;;ST_ALM_TF_COB;;3686;22662;22662.002;DR0347522;BSTE;;;05800044;31;;2108865.66401;101;IGS;;;;IRD_IRS
53125380;50230337;48466166;BANCO SANTANDER SA;Live;Swap;26-09-2024;26-09-2024;25-02-2030;25-02-2030;376548171.98;EUR;347295809.95;Floating;Loan;Actual/360 Linear;3MO;EURIBOR-EURIBOR-3M;0;3.379;0;21-02-2025;25-02-2025;27-05-2025;2902040.16;0;;23-05-2025;27-05-2025;N;Y;N;376548171.98;EUR;347295809.95;Fixed;Borrower;Actual/360 Linear;3MO;;0;2.342;2.342;;25-02-2025;27-05-2025;2261756.42;0;;;27-05-2025;N;Y;N;;;;;EUR;;GMFCTITCE;;3686;22626;22626.001;DR0347524;BSTE;;;04701062;85;;8035246.99327;101;INS;;;;IRD_IRS
53125212;50230577;48466166;BANCO SANTANDER SA;Live;Swap;26-09-2024;26-09-2024;25-02-2030;25-02-2030;376548171.98;EUR;347295809.95;Fixed;Loan;Actual/360 Linear;3MO;;0;2.342;2.342;;25-02-2025;27-05-2025;2261756.42;2056010.49;;;27-05-2025;N;Y;N;376548171.98;EUR;347295809.95;Floating;Borrower;Actual/360 Linear;3MO;EURIBOR-EURIBOR-3M;.033;3.412;0;21-02-2025;25-02-2025;27-05-2025;2933909.48;2056010.49;;23-05-2025;27-05-2025;N;Y;N;;;;;EUR;;STFCTITCE;;3686;22415;22415.002;DR0347523;BSTE;;;05800044;31;;7547930.65204;101;IGS;;;;IRD_IRS
50637635;50637635;50634294;SUGAL ALIMENTOS S A;Live;Swap;18-10-2024;19-08-2024;19-08-2027;19-08-2027;6000000;EUR;5760000;Fixed;Loan;Actual/360 Linear;6M;;0;2.38;2.38;;19-02-2025;19-08-2025;72986.67;68924.8;;;19-08-2025;N;Y;N;6000000;EUR;5760000;Floating;Borrower;Actual/360 Linear;6M;EURIBOR-EURIBOR-6M;0;3.375;0;17-02-2025;19-02-2025;19-08-2025;103500;68924.8;;15-08-2025;19-08-2025;N;Y;N;;;;;EUR;;ST_GV_BTBACK;;8002049418;22702;22702.001;DR0347563;ZSUH;;;05210243;31;1000688544;143698.57255;101;INS;URJH9VSI58SAN00000000000000000000577749410;;;IRD_IRS
50638279;50638279;50634294;BANCO SANTANDER SA;Live;Swap;18-10-2024;19-08-2024;19-08-2027;19-08-2027;6000000;EUR;5760000;Floating;Loan;Actual/360 Linear;6M;EURIBOR-EURIBOR-6M;0;3.375;0;17-02-2025;19-02-2025;19-08-2025;103500;0;;15-08-2025;19-08-2025;N;Y;N;6000000;EUR;5760000;Fixed;Borrower;Actual/360 Linear;6M;;0;2.38;2.38;;19-02-2025;19-08-2025;72986.67;0;;;19-08-2025;N;Y;N;;;;;EUR;;ST_GV_BTBACK;;3686;22702;22702.002;DR0347564;BSTE;;;05800044;31;;125348.77568;101;IGS;;;;IRD_IRS
51681285;51681285;51680930;BANCO SANTANDER SA;Live;Swap;22-11-2024;19-08-2024;19-08-2028;19-08-2028;3000000;EUR;2880000;Floating;Loan;Actual/360 Linear;6M;EURIBOR-EURIBOR-6M;0;3.375;0;17-02-2025;19-02-2025;19-08-2025;51750;0;;15-08-2025;19-08-2025;N;Y;N;3000000;EUR;2880000;Fixed;Borrower;Actual/360 Linear;6M;;0;2.335;2.335;;19-02-2025;19-08-2025;35803.33;0;;;19-08-2025;N;Y;N;;;;;EUR;;ST_GV_BTBACK;;3686;22782;22782.002;DR0347747;BSTE;;;05800044;31;;95445.09142;101;IGS;5493006QMFDDMYWIAM13GBO00000000000000000002628257921;;;IRD_IRS
51681704;51681704;51680930;SUGAL ALIMENTOS S A;Live;Swap;22-11-2024;19-08-2024;19-08-2028;19-08-2028;3000000;EUR;2880000;Fixed;Loan;Actual/360 Linear;6M;;0;2.335;2.335;;19-02-2025;19-08-2025;35803.33;33810.8;;;19-08-2025;N;Y;N;3000000;EUR;2880000;Floating;Borrower;Actual/360 Linear;6M;EURIBOR-EURIBOR-6M;0;3.375;0;17-02-2025;19-02-2025;19-08-2025;51750;33810.8;;15-08-2025;19-08-2025;N;Y;N;;;;;EUR;;ST_GV_BTBACK;;8002049418;22782;22782.001;DR0347746;ZSUH;;;05210243;31;1000711335;98536.02989;101;INS;URJH9VSI58SAN00000000000000000000578314010;;;IRD_IRS
51971124;51971124;51965941;BANCO SANTANDER SA;Live;Swap;03-12-2024;03-12-2024;03-12-2039;03-12-2039;7000000;EUR;7000000;Floating;Loan;Actual/360 Linear;3M;EURIBOR-EURIBOR-3M;0;2.934;2.934;29-11-2024;03-12-2024;03-03-2025;;51345;;27-02-2025;03-03-2025;N;Y;N;7000000;EUR;7000000;Fixed;Borrower;Actual/360 Linear;3M;;0;2.345;2.345;;03-12-2024;03-03-2025;41037.5;51345;;;03-03-2025;N;Y;N;;;;;EUR;;ST_ALM_TF_COB;;3686;22794;22794.001;DR0347778;BSTE;;;05800044;31;;960052.22038;101;IGS;;;;IRD_IRS
51849621;51849621;51834441;BANCO SANTANDER SA;Live;Swap;28-11-2024;28-11-2026;28-11-2034;28-11-2034;4875000;EUR;4875000;Floating;Loan;Actual/360 Linear;3M;EURIBOR-EURIBOR-3M;0;0;;;;;;0;;25-02-2027;28-02-2027;N;N;N;4875000;EUR;4875000;Fixed;Borrower;Actual/360 Linear;3M;;0;2.4;;;;;29900;0;;;28-02-2027;N;N;N;;;;;EUR;;ST_ALM_TF_COB;;3686;22790;22790.001;DR0347757;BSTE;;;05800044;31;;653026.72123;101;IGS;;;;IRD_IRS
52669056;52669056;52656363;BANCO SANTANDER SA;Live;Swap;27-12-2024;16-07-2025;02-01-2030;02-01-2030;250000000;USD;250000000;Floating;Loan;Actual/360 Linear;3M;FEDN-USDSOFR3M-3M;0;0;;;;;;0;;30-09-2025;02-10-2025;N;Y;N;250000000;USD;250000000;Fixed;Borrower;Actual/360 Linear;3M;;0;4.065;;;;;2201875;0;;;02-10-2025;N;Y;N;;;;;EUR;;ST_ALM_TF_CRPCB;;3686;22857;22857.001;DR0347964;BSTE;;;05800044;31;;20052944.31667;101;IGS;;;;IRD_IRS
53587528;53587528;53587528;BANCO SANTANDER SA;Live;Swap;27-01-2025;27-01-2025;27-01-2032;27-01-2032;1000000000;EUR;1000000000;Fixed;Loan;Actual/Actual Linear;1Y;;0;2.976;2.976;;27-01-2025;27-01-2026;;29760000;;;27-01-2026;N;Y;N;1000000000;EUR;1000000000;Fixed;Borrower;Actual/360 Linear;1Y;;0;3.809162;3.809162;;27-01-2025;27-01-2026;44526065.67;29760000;;;27-01-2026;N;Y;N;;;;;EUR;;STFCCOVCE;;3686;22936;22936.001;DR0348043;BSTE;;;05800044;31;;0;101;IGS;;;;IRD_IRS
53574423;53574423;474280125;PARICHIADO LDA;Live;Swap;28-01-2025;28-01-2025;28-01-2036;28-01-2036;2475000;EUR;2475000;Fixed;Loan;30/360 Linear;3M;;0;2.35;2.35;;28-01-2025;28-04-2025;;14540.63;;;28-04-2025;N;Y;N;2475000;EUR;2475000;Floating;Borrower;30/360 Linear;3M;EURIBOR-EURIBOR-3M;0;2.641;2.641;24-01-2025;28-01-2025;28-04-2025;16341.19;14540.63;;24-04-2025;28-04-2025;N;Y;N;;;;;EUR;;ST_GV_BTBACK;;7401577628;22935;22935.001;DR0348034;00YDA9;;22935.001;05C23110;31;1000703669;287637.66479;101;INN;URJH9VSI58SAN00000000000000000000579331810;;;IRD_IRS
53576257;53576257;474280125;BANCO SANTANDER SA;Live;Swap;28-01-2025;28-01-2025;28-01-2036;28-01-2036;2475000;EUR;2475000;Floating;Loan;30/360 Linear;3M;EURIBOR-EURIBOR-3M;0;2.641;2.641;24-01-2025;28-01-2025;28-04-2025;;16341.19;;24-04-2025;28-04-2025;N;Y;N;2475000;EUR;2475000;Fixed;Borrower;30/360 Linear;3M;;0;2.35;2.35;;28-01-2025;28-04-2025;14540.63;16341.19;;;28-04-2025;N;Y;N;;;;;EUR;;ST_GV_BTBACK;;3686;22935;22935.002;DR0348035;BSTE;;22935.002;05800044;31;;292881.81861;101;IGN;;;;IRD_IRS
53588738;53588738;53587528;BANCO SANTANDER SA;Live;Swap;27-01-2025;27-01-2025;27-01-2032;27-01-2032;1152907636.08;EUR;1152907636.08;Fixed;Loan;Actual/360 Linear;1Y;;0;3.809162;3.809162;;27-01-2025;27-01-2026;;44526065.67;;;27-01-2026;N;Y;N;1152907636.08;EUR;1152907636.08;Fixed;Borrower;Actual/Actual Linear;1Y;;0;2.996;2.996;;27-01-2025;27-01-2026;29960000;44526065.67;;;27-01-2026;N;Y;N;;;;;EUR;;STFCCOVCE;;3686;22936;22936.001;DR0348044;BSTE;;;05800044;31;;97997810.34885;101;IGS;;;;IRD_IRS
51766729;15211817;1900196349;SANTANDER TOTTA SEGUROS COMPANHIA DE SEGUROS DE VIDA SA;Live;Caps And Floors;30-01-2017;24-02-2021;20-10-2025;20-10-2025;20000000;EUR;42969000;Floating;Sell;Actual/360 Linear;6M;EURIBOR-EURIBOR-6M;0;0;;25-08-2025;24-02-2025;20-10-2025;0;0;;15-10-2025;25-08-2025;N;N;N;;;;;;;;;;;;;;;;;;;;;;;;;;;EUR;;ST_ALM_SEG_RT;;8046077493;13396;13396.001;DR0334082;9TTS;;13396.001;05255161;31;;0;103;C2A;URJH9VSI58SAN00000000000000000000532915910;0;;IRD_CF
50755663;15333668;1900197866;SANTANDER TOTTA SEGUROS COMPANHIA DE SEGUROS DE VIDA SA;Live;Caps And Floors;15-02-2017;24-02-2021;20-10-2025;20-10-2025;5000000;EUR;5652000;Floating;Sell;Actual/360 Linear;6M;EURIBOR-EURIBOR-6M;0;0;;25-08-2025;24-02-2025;20-10-2025;0;0;;15-10-2025;25-08-2025;N;N;N;;;;;;;;;;;;;;;;;;;;;;;;;;;EUR;;ST_ALM_SEG_RT;;8046077493;13410;13410.001;DR0334221;9TTS;;13410.001;05255601;31;;0;103;C2A;URJH9VSI58SAN00000000000000000000533193810;0;;IRD_CF
53465888;15675921;15653999;SANTANDER TOTTA SEGUROS COMPANHIA DE SEGUROS DE VIDA SA;Live;Caps And Floors;04-04-2017;27-04-2021;06-11-2025;06-11-2025;30000000;EUR;41570000;Floating;Sell;Actual/360 Linear;6M;EURIBOR-EURIBOR-6M;0;0;;28-04-2025;28-10-2024;06-11-2025;-1221026.37222222;0;;27-10-2025;28-04-2025;N;N;N;;;;;;;;;;;;;;;;;;;;;;;;;;;EUR;;ST_ALM_SEG_RT;;8046077493;13433;13433.001;DR0334557;9TTS;;13433.001;05258321;31;;0;103;C2A;URJH9VSI58SAN00000000000000000000533980110;0;;IRD_CF
53465869;15671452;15653999;BANCO SANTANDER SA;Live;Caps And Floors;04-04-2017;27-04-2021;06-11-2025;06-11-2025;30000000;EUR;41570000;Floating;Buy;Actual/360 Linear;6M;EURIBOR-EURIBOR-6M;0;0;;28-04-2025;28-10-2024;06-11-2025;1221026.37222222;0;;27-10-2025;28-04-2025;N;N;N;;;;;;;;;;;;;;;;;;;;;;;;;;;EUR;;ST_ALM_SEG_COB;;3686;13433;13433.002;DR0335913;BSTE;;13433.002;05800044;31;;9672331.97803;103;C1G;URJH9VSI58SAN00000000000000000000534020810;0;;IRD:CF:-
51766670;17942061;1900196349;BANCO SANTANDER SA;Live;Caps And Floors;30-01-2017;24-02-2021;20-10-2025;20-10-2025;57617160;EUR;42969000;Floating;Buy;Actual/360 Linear;6M;EURIBOR-EURIBOR-6M;0;0;;25-08-2025;24-02-2025;20-10-2025;0;0;;15-10-2025;25-08-2025;N;N;N;;;;;;;;;;;;;;;;;;;;;;;;;;;EUR;;ST_ALM_SEG_RT;;3686;13396;13396.002;DR0342939;BSTE;;13396.002;05800044;31;;9783109.23863;103;C1G;URJH9VSI58SAN00000000000000000000539197210;0;;IRD_CF
15742916;18362606;18362606;GRAVITYTIGER, LDA;Live;Caps And Floors;17-04-2018;17-04-2018;17-04-2028;17-04-2028;800000;EUR;253333.88;Floating;Sell;30/360 Linear;1M;EURIBOR-EURIBOR-1Y;0;0;3.193;15-04-2024;17-02-2025;17-03-2025;691.82;674.08;;15-04-2024;17-03-2025;N;Y;N;;;;;;;;;;;;;;;;;;;;;;;;;;;EUR;;ST_GV_BTBACK;;7401537237;14657;14657.001;DR0336880;00GL0F;;;05267401;31;;0;103;VC4;URJH9VSI58SAN00000000000000000000540191710;.5;;IRD_CF
38267025;18362992;18362606;BANCO SANTANDER SA;Live;Caps And Floors;17-04-2018;17-04-2018;17-04-2028;17-04-2028;800000;EUR;253333.88;Floating;Buy;30/360 Linear;1M;EURIBOR-EURIBOR-1Y;0;0;3.193;15-04-2024;17-02-2025;17-03-2025;691.82;674.08;;15-04-2024;17-03-2025;N;Y;N;;;;;;;;;;;;;;;;;;;;;;;;;;;EUR;;ST_GV_BTBACK;;3686;14657;14657.002;DR0336881;BSTE;;;05800044;31;;10040.8827;103;CG1;1030266796SAN00000000000000000001667983621;.5;;IRD_CF
21286085;18774742;18774526;FUNDACAO ALFREDO DE SOUSA;Live;Caps And Floors;01-06-2018;11-06-2018;15-11-2028;15-11-2028;2250000;EUR;1021500;Floating;Sell;Actual/360 Linear;6M;EURIBOR-EURIBOR-1Y;0;.18;0;13-05-2024;15-11-2024;15-05-2025;0;0;;13-05-2025;15-05-2025;N;Y;N;;;;;;;;;;;;;;;;;;;;;;;;;;;EUR;;ST_GV_BTBPRJFIN;;7401375790;14813;14813.001;DR0342434;00FADU;;14813.001;05284370;31;;0;103;F2N;URJH9VSI58SAN00000000000000000000541105910;;0;IRD_CF
38258819;18774869;18774526;BANCO SANTANDER SA;Live;Caps And Floors;01-06-2018;11-06-2018;15-11-2028;15-11-2028;2250000;EUR;1021500;Floating;Buy;Actual/360 Linear;6M;EURIBOR-EURIBOR-1Y;0;.18;0;13-05-2024;15-11-2024;15-05-2025;0;0;;13-05-2025;15-05-2025;N;Y;N;;;;;;;;;;;;;;;;;;;;;;;;;;;EUR;;ST_GV_BTBPRJFIN;;3686;14813;14813.002;DR0337191;BSTE;;14813.002;05800044;31;;506.06774;103;V3F;URJH9VSI58SAN00000000000000000000541106110;;0;IRD_CF
50755688;22098611;1900197866;BANCO SANTANDER SA;Live;Caps And Floors;15-02-2017;24-02-2021;20-10-2025;20-10-2025;7412200;EUR;5652000;Floating;Buy;Actual/360 Linear;6M;EURIBOR-EURIBOR-6M;0;0;;25-08-2025;24-02-2025;20-10-2025;0;0;;15-10-2025;25-08-2025;N;N;N;;;;;;;;;;;;;;;;;;;;;;;;;;;EUR;;ST_ALM_SEG_RT;;3686;13410;13410.002;DR0339541;BSTE;;13410.002;05800044;31;;1769401.97497;103;C1G;URJH9VSI58SAN00000000000000000000548873610;0;;IRD_CF
38267333;22835883;22835829;BANCO SANTANDER SA;Live;Caps And Floors;17-08-2020;14-08-2020;16-08-2027;16-08-2027;916666.67;EUR;327381.05;Floating;Buy;Actual/360 Linear;3M;EURIBOR-EURIBOR-1Y;0;0;3.191;12-08-2024;14-02-2025;14-05-2025;2936.69;2582.66;;12-08-2024;14-05-2025;N;Y;N;;;;;;;;;;;;;;;;;;;;;;;;;;;EUR;;ST_GV_BTBACK;;3686;17865;17865.002;DR0345569;BSTE;;;05800044;31;;15679.67276;103;CG1;1030266796SAN00000000000000000001944863121;0;;IRD_CF
38267175;22835875;22835860;BANCO SANTANDER SA;Live;Caps And Floors;17-08-2020;14-08-2020;16-08-2027;16-08-2027;1166666.67;EUR;416666.79;Floating;Buy;Actual/360 Linear;3M;EURIBOR-EURIBOR-1Y;0;0;3.191;12-08-2024;14-02-2025;14-05-2025;3737.61;3287.03;;12-08-2024;14-05-2025;N;Y;N;;;;;;;;;;;;;;;;;;;;;;;;;;;EUR;;ST_GV_BTBACK;;3686;17864;17864.002;DR0341506;BSTE;;;05800044;31;;19955.94669;103;CG1;1030266796SAN00000000000000000001944863521;0;;IRD_CF
17833692;22835907;22835860;L M PERFIS INDUSTRIA DE PERFIS E PORTAS S A;Live;Caps And Floors;17-08-2020;14-08-2020;16-08-2027;16-08-2027;1166666.67;EUR;416666.79;Floating;Sell;Actual/360 Linear;3M;EURIBOR-EURIBOR-1Y;0;0;3.191;12-08-2024;14-02-2025;14-05-2025;3737.61;3287.03;;12-08-2024;14-05-2025;N;Y;N;;;;;;;;;;;;;;;;;;;;;;;;;;;EUR;;ST_GV_BTBACK;;5100500313;17864;17864.001;DR0341507;00LO10;;;05281999;31;;0;103;VC4;URJH9VSI58SAN00000000000000000000554056410;0;;IRD_CF
38267279;22835950;22835864;BANCO SANTANDER SA;Live;Caps And Floors;17-08-2020;14-09-2021;16-08-2027;16-08-2027;933333.33;EUR;388889.01;Floating;Buy;Actual/360 Linear;3M;EURIBOR-EURIBOR-1Y;0;0;3.191;12-08-2024;14-02-2025;14-05-2025;3488.43;3067.89;;12-08-2024;14-05-2025;N;Y;N;;;;;;;;;;;;;;;;;;;;;;;;;;;EUR;;ST_GV_BTBACK;;3686;17866;17866.002;DR0345568;BSTE;;;05800044;31;;18625.55171;103;CG1;1030266796SAN00000000000000000001944863621;0;;IRD_CF
21285797;22838104;22835864;FLEXIDOOR PORTOES SECCIONADOS E AUTOMATISMOS S A;Live;Caps And Floors;17-08-2020;14-09-2021;16-08-2027;16-08-2027;933333.33;EUR;388889.01;Floating;Sell;Actual/360 Linear;3M;EURIBOR-EURIBOR-1Y;0;0;3.191;12-08-2024;14-02-2025;14-05-2025;3488.43;3067.89;;12-08-2024;14-05-2025;N;Y;N;;;;;;;;;;;;;;;;;;;;;;;;;;;EUR;;ST_GV_BTBACK;;7400036539;17866;17866.001;DR0342362;FTHK;;;05241903;31;;0;103;VC4;URJH9VSI58SAN00000000000000000000554073410;0;;IRD_CF
21285995;22839291;22835829;TECNO PAN S A;Live;Caps And Floors;17-08-2020;14-08-2020;16-08-2027;16-08-2027;916666.67;EUR;327381.05;Floating;Sell;Actual/360 Linear;3M;EURIBOR-EURIBOR-1Y;0;0;3.191;12-08-2024;14-02-2025;14-05-2025;2936.69;2582.66;;12-08-2024;14-05-2025;N;Y;N;;;;;;;;;;;;;;;;;;;;;;;;;;;EUR;;ST_GV_BTBACK;;7400460285;17865;17865.001;DR0341571;00TL1P;;;05281996;31;;0;103;VC4;URJH9VSI58SAN00000000000000000000554086910;0;;IRD_CF
19492704;19492704;19492602;MOVHERA HIDROELETRICAS DO NORTE SA;Live;Caps And Floors;17-12-2020;17-12-2020;17-12-2035;17-12-2035;44606250;EUR;41709128.21;Floating;Sell;Actual/360 Linear;6M;EURIBOR-EURIBOR-6M;0;;0;27-12-2024;31-12-2024;30-06-2025;0;0;;26-06-2025;30-06-2025;N;Y;N;;;;;;;;;;;;;;;;;;;;;;;;;;;EUR;;ST_RT_CORP_GL;;7401940249;18353;18353.001;DR0343480;AGPRSA;;18353.001;05285150;31;1000210997;0;103;F2N;URJH9VSI58SAN00000000000000000000556705010;;-.5;IRD_CF
19492449;19492449;19492293;MOVHERA HIDROELETRICAS DO NORTE SA;Live;Caps And Floors;17-12-2020;17-12-2020;17-12-2035;17-12-2035;44606250;EUR;41709128.21;Floating;Sell;Actual/360 Linear;6M;EURIBOR-EURIBOR-6M;0;.519;0;27-12-2024;31-12-2024;30-06-2025;0;0;;26-06-2025;30-06-2025;N;Y;N;;;;;;;;;;;;;;;;;;;;;;;;;;;EUR;;ST_RT_CORP_GL;;7401940249;18352;18352.001;DR0341957;AGPRSA;;18352.001;05285150;31;1000210997;0;103;F2N;URJH9VSI58SAN00000000000000000000556704110;;0;IRD_CF
38258168;19492565;19492293;BANCO SANTANDER SA;Live;Caps And Floors;17-12-2020;17-12-2020;17-12-2035;17-12-2035;44606250;EUR;41709128.21;Floating;Buy;Actual/360 Linear;6M;EURIBOR-EURIBOR-6M;0;.519;0;27-12-2024;31-12-2024;30-06-2025;0;0;;26-06-2025;30-06-2025;N;Y;N;;;;;;;;;;;;;;;;;;;;;;;;;;;EUR;;ST_RT_CORP_GL;;3686;18352;18352.002;DR0341955;BSTE;;18352.002;05800044;31;;1093618.43915;103;V3F;1030266796SAN00000000000000000001992118421;;0;IRD_CF
38258294;19492839;19492602;BANCO SANTANDER SA;Live;Caps And Floors;17-12-2020;17-12-2020;17-12-2035;17-12-2035;44606250;EUR;41709128.21;Floating;Buy;Actual/360 Linear;6M;EURIBOR-EURIBOR-6M;0;.019;0;27-12-2024;31-12-2024;30-06-2025;0;0;;26-06-2025;30-06-2025;N;Y;N;;;;;;;;;;;;;;;;;;;;;;;;;;;EUR;;ST_RT_CORP_GL;;3686;18353;18353.002;DR0341956;BSTE;;18353.002;05800044;31;;621606.71871;103;V3F;1030266796SAN00000000000000000001992119221;;-.5;IRD_CF
22741781;22741781;22733206;HC HOSPITAIS CONCESSIONADOS SGPS S A;Live;Caps And Floors;06-07-2021;06-07-2021;02-12-2039;02-12-2039;33507000;EUR;29026194.3;Floating;Sell;Actual/360 Linear;6M;EURIBOR-EURIBOR-6M;0;;0;27-12-2024;31-12-2024;30-06-2025;0;0;;26-06-2025;30-06-2025;N;Y;N;;;;;;;;;;;;;;;;;;;;;;;;;;;EUR;;ST_GV_BTBPRJFIN;;7402111535;19070;19070.001;DR0342651;00H04X;;19070.004;05290111;31;1000285394;0;103;F2N;URJH9VSI58SAN00000000000000000000559614510;;-.5;IRD_CF
22742835;22742835;22733206;BANCO SANTANDER SA;Live;Caps And Floors;06-07-2021;06-07-2021;02-12-2039;02-12-2039;33507000;EUR;29026194.3;Floating;Buy;Actual/360 Linear;6M;EURIBOR-EURIBOR-6M;0;;0;27-12-2024;31-12-2024;30-06-2025;0;0;;26-06-2025;30-06-2025;N;Y;N;;;;;;;;;;;;;;;;;;;;;;;;;;;EUR;;ST_GV_BTBPRJFIN;;3686;19070;19070.002;DR0342652;BSTE;;19070.003;05800044;31;;458703.74966;103;V3F;1030266796SAN00000000000000000002068143521;;-.5;IRD_CF
23937553;23461030;23459112;TOTALENERGIES RENEWABLES PORTUGAL GREEN S.G.P.S. SA;Live;Caps And Floors;12-08-2021;12-08-2021;17-12-2040;17-12-2040;4932820;EUR;14513190;Floating;Sell;Actual/360 Linear;6M;EURIBOR-EURIBOR-6M;0;0;0;12-12-2024;16-12-2024;16-06-2025;0;0;;12-06-2025;16-06-2025;N;Y;N;;;;;;;;;;;;;;;;;;;;;;;;;;;EUR;;ST_GV_BTBPRJFIN;;7401471742;19189;19189.001;DR0342851;00GQBG;;19189.003;05291250;31;1000295826;0;103;VF4;URJH9VSI58SAN00000000000000000000560153610;;-1.75;IRD_CF
23461168;23461168;23459112;BANCO SANTANDER SA;Live;Caps And Floors;12-08-2021;12-08-2021;17-12-2040;17-12-2040;4932820;EUR;14513190;Floating;Buy;Actual/360 Linear;6M;EURIBOR-EURIBOR-6M;0;;0;12-12-2024;16-12-2024;16-06-2025;0;0;;12-06-2025;16-06-2025;N;Y;N;;;;;;;;;;;;;;;;;;;;;;;;;;;EUR;;ST_GV_BTBPRJFIN;;3686;19189;19189.002;DR0342852;BSTE;;19189.002;05800044;31;;40737.13137;103;FG1;1030266796SAN00000000000000000002081988121M;;-1.75;IRD_CF
26520021;26520021;26517627;TECNO PAN S A;Live;Caps And Floors;21-01-2022;30-12-2021;30-08-2027;30-08-2027;313676.29;EUR;281029.19;Floating;Sell;Actual/360 Linear;3M;EURIBOR-EURIBOR-1Y;0;;2.448;27-11-2024;29-11-2024;28-02-2025;3111.46;1739.01;;27-11-2024;28-02-2025;N;Y;N;;;;;;;;;;;;;;;;;;;;;;;;;;;EUR;;ST_GV_BTBACK;;7400460285;19787;19787.001;DR0343570;00TL1P;;;05281996;31;;0;103;VC4;URJH9VSI58SAN00000000000000000000562642610;0;;IRD_CF
26519185;26519185;26517492;FLEXIDOOR PORTOES SECCIONADOS E AUTOMATISMOS S A;Live;Caps And Floors;21-01-2022;30-12-2021;30-08-2027;30-08-2027;322647.43;EUR;289066.62;Floating;Sell;Actual/360 Linear;3M;EURIBOR-EURIBOR-1Y;0;;2.448;27-11-2024;29-11-2024;28-02-2025;3200.45;1788.74;;27-11-2024;28-02-2025;N;Y;N;;;;;;;;;;;;;;;;;;;;;;;;;;;EUR;;ST_GV_BTBACK;;7400036539;19786;19786.001;DR0343565;FTHK;;;05241903;31;;0;103;VC4;URJH9VSI58SAN00000000000000000000562638410;0;;IRD_CF
26519654;26519654;26517492;BANCO SANTANDER SA;Live;Caps And Floors;21-01-2022;30-12-2021;30-08-2027;30-08-2027;322647.43;EUR;289066.62;Floating;Buy;Actual/360 Linear;3M;EURIBOR-EURIBOR-1Y;0;0;2.448;27-11-2024;29-11-2024;28-02-2025;3200.45;1788.74;;27-11-2024;28-02-2025;N;Y;N;;;;;;;;;;;;;;;;;;;;;;;;;;;EUR;;ST_GV_BTBACK;;3686;19786;19786.002;DR0343566;BSTE;;;05800044;31;;10967.15553;103;CG1;1030266796SAN00000000000000000002145772921;0;;IRD_CF
26519754;26519754;26517543;L M PERFIS INDUSTRIA DE PERFIS E PORTAS S A;Live;Caps And Floors;21-01-2022;30-12-2021;30-08-2027;30-08-2027;313676.29;EUR;281029.19;Floating;Sell;Actual/360 Linear;3M;EURIBOR-EURIBOR-1Y;0;;2.448;27-11-2024;29-11-2024;28-02-2025;3111.46;1739.01;;27-11-2024;28-02-2025;N;Y;N;;;;;;;;;;;;;;;;;;;;;;;;;;;EUR;;ST_GV_BTBACK;;5100500313;19788;19788.001;DR0343569;00LO10;;;05281999;31;;0;103;VC4;URJH9VSI58SAN00000000000000000000562642410;0;;IRD_CF
26520010;26520010;26517543;BANCO SANTANDER SA;Live;Caps And Floors;21-01-2022;30-12-2021;30-08-2027;30-08-2027;313676.29;EUR;281029.19;Floating;Buy;Actual/360 Linear;3M;EURIBOR-EURIBOR-1Y;0;;2.448;27-11-2024;29-11-2024;28-02-2025;3111.46;1739.01;;27-11-2024;28-02-2025;N;Y;N;;;;;;;;;;;;;;;;;;;;;;;;;;;EUR;;ST_GV_BTBACK;;3686;19788;19788.002;DR0343567;BSTE;;;05800044;31;;10662.21613;103;CG1;1030266796SAN00000000000000000002145773521;0;;IRD_CF
26520192;26520192;26517627;BANCO SANTANDER SA;Live;Caps And Floors;21-01-2022;30-12-2021;30-08-2027;30-08-2027;313676.29;EUR;281029.19;Floating;Buy;Actual/360 Linear;3M;EURIBOR-EURIBOR-1Y;0;;2.448;27-11-2024;29-11-2024;28-02-2025;3111.46;1739.01;;27-11-2024;28-02-2025;N;Y;N;;;;;;;;;;;;;;;;;;;;;;;;;;;EUR;;ST_GV_BTBACK;;3686;19787;19787.002;DR0343568;BSTE;;;05800044;31;;10662.21613;103;CG1;1030266796SAN00000000000000000002145773621;0;;IRD_CF
26330426;26330426;26328831;SANINDUSA INDUSTRIA DE SANITARIOS S A;Live;Caps And Floors;12-01-2022;17-12-2021;17-12-2030;17-12-2030;2000000;EUR;2000000;Floating;Sell;Actual/360 Linear;6M;EURIBOR-EURIBOR-6M;0;0;2.639;13-12-2024;17-12-2024;17-06-2025;38053.83;26683.22;;13-06-2025;17-06-2025;N;Y;N;;;;;;;;;;;;;;;;;;;;;;;;;;;EUR;;ST_GV_BTBPRJFIN;;7402245918;19744;19744.001;DR0343544;00S2O3;;;05295450;31;;23623.37462;103;VC4;URJH9VSI58SAN00000000000000000000562504910M;0;;IRD_CF
26330518;26330518;26328667;SANINDUSA INDUSTRIA DE SANITARIOS S A;Live;Caps And Floors;12-01-2022;17-12-2021;17-12-2030;17-12-2030;5250000;EUR;3705882.35294118;Floating;Sell;Actual/360 Linear;6M;EURIBOR-EURIBOR-6M;0;0;2.639;13-12-2024;17-12-2024;17-06-2025;76387.47;49442.44;;13-06-2025;17-06-2025;N;Y;N;;;;;;;;;;;;;;;;;;;;;;;;;;;EUR;;ST_GV_BTBPRJFIN;;7402245918;19745;19745.001;DR0343542;00S2O3;;;05295450;31;;46587.1841;103;VC4;URJH9VSI58SAN00000000000000000000562505210M;0;;IRD_CF
28493023;28493023;28490294;AQUINOS INDUSTRY BUSINESS AND MANAGEMENT S A;Live;Caps And Floors;28-04-2022;31-03-2022;29-03-2029;29-03-2029;7500000;EUR;6112500;Floating;Sell;Actual/360 Linear;6M;EURIBOR-EURIBOR-6M;0;.381;0;26-09-2024;30-09-2024;31-03-2025;0;0;;27-03-2025;31-03-2025;N;Y;N;;;;;;;;;;;;;;;;;;;;;;;;;;;EUR;;ST_GV_BTBACK;;7402175994;20143;20143.001;DR0344512;00C4WP;;20143.001;05298094;31;1000366462;0;103;F2N;URJH9VSI58SAN00000000000000000000564070110;;0;IRD_CF
28493465;28493465;28490294;BANCO SANTANDER SA;Live;Caps And Floors;28-04-2022;31-03-2022;29-03-2029;29-03-2029;7500000;EUR;6112500;Floating;Buy;Actual/360 Linear;6M;EURIBOR-EURIBOR-6M;0;.381;0;26-09-2024;30-09-2024;31-03-2025;0;0;;27-03-2025;31-03-2025;N;Y;N;;;;;;;;;;;;;;;;;;;;;;;;;;;EUR;;ST_GV_BTBACK;;3686;20143;20143.002;DR0345272;BSTE;;20143.002;05800044;31;;4823.34915;103;V3F;1030266796SAN00000000000000000002183970621M;;0;IRD_CF
31254096;31254096;31253691;ECOGRES - CERAMICA ECOLOGICA, LDA;Live;Caps And Floors;06-09-2022;31-08-2024;31-08-2027;31-08-2027;5250000;EUR;5010327.14;Floating;Buy;30/360 Linear;1M;EURIBOR-EURIBOR-1Y;0;0;0;29-08-2024;31-01-2025;28-02-2025;0;0;;29-08-2024;28-02-2025;N;Y;N;;;;;;;;;;;;;;;;;;;;;;;;;;;EUR;;ST_GV_BTBACK;;7402193927;20448;20448.001;DR0344396;00E5JN;;20448.001;05294670;31;1000406618;27854.04983;103;C2A;URJH9VSI58SAN00000000000000000000566124810;3.5;;IRD_CF
31254259;31254259;31253691;BANCO SANTANDER SA;Live;Caps And Floors;06-09-2022;31-08-2024;31-08-2027;31-08-2027;5250000;EUR;5010327.14;Floating;Sell;30/360 Linear;1M;EURIBOR-EURIBOR-1Y;0;0;0;29-08-2024;31-01-2025;28-02-2025;0;0;;29-08-2024;28-02-2025;N;Y;N;;;;;;;;;;;;;;;;;;;;;;;;;;;EUR;;ST_GV_BTBACK;;3686;20448;20448.002;DR0344429;BSTE;;20448.002;05800044;31;;0;103;V3C;1030266796SAN00000000000000000002235456721;3.5;;IRD_CF
34784156;34784156;34778303;KEYPORDORM, LDA;Live;Caps And Floors;06-02-2023;07-12-2022;30-06-2025;30-06-2025;1400000;EUR;5250000;Floating;Sell;Actual/360 Linear;3M;EURIBOR-EURIBOR-3M;0;0;0;27-12-2024;31-12-2024;31-03-2025;4628.75;0;;27-03-2025;31-03-2025;N;Y;N;;;;;;;;;;;;;;;;;;;;;;;;;;;EUR;;ST_GV_BTBACK;;7402127462;20808;20808.001;DR0345048;00KQ6H;;;05C05006;31;;0;103;VC4;URJH9VSI58SAN00000000000000000000568458810;3;;IRD_CF
34784834;34784834;34778303;BANCO SANTANDER SA;Live;Caps And Floors;06-02-2023;07-12-2022;30-06-2025;30-06-2025;1400000;EUR;5250000;Floating;Buy;Actual/360 Linear;3M;EURIBOR-EURIBOR-3M;0;0;0;27-12-2024;31-12-2024;31-03-2025;4628.75;0;;27-03-2025;31-03-2025;N;Y;N;;;;;;;;;;;;;;;;;;;;;;;;;;;EUR;;ST_GV_BTBACK;;3686;20808;20808.002;DR0345049;BSTE;;;05800044;31;;822.04903;103;CG1;5493006QMFDDMYWIAM13GBO00000000000000000002303476821;3;;IRD_CF
37047168;37047168;37033046;BANCO SANTANDER SA;Live;Caps And Floors;04-05-2023;27-07-2023;27-10-2025;27-10-2025;50000000;EUR;50000000;Floating;Sell;Actual/360 Linear;3M;EURIBOR-EURIBOR-3M;0;0;0;23-01-2025;27-01-2025;28-04-2025;0;0;;24-04-2025;28-04-2025;N;Y;N;;;;;;;;;;;;;;;;;;;;;;;;;;;EUR;;ST_RT_CORP_GL;;3686;21072;21072.002;DR0345361;BSTE;;21072.002;05800044;31;;0;103;VF3;5493006QMFDDMYWIAM13GBO00000000000000000002344448821;;1.9;IRD_CF
37047194;37047194;37033046;BANCO SANTANDER SA;Live;Caps And Floors;04-05-2023;27-07-2023;27-10-2025;27-10-2025;50000000;EUR;50000000;Floating;Buy;Actual/360 Linear;3M;EURIBOR-EURIBOR-3M;0;0;0;23-01-2025;27-01-2025;28-04-2025;0;0;;24-04-2025;28-04-2025;N;Y;N;;;;;;;;;;;;;;;;;;;;;;;;;;;EUR;;ST_RT_CORP_GL;;3686;21072;21072.002;DR0345357;BSTE;;21072.002;05800044;31;;47.87594;103;CG1;5493006QMFDDMYWIAM13GBO00000000000000000002344448721;4;;IRD_CF
37048031;37048031;37033063;BANCO SANTANDER SA;Live;Caps And Floors;04-05-2023;27-07-2023;27-10-2025;27-10-2025;45000000;EUR;45000000;Floating;Sell;Actual/360 Linear;3M;EURIBOR-EURIBOR-3M;0;0;0;23-01-2025;27-01-2025;28-04-2025;0;0;;24-04-2025;28-04-2025;N;Y;N;;;;;;;;;;;;;;;;;;;;;;;;;;;EUR;;ST_RT_CORP_GL;;3686;21071;21071.002;DR0345358;BSTE;;21071.006;05800044;31;;0;103;VF3;5493006QMFDDMYWIAM13GBO00000000000000000002344449721;;1.93;IRD_CF
37066595;37066595;37033046;NOS SGPS S.A.;Live;Caps And Floors;04-05-2023;27-07-2023;27-10-2025;27-10-2025;50000000;EUR;50000000;Floating;Buy;Actual/360 Linear;3M;EURIBOR-EURIBOR-3M;0;0;0;23-01-2025;27-01-2025;28-04-2025;0;0;;24-04-2025;28-04-2025;N;Y;N;;;;;;;;;;;;;;;;;;;;;;;;;;;EUR;;ST_RT_CORP_GL;;8046287003;21072;21072.001;DR0345355;5PTV;;21072.001;05229365;31;1000504830;92898.81892;103;FN2;URJH9VSI58SAN00000000000000000000569755310;;1.9;IRD_CF
37066735;37066735;37033063;NOS SGPS S.A.;Live;Caps And Floors;04-05-2023;27-07-2023;27-10-2025;27-10-2025;45000000;EUR;45000000;Floating;Buy;Actual/360 Linear;3M;EURIBOR-EURIBOR-3M;0;0;0;23-01-2025;27-01-2025;28-04-2025;0;0;;24-04-2025;28-04-2025;N;Y;N;;;;;;;;;;;;;;;;;;;;;;;;;;;EUR;;ST_RT_CORP_GL;;8046287003;21071;21071.001;DR0345354;5PTV;;21071.005;05229365;31;1000504830;87020.37547;103;FN2;URJH9VSI58SAN00000000000000000000569755510;;1.93;IRD_CF
37066613;37066613;37033046;NOS SGPS S.A.;Live;Caps And Floors;04-05-2023;27-07-2023;27-10-2025;27-10-2025;50000000;EUR;50000000;Floating;Sell;Actual/360 Linear;3M;EURIBOR-EURIBOR-3M;0;0;0;23-01-2025;27-01-2025;28-04-2025;0;0;;24-04-2025;28-04-2025;N;Y;N;;;;;;;;;;;;;;;;;;;;;;;;;;;EUR;;ST_RT_CORP_GL;;8046287003;21072;21072.001;DR0345359;5PTV;;21072.001;05229365;31;1000504830;0;103;VC4;URJH9VSI58SAN00000000000000000000569755410;4;;IRD_CF
37066775;37066775;37033063;NOS SGPS S.A.;Live;Caps And Floors;04-05-2023;27-07-2023;27-10-2025;27-10-2025;45000000;EUR;45000000;Floating;Sell;Actual/360 Linear;3M;EURIBOR-EURIBOR-3M;0;0;0;23-01-2025;27-01-2025;28-04-2025;0;0;;24-04-2025;28-04-2025;N;Y;N;;;;;;;;;;;;;;;;;;;;;;;;;;;EUR;;ST_RT_CORP_GL;;8046287003;21071;21071.001;DR0345356;5PTV;;21071.005;05229365;31;1000504830;0;103;VC4;URJH9VSI58SAN00000000000000000000569755610;4;;IRD_CF
37048039;37048039;37033063;BANCO SANTANDER SA;Live;Caps And Floors;04-05-2023;27-07-2023;27-10-2025;27-10-2025;45000000;EUR;45000000;Floating;Buy;Actual/360 Linear;3M;EURIBOR-EURIBOR-3M;0;0;0;23-01-2025;27-01-2025;28-04-2025;0;0;;24-04-2025;28-04-2025;N;Y;N;;;;;;;;;;;;;;;;;;;;;;;;;;;EUR;;ST_RT_CORP_GL;;3686;21071;21071.002;DR0345360;BSTE;;21071.006;05800044;31;;43.08754;103;CG1;5493006QMFDDMYWIAM13GBO00000000000000000002344449821;4;;IRD_CF
49973951;37877295;37830561;EMISSOES PASSIVO, PORTUGAL;Live;Caps And Floors;06-06-2023;28-06-2023;28-06-2025;28-06-2025;13725000;EUR;35950500;Floating;Sell;Act/ActISMA;1Y;EURIBOR-EURIBOR-3M;0;0;;20-06-2025;28-06-2024;30-06-2025;0;0;;;;N;N;N;;;;;;;;;;;;;;;;;;;;;;;;;;;EUR;;ST_ALM_DER_E_RT;;0000041875;21137;21137.002;DR0346996;9CFL;FICTICIA;21137.002;05901046;31;;0;103;CV4;URJH9VSI58SAN00000000000000000000570264610;.55555556;;IRD_CF
49974008;37863192;37830561;BANCO SANTANDER SA;Live;Caps And Floors;06-06-2023;28-06-2023;28-06-2025;28-06-2025;13725000;EUR;35950500;Floating;Buy;Act/ActISMA;1Y;EURIBOR-EURIBOR-3M;0;0;;20-06-2025;28-06-2024;30-06-2025;0;0;;;;N;N;N;;;;;;;;;;;;;;;;;;;;;;;;;;;EUR;;ST_ALM_DER_E_RT;;3686;21137;21137.001;DR0345451;BSTE;;21137.001;05800044;31;;868688.29565;103;C1G;5493006QMFDDMYWIAM13GBO00000000000000000002360658921;.55555556;;IRD_CF
38596917;37874435;37830561;BANCO SANTANDER SA;Live;Caps And Floors;06-06-2023;28-06-2023;28-06-2025;28-06-2025;13725000;EUR;35950500;Floating;Sell;Act/ActISMA;1Y;EURIBOR-EURIBOR-3M;0;0;;20-06-2025;28-06-2024;30-06-2025;0;0;;;;N;N;N;;;;;;;;;;;;;;;;;;;;;;;;;;;EUR;;ST_ALM_DER_E_RT;;3686;21137;21137.001;DR0345448;BSTE;;21137.001;05800044;31;;0;103;C1G;5493006QMFDDMYWIAM13GBO00000000000000000002360658821;4.44444444;;IRD_CF
38596536;37877297;37830561;EMISSOES PASSIVO, PORTUGAL;Live;Caps And Floors;06-06-2023;28-06-2023;28-06-2025;28-06-2025;13725000;EUR;35950500;Floating;Buy;Act/ActISMA;1Y;EURIBOR-EURIBOR-3M;0;0;;20-06-2025;28-06-2024;30-06-2025;0;0;;;;N;N;N;;;;;;;;;;;;;;;;;;;;;;;;;;;EUR;;ST_ALM_DER_E_RT;;0000041875;21137;21137.002;DR0345449;9CFL;FICTICIA;21137.002;05901046;31;;.66171;103;CV4;URJH9VSI58SAN00000000000000000000570264710;4.44444444;;IRD_CF
40536396;40536396;40531661;MOTRINDE - MONTAGENS TECNICAS E REPARACOES INDUSTRIAIS S.A.;Live;Caps And Floors;25-09-2023;21-09-2023;20-09-2028;20-09-2028;2000000;EUR;1500000;Floating;Sell;Actual/360 Linear;3M;EURIBOR-EURIBOR-3M;0;0;0;18-12-2024;20-12-2024;20-03-2025;0;0;;18-03-2025;20-03-2025;N;Y;N;;;;;;;;;;;;;;;;;;;;;;;;;;;EUR;;ST_GV_BTBACK;;8039091145;21431;21431.001;DR0345884;00M0A2;;21431.003;05273884;31;;0;103;F2N;URJH9VSI58SAN00000000000000000000571933010;;0;IRD_CF
40536749;40536749;40531661;BANCO SANTANDER SA;Live;Caps And Floors;25-09-2023;21-09-2023;20-09-2028;20-09-2028;2000000;EUR;1500000;Floating;Buy;Actual/360 Linear;3M;EURIBOR-EURIBOR-3M;0;0;0;18-12-2024;20-12-2024;20-03-2025;0;0;;18-03-2025;20-03-2025;N;Y;N;;;;;;;;;;;;;;;;;;;;;;;;;;;EUR;;ST_GV_BTBACK;;3686;21431;21431.002;DR0345883;BSTE;;21431.002;05800044;31;;800.19415;103;V3F;5493006QMFDDMYWIAM13GBO00000000000000000002411581721M;;0;IRD_CF
41019988;41019988;41016697;BANCO SANTANDER SA;Live;Caps And Floors;13-10-2023;12-10-2023;30-03-2027;30-03-2027;5600000;EUR;8000000;Floating;Buy;Actual/360 Linear;6M;EURIBOR-EURIBOR-6M;0;0;0;26-09-2024;30-09-2024;31-03-2025;0;0;;27-03-2025;31-03-2025;N;Y;N;;;;;;;;;;;;;;;;;;;;;;;;;;;EUR;;ST_GV_BTBACK;;3686;21469;21469.002;DR0345962;BSTE;;21469.002;05800044;31;;3435.87324;103;V3F;5493006QMFDDMYWIAM13GBO00000000000000000002421270821;;0;IRD_CF
41020106;41020106;41016697;CS WIND PORTUGAL S A;Live;Caps And Floors;13-10-2023;12-10-2023;30-03-2027;30-03-2027;5600000;EUR;8000000;Floating;Sell;Actual/360 Linear;6M;EURIBOR-EURIBOR-6M;0;0;0;26-09-2024;30-09-2024;31-03-2025;0;0;;27-03-2025;31-03-2025;N;Y;N;;;;;;;;;;;;;;;;;;;;;;;;;;;EUR;;ST_GV_BTBACK;;7401486525;21469;21469.001;DR0345961;00F6O3;;21469.001;05C02342;31;;0;103;F2N;URJH9VSI58SAN00000000000000000000572217010;;0;IRD_CF
41099882;41099882;41096020;MADEIRA SKYPARK ADVENTURE - ATIVIDADES TURISTICAS, LDA;Live;Caps And Floors;17-10-2023;02-04-2024;17-10-2033;17-10-2033;540704.18;EUR;6439810.07;Floating;Sell;Actual/360 Linear;6M;EURIBOR-EURIBOR-1Y;0;0;0;27-12-2024;31-12-2024;30-06-2025;0;0;;27-12-2024;30-06-2025;N;Y;N;;;;;;;;;;;;;;;;;;;;;;;;;;;EUR;;ST_GV_BTBACK;;7402030542;21480;21480.001;DR0345986;00J6AU;;21480.001;05C11006;31;;0;103;F2N;URJH9VSI58SAN00000000000000000000572268410;;0;IRD_CF
41100631;41100631;41096020;BANCO SANTANDER SA;Live;Caps And Floors;17-10-2023;02-04-2024;17-10-2033;17-10-2033;540704.18;EUR;6439810.07;Floating;Buy;Actual/360 Linear;6M;EURIBOR-EURIBOR-1Y;0;0;0;27-12-2024;31-12-2024;30-06-2025;0;0;;27-12-2024;30-06-2025;N;Y;N;;;;;;;;;;;;;;;;;;;;;;;;;;;EUR;;ST_GV_BTBACK;;3686;21480;21480.002;DR0345985;BSTE;;21480.003;05800044;31;;159615.64729;103;V3F;5493006QMFDDMYWIAM13GBO00000000000000000002422913821;;0;IRD_CF
52556052;42099358;42092545;EMISSOES PASSIVO, PORTUGAL;Live;Caps And Floors;28-11-2023;21-12-2023;21-12-2025;21-12-2025;7300000;EUR;1534095;Floating;Sell;Act/ActISMA;1Y;EURIBOR-EURIBOR-1Y;0;0;;18-12-2025;21-12-2024;22-12-2025;0;0;;;;N;N;N;;;;;;;;;;;;;;;;;;;;;;;;;;;EUR;;ST_ALM_DER_E_RT;;0000041875;21614;21614.002;DR0346348;9CFL;FICTICIA;21614.002;05901046;31;;0;103;CV4;URJH9VSI58SAN00000000000000000000572908510;1.50684932;;IRD_CF
52556221;42099891;42092545;BANCO SANTANDER SA;Live;Caps And Floors;28-11-2023;21-12-2023;21-12-2025;21-12-2025;7300000;EUR;1534095;Floating;Buy;Act/ActISMA;1Y;EURIBOR-EURIBOR-1Y;0;0;;18-12-2025;21-12-2024;22-12-2025;0;0;;;;N;N;N;;;;;;;;;;;;;;;;;;;;;;;;;;;EUR;;ST_ALM_DER_E_RT;;3686;21614;21614.001;DR0346349;BSTE;;21614.001;05800044;31;;30102.88293;103;C1G;5493006QMFDDMYWIAM13GBO00000000000000000002444204621;1.50684932;;IRD_CF
52556203;42099844;42092545;EMISSOES PASSIVO, PORTUGAL;Live;Caps And Floors;28-11-2023;21-12-2023;21-12-2025;21-12-2025;7300000;EUR;1534095;Floating;Buy;Act/ActISMA;1Y;EURIBOR-EURIBOR-1Y;0;0;;18-12-2025;21-12-2024;22-12-2025;0;0;;;;N;N;N;;;;;;;;;;;;;;;;;;;;;;;;;;;EUR;;ST_ALM_DER_E_RT;;0000041875;21614;21614.002;DR0346136;9CFL;FICTICIA;21614.002;05901046;31;;371.97292;103;CV4;URJH9VSI58SAN00000000000000000000572908610;4.10958904;;IRD_CF
52556386;42099979;42092545;BANCO SANTANDER SA;Live;Caps And Floors;28-11-2023;21-12-2023;21-12-2025;21-12-2025;7300000;EUR;1534095;Floating;Sell;Act/ActISMA;1Y;EURIBOR-EURIBOR-1Y;0;0;;18-12-2025;21-12-2024;22-12-2025;0;0;;;;N;N;N;;;;;;;;;;;;;;;;;;;;;;;;;;;EUR;;ST_ALM_DER_E_RT;;3686;21614;21614.001;DR0346138;BSTE;;21614.001;05800044;31;;0;103;C1G;5493006QMFDDMYWIAM13GBO00000000000000000002444204421;4.10958904;;IRD_CF
42451783;42451783;42447295;TAPECARIAS FERREIRA DE SA LDA;Live;Caps And Floors;12-12-2023;28-06-2024;30-06-2027;30-06-2027;9700000;EUR;9200000;Floating;Buy;Actual/360 Linear;3M;EURIBOR-EURIBOR-3M;0;0;0;24-12-2024;30-12-2024;31-03-2025;0;0;;27-03-2025;31-03-2025;N;Y;N;;;;;;;;;;;;;;;;;;;;;;;;;;;EUR;;ST_GV_BTBPRJFIN;;7402610604;21640;21640.001;DR0346193;00I6MB;;21640.001;05C09847;31;1000573907;173941.95118;103;FN2;URJH9VSI58SAN00000000000000000000573087210;;2.3;IRD_CF
42453906;42453906;42447295;BANCO SANTANDER SA;Live;Caps And Floors;12-12-2023;28-06-2024;30-06-2027;30-06-2027;9700000;EUR;9200000;Floating;Sell;Actual/360 Linear;3M;EURIBOR-EURIBOR-3M;0;0;0;24-12-2024;30-12-2024;31-03-2025;0;0;;27-03-2025;31-03-2025;N;Y;N;;;;;;;;;;;;;;;;;;;;;;;;;;;EUR;;ST_GV_BTBPRJFIN;;3686;21640;21640.002;DR0346194;BSTE;;21640.002;05800044;31;;0;103;VF3;5493006QMFDDMYWIAM13GBO00000000000000000002451197621;;2.3;IRD_CF
42452497;42452497;42447295;TAPECARIAS FERREIRA DE SA LDA;Live;Caps And Floors;12-12-2023;28-06-2024;30-06-2027;30-06-2027;9700000;EUR;9200000;Floating;Sell;Actual/360 Linear;3M;EURIBOR-EURIBOR-3M;0;.722;0;24-12-2024;30-12-2024;31-03-2025;8459.21;0;;27-03-2025;31-03-2025;N;Y;N;;;;;;;;;;;;;;;;;;;;;;;;;;;EUR;;ST_GV_BTBPRJFIN;;7402610604;21640;21640.001;DR0346196;00I6MB;;21640.001;05C09847;31;;0;103;VC4;URJH9VSI58SAN00000000000000000000573087310;3;;IRD_CF
42453931;42453931;42447295;BANCO SANTANDER SA;Live;Caps And Floors;12-12-2023;28-06-2024;30-06-2027;30-06-2027;9700000;EUR;9200000;Floating;Buy;Actual/360 Linear;3M;EURIBOR-EURIBOR-3M;0;.722;0;24-12-2024;30-12-2024;31-03-2025;8459.21;0;;27-03-2025;31-03-2025;N;Y;N;;;;;;;;;;;;;;;;;;;;;;;;;;;EUR;;ST_GV_BTBPRJFIN;;3686;21640;21640.002;DR0346195;BSTE;;21640.002;05800044;31;;79324.96721;103;CG1;5493006QMFDDMYWIAM13GBO00000000000000000002451197821;3;;IRD_CF
45225454;45225454;45223636;AQUINOS INDUSTRY BUSINESS AND MANAGEMENT S A;Live;Caps And Floors;04-04-2024;04-04-2024;04-04-2031;04-04-2031;885500;EUR;863362.5;Floating;Sell;Actual/360 Linear;6M;EURIBOR-EURIBOR-6M;0;0;0;02-10-2024;04-10-2024;04-04-2025;0;0;;02-04-2025;04-04-2025;N;Y;N;;;;;;;;;;;;;;;;;;;;;;;;;;;EUR;;ST_GV_BTBACK;;7402175994;22056;22056.001;DR0347960;00C4WP;;22056.001;05298094;31;;0;103;F2N;URJH9VSI58SAN00000000000000000000574754310;;0;IRD_CF
45225593;45225593;45223636;BANCO SANTANDER SA;Live;Caps And Floors;04-04-2024;04-04-2024;04-04-2031;04-04-2031;885500;EUR;863362.5;Floating;Buy;Actual/360 Linear;6M;EURIBOR-EURIBOR-6M;0;0;0;02-10-2024;04-10-2024;04-04-2025;0;0;;02-04-2025;04-04-2025;N;Y;N;;;;;;;;;;;;;;;;;;;;;;;;;;;EUR;;ST_GV_BTBACK;;3686;22056;22056.002;DR0346619;BSTE;;22056.002;05800044;31;;3230.19847;103;FG1;5493006QMFDDMYWIAM13GBO00000000000000000002509148921;;0;IRD_CF
47534227;47534227;47525720;BANCO SANTANDER SA;Live;Caps And Floors;28-06-2024;28-06-2024;28-06-2027;28-06-2027;10000000;EUR;10000000;Floating;Buy;Actual/360 Linear;6M;EURIBOR-EURIBOR-6M;0;0;0;24-12-2024;30-12-2024;30-06-2025;0;0;;26-06-2025;30-06-2025;N;Y;N;;;;;;;;;;;;;;;;;;;;;;;;;;;EUR;;ST_GV_BTBACK;;3686;22299;22299.002;DR0346867;BSTE;;22299.002;05800044;31;;3033.87703;103;V3F;;;0;IRD_CF
47534497;47534497;47525720;GREENVOLT - ENERGIAS RENOVAVEIS S.A.;Live;Caps And Floors;28-06-2024;28-06-2024;28-06-2027;28-06-2027;10000000;EUR;10000000;Floating;Sell;Actual/360 Linear;6M;EURIBOR-EURIBOR-6M;0;0;0;24-12-2024;30-12-2024;30-06-2025;0;0;;26-06-2025;30-06-2025;N;Y;N;;;;;;;;;;;;;;;;;;;;;;;;;;;EUR;;ST_GV_BTBACK;;7400427931;22299;22299.001;DR0346866;00E062;;22299.001;05289952;31;;0;103;F2N;URJH9VSI58SAN00000000000000000000576038910;;0;IRD_CF
48274755;48274755;48273527;BANCO SANTANDER SA;Live;Caps And Floors;25-07-2024;25-07-2024;25-07-2034;25-07-2034;2043750;EUR;5499375;Floating;Buy;Actual/360 Linear;6M;EURIBOR-EURIBOR-6M;0;0;0;23-01-2025;25-01-2025;25-07-2025;0;0;;23-07-2025;25-07-2025;N;Y;N;;;;;;;;;;;;;;;;;;;;;;;;;;;EUR;;ST_GV_BTBACK;;3686;22389;22389.002;DR0346970;BSTE;;22389.002;05800044;31;;2001397.55361;103;CG1;;4;;IRD_CF
48274832;48274832;48273527;VERDELAGO SOCIEDADE IMOBILIARIA S A;Live;Caps And Floors;25-07-2024;25-07-2024;25-07-2034;25-07-2034;2043750;EUR;5499375;Floating;Sell;Actual/360 Linear;6M;EURIBOR-EURIBOR-6M;0;0;0;23-01-2025;25-01-2025;25-07-2025;0;0;;23-07-2025;25-07-2025;N;Y;N;;;;;;;;;;;;;;;;;;;;;;;;;;;EUR;;ST_GV_BTBACK;;7400226941;22389;22389.001;DR0346969;00W9QR;;22389.001;05C18971;31;;0;103;VC4;URJH9VSI58SAN0000000000000000000576447310T;4;;IRD_CF
47946223;47946223;47932559;BANCO SANTANDER SA;Live;Caps And Floors;12-07-2024;27-08-2024;27-08-2029;27-08-2029;50000000;EUR;50000000;Floating;Buy;Actual/360 Linear;3M;EURIBOR-EURIBOR-3M;0;0;0;25-11-2024;27-11-2024;27-02-2025;0;0;;25-02-2025;27-02-2025;N;Y;N;;;;;;;;;;;;;;;;;;;;;;;;;;;EUR;;ST_RT_CORP_GL;;3686;22347;22347.002;DR0346934;BSTE;;22347.002;05800044;31;;266185.12888;103;V3F;;;0;IRD_CF
47944422;47944422;47932559;SONAE SGPS SA;Live;Caps And Floors;12-07-2024;27-08-2024;27-08-2029;27-08-2029;50000000;EUR;50000000;Floating;Sell;Actual/360 Linear;3M;EURIBOR-EURIBOR-3M;0;0;0;25-11-2024;27-11-2024;27-02-2025;0;0;;25-02-2025;27-02-2025;N;Y;N;;;;;;;;;;;;;;;;;;;;;;;;;;;EUR;;ST_RT_CORP_GL;;1124;22347;22347.001;DR0346935;TSVM;;22347.001;05201886;31;;0;103;F2N;URJH9VSI58SAN00000000000000000000576266310;;0;IRD_CF
48274794;48274794;48273527;BANCO SANTANDER SA;Live;Caps And Floors;25-07-2024;25-07-2024;25-07-2034;25-07-2034;2043750;EUR;5499375;Floating;Sell;Actual/360 Linear;6M;EURIBOR-EURIBOR-6M;0;0;0;23-01-2025;25-01-2025;25-07-2025;0;0;;23-07-2025;25-07-2025;N;Y;N;;;;;;;;;;;;;;;;;;;;;;;;;;;EUR;;ST_GV_BTBACK;;3686;22389;22389.002;DR0346971;BSTE;;22389.002;05800044;31;;0;103;VF3;;;2.2;IRD_CF
48274911;48274911;48273527;VERDELAGO SOCIEDADE IMOBILIARIA S A;Live;Caps And Floors;25-07-2024;25-07-2024;25-07-2034;25-07-2034;2043750;EUR;5499375;Floating;Buy;Actual/360 Linear;6M;EURIBOR-EURIBOR-6M;0;0;0;23-01-2025;25-01-2025;25-07-2025;0;0;;23-07-2025;25-07-2025;N;Y;N;;;;;;;;;;;;;;;;;;;;;;;;;;;EUR;;ST_GV_BTBACK;;7400226941;22389;22389.001;DR0346972;00W9QR;;22389.001;05C18971;31;1000643939;4359364.89761;103;FN2;URJH9VSI58SAN00000000000000000000576449610;;2.2;IRD_CF
48587026;48587026;26328667;BANCO SANTANDER SA;Live;Caps And Floors;12-01-2022;17-12-2021;17-12-2030;17-12-2030;5250000;EUR;3705882.35294118;Floating;Buy;Actual/360 Linear;6M;EURIBOR-EURIBOR-6M;0;0;2.639;13-12-2024;17-12-2024;17-06-2025;76387.47426471;49442.44;;13-06-2025;17-06-2025;N;Y;N;;;;;;;;;;;;;;;;;;;;;;;;;;;EUR;;ST_GV_BTBPRJFIN;;3686;19745;19745.002;DR0347008;BSTE;;;05800044;31;;271437.25395;103;CG1;1030266796SAN00000000000000000002142476021;0;;IRD_CF
48586746;48586746;26328831;BANCO SANTANDER SA;Live;Caps And Floors;12-01-2022;17-12-2021;17-12-2030;17-12-2030;2000000;EUR;2000000;Floating;Buy;Actual/360 Linear;6M;EURIBOR-EURIBOR-6M;0;0;2.639;13-12-2024;17-12-2024;17-06-2025;38053.83333333;26683.22;;13-06-2025;17-06-2025;N;Y;N;;;;;;;;;;;;;;;;;;;;;;;;;;;EUR;;ST_GV_BTBPRJFIN;;3686;19744;19744.002;DR0347007;BSTE;;;05800044;31;;143527.00141;103;CG1;1030266796SAN00000000000000000002142479021;0;;IRD_CF
49538907;49538907;49536599;BRAFERO - SOCIEDADE IMOBILIARIA SA;Live;Caps And Floors;11-09-2024;11-09-2024;30-09-2031;30-09-2031;15462962.6;EUR;15462962.6;Floating;Sell;Actual/360 Linear;3M;EURIBOR-EURIBOR-3M;0;0;0;24-12-2024;30-12-2024;31-03-2025;0;0;;27-03-2025;31-03-2025;N;Y;N;;;;;;;;;;;;;;;;;;;;;;;;;;;EUR;;ST_GV_BTBACK;;8046441061;22564;22564.001;DR0347322;00B05L;;22564.001;05272445;31;;0;103;F2N;URJH9VSI58SAN0000000000000000000577142010T;;0;IRD_CF
49538778;49538778;49536340;ALEGRO MONTIJO - GESTAO DE CENTRO COMERCIAL SOCIDADE UNIPESSOAL LDA;Live;Caps And Floors;11-09-2024;11-09-2024;30-09-2031;30-09-2031;15462962.6;EUR;15462962.6;Floating;Sell;Actual/360 Linear;3M;EURIBOR-EURIBOR-3M;0;0;0;24-12-2024;30-12-2024;31-03-2025;0;0;;27-03-2025;31-03-2025;N;Y;N;;;;;;;;;;;;;;;;;;;;;;;;;;;EUR;;ST_GV_BTBACK;;9002632404;22563;22563.001;DR0347320;00FMZ4;;22563.001;05272444;31;;0;103;F2N;URJH9VSI58SAN0000000000000000000577141810T;;0;IRD_CF
49538082;49538082;49536340;BANCO SANTANDER SA;Live;Caps And Floors;11-09-2024;11-09-2024;30-09-2031;30-09-2031;15462962.6;EUR;15462962.6;Floating;Buy;Actual/360 Linear;3M;EURIBOR-EURIBOR-3M;0;0;0;24-12-2024;30-12-2024;31-03-2025;0;0;;27-03-2025;31-03-2025;N;Y;N;;;;;;;;;;;;;;;;;;;;;;;;;;;EUR;;ST_GV_BTBACK;;3686;22563;22563.002;DR0347321;BSTE;;22563.002;05800044;31;;216427.17011;103;V3F;;;0;IRD_CF
49538202;49538202;49536599;BANCO SANTANDER SA;Live;Caps And Floors;11-09-2024;11-09-2024;30-09-2031;30-09-2031;15462962.6;EUR;15462962.6;Floating;Buy;Actual/360 Linear;3M;EURIBOR-EURIBOR-3M;0;0;0;24-12-2024;30-12-2024;31-03-2025;0;0;;27-03-2025;31-03-2025;N;Y;N;;;;;;;;;;;;;;;;;;;;;;;;;;;EUR;;ST_GV_BTBACK;;3686;22564;22564.002;DR0347323;BSTE;;22564.002;05800044;31;;216427.17011;103;V3F;;;0;IRD_CF
50168699;50168699;50162507;CENTRO VASCO DA GAMA - CENTRO COMERCIAL SA;Live;Caps And Floors;02-10-2024;30-09-2024;30-09-2025;30-09-2025;18365182.5;EUR;18365182.5;Floating;Sell;Actual/360 Linear;3M;EURIBOR-EURIBOR-3M;0;0;0;27-12-2024;31-12-2024;31-03-2025;0;0;;27-03-2025;31-03-2025;N;Y;N;;;;;;;;;;;;;;;;;;;;;;;;;;;EUR;;ST_RT_CORP_GL;;5100706413;22649;22649.001;DR0347488;00CVDG;;;05265390;31;;0;103;VF4;URJH9VSI58SAN00000000000000000000577491210;;0;IRD_CF
50168723;50168723;50162507;BANCO SANTANDER SA;Live;Caps And Floors;02-10-2024;30-09-2024;30-09-2025;30-09-2025;18365182.5;EUR;18365182.5;Floating;Buy;Actual/360 Linear;3M;EURIBOR-EURIBOR-3M;0;0;0;27-12-2024;31-12-2024;31-03-2025;0;0;;27-03-2025;31-03-2025;N;Y;N;;;;;;;;;;;;;;;;;;;;;;;;;;;EUR;;ST_RT_CORP_GL;;3686;22649;22649.002;DR0347494;BSTE;;;05800044;31;;.05013;103;FG1;;;0;IRD_CF
50203482;50203482;50190839;SONAE SGPS SA;Live;Caps And Floors;03-10-2024;27-08-2024;27-08-2029;27-08-2029;50000000;EUR;50000000;Floating;Sell;Actual/360 Linear;3M;EURIBOR-EURIBOR-3M;0;1.395;.855;25-11-2024;27-11-2024;27-02-2025;178250;109250;;25-02-2025;27-02-2025;N;Y;N;;;;;;;;;;;;;;;;;;;;;;;;;;;EUR;;ST_RT_CORP_GL;;1124;22650;22650.001;DR0347486;TSVM;;22650.001;05201886;31;;0;103;VC4;URJH9VSI58SAN00000000000000000000577503910;2.13;;IRD_CF
50204269;50204269;50190839;SONAE SGPS SA;Live;Caps And Floors;03-10-2024;27-08-2024;27-08-2029;27-08-2029;50000000;EUR;50000000;Floating;Buy;Actual/360 Linear;3M;EURIBOR-EURIBOR-3M;0;0;0;25-11-2024;27-11-2024;27-02-2025;0;0;;25-02-2025;27-02-2025;N;Y;N;;;;;;;;;;;;;;;;;;;;;;;;;;;EUR;;ST_RT_CORP_GL;;1124;22650;22650.001;DR0347487;TSVM;;22650.001;05201886;31;1000669960;2152612.12481;103;FN2;URJH9VSI58SAN00000000000000000000577504110;;1.876;IRD_CF
50204511;50204511;50190839;BANCO SANTANDER SA;Live;Caps And Floors;03-10-2024;27-08-2024;27-08-2029;27-08-2029;50000000;EUR;50000000;Floating;Buy;Actual/360 Linear;3M;EURIBOR-EURIBOR-3M;0;1.395;.855;25-11-2024;27-11-2024;27-02-2025;178250;109250;;25-02-2025;27-02-2025;N;Y;N;;;;;;;;;;;;;;;;;;;;;;;;;;;EUR;;ST_RT_CORP_GL;;3686;22650;22650.002;DR0347491;BSTE;;22650.002;05800044;31;;1444350.40437;103;CG1;;2.13;;IRD_CF
50204539;50204539;50190839;BANCO SANTANDER SA;Live;Caps And Floors;03-10-2024;27-08-2024;27-08-2029;27-08-2029;50000000;EUR;50000000;Floating;Sell;Actual/360 Linear;3M;EURIBOR-EURIBOR-3M;0;0;0;25-11-2024;27-11-2024;27-02-2025;0;0;;25-02-2025;27-02-2025;N;Y;N;;;;;;;;;;;;;;;;;;;;;;;;;;;EUR;;ST_RT_CORP_GL;;3686;22650;22650.002;DR0347489;BSTE;;22650.002;05800044;31;;0;103;VF3;;;1.876;IRD_CF
50167898;50167898;50162438;VDG HOLDING BV;Live;Caps And Floors;02-10-2024;30-09-2024;30-09-2025;30-09-2025;18365182.5;EUR;18365182.5;Floating;Sell;Actual/360 Linear;3M;EURIBOR-EURIBOR-3M;0;0;0;27-12-2024;31-12-2024;31-03-2025;0;0;;27-03-2025;31-03-2025;N;Y;N;;;;;;;;;;;;;;;;;;;;;;;;;;;EUR;;ST_RT_CORP_GL;;7401880665;22648;22648.001;DR0347493;00VHB1;;;05275324;31;;0;103;VF4;URJH9VSI58SAN00000000000000000000577490810;;0;IRD_CF
50168008;50168008;50162438;BANCO SANTANDER SA;Live;Caps And Floors;02-10-2024;30-09-2024;30-09-2025;30-09-2025;18365182.5;EUR;18365182.5;Floating;Buy;Actual/360 Linear;3M;EURIBOR-EURIBOR-3M;0;0;0;27-12-2024;31-12-2024;31-03-2025;0;0;;27-03-2025;31-03-2025;N;Y;N;;;;;;;;;;;;;;;;;;;;;;;;;;;EUR;;ST_RT_CORP_GL;;3686;22648;22648.002;DR0347492;BSTE;;;05800044;31;;.05013;103;FG1;;;0;IRD_CF
50204212;50204212;50190839;SONAE SGPS SA;Live;Caps And Floors;03-10-2024;27-08-2024;27-08-2029;27-08-2029;50000000;EUR;50000000;Floating;Sell;Actual/360 Linear;3M;EURIBOR-EURIBOR-3M;0;0;0;25-11-2024;27-11-2024;27-02-2025;0;0;;25-02-2025;27-02-2025;N;Y;N;;;;;;;;;;;;;;;;;;;;;;;;;;;EUR;;ST_RT_CORP_GL;;1124;22650;22650.001;DR0347490;TSVM;;22650.001;05201886;31;;0;103;VF4;URJH9VSI58SAN00000000000000000000577504010;;0;IRD_CF
50204529;50204529;50190839;BANCO SANTANDER SA;Live;Caps And Floors;03-10-2024;27-08-2024;27-08-2029;27-08-2029;50000000;EUR;50000000;Floating;Buy;Actual/360 Linear;3M;EURIBOR-EURIBOR-3M;0;0;0;25-11-2024;27-11-2024;27-02-2025;0;0;;25-02-2025;27-02-2025;N;Y;N;;;;;;;;;;;;;;;;;;;;;;;;;;;EUR;;ST_RT_CORP_GL;;3686;22650;22650.002;DR0347485;BSTE;;22650.002;05800044;31;;266185.12888;103;FG1;;;0;IRD_CF
50913520;50913520;50905964;SOTAL SOCIEDADE DE GESTAO HOTELEIRA S A;Live;Caps And Floors;29-10-2024;29-10-2024;29-07-2027;29-07-2027;7834640.63;EUR;7794281.25;Floating;Buy;Actual/360 Linear;3M;EURIBOR-EURIBOR-3M;0;0;0;27-01-2025;29-01-2025;29-04-2025;0;0;;25-04-2025;29-04-2025;N;Y;N;;;;;;;;;;;;;;;;;;;;;;;;;;;EUR;;ST_GV_BTBACK;;5100715434;22723;22723.001;DR0347636;00S07N;;22723.001;05271210;31;1000700208;79136.09418;103;FN2;URJH9VSI58SAN00000000000000000000577902510;;1.405;IRD_CF
50913072;50913072;50905785;BANCO SANTANDER SA;Live;Caps And Floors;29-10-2024;29-10-2024;29-07-2027;29-07-2027;29473171.88;EUR;29321343.75;Floating;Buy;Actual/360 Linear;3M;EURIBOR-EURIBOR-3M;0;0;0;27-01-2025;29-01-2025;29-04-2025;0;0;;25-04-2025;29-04-2025;N;Y;N;;;;;;;;;;;;;;;;;;;;;;;;;;;EUR;;ST_GV_BTBACK;;3686;22722;22722.002;DR0347638;BSTE;;22722.002;05800044;31;;255524.3978;103;CG1;;3.25;;IRD_CF
50911612;50911612;50905785;MARINOTEIS SOCIEDADE DE PROMOCAO E CONSTRUCAO DE HOTEIS S A;Live;Caps And Floors;29-10-2024;29-10-2024;29-07-2027;29-07-2027;29473171.88;EUR;29321343.75;Floating;Sell;Actual/360 Linear;3M;EURIBOR-EURIBOR-3M;0;0;0;27-01-2025;29-01-2025;29-04-2025;0;0;;25-04-2025;29-04-2025;N;Y;N;;;;;;;;;;;;;;;;;;;;;;;;;;;EUR;;ST_GV_BTBACK;;5100374594;22722;22722.001;DR0347640;QKT1;;22722.001;05271101;31;;0;103;VC4;URJH9VSI58SAN0000000000000000000577902010T;3.25;;IRD_CF
50913117;50913117;50905785;BANCO SANTANDER SA;Live;Caps And Floors;29-10-2024;29-10-2024;29-07-2027;29-07-2027;29473171.88;EUR;29321343.75;Floating;Sell;Actual/360 Linear;3M;EURIBOR-EURIBOR-3M;0;0;0;27-01-2025;29-01-2025;29-04-2025;0;0;;25-04-2025;29-04-2025;N;Y;N;;;;;;;;;;;;;;;;;;;;;;;;;;;EUR;;ST_GV_BTBACK;;3686;22722;22722.002;DR0347633;BSTE;;22722.002;05800044;31;;0;103;VF3;;;1.405;IRD_CF
50912877;50912877;50905785;MARINOTEIS SOCIEDADE DE PROMOCAO E CONSTRUCAO DE HOTEIS S A;Live;Caps And Floors;29-10-2024;29-10-2024;29-07-2027;29-07-2027;29473171.88;EUR;29321343.75;Floating;Buy;Actual/360 Linear;3M;EURIBOR-EURIBOR-3M;0;0;0;27-01-2025;29-01-2025;29-04-2025;0;0;;25-04-2025;29-04-2025;N;Y;N;;;;;;;;;;;;;;;;;;;;;;;;;;;EUR;;ST_GV_BTBACK;;5100374594;22722;22722.001;DR0347634;QKT1;;22722.001;05271101;31;1000700200;297702.45092;103;FN2;URJH9VSI58SAN00000000000000000000577902110;;1.405;IRD_CF
50913343;50913343;50905964;SOTAL SOCIEDADE DE GESTAO HOTELEIRA S A;Live;Caps And Floors;29-10-2024;29-10-2024;29-07-2027;29-07-2027;7834640.63;EUR;7794281.25;Floating;Sell;Actual/360 Linear;3M;EURIBOR-EURIBOR-3M;0;0;0;27-01-2025;29-01-2025;29-04-2025;0;0;;25-04-2025;29-04-2025;N;Y;N;;;;;;;;;;;;;;;;;;;;;;;;;;;EUR;;ST_GV_BTBACK;;5100715434;22723;22723.001;DR0347635;00S07N;;22723.001;05271210;31;;0;103;VC4;URJH9VSI58SAN0000000000000000000577902410T;3.25;;IRD_CF
50913581;50913581;50905964;BANCO SANTANDER SA;Live;Caps And Floors;29-10-2024;29-10-2024;29-07-2027;29-07-2027;7834640.63;EUR;7794281.25;Floating;Buy;Actual/360 Linear;3M;EURIBOR-EURIBOR-3M;0;0;0;27-01-2025;29-01-2025;29-04-2025;0;0;;25-04-2025;29-04-2025;N;Y;N;;;;;;;;;;;;;;;;;;;;;;;;;;;EUR;;ST_GV_BTBACK;;3686;22723;22723.002;DR0347637;BSTE;;22723.002;05800044;31;;67924.20739;103;CG1;;3.25;;IRD_CF
50913606;50913606;50905964;BANCO SANTANDER SA;Live;Caps And Floors;29-10-2024;29-10-2024;29-07-2027;29-07-2027;7834640.63;EUR;7794281.25;Floating;Sell;Actual/360 Linear;3M;EURIBOR-EURIBOR-3M;0;0;0;27-01-2025;29-01-2025;29-04-2025;0;0;;25-04-2025;29-04-2025;N;Y;N;;;;;;;;;;;;;;;;;;;;;;;;;;;EUR;;ST_GV_BTBACK;;3686;22723;22723.002;DR0347639;BSTE;;22723.002;05800044;31;;0;103;VF3;;;1.405;IRD_CF
53576762;53576762;474280125;BANCO SANTANDER SA;Live;Caps And Floors;28-01-2025;28-01-2025;28-01-2036;28-01-2036;2475000;EUR;2475000;Floating;Sell;30/360 Linear;3M;EURIBOR-EURIBOR-3M;0;0;0;24-01-2025;28-01-2025;28-04-2025;;0;;24-04-2025;28-04-2025;N;Y;N;;;;;;;;;;;;;;;;;;;;;;;;;;;EUR;;ST_GV_BTBACK;;3686;22935;22935.002;DR0348033;BSTE;;22935.002;05800044;31;;0;103;V3C;;3.25;;IRD_CF
52055524;52055524;52051304;BANCO SANTANDER SA;Live;Caps And Floors;05-12-2024;31-12-2024;22-12-2025;22-12-2025;36959663.97;EUR;36959663.97;Floating;Buy;Actual/360 Linear;3M;EURIBOR-EURIBOR-3M;0;0;0;27-12-2024;31-12-2024;31-03-2025;;0;;27-03-2025;31-03-2025;N;Y;N;;;;;;;;;;;;;;;;;;;;;;;;;;;EUR;;ST_GV_BTBACK;;3686;22803;22803.002;DR0347961;BSTE;;;05800044;31;;166.04885;103;CG1;;4;;IRD_CF
53575736;53575736;474280125;PARICHIADO LDA;Live;Caps And Floors;28-01-2025;28-01-2025;28-01-2036;28-01-2036;2475000;EUR;2475000;Floating;Buy;30/360 Linear;3M;EURIBOR-EURIBOR-3M;0;0;0;24-01-2025;28-01-2025;28-04-2025;;0;;24-04-2025;28-04-2025;N;Y;N;;;;;;;;;;;;;;;;;;;;;;;;;;;EUR;;ST_GV_BTBACK;;7401577628;22935;22935.001;DR0348032;00YDA9;;22935.001;05C23110;31;;199531.43028;103;C2A;URJH9VSI58SAN00000000000000000000579331910;3.25;;IRD_CF
52165344;52165344;52051304;QDO HOTEL S A;Live;Caps And Floors;05-12-2024;31-12-2024;22-12-2025;22-12-2025;36959663.97;EUR;36959663.97;Floating;Sell;Actual/360 Linear;3M;EURIBOR-EURIBOR-3M;0;0;0;27-12-2024;31-12-2024;31-03-2025;;0;;27-03-2025;31-03-2025;N;Y;N;;;;;;;;;;;;;;;;;;;;;;;;;;;EUR;;ST_GV_BTBACK;;7401268835;22803;22803.001;DR0347804;00UK24;;;05C14886;31;;0;103;VC4;URJH9VSI58SAN00000000000000000000578569910;4;;IRD_CF
44535957;44535957;8757790518;ALVES RIBEIRO S.A.;Live;FX Non Delivery Forward;08-03-2024;08-03-2024;12-03-2025;12-03-2025;5250000;BRL;5250000;;;;;;;;;10-03-2025;;12-03-2025;;5250000;;10-03-2025;;;;;910667.82;EUR;910667.82;;;;;;;;;10-03-2025;;12-03-2025;;910667.82;;10-03-2025;;;;;;;;;EUR;;ST_FX_REDES;;9000637989;21943;21943.001;DR0346549;BXYV;;;05242721;31;1000609131;10782.8825;075;044;URJH9VSI58SAN00000000000000000000574384610;;;CURR_FXD_FXD
44536111;44536111;8757790518;BANCO SANTANDER SA;Live;FX Non Delivery Forward;08-03-2024;08-03-2024;12-03-2025;12-03-2025;914493.47;EUR;914493.47;;;;;;;;;10-03-2025;;12-03-2025;;914493.47;;10-03-2025;;;;;5250000;BRL;5250000;;;;;;;;;10-03-2025;;12-03-2025;;5250000;;10-03-2025;;;;;;;;;EUR;;ST_FX_REDES;;3686;21943;21943.002;DR0346550;BSTE;;;05800044;31;;131339.25114;075;044;5493006QMFDDMYWIAM13CAL00000000000000000000033660243;;;CURR_FXD_FXD
47495110;47495110;47494605;BANCO SANTANDER SA;Live;FX Non Delivery Forward;27-06-2024;27-06-2024;01-07-2025;01-07-2025;1590429.94;EUR;1590429.94;;;;;;;;;27-06-2025;;01-07-2025;;1590429.94;;27-06-2025;;;;;10000000;BRL;10000000;;;;;;;;;27-06-2025;;01-07-2025;;10000000;;27-06-2025;;;;;;;;;EUR;;ST_FX_REDES;;3686;22293;22293.002;DR0346864;BSTE;;;05800044;31;;229489.65376;075;044;;;;CURR_FXD_FXD
47494605;47494605;47494605;ALVES RIBEIRO S.A.;Live;FX Non Delivery Forward;27-06-2024;27-06-2024;01-07-2025;01-07-2025;10000000;BRL;10000000;;;;;;;;;27-06-2025;;01-07-2025;;10000000;;27-06-2025;;;;;1582904.63;EUR;1582904.63;;;;;;;;;27-06-2025;;01-07-2025;;1582904.63;;27-06-2025;;;;;;;;;EUR;;ST_FX_REDES;;9000637989;22293;22293.001;DR0346863;BXYV;;;05242721;31;1000654459;222308.43183;075;044;URJH9VSI58SAN00000000000000000000576018910;;;CURR_FXD_FXD
49339975;49339975;49339975;ALVES RIBEIRO S.A.;Live;FX Non Delivery Forward;04-09-2024;04-09-2024;01-07-2025;01-07-2025;20000000;BRL;20000000;;;;;;;;;27-06-2025;;01-07-2025;;20000000;;27-06-2025;;;;;3026176.43;EUR;3026176.43;;;;;;;;;27-06-2025;;01-07-2025;;3026176.43;;27-06-2025;;;;;;;;;EUR;;ST_FX_REDES;;9000637989;22541;22541.001;DR0347192;BXYV;;;05242721;31;1000666882;583954.2214;075;044;URJH9VSI58SAN00000000000000000000577038710;;;CURR_FXD_FXD
49340305;49340305;49339975;BANCO SANTANDER SA;Live;FX Non Delivery Forward;04-09-2024;04-09-2024;01-07-2025;01-07-2025;3037828.56;EUR;3037828.56;;;;;;;;;27-06-2025;;01-07-2025;;3037828.56;;27-06-2025;;;;;20000000;BRL;20000000;;;;;;;;;27-06-2025;;01-07-2025;;20000000;;27-06-2025;;;;;;;;;EUR;;ST_FX_REDES;;3686;22541;22541.002;DR0347193;BSTE;;;05800044;31;;316118.72327;075;044;;;;CURR_FXD_FXD
52507315;52507315;52507315;GALLO WORLDWIDE, LDA;Live;FX Non Delivery Forward;19-12-2024;19-12-2024;13-03-2025;13-03-2025;11000000;BRL;11000000;;;;;;;;;11-03-2025;;13-03-2025;;11000000;;11-03-2025;;;;;1700548.81;EUR;1700548.81;;;;;;;;;11-03-2025;;13-03-2025;;1700548.81;;11-03-2025;;;;;;;;;EUR;;ST_FX_REDES;;7400629401;22840;22840.001;DR0347850;GWL1;;;05255743;31;1000690148;229390.55924;075;044;URJH9VSI58SAN00000000000000000000578760410;;;CURR_FXD_FXD
52507385;52507385;52507315;BANCO SANTANDER SA;Live;FX Non Delivery Forward;19-12-2024;19-12-2024;13-03-2025;13-03-2025;1702259.36;EUR;1702259.36;;;;;;;;;11-03-2025;;13-03-2025;;1702259.36;;11-03-2025;;;;;11000000;BRL;11000000;;;;;;;;;11-03-2025;;13-03-2025;;11000000;;11-03-2025;;;;;;;;;EUR;;ST_FX_REDES;;3686;22840;22840.002;DR0347849;BSTE;;;05800044;31;;61665.66207;075;044;;;;CURR_FXD_FXD
53253854;53253854;5674111602;BANCO SANTANDER SA;Live;FX Non Delivery Forward;17-01-2025;17-01-2025;31-12-2025;31-12-2025;250000;USD;250000;;;;;;;;;29-12-2025;;31-12-2025;;250000;;29-12-2025;;;;;238046.5;EUR;238046.5;;;;;;;;;29-12-2025;;31-12-2025;;238046.5;;29-12-2025;;;;;;;;;EUR;;ST_FX_REDES;;3686;22898;22898.002;DR0347968;BSTE;;;05800044;31;;20528.52391;075;044;;;;CURR_FXD_FXD
53400865;53400865;7594791441;BANCO SANTANDER SA;Live;FX Non Delivery Forward;22-01-2025;22-01-2025;24-04-2025;24-04-2025;1649278.41;EUR;1649278.41;;;;;;;;;22-04-2025;;24-04-2025;;1649278.41;;22-04-2025;;;;;10400000;BRL;10400000;;;;;;;;;22-04-2025;;24-04-2025;;10400000;;22-04-2025;;;;;;;;;EUR;;ST_FX_REDES;;3686;22922;22922.002;DR0348013;BSTE;;;05800044;31;;114711.13918;075;044;;;;CURR_FXD_FXD
53400882;53400882;7594791441;GALLO WORLDWIDE, LDA;Live;FX Non Delivery Forward;22-01-2025;22-01-2025;24-04-2025;24-04-2025;10400000;BRL;10400000;;;;;;;;;22-04-2025;;24-04-2025;;10400000;;22-04-2025;;;;;1648569.39;EUR;1648569.39;;;;;;;;;22-04-2025;;24-04-2025;;1648569.39;;22-04-2025;;;;;;;;;EUR;;ST_FX_REDES;;7400629401;22922;22922.001;DR0348014;GWL1;;;05255743;31;1000690148;158310.34184;075;044;URJH9VSI58SAN00000000000000000000579251010;;;CURR_FXD_FXD
53655112;53655112;1447907419;BANCO SANTANDER SA;Live;FX Non Delivery Forward;30-01-2025;30-01-2025;24-04-2025;24-04-2025;2002.03;EUR;2002.03;;;;;;;;;22-04-2025;;24-04-2025;;2002.03;;22-04-2025;;;;;12500;BRL;12500;;;;;;;;;22-04-2025;;24-04-2025;;12500;;22-04-2025;;;;;;;;;EUR;;ST_FX_REDES;;3686;22940;22940.001;DR0348042;BSTE;;;05800044;31;;150.99488;075;044;;;;CURR_FXD_FXD
51183045;51183045;51182452;BANCO SANTANDER SA;Live;FX Non Delivery Forward;06-11-2024;06-11-2024;10-11-2025;10-11-2025;1487209.99;EUR;1487209.99;;;;;;;;;06-11-2025;;10-11-2025;;1487209.99;;06-11-2025;;;;;10000000;BRL;10000000;;;;;;;;;06-11-2025;;10-11-2025;;10000000;;06-11-2025;;;;;;;;;EUR;;ST_FX_REDES;;3686;22746;22746.002;DR0347676;BSTE;;;05800044;31;;276359.12012;075;044;;;;CURR_FXD_FXD
51182452;51182452;51182452;ALVES RIBEIRO S.A.;Live;FX Non Delivery Forward;06-11-2024;06-11-2024;10-11-2025;10-11-2025;10000000;BRL;10000000;;;;;;;;;06-11-2025;;10-11-2025;;10000000;;06-11-2025;;;;;1480823.34;EUR;1480823.34;;;;;;;;;06-11-2025;;10-11-2025;;1480823.34;;06-11-2025;;;;;;;;;EUR;;ST_FX_REDES;;9000637989;22746;22746.001;DR0347677;BXYV;;;05242721;31;1000703407;377995.56401;075;044;URJH9VSI58SAN00000000000000000000578041210;;;CURR_FXD_FXD
51899148;51899148;51899111;BANCO SANTANDER SA;Live;FX Non Delivery Forward;29-11-2024;29-11-2024;26-02-2025;26-02-2025;621069.79;EUR;621069.79;;;;;;;;;24-02-2025;;26-02-2025;;621069.79;;24-02-2025;;;;;4000000;BRL;4000000;;;;;;;;;24-02-2025;;26-02-2025;;4000000;;24-02-2025;;;;;;;;;EUR;;ST_FX_REDES;;3686;22793;22793.002;DR0347765;BSTE;;;05800044;31;;6806.28133;075;044;;;;CURR_FXD_FXD
51899111;51899111;51899111;GALLO WORLDWIDE, LDA;Live;FX Non Delivery Forward;29-11-2024;29-11-2024;26-02-2025;26-02-2025;4000000;BRL;4000000;;;;;;;;;24-02-2025;;26-02-2025;;4000000;;24-02-2025;;;;;620597.64;EUR;620597.64;;;;;;;;;24-02-2025;;26-02-2025;;620597.64;;24-02-2025;;;;;;;;;EUR;;ST_FX_REDES;;7400629401;22793;22793.001;DR0347766;GWL1;;;05255743;31;1000557209;65613.97601;075;044;URJH9VSI58SAN00000000000000000000578434710;;;CURR_FXD_FXD
52775293;52775293;52775293;PRIO SUPPLY S A;Live;FX Non Delivery Forward;02-01-2025;02-01-2025;28-02-2025;28-02-2025;7840000;USD;7840000;;;;;;;;;26-02-2025;;28-02-2025;;7840000;;26-02-2025;;;;;7552258.93;EUR;7552258.93;;;;;;;;;26-02-2025;;28-02-2025;;7552258.93;;26-02-2025;;;;;;;;;EUR;;ST_FX_REDES;;7400864280;22862;22862.001;DR0347878;QP2S;;;05288547;31;1000684397;158782.11311;075;044;URJH9VSI58SAN00000000000000000000578910210;;;CURR_FXD_FXD
52775385;52775385;52775293;BANCO SANTANDER SA;Live;FX Non Delivery Forward;02-01-2025;02-01-2025;28-02-2025;28-02-2025;7553423.13;EUR;7553423.13;;;;;;;;;26-02-2025;;28-02-2025;;7553423.13;;26-02-2025;;;;;7840000;USD;7840000;;;;;;;;;26-02-2025;;28-02-2025;;7840000;;26-02-2025;;;;;;;;;EUR;;ST_FX_REDES;;3686;22862;22862.002;DR0347879;BSTE;;;05800044;31;;229393.38155;075;044;;;;CURR_FXD_FXD
53242230;53242230;5674111602;GASCAN, S.A.;Live;FX Non Delivery Forward;17-01-2025;17-01-2025;31-12-2025;31-12-2025;238868.72;EUR;238868.72;;;;;;;;;29-12-2025;;31-12-2025;;238868.72;;29-12-2025;;;;;250000;USD;250000;;;;;;;;;29-12-2025;;31-12-2025;;250000;;29-12-2025;;;;;;;;;EUR;;ST_FX_REDES;;8024772253;22898;22898.001;DR0347969;G4CT;;;05217024;31;1000612591;24141.4336;075;044;URJH9VSI58SAN00000000000000000000579172010;;;CURR_FXD_FXD
53616960;53616960;53616926;BANCO SANTANDER SA;Live;FX Non Delivery Forward;29-01-2025;29-01-2025;24-04-2025;24-04-2025;800762.45;EUR;800762.45;;;;;;;;;22-04-2025;;24-04-2025;;800762.45;;22-04-2025;;;;;5000000;BRL;5000000;;;;;;;;;22-04-2025;;24-04-2025;;5000000;;22-04-2025;;;;;;;;;EUR;;ST_FX_REDES;;3686;22937;22937.002;DR0348040;BSTE;;;05800044;31;;62978.55874;075;044;;;;CURR_FXD_FXD
53616926;53616926;53616926;GALLO WORLDWIDE, LDA;Live;FX Non Delivery Forward;29-01-2025;29-01-2025;24-04-2025;24-04-2025;5000000;BRL;5000000;;;;;;;;;22-04-2025;;24-04-2025;;5000000;;22-04-2025;;;;;800256.08;EUR;800256.08;;;;;;;;;22-04-2025;;24-04-2025;;800256.08;;22-04-2025;;;;;;;;;EUR;;ST_FX_REDES;;7400629401;22937;22937.001;DR0348039;GWL1;;;05255743;31;1000690148;68445.49192;075;044;URJH9VSI58SAN00000000000000000000579354710;;;CURR_FXD_FXD
53083184;53083184;53083082;BANCO SANTANDER SA;Live;FX Non Delivery Forward;13-01-2025;13-01-2025;18-07-2025;18-07-2025;259740.26;EUR;259740.26;;;;;;;;;16-07-2025;;18-07-2025;;259740.26;;16-07-2025;;;;;480000;NZD;480000;;;;;;;;;16-07-2025;;18-07-2025;;480000;;16-07-2025;;;;;;;;;EUR;;ST_FX_REDES;;3686;22882;22882.002;DR0347941;BSTE;;;05800044;31;;21196.7327;075;044;;;;CURR_FXD_FXD
53082967;53082967;53082278;BANCO SANTANDER SA;Live;FX Non Delivery Forward;13-01-2025;13-01-2025;18-07-2025;18-07-2025;129870.13;EUR;129870.13;;;;;;;;;16-07-2025;;18-07-2025;;129870.13;;16-07-2025;;;;;240000;NZD;240000;;;;;;;;;16-07-2025;;18-07-2025;;240000;;16-07-2025;;;;;;;;;EUR;;ST_FX_REDES;;3686;22881;22881.002;DR0347943;BSTE;;;05800044;31;;10598.36585;075;044;;;;CURR_FXD_FXD
53655106;53655106;3326721337;BANCO SANTANDER SA;Live;FX Non Delivery Forward;30-01-2025;30-01-2025;24-04-2025;24-04-2025;12500;BRL;12500;;;;;;;;;22-04-2025;;24-04-2025;;12500;;22-04-2025;;;;;2002.65;EUR;2002.65;;;;;;;;;22-04-2025;;24-04-2025;;2002.65;;22-04-2025;;;;;;;;;EUR;;ST_FX_REDES;;3686;22941;22941.001;DR0348041;BSTE;;;05800044;31;;159.41607;075;044;;;;CURR_FXD_FXD
53082278;53082278;53082278;VALERIE ESTHER MARIE CORCIAS WEILL;Live;FX Non Delivery Forward;13-01-2025;13-01-2025;18-07-2025;18-07-2025;240000;NZD;240000;;;;;;;;;16-07-2025;;18-07-2025;;240000;;16-07-2025;;;;;129722.72;EUR;129722.72;;;;;;;;;16-07-2025;;18-07-2025;;129722.72;;16-07-2025;;;;;;;;;EUR;;ST_FX_REDES;;7401524161;22881;22881.001;DR0347939;00VF9H;;;05294950;31;1000725965;10958.60539;075;044;URJH9VSI58SAN00000000000000000000579074410;;;CURR_FXD_FXD
53083082;53083082;53083082;DANIEL PROENCA CARVALHO;Live;FX Non Delivery Forward;13-01-2025;13-01-2025;18-07-2025;18-07-2025;480000;NZD;480000;;;;;;;;;16-07-2025;;18-07-2025;;480000;;16-07-2025;;;;;259445.44;EUR;259445.44;;;;;;;;;16-07-2025;;18-07-2025;;259445.44;;16-07-2025;;;;;;;;;EUR;;ST_FX_REDES;;8000538608;22882;22882.001;DR0347940;00DPH9;;;05272248;31;1000607013;21917.20978;075;044;URJH9VSI58SAN00000000000000000000579074910;;;CURR_FXD_FXD
53330862;53330862;53330862;GASCAN, S.A.;Live;FX Non Delivery Forward;21-01-2025;21-01-2025;31-12-2025;31-12-2025;118371.21;EUR;118371.21;;;;;;;;;29-12-2025;;31-12-2025;;118371.21;;29-12-2025;;;;;125000;USD;125000;;;;;;;;;29-12-2025;;31-12-2025;;125000;;29-12-2025;;;;;;;;;EUR;;ST_FX_REDES;;8024772253;22910;22910.001;DR0348003;G4CT;;;05217024;31;1000612591;11014.86102;075;044;URJH9VSI58SAN00000000000000000000579206310;;;CURR_FXD_FXD
53331133;53331133;53330862;BANCO SANTANDER SA;Live;FX Non Delivery Forward;21-01-2025;21-01-2025;31-12-2025;31-12-2025;125000;USD;125000;;;;;;;;;29-12-2025;;31-12-2025;;125000;;29-12-2025;;;;;117870.04;EUR;117870.04;;;;;;;;;29-12-2025;;31-12-2025;;117870.04;;29-12-2025;;;;;;;;;EUR;;ST_FX_REDES;;3686;22910;22910.002;DR0348004;BSTE;;;05800044;31;;11409.95279;075;044;;;;CURR_FXD_FXD
43401312;21883450;20562684;LAND RETAIL B.V.;Live;Deposit & Loan;01-08-2019;01-08-2019;27-07-2026;27-07-2026;25275000;EUR;25275000;Fixed;Loan;Actual/360 Linear;3M;--;0;;1.69;;03-02-2025;06-05-2025;107973.4;109159.92;;;06-05-2025;N;Y;Y;;;;;;;;;;;;;;;;;;;;;;;;;;;EUR;;TI_CLIENTS;;7401425520;15650;15650.001;DR0339512;63KJ;;;09272803;80;;;107;DNL;;;;IRD_LN_BR
15742506;22441905;22370889;FUNCHAL AVIATION DESIGNATED ACTIVITY COMPANY;Live;Deposit & Loan;23-11-2019;22-11-2019;22-11-2026;22-11-2026;22389038.71;EUR;6584757.43;Fixed;Loan;30/360 Linear;3M;--;0;;6.55;;22-02-2025;22-05-2025;122252.47;107825.4;;;22-05-2025;N;Y;Y;;;;;;;;;;;;;;;;;;;;;;;;;;;EUR;;TI_CLIENTS;;7401922147;16745;16745.002;DR0340122;FADAC1;;;09277843;80;;;107;DNL;;;;IRD_LN_BR
30861899;22781605;21978237;NORTE SHOPPING RETAIL & LEISURE CENTRE BV;Live;Deposit & Loan;13-08-2019;13-08-2019;07-08-2026;07-08-2026;26000000;EUR;26000000;Floating;Loan;Actual/360 Linear;3M;EURIBOR-EURIBOR-3M;1.5;;;11-02-2025;13-02-2025;13-05-2025;301657.78;0;;09-05-2025;13-05-2025;N;Y;Y;;;;;;;;;;;;;;;;;;;;;;;;;;;EUR;;TI_CLIENTS;;7401870046;;16355.001;DR0341389;208E;;;09275321;80;;;107;DNL;;;;IRD_LN_BR
43402083;22783736;20562684;LAND RETAIL B.V.;Live;Deposit & Loan;01-08-2019;01-08-2019;27-07-2026;27-07-2026;8425000;EUR;8425000;Floating;Loan;Actual/360 Linear;3M;EURIBOR-EURIBOR-3M;1.6;;4.206;30-01-2025;03-02-2025;06-05-2025;99284.41;90557.52;;02-05-2025;06-05-2025;N;Y;Y;;;;;;;;;;;;;;;;;;;;;;;;;;;EUR;;TI_CLIENTS;;7401425520;15650;15650.001;DR0341394;63KJ;;;09272803;80;;;107;DNL;;;;IRD_LN_BR
15745973;22783752;21980601;VDG HOLDING BV;Live;Deposit & Loan;09-08-2019;09-08-2019;10-08-2026;10-08-2026;24500000;EUR;24487750;Floating;Loan;Actual/360 Linear;3M;EURIBOR-EURIBOR-3M;1.4;;4.131;27-12-2024;31-12-2024;31-03-2025;293713.56;255707.21;;27-03-2025;31-03-2025;N;Y;Y;;;;;;;;;;;;;;;;;;;;;;;;;;;EUR;;TI_CLIENTS;;7401880665;;16359.001;DR0341402;00VHB1;;;09275325;80;;;107;DNL;;;;IRD_LN_BR
15742467;22826184;21980777;SHOPPING CENTRE COLOMBO HOLDING B.V.;Live;Deposit & Loan;16-07-2020;09-08-2019;10-08-2026;10-08-2026;51000000;EUR;50974500;Floating;Loan;Actual/360 Linear;6M;EURIBOR-EURIBOR-6M;1.4;;3.977;27-12-2024;31-12-2024;30-06-2025;1335803.76;1019259.2;;26-06-2025;30-06-2025;N;Y;Y;;;;;;;;;;;;;;;;;;;;;;;;;;;EUR;;TI_CLIENTS;;7401217822;16361;16361.001;DR0341480;ZYJL;;;09272804;80;;;107;DNL;;;;IRD_LN_BR
20561275;20561275;20511136;Sociedade Francisco Manuel Dos Santos B.V.;Live;Deposit & Loan;22-02-2021;26-02-2021;28-02-2028;28-02-2028;50000000;EUR;33333000;Fixed;Loan;Actual/360 Linear;6M;--;0;;1.35;;31-12-2024;30-06-2025;232497.68;226247.74;;;30-06-2025;N;Y;Y;;;;;;;;;;;;;;;;;;;;;;;;;;;EUR;;TI_CLIENTS;;7402048991;18531;18531.001;DR0342201;00SR3H;;;09286552;80;;;107;DNL;;;;IRD_LN_BR
22700118;22062616;20562822;Pestana International Holdings Sa;Live;Deposit & Loan;27-05-2021;26-02-2021;30-11-2026;30-11-2026;18115625;EUR;13557500;Fixed;Loan;Actual/360 Linear;3M;--;0;;2.86;;28-11-2024;28-02-2025;101652.94;99090.26;;;28-02-2025;N;Y;Y;;;;;;;;;;;;;;;;;;;;;;;;;;;EUR;;TI_CLIENTS;;7401287415;15656;15656.001;DR0342623;9P5N;;;09272805;80;;;107;DNL;;;;IRD_LN_BR
52707967;33578584;33443007;FINERGE EUROPE HOLDING, S.A.R.L.;Live;Deposit & Loan;01-12-2022;13-12-2022;15-06-2037;15-06-2037;14827043.56;EUR;25905812.47;Floating;Loan;Actual/360 Linear;6M;EURIBOR-EURIBOR-6M;2;;4.577;27-12-2024;31-12-2024;30-06-2025;404139.41;596148.15;;26-06-2025;30-06-2025;N;Y;Y;;;;;;;;;;;;;;;;;;;;;;;;;;;EUR;;TI_CLIENTS;;7402044976;20673;20673.001;DR0344820;00FU61;;;09C03808;80;;;107;DNL;;;;IRD_LN_BR
52709791;33642640;33443007;FINERGE EUROPE HOLDING, S.A.R.L.;Live;Deposit & Loan;01-12-2022;13-12-2022;15-12-2036;15-12-2036;354936605.25;EUR;109138022.09;Floating;Loan;Actual/360 Linear;6M;EURIBOR-EURIBOR-6M;1.75;;4.327;27-12-2024;31-12-2024;30-06-2025;3208280.05;2374318.89;;26-06-2025;30-06-2025;N;Y;Y;;;;;;;;;;;;;;;;;;;;;;;;;;;EUR;;TI_CLIENTS;;7402044976;20672;20672.001;DR0346322;00FU61;;;09C03808;80;;;107;DNL;;;;IRD_LN_BR
38587525;38587525;20511136;Movendo Capital BV;Live;Deposit & Loan;30-06-2023;30-06-2023;28-02-2028;28-02-2028;41666500;EUR;33333000;Floating;Loan;Actual/360 Linear;6M;EURIBOR-EURIBOR-6M;1.35;;3.927;27-12-2024;31-12-2024;30-06-2025;864891.35;658129.53;;26-06-2025;30-06-2025;N;Y;Y;;;;;;;;;;;;;;;;;;;;;;;;;;;EUR;;TI_CLIENTS;;7402049330;18531;18531.002;DR0345543;00NM8I;;;09292110;80;;;107;DNL;;;;IRD_LN_BR
50412159;50412159;50412159;GV 1 LIMITED;Live;Deposit & Loan;09-10-2024;10-10-2024;10-04-2025;10-04-2025;18333333.33;EUR;18333333.33;Fixed;Loan;Actual/360 Linear;1Y;--;0;;6.058;;10-10-2024;10-04-2025;;561486.85;;;;N;Y;Y;;;;;;;;;;;;;;;;;;;;;;;;;;;EUR;;TI_CLIENTS;;7402952433;22677;22677.001;DR0347550;00Y1KV;;;09C20906;80;;;107;DNL;;;;IRD_LN_BR
52143115;52143115;50412159;GV 1 LIMITED;Live;Deposit & Loan;09-12-2024;10-12-2024;11-06-2025;11-06-2025;5555555.56;EUR;5555555.56;Fixed;Loan;Actual/360 Linear;1Y;--;0;;5.654;;10-12-2024;11-06-2025;;159673.15;;;;N;Y;Y;;;;;;;;;;;;;;;;;;;;;;;;;;;EUR;;TI_CLIENTS;;7402952433;22677;22677.001;DR0347817;00Y1KV;;;09C20906;80;;;107;DNL;;;;IRD_LN_BR
54397264;54397264;54397264;MACHRENT, S.A.;Live;Deposit & Loan;20-02-2025;20-02-2025;20-02-2030;20-02-2030;1500000;EUR;1500000;Fixed;Loan;30/360 Linear;1M;--;0;;1.621;;20-02-2025;20-03-2025;;2026.25;;;20-03-2025;N;Y;Y;;;;;;;;;;;;;;;;;;;;;;;;;;;EUR;;STMCTFSM;;7400508165;22953;EU:54397264;DR0348063;00R4PE;;;05C12206;31;;;107;DNL;;;;IRD_LN_BR
