financial_contract_id;isin;issuer_id;type_issuer_id;country_issuer;issuer_esa_2010;issuer_nace_sector;issuer_ratings;issuer_ratings_sources;type_issuer;currency_value;val_timestamp;val_type;dividend_yield;part_lcr_buffer;accounting_classification;prudential_portfolio;total_risk_exposure_amount
00491999408BBBPKNG;LU0156801721;549300Y7C05BKC4HZB40;Legal Entity Identifier;LU;MISS;Manufacture of tubes, pipes, hollow profiles and related fittings, of steel;NR, NR, NR;S&P, Moodys, Fitch;Third party;EUR;30/09/2023;Mark-to-Market;0.0000;Yes;IFRS: Financial assets held for trading;MISS;99999999999.000000
004954924866667514;ES0143421073;959800DFMSYQLT3P0W53;Legal Entity Identifier;ES;Non-financial corporations;Other business support service activities n.e.c.;MISS;N/A;Third party;EUR;30/09/2023;Mark-to-Model;99999999999.0000;No;IFRS: Financial assets at fair value through other comprehensive income;MISS;99999999999.000000
004969354866667173;PLBZ00000044;960005673;Other identifier type;PL;MISS;MISS;MISS;N/A;Other group entity;PLN;30/09/2023;Mark-to-Model;99999999999.0000;No;Investments in subsidiaries, joint ventures and associates;MISS;4360089741.000000
00491999408BBBNVZL;US4781601046;549300G0CFPGEF6X2043;Legal Entity Identifier;US;MISS;Manufacture of basic pharmaceutical products;AAA, Aaa, NR;S&P, Moodys, Fitch;Third party;USD;30/09/2023;Mark-to-Market;0.0000;Yes;IFRS: Financial assets held for trading;MISS;99999999999.000000
00491999408BBBSJJR;US5951121038;B3DXGBC8GAIYWI2Z0172;Legal Entity Identifier;US;MISS;Manufacture of electronic components;BBB-, Baa3, BBB;S&P, Moodys, Fitch;Third party;USD;30/09/2023;Mark-to-Market;0.0000;Yes;IFRS: Financial assets held for trading;MISS;99999999999.000000
004954924866666195;ES0198508014;A06154595;Other identifier type;ES;Non-financial corporations;Public relations and communication activities;MISS;N/A;Third party;EUR;30/09/2023;Mark-to-Model;99999999999.0000;No;IFRS: Financial assets at fair value through other comprehensive income;MISS;636714.500000
00491999408BBBRVVD;GB00B033F229;E26EDV109X6EEPBKVH76;Legal Entity Identifier;GB;MISS;Distribution of gaseous fuels through mains;BBB, Baa2, NR;S&P, Moodys, Fitch;Third party;GBP;30/09/2023;Mark-to-Market;0.0000;Yes;IFRS: Financial assets held for trading;MISS;99999999999.000000
00491999408BBBPKLB;FR0000130395;5493004V6A3Z027YT216;Legal Entity Identifier;FR;MISS;Distilling, rectifying and blending of spirits;NR, Baa3, NR;S&P, Moodys, Fitch;Third party;EUR;30/09/2023;Mark-to-Market;0.0000;Yes;IFRS: Financial assets held for trading;MISS;99999999999.000000
004954924866667798;ES0113605002;V85932945;Other identifier type;ES;MISS;MISS;MISS;N/A;Third party;EUR;30/09/2023;Mark-to-Market;99999999999.0000;No;IFRS: Non-trading financial assets mandatorily at fair value through profit or loss;MISS;557748.750000
00491999408BBBPKMR;IT0004776628;7LVZJ6XRIE7VNZ4UBX81;Legal Entity Identifier;IT;MISS;Other monetary intermediation;BBB, NR, BBB;S&P, Moodys, Fitch;Third party;EUR;30/09/2023;Mark-to-Market;0.0000;No;IFRS: Financial assets held for trading;MISS;99999999999.000000
00491999408BBBRNFQ;US88160R1014;54930043XZGB27CTOV49;Legal Entity Identifier;US;MISS;Sale of cars and light motor vehicles;BBB, Baa3, NR;S&P, Moodys, Fitch;Third party;USD;30/09/2023;Mark-to-Market;0.0000;Yes;IFRS: Financial assets held for trading;MISS;99999999999.000000
004969444865552702;LU0006098676;549300AR6T2G715O3M04;Legal Entity Identifier;LU;MISS;MISS;NR, NR, NR;S&P, Moodys, Fitch;Third party;EUR;30/09/2023;Mark-to-Market;99999999999.0000;No;IFRS: Non-trading financial assets mandatorily at fair value through profit or loss;MISS;23129203.200000
00491999408BBBPKRM;NL0014332678;724500EHG519SE5ZRT89;Legal Entity Identifier;NL;MISS;Activities of holding companies;BBB-, Baa3, BBB;S&P, Moodys, Fitch;Third party;EUR;30/09/2023;Mark-to-Market;0.0000;No;IFRS: Financial assets held for trading;MISS;99999999999.000000
00491999408BBBPJRB;DE0008232125;529900PH63HYJ86ASW55;Legal Entity Identifier;DE;MISS;Passenger air transport;BB+, Ba1, NR;S&P, Moodys, Fitch;Third party;EUR;30/09/2023;Mark-to-Market;0.0000;Yes;IFRS: Financial assets held for trading;MISS;99999999999.000000
00491999408BBBXDJM;GB00B53P2009;5493003DJ1G01IMQ7S28;Legal Entity Identifier;GB;MISS;Trusts, funds and similar financial entities;NR, NR, BBB;S&P, Moodys, Fitch;Third party;GBP;30/09/2023;MISS;0.0000;No;IFRS: Financial assets held for trading;MISS;99999999999.000000
00491999408BBBVDFJ;LU1598757687;2EULGUTUI56JI9SAL165;Legal Entity Identifier;LU;MISS;MISS;BBB-, Baa3, NR;S&P, Moodys, Fitch;Third party;EUR;30/09/2023;Mark-to-Market;0.0000;Yes;IFRS: Financial assets held for trading;MISS;99999999999.000000
00491999408BBBVDFG;LU1598757687;2EULGUTUI56JI9SAL165;Legal Entity Identifier;LU;MISS;MISS;BBB-, Baa3, NR;S&P, Moodys, Fitch;Third party;EUR;30/09/2023;Mark-to-Market;0.0000;Yes;IFRS: Financial assets held for trading;MISS;99999999999.000000
00491999408BBBTMSR;LU1598757687;2EULGUTUI56JI9SAL165;Legal Entity Identifier;LU;MISS;Manufacture of basic iron and steel and of ferro-alloys;BBB-, Baa3, NR;S&P, Moodys, Fitch;Third party;EUR;30/09/2023;Mark-to-Market;0.0000;Yes;IFRS: Financial assets held for trading;MISS;99999999999.000000
00491999408BBBPKJS;NL0015435975;213800ED5AN2J56N6Z02;Legal Entity Identifier;IT;MISS;Manufacture of beer;NR, NR, NR;S&P, Moodys, Fitch;Third party;EUR;30/09/2023;Mark-to-Market;0.0000;Yes;IFRS: Financial assets held for trading;MISS;99999999999.000000
00491999408BBBPHKK;GB0005405286;MLU0ZO3ML4LN2LL2TL39;Legal Entity Identifier;GB;MISS;Other monetary intermediation;A-, A3, A+;S&P, Moodys, Fitch;Third party;GBP;30/09/2023;Mark-to-Market;0.0000;No;IFRS: Financial assets held for trading;MISS;99999999999.000000
00491999408BBCFJFF;US1101221083;HLYYNH7UQUORYSJQCN42;Legal Entity Identifier;US;MISS;Manufacture of basic pharmaceutical products;A+, A2, NR;S&P, Moodys, Fitch;Third party;USD;30/09/2023;MISS;0.0000;Yes;IFRS: Financial assets held for trading;MISS;99999999999.000000
00496933486158681B;ES0115868137;959800U8N6XLUGTA2A21;Legal Entity Identifier;ES;Captive financial institutions and money lenders;Other financial service activities, except insurance and pension funding n.e.c.;MISS;N/A;Other group entity;EUR;30/09/2023;Mark-to-Model;99999999999.0000;No;Investments in subsidiaries, joint ventures and associates;MISS;744186579.800000
004954924863386103;ES0133861031;9845005A96P591A0OF75;Legal Entity Identifier;ES;Financial auxilliaries;Fund management activities;MISS;N/A;Other group entity;EUR;30/09/2023;Mark-to-Model;99999999999.0000;No;Investments in subsidiaries, joint ventures and associates;MISS;5669103.000000
00491999408BBBPKNV;GB00B5ZN1N88;213800XC35KGM9NFC641;Legal Entity Identifier;GB;MISS;MISS;NR, NR, BBB+;S&P, Moodys, Fitch;Third party;GBP;30/09/2023;MISS;0.0000;Yes;IFRS: Financial assets held for trading;MISS;99999999999.000000
00491999408BBBPKQL;NO0010081235;549300G6XN5IXMRKEG37;Legal Entity Identifier;NO;MISS;Manufacture of gas;NR, NR, NR;S&P, Moodys, Fitch;Third party;NOK;30/09/2023;Mark-to-Market;0.0000;No;IFRS: Financial assets held for trading;MISS;99999999999.000000
004969444866667148;US12572Q1058;LCZ7XYGSLJUHFXXNXD88;Legal Entity Identifier;US;MISS;Trusts, funds and similar financial entities;MISS;N/A;Third party;USD;30/09/2023;Mark-to-Market;99999999999.0000;No;IFRS: Financial assets at fair value through other comprehensive income;MISS;99999999999.000000
004969444866667149;US12572Q1058;001275971;Other identifier type;US;MISS;MISS;MISS;N/A;Third party;USD;30/09/2023;Mark-to-Market;99999999999.0000;No;IFRS: Financial assets at fair value through other comprehensive income;MISS;99999999999.000000
00491999408BBBSNPY;US3755581036;549300WTZWR07K8MNV44;Legal Entity Identifier;US;MISS;Research and experimental development on biotechnology;BBB+, A3, NR;S&P, Moodys, Fitch;Third party;USD;30/09/2023;Mark-to-Market;0.0000;Yes;IFRS: Financial assets held for trading;MISS;99999999999.000000
00491999408BBBPKQN;IT0005278236;815600A0C9AFC1F2A709;Legal Entity Identifier;IT;MISS;retreading and rebuilding of rubber tyres;BBB-, NR, BBB-;S&P, Moodys, Fitch;Third party;EUR;30/09/2023;Mark-to-Market;0.0000;Yes;IFRS: Financial assets held for trading;MISS;99999999999.000000
00491999408BBBPLWV;GB00BYZN9041;529900LE0OS06MYQRP11;Legal Entity Identifier;GB;MISS;Manufacture of fertilisers and nitrogen compounds;NR, NR, NR;S&P, Moodys, Fitch;Third party;GBP;30/09/2023;MISS;99999999999.0000;No;IFRS: Financial assets held for trading;MISS;99999999999.000000
004954924866666020;ES0190049033;959800ZSRYWKGPRX1230;Legal Entity Identifier;ES;Insurance corporations;Non-life insurance;MISS;N/A;Other group entity;EUR;30/09/2023;Mark-to-Model;99999999999.0000;No;Investments in subsidiaries, joint ventures and associates;MISS;9593434.000000
004969334866667881;US80282K4031;549300SMVCQN2P0O6I58;Legal Entity Identifier;US;MISS;Activities of holding companies;MISS;N/A;Other group entity;USD;30/09/2023;Mark-to-Model;99999999999.0000;No;Investments in subsidiaries, joint ventures and associates;MISS;506438783.686000
004954924866667844;ES0168833020;959800BSLXN8KJ9C6A72;Legal Entity Identifier;ES;Non-MMF Investment funds;Trusts, funds and similar financial entities;MISS;N/A;Third party;EUR;30/09/2023;Mark-to-Market;99999999999.0000;No;IFRS: Non-trading financial assets mandatorily at fair value through profit or loss;MISS;191808.831000
00491999408BBBPQCH;NL0013267909;724500XYIJUGXAA5QD70;Legal Entity Identifier;NL;MISS;Manufacture of paints, varnishes and similar coatings, printing ink and mastics;BBB, Baa2, NR;S&P, Moodys, Fitch;Third party;EUR;30/09/2023;MISS;99999999999.0000;No;IFRS: Financial assets held for trading;MISS;99999999999.000000
00491999408BBBVKJF;US20825C1045;WPTL2Z3FIYTHSP5V2253;Legal Entity Identifier;US;MISS;MISS;A-, A2, A;S&P, Moodys, Fitch;Third party;USD;30/09/2023;Mark-to-Market;0.0000;Yes;IFRS: Financial assets held for trading;MISS;99999999999.000000
00491999408BBBWLFV;US8522341036;549300OHIIUWSTIZME52;Legal Entity Identifier;US;MISS;Other personal service activities n.e.c.;BB, Ba2, BB;S&P, Moodys, Fitch;Third party;USD;30/09/2023;Mark-to-Market;0.0000;Yes;IFRS: Financial assets held for trading;MISS;99999999999.000000
00491999408BBBPQRY;GB00BD6K4575;2138008M6MH9OZ6U2T68;Legal Entity Identifier;GB;MISS;Other food service activities;A, A3, NR;S&P, Moodys, Fitch;Third party;GBP;30/09/2023;Mark-to-Market;0.0000;Yes;IFRS: Financial assets held for trading;MISS;99999999999.000000
00491999408BBCDPYQ;NL0000379121;7245009EAAUUQJ0U4T57;Legal Entity Identifier;NL;MISS;Business and other management consultancy activities;NR, NR, NR;S&P, Moodys, Fitch;Third party;EUR;30/09/2023;MISS;0.0000;Yes;IFRS: Financial assets held for trading;MISS;99999999999.000000
004969334866666042;000000000001;549300N3BVS5NLS5F697;Legal Entity Identifier;ES;Other financial intermediaries except financial auxiliaries, captive financial institutions and money lenders, insurance corporations, pension funds and financial vehicle corporations engaged in securitisation transactions;Other financial service activities, except insurance and pension funding n.e.c.;MISS;N/A;Other group entity;EUR;30/09/2023;Mark-to-Model;99999999999.0000;No;Investments in subsidiaries, joint ventures and associates;MISS;0.000000
00491999408BBCCXVD;ES0178430E18;549300EEJH4FEPDBBR25;Legal Entity Identifier;ES;Non-financial corporations;Wireless telecommunications activities;BBB-, Baa3, BBB;S&P, Moodys, Fitch;Third party;EUR;30/09/2023;Mark-to-Market;0.0000;Yes;IFRS: Financial assets held for trading;MISS;99999999999.000000
004969444866667811;IT0003865570;549300UKR289DF4UXQ47;Legal Entity Identifier;IT;MISS;Construction of bridges and tunnels;BB, NR, BB;S&P, Moodys, Fitch;Third party;EUR;30/09/2023;Mark-to-Market;0.0000;No;IFRS: Financial assets at fair value through other comprehensive income;MISS;9009.500000
004969444866666003;ES0113495032;5493000LM0MZ4JPMGM90;Legal Entity Identifier;ES;Credit institutions;Other monetary intermediation;A, A2, A-;S&P, Moodys, Fitch;Other group entity;EUR;30/09/2023;Mark-to-Model;99999999999.0000;No;Investments in subsidiaries, joint ventures and associates;MISS;8696415951.180000
00491999408BBCBZJZ;IE00BF0L3536;635400AKJBGNS5WNQL34;Legal Entity Identifier;IE;MISS;Other financial service activities, except insurance and pension funding n.e.c.;BBB, A3, NR;S&P, Moodys, Fitch;Third party;EUR;30/09/2023;Mark-to-Market;0.0000;No;IFRS: Financial assets held for trading;MISS;99999999999.000000
004954924866667554;ES0105200416;8ZQH7RR6DBQZIX8PEQ84;Legal Entity Identifier;ES;Non-financial corporations;Construction of residential buildings;NR, NR, NR;S&P, Moodys, Fitch;Third party;EUR;30/09/2023;Mark-to-Model;99999999999.0000;No;IFRS: Financial assets at fair value through other comprehensive income;MISS;99999999999.000000
004954924866667810;ES0162681003;959800UYN6BUC2XAWA82;Legal Entity Identifier;ES;Non-MMF Investment funds;Trusts, funds and similar financial entities;MISS;N/A;Third party;EUR;30/09/2023;Mark-to-Market;99999999999.0000;No;IFRS: Non-trading financial assets mandatorily at fair value through profit or loss;MISS;277906.000000
004969334866666992;PEP131001005;549300T1KWXIS1JJ7Q76;Legal Entity Identifier;PE;MISS;Other monetary intermediation;NR, NR, NR;S&P, Moodys, Fitch;Other group entity;PEN;30/09/2023;Mark-to-Model;99999999999.0000;No;Investments in subsidiaries, joint ventures and associates;MISS;117512715.700000
004954924866666122;ES0190024010;A50021062;Other identifier type;ES;Non-financial corporations;Rental and operating of own or leased real estate;MISS;N/A;Third party;EUR;30/09/2023;Mark-to-Model;99999999999.0000;No;IFRS: Financial assets at fair value through other comprehensive income;MISS;7736.700000
004969444866667799;JE00BMDZN391;2138006YAA7IRVKKGE63;Legal Entity Identifier;JE;MISS;Trusts, funds and similar financial entities;NR, NR, BBB-;S&P, Moodys, Fitch;Third party;GBP;30/09/2023;Mark-to-Market;99999999999.0000;No;IFRS: Financial assets at fair value through other comprehensive income;MISS;99999999999.000000
004954924866667146;000000000000;959800HZGL5XHW6DB327;Legal Entity Identifier;ES;Non-financial corporations;Other transportation support activities;MISS;N/A;Other group entity;EUR;30/09/2023;Mark-to-Model;99999999999.0000;No;Investments in subsidiaries, joint ventures and associates;MISS;61926271.000000
004954924866667579;000000000000;B87971974;Other identifier type;ES;Non-financial corporations;Service activities incidental to air transportation;MISS;N/A;Other group entity;EUR;30/09/2023;Mark-to-Model;99999999999.0000;No;Investments in subsidiaries, joint ventures and associates;MISS;9542152.000000
004969334866667596;000000000000;959800W1EKS4W1V0T408;Legal Entity Identifier;ES;Captive financial institutions and money lenders;Activities of holding companies;MISS;N/A;Other group entity;EUR;30/09/2023;Mark-to-Model;99999999999.0000;No;Investments in subsidiaries, joint ventures and associates;MISS;8181101199.000000
004969334866666896;000000000000;Z42800000;Other identifier type;SV;MISS;Other personal service activities n.e.c.;MISS;N/A;Third party;USD;30/09/2023;MISS;99999999999.0000;No;IFRS: Financial assets at fair value through other comprehensive income;MISS;99999999999.000000
004969334866666568;000000000000;B82797713;Other identifier type;ES;Non-financial corporations;Agents involved in the sale of a variety of goods;MISS;N/A;Other group entity;EUR;30/09/2023;Mark-to-Model;99999999999.0000;No;Investments in subsidiaries, joint ventures and associates;MISS;15139835.090000
004954924866666485;000000000000;B26299412;Other identifier type;ES;MISS;MISS;MISS;N/A;Third party;EUR;30/09/2023;MISS;99999999999.0000;No;IFRS: Non-trading financial assets mandatorily at fair value through profit or loss;MISS;99999999999.000000
004954924866667725;000000000000;B88355326;Other identifier type;ES;Non-financial corporations;Combined office administrative service activities;MISS;N/A;Other group entity;EUR;30/09/2023;Mark-to-Model;99999999999.0000;No;Investments in subsidiaries, joint ventures and associates;MISS;26848532.000000
004969334866667147;000000000000;959800A2PEK5M4WCSU56;Legal Entity Identifier;ES;Non-financial corporations;Service activities incidental to air transportation;MISS;N/A;Other group entity;EUR;30/09/2023;Mark-to-Model;99999999999.0000;No;Investments in subsidiaries, joint ventures and associates;MISS;105205652.000000
004969334866667090;000000000000;$00175000;Other identifier type;ES;MISS;MISS;MISS;N/A;Other group entity;EUR;30/09/2023;Mark-to-Model;99999999999.0000;No;Investments in subsidiaries, joint ventures and associates;MISS;5365000.000000
004954924866667329;000000000000;959800NW9Y0AF1HTVP23;Legal Entity Identifier;ES;Captive financial institutions and money lenders;Security and commodity contracts brokerage;MISS;N/A;Other group entity;EUR;30/09/2023;Mark-to-Model;99999999999.0000;No;Investments in subsidiaries, joint ventures and associates;MISS;5903720.000000
004954924866667413;000000000000;000542941;Other identifier type;IE;MISS;Passenger air transport;MISS;N/A;Other group entity;EUR;30/09/2023;Mark-to-Model;99999999999.0000;No;Investments in subsidiaries, joint ventures and associates;MISS;33908502.000000
004969334866667830;000000000000;$00513000;Other identifier type;AR;MISS;MISS;MISS;N/A;Other group entity;ARS;30/09/2023;Mark-to-Model;99999999999.0000;No;Investments in subsidiaries, joint ventures and associates;MISS;987326.529000
004954924866667436;000000000000;959800LGHDG910AZW873;Legal Entity Identifier;ES;Financial auxilliaries;Other activities auxiliary to financial services, except insurance and pension funding;MISS;N/A;Third party;EUR;30/09/2023;MISS;99999999999.0000;No;IFRS: Financial assets at fair value through other comprehensive income;MISS;2922257.220000
004954924866667604;000000000000;B88118641;Other identifier type;ES;Non-financial corporations;Service activities incidental to air transportation;MISS;N/A;Other group entity;EUR;30/09/2023;Mark-to-Model;99999999999.0000;No;Investments in subsidiaries, joint ventures and associates;MISS;8424900.000000
004954924866666988;000000000000;9598006CRY9WMQAVUP52;Legal Entity Identifier;ES;Non-financial corporations;Rental and leasing of water transport equipment;MISS;N/A;Other group entity;EUR;30/09/2023;Mark-to-Model;99999999999.0000;No;Investments in subsidiaries, joint ventures and associates;MISS;138491999.000000
004969444860202888;000000000000;000202888;Other identifier type;BE;MISS;MISS;MISS;N/A;Third party;EUR;30/09/2023;MISS;99999999999.0000;No;IFRS: Financial assets at fair value through other comprehensive income;MISS;99999999999.000000
004969334866667585;000000000000;970519RG0;Other identifier type;MX;MISS;Security and commodity contracts brokerage;MISS;N/A;Other group entity;MXN;30/09/2023;Mark-to-Model;99999999999.0000;No;Investments in subsidiaries, joint ventures and associates;MISS;5733451781.000000
004954924866667817;000000000000;B72908288;Other identifier type;ES;Non-financial corporations;Rental and operating of own or leased real estate;MISS;N/A;Other group entity;EUR;30/09/2023;Mark-to-Model;99999999999.0000;No;Investments in subsidiaries, joint ventures and associates;MISS;71996450.000000
004954924866667627;000000000000;959800Z4XXYWB21W8369;Legal Entity Identifier;ES;Financial auxilliaries;Other activities auxiliary to financial services, except insurance and pension funding;MISS;N/A;Other group entity;EUR;30/09/2023;Mark-to-Model;99999999999.0000;No;Investments in subsidiaries, joint ventures and associates;MISS;3658856.000000
004969334866667183;000000000000;0346616T4;Other identifier type;UY;MISS;MISS;MISS;N/A;Other group entity;UYU;30/09/2023;Mark-to-Model;99999999999.0000;No;Investments in subsidiaries, joint ventures and associates;MISS;220007550.000000
004954924869999903;000000000000;959800YLAGKH56F67106;Legal Entity Identifier;ES;Financial auxilliaries;Security and commodity contracts brokerage;MISS;N/A;Third party;EUR;30/09/2023;MISS;99999999999.0000;No;IFRS: Financial assets at fair value through other comprehensive income;MISS;99999999999.000000
004954924866667863;000000000000;$04231000;Other identifier type;LU;MISS;MISS;MISS;N/A;Other group entity;EUR;30/09/2023;Mark-to-Model;99999999999.0000;No;Investments in subsidiaries, joint ventures and associates;MISS;247014960.000000
004969334866667834;000000000000;CO0049598;Other identifier type;CO;MISS;MISS;MISS;N/A;Other group entity;COP;30/09/2023;Mark-to-Model;99999999999.0000;No;Investments in subsidiaries, joint ventures and associates;MISS;0.000000
004969444866667282;000000000000;V01054741;Other identifier type;ES;MISS;MISS;MISS;N/A;Third party;EUR;30/09/2023;MISS;99999999999.0000;No;IFRS: Financial assets at fair value through other comprehensive income;MISS;11118.500000
004954924866667262;000000000000;B80672884;Other identifier type;ES;Captive financial institutions and money lenders;Other financial service activities, except insurance and pension funding n.e.c.;MISS;N/A;Other group entity;EUR;30/09/2023;Mark-to-Model;99999999999.0000;No;Investments in subsidiaries, joint ventures and associates;MISS;1763827.000000
004954924866667281;000000000000;549300HP1476OXQWZI17;Legal Entity Identifier;ES;Financial auxilliaries;Other financial service activities, except insurance and pension funding n.e.c.;MISS;N/A;Third party;EUR;30/09/2023;MISS;99999999999.0000;No;IFRS: Financial assets at fair value through other comprehensive income;MISS;264566.785000
004954924866667758;000000000000;959800RDJPU44B8F5062;Legal Entity Identifier;ES;Other financial intermediaries except financial auxiliaries, captive financial institutions and money lenders, insurance corporations, pension funds and financial vehicle corporations engaged in securitisation transactions;Other activities auxiliary to financial services, except insurance and pension funding;MISS;N/A;Third party;EUR;30/09/2023;MISS;99999999999.0000;No;IFRS: Non-trading financial assets mandatorily at fair value through profit or loss;MISS;70253824.010000
004954924866667804;000000000000;959800R1M8QUNZH3X622;Legal Entity Identifier;ES;Non-financial corporations;Production of electricity from other sources;MISS;N/A;Other group entity;EUR;30/09/2023;Mark-to-Model;99999999999.0000;No;Investments in subsidiaries, joint ventures and associates;MISS;9890100.000000
004954924866667511;000000000000;B87599478;Other identifier type;ES;Financial auxilliaries;Other financial service activities, except insurance and pension funding n.e.c.;MISS;N/A;Other group entity;EUR;30/09/2023;Mark-to-Model;99999999999.0000;No;Investments in subsidiaries, joint ventures and associates;MISS;99999999999.000000
004954924866667689;000000000000;B70374772;Other identifier type;ES;Non-financial corporations;Construction of residential buildings;MISS;N/A;Third party;EUR;30/09/2023;MISS;99999999999.0000;No;IFRS: Financial assets at fair value through other comprehensive income;MISS;92500.000000
004954924866667789;000000000000;959800F3RBV0YJLTNX83;Legal Entity Identifier;ES;Non-financial corporations;Other business support service activities n.e.c.;MISS;N/A;Other group entity;EUR;30/09/2023;Mark-to-Model;99999999999.0000;No;Investments in subsidiaries, joint ventures and associates;MISS;537055.000000
004954924866667208;000000000000;A84406529;Other identifier type;ES;Non-financial corporations;Other professional, scientific and technical activities n.e.c.;MISS;N/A;Other group entity;EUR;30/09/2023;Mark-to-Model;99999999999.0000;No;Investments in subsidiaries, joint ventures and associates;MISS;60252502.000000
004954924866667411;000000000000;959800G76KLUQX2V4D57;Legal Entity Identifier;ES;State government;Fund management activities;MISS;N/A;Third party;EUR;30/09/2023;MISS;99999999999.0000;No;IFRS: Financial assets at fair value through other comprehensive income;MISS;207747.600000
004954924866667803;000000000000;00B245150;Other identifier type;LU;MISS;MISS;MISS;N/A;Third party;EUR;30/09/2023;MISS;99999999999.0000;No;IFRS: Non-trading financial assets mandatorily at fair value through profit or loss;MISS;99999999999.000000
004954924866667642;000000000000;A83289819;Other identifier type;ES;Deposittaking corporations other than credit institutions;Other credit granting;MISS;N/A;Other group entity;EUR;30/09/2023;Mark-to-Model;99999999999.0000;No;Investments in subsidiaries, joint ventures and associates;MISS;46244487.000000
004969444866667179;000000000000;B86091790;Other identifier type;ES;Financial auxilliaries;Activities of holding companies;MISS;N/A;Other group entity;EUR;30/09/2023;Mark-to-Model;99999999999.0000;No;Investments in subsidiaries, joint ventures and associates;MISS;99999999999.000000
004954924866667727;000000000000;959800JB5HA55V2RMJ56;Legal Entity Identifier;ES;State government;Fund management activities;MISS;N/A;Third party;EUR;30/09/2023;MISS;99999999999.0000;No;IFRS: Non-trading financial assets mandatorily at fair value through profit or loss;MISS;4279164.700000
004954924866667907;000000000000;655725036;Other identifier type;AU;MISS;MISS;MISS;N/A;Other group entity;AUD;30/09/2023;Mark-to-Model;99999999999.0000;No;Investments in subsidiaries, joint ventures and associates;MISS;76298144.000000
004969334866666465;000000000000;B17383746;Other identifier type;ES;Captive financial institutions and money lenders;Activities of holding companies;MISS;N/A;Other group entity;EUR;30/09/2023;Mark-to-Model;99999999999.0000;No;Investments in subsidiaries, joint ventures and associates;MISS;2497449491.000000
004969444866667737;000000000000;011954089;Other identifier type;GB;MISS;Other financial service activities, except insurance and pension funding n.e.c.;MISS;N/A;Third party;GBP;30/09/2023;MISS;99999999999.0000;No;IFRS: Financial assets at fair value through other comprehensive income;MISS;99999999999.000000
004954924866667788;000000000000;7245007QUMI1FHIQV531;Legal Entity Identifier;NL;MISS;Trusts, funds and similar financial entities;MISS;N/A;Third party;EUR;30/09/2023;MISS;99999999999.0000;No;IFRS: Non-trading financial assets mandatorily at fair value through profit or loss;MISS;99999999999.000000
004954924866667678;000000000000;A41008467;Other identifier type;ES;MISS;MISS;MISS;N/A;Third party;EUR;30/09/2023;MISS;99999999999.0000;No;IFRS: Financial assets at fair value through other comprehensive income;MISS;5008.947000
004969444866667744;000000000000;549300X29TJ4C7GZFT31;Legal Entity Identifier;ES;Financial auxilliaries;Other financial service activities, except insurance and pension funding n.e.c.;MISS;N/A;Other group entity;EUR;30/09/2023;Mark-to-Model;99999999999.0000;No;Investments in subsidiaries, joint ventures and associates;MISS;4181515923.000000
004954924866667671;000000000000;95980073A4FEV9KMFJ12;Legal Entity Identifier;ES;Non-financial corporations;Rental and operating of own or leased real estate;MISS;N/A;Third party;EUR;30/09/2023;MISS;99999999999.0000;No;IFRS: Financial assets at fair value through other comprehensive income;MISS;15258.582000
004954924866667889;000000000000;959800D8CS1NF0HWRG98;Legal Entity Identifier;ES;Non-MMF Investment funds;Trusts, funds and similar financial entities;MISS;N/A;Third party;EUR;30/09/2023;MISS;99999999999.0000;No;IFRS: Non-trading financial assets mandatorily at fair value through profit or loss;MISS;99999999999.000000
004954924861390303;000000000000;959800PF0SJV8TSAB140;Legal Entity Identifier;ES;Credit institutions;Other monetary intermediation;MISS;N/A;Other group entity;EUR;30/09/2023;Mark-to-Model;99999999999.0000;No;Investments in subsidiaries, joint ventures and associates;MISS;685013857.800000
004969444866667636;000000000000;B87834578;Other identifier type;ES;Captive financial institutions and money lenders;Other financial service activities, except insurance and pension funding n.e.c.;MISS;N/A;Third party;EUR;30/09/2023;MISS;99999999999.0000;No;IFRS: Financial assets at fair value through other comprehensive income;MISS;99999999999.000000
004969334866666833;000000000000;MXAP79000;Other identifier type;MX;MISS;MISS;MISS;N/A;Other group entity;MXN;30/09/2023;Mark-to-Model;99999999999.0000;No;Investments in subsidiaries, joint ventures and associates;MISS;654730873.000000
004954924866667673;000000000000;95980020140005903209;Legal Entity Identifier;ES;Financial auxilliaries;Fund management activities;MISS;N/A;Third party;EUR;30/09/2023;MISS;99999999999.0000;No;IFRS: Financial assets at fair value through other comprehensive income;MISS;582687.100000
004954924866667674;000000000000;959800D1X9V309A6DJ16;Legal Entity Identifier;ES;Non-financial corporations;Rental and operating of own or leased real estate;MISS;N/A;Third party;EUR;30/09/2023;MISS;99999999999.0000;No;IFRS: Financial assets at fair value through other comprehensive income;MISS;4020.560000
004954924866667566;000000000000;B87836268;Other identifier type;ES;Non-financial corporations;Service activities incidental to air transportation;MISS;N/A;Other group entity;EUR;30/09/2023;Mark-to-Model;99999999999.0000;No;Investments in subsidiaries, joint ventures and associates;MISS;10499786.000000
004954924866667903;000000000000;V13840566;Other identifier type;ES;MISS;MISS;MISS;N/A;Third party;EUR;30/09/2023;MISS;99999999999.0000;No;IFRS: Non-trading financial assets mandatorily at fair value through profit or loss;MISS;99999999999.000000
004954924866667690;000000000000;959800ACTAU00LDU7N90;Legal Entity Identifier;ES;Non-financial corporations;Operation of sports facilities;MISS;N/A;Third party;EUR;30/09/2023;MISS;99999999999.0000;No;IFRS: Financial assets at fair value through other comprehensive income;MISS;15557.332000
004954924866667589;000000000000;9598005DH30M240VY927;Legal Entity Identifier;ES;Financial auxilliaries;Other financial service activities, except insurance and pension funding n.e.c.;MISS;N/A;Other group entity;EUR;30/09/2023;Mark-to-Model;99999999999.0000;No;Investments in subsidiaries, joint ventures and associates;MISS;99999999999.000000
004969334866667849;000000000000;B09916628;Other identifier type;ES;Non-financial corporations;Other information technology and computer service activities;MISS;N/A;Other group entity;EUR;30/09/2023;Mark-to-Model;99999999999.0000;No;Investments in subsidiaries, joint ventures and associates;MISS;106184857.000000
004969444866667530;000000000000;503541222;Other identifier type;PT;MISS;Fund management activities;MISS;N/A;Other group entity;EUR;30/09/2023;Mark-to-Model;99999999999.0000;No;Investments in subsidiaries, joint ventures and associates;MISS;9930541.000000
004969334866667109;000000000000;006950885;Other identifier type;GB;MISS;Other financial service activities, except insurance and pension funding n.e.c.;MISS;N/A;Other group entity;GBP;30/09/2023;Mark-to-Model;99999999999.0000;No;Investments in subsidiaries, joint ventures and associates;MISS;4255.000000
004954924866667532;000000000000;95980020140005091610;Legal Entity Identifier;ES;Financial auxilliaries;Fund management activities;MISS;N/A;Other group entity;EUR;30/09/2023;Mark-to-Model;99999999999.0000;No;Investments in subsidiaries, joint ventures and associates;MISS;99006246.370000
004954924866667664;000000000000;A36755544;Other identifier type;ES;Non-financial corporations;Other professional, scientific and technical activities n.e.c.;MISS;N/A;Third party;EUR;30/09/2023;MISS;99999999999.0000;No;IFRS: Financial assets at fair value through other comprehensive income;MISS;27454.000000
004969334860211313;000000000000;965014403;Other identifier type;CL;MISS;Other financial service activities, except insurance and pension funding n.e.c.;MISS;N/A;Other group entity;CLP;30/09/2023;Mark-to-Model;99999999999.0000;No;Investments in subsidiaries, joint ventures and associates;MISS;122599028.300000
004954924866667272;000000000000;959800TVKJX8CY7L6V17;Legal Entity Identifier;ES;Financial auxilliaries;Other activities auxiliary to financial services, except insurance and pension funding;MISS;N/A;Third party;EUR;30/09/2023;MISS;99999999999.0000;No;IFRS: Financial assets at fair value through other comprehensive income;MISS;952629.726000
004969334866667861;000000000000;B10956092;Other identifier type;ES;MISS;MISS;MISS;N/A;Other group entity;EUR;30/09/2023;Mark-to-Model;99999999999.0000;No;Investments in subsidiaries, joint ventures and associates;MISS;186147999.000000
004969334866666545;000000000000;B62116298;Other identifier type;ES;Non-financial corporations;Buying and selling of own real estate;MISS;N/A;Other group entity;EUR;30/09/2023;Mark-to-Model;99999999999.0000;No;Investments in subsidiaries, joint ventures and associates;MISS;593934925.200000
004954924866667663;000000000000;959800GQA3AUM989Z145;Legal Entity Identifier;ES;Non-financial corporations;Other business support service activities n.e.c.;MISS;N/A;Third party;EUR;30/09/2023;MISS;99999999999.0000;No;IFRS: Financial assets at fair value through other comprehensive income;MISS;10389.600000
004969334866667836;000000000000;$00004219;Other identifier type;CO;MISS;MISS;MISS;N/A;Other group entity;COP;30/09/2023;Mark-to-Model;99999999999.0000;No;Investments in subsidiaries, joint ventures and associates;MISS;73540164.000000
004969334866667724;000000000000;B88359757;Other identifier type;ES;Non-financial corporations;Other information technology and computer service activities;MISS;N/A;Other group entity;EUR;30/09/2023;Mark-to-Model;99999999999.0000;No;Investments in subsidiaries, joint ventures and associates;MISS;313407069.500000
004969354866667486;000000000000;$01609000;Other identifier type;PL;MISS;MISS;MISS;N/A;Other group entity;PLN;30/09/2023;Mark-to-Model;99999999999.0000;No;Investments in subsidiaries, joint ventures and associates;MISS;28763282.000000
004954924866667882;000000000000;B39717350;Other identifier type;ES;Non-financial corporations;Other information technology and computer service activities;MISS;N/A;Third party;EUR;30/09/2023;MISS;99999999999.0000;No;IFRS: Non-trading financial assets mandatorily at fair value through profit or loss;MISS;99999999999.000000
004954924866667623;000000000000;959800JPN9LPKPZ4MD86;Legal Entity Identifier;ES;Non-financial corporations;Rental and operating of own or leased real estate;MISS;N/A;Other group entity;EUR;30/09/2023;Mark-to-Model;99999999999.0000;No;Investments in subsidiaries, joint ventures and associates;MISS;1098094977.000000
004969334866666532;000000000000;B82976515;Other identifier type;ES;Non-financial corporations;Other business support service activities n.e.c.;MISS;N/A;Other group entity;EUR;30/09/2023;Mark-to-Model;99999999999.0000;No;Investments in subsidiaries, joint ventures and associates;MISS;32421567.330000
004954924866667714;000000000000;9598004KLRZKH5HCSN92;Legal Entity Identifier;ES;Non-financial corporations;Development of building projects;MISS;N/A;Other group entity;EUR;30/09/2023;Mark-to-Model;99999999999.0000;No;Investments in subsidiaries, joint ventures and associates;MISS;4661820739.000000
004969334866667833;000000000000;005821151;Other identifier type;CO;MISS;Other monetary intermediation;MISS;N/A;Other group entity;COP;30/09/2023;Mark-to-Model;99999999999.0000;No;Investments in subsidiaries, joint ventures and associates;MISS;162742856.900000
004954924866667212;000000000000;5493009YYP4SY2LPFJ83;Legal Entity Identifier;ES;Central government;Trusts, funds and similar financial entities;MISS;N/A;Third party;EUR;30/09/2023;MISS;99999999999.0000;No;IFRS: Financial assets at fair value through other comprehensive income;MISS;99999999999.000000
004954924866667513;000000000000;B87594982;Other identifier type;ES;Non-financial corporations;Service activities incidental to air transportation;MISS;N/A;Other group entity;EUR;30/09/2023;Mark-to-Model;99999999999.0000;No;Investments in subsidiaries, joint ventures and associates;MISS;26558304.000000
004969334866667794;000000000000;$01571000;Other identifier type;BR;MISS;MISS;MISS;N/A;Other group entity;BRL;30/09/2023;Mark-to-Model;99999999999.0000;No;Investments in subsidiaries, joint ventures and associates;MISS;371961.000000
004954924866667263;000000000000;B29681533;Other identifier type;ES;Non-financial corporations;Buying and selling of own real estate;MISS;N/A;Other group entity;EUR;30/09/2023;Mark-to-Model;99999999999.0000;No;Investments in subsidiaries, joint ventures and associates;MISS;0.000000
004969334866667551;000000000000;B87745733;Other identifier type;ES;Non-financial corporations;Computer consultancy activities;MISS;N/A;Other group entity;EUR;30/09/2023;Mark-to-Model;99999999999.0000;No;Investments in subsidiaries, joint ventures and associates;MISS;0.000000
004954924866667913;000000000000;V56348097;Other identifier type;ES;MISS;MISS;MISS;N/A;Third party;EUR;30/09/2023;MISS;99999999999.0000;No;IFRS: Non-trading financial assets mandatorily at fair value through profit or loss;MISS;99999999999.000000
004969444866666645;000000000000;000243394;Other identifier type;CH;MISS;MISS;MISS;N/A;Third party;CHF;30/09/2023;MISS;99999999999.0000;No;IFRS: Financial assets at fair value through other comprehensive income;MISS;99999999999.000000
004954924865552549;000000000000;X1000459M;Other identifier type;FR;MISS;MISS;MISS;N/A;Third party;EUR;30/09/2023;MISS;99999999999.0000;No;IFRS: Financial assets at fair value through other comprehensive income;MISS;99999999999.000000
004954924866667785;000000000000;959800FZ9P5BEFMMM578;Legal Entity Identifier;ES;Non-financial corporations;Rental and leasing of other machinery, equipment and tangible goods n.e.c.;MISS;N/A;Other group entity;EUR;30/09/2023;Mark-to-Model;99999999999.0000;No;Investments in subsidiaries, joint ventures and associates;MISS;3825689.000000
004954924866667125;000000000000;A81222127;Other identifier type;ES;Other financial intermediaries except financial auxiliaries, captive financial institutions and money lenders, insurance corporations, pension funds and financial vehicle corporations engaged in securitisation transactions;Security and commodity contracts brokerage;MISS;N/A;Other group entity;EUR;30/09/2023;Mark-to-Model;99999999999.0000;No;Investments in subsidiaries, joint ventures and associates;MISS;4730339.000000
004954924866666094;000000000000;A81845414;Other identifier type;ES;Captive financial institutions and money lenders;Other financial service activities, except insurance and pension funding n.e.c.;MISS;N/A;Third party;EUR;30/09/2023;MISS;99999999999.0000;No;IFRS: Non-trading financial assets mandatorily at fair value through profit or loss;MISS;3231113.800000
004954924866667859;000000000000;B04860672;Other identifier type;ES;Non-financial corporations;Research and experimental development on biotechnology;MISS;N/A;Third party;EUR;30/09/2023;MISS;99999999999.0000;No;IFRS: Non-trading financial assets mandatorily at fair value through profit or loss;MISS;99999999999.000000
004969334866667454;000000000000;$04042000;Other identifier type;UY;MISS;MISS;MISS;N/A;Other group entity;UYU;30/09/2023;Mark-to-Model;99999999999.0000;No;Investments in subsidiaries, joint ventures and associates;MISS;225225734.000000
004969334866667835;000000000000;$00000399;Other identifier type;AR;MISS;MISS;MISS;N/A;Other group entity;ARS;30/09/2023;Mark-to-Model;99999999999.0000;No;Investments in subsidiaries, joint ventures and associates;MISS;7194576.000000
004969334866667905;000000000000;402523073;Other identifier type;CH;MISS;MISS;MISS;N/A;Third party;CHF;30/09/2023;MISS;99999999999.0000;No;IFRS: Non-trading financial assets mandatorily at fair value through profit or loss;MISS;99999999999.000000
004969444866667418;000000000000;B87063566;Other identifier type;ES;Captive financial institutions and money lenders;Activities of holding companies;MISS;N/A;Other group entity;EUR;30/09/2023;Mark-to-Model;99999999999.0000;No;Investments in subsidiaries, joint ventures and associates;MISS;4107.000000
004969354866667194;000000000000;213800OWBLTJXPAH9I52;Legal Entity Identifier;GB;MISS;Legal activities;MISS;N/A;Other group entity;GBP;30/09/2023;Mark-to-Model;99999999999.0000;No;Investments in subsidiaries, joint ventures and associates;MISS;0.000000
004954924866666583;000000000000;959800ZRWR9VGA7YAF63;Legal Entity Identifier;ES;Captive financial institutions and money lenders;Activities of holding companies;MISS;N/A;Third party;EUR;30/09/2023;MISS;99999999999.0000;No;IFRS: Financial assets at fair value through other comprehensive income;MISS;12963993.400000
004954924866667333;000000000000;L55485340;Other identifier type;NL;MISS;MISS;MISS;N/A;Third party;EUR;30/09/2023;MISS;99999999999.0000;No;IFRS: Financial assets at fair value through other comprehensive income;MISS;99999999999.000000
004969334860200821;000000000000;$00368000;Other identifier type;CH;MISS;MISS;MISS;N/A;Other group entity;CHF;30/09/2023;Mark-to-Model;99999999999.0000;No;Investments in subsidiaries, joint ventures and associates;MISS;1134108697.966000
004954924866667273;000000000000;A91069039;Other identifier type;ES;MISS;MISS;MISS;N/A;Third party;EUR;30/09/2023;MISS;99999999999.0000;No;IFRS: Financial assets at fair value through other comprehensive income;MISS;99999999999.000000
004954924866666425;000000000000;B80855398;Other identifier type;ES;Non-financial corporations;Other personal service activities n.e.c.;MISS;N/A;Third party;EUR;30/09/2023;MISS;99999999999.0000;No;IFRS: Financial assets at fair value through other comprehensive income;MISS;1873138.312000
004954924866666426;000000000000;B80855398;Other identifier type;ES;Non-financial corporations;Other personal service activities n.e.c.;MISS;N/A;Third party;EUR;30/09/2023;MISS;99999999999.0000;No;IFRS: Financial assets at fair value through other comprehensive income;MISS;350.342000
004954924866667770;000000000000;959800VCWDJ1NGADZZ47;Legal Entity Identifier;ES;Captive financial institutions and money lenders;Activities of holding companies;MISS;N/A;Other group entity;EUR;30/09/2023;Mark-to-Model;99999999999.0000;No;Investments in subsidiaries, joint ventures and associates;MISS;1360934592.000000
004954924866667762;000000000000;959800BKQE4XQF17N767;Legal Entity Identifier;ES;Other financial intermediaries except financial auxiliaries, captive financial institutions and money lenders, insurance corporations, pension funds and financial vehicle corporations engaged in securitisation transactions;Trusts, funds and similar financial entities;MISS;N/A;Other group entity;EUR;30/09/2023;Mark-to-Model;99999999999.0000;No;Investments in subsidiaries, joint ventures and associates;MISS;3707259363.000000
004969444866667542;000000000000;$01286000;Other identifier type;IE;MISS;MISS;MISS;N/A;Other group entity;EUR;30/09/2023;Mark-to-Model;99999999999.0000;No;Investments in subsidiaries, joint ventures and associates;MISS;99999999999.000000
004954924866667793;000000000000;B02851236;Other identifier type;ES;Non-financial corporations;Activities of holding companies;MISS;N/A;Other group entity;EUR;30/09/2023;Mark-to-Model;99999999999.0000;No;Investments in subsidiaries, joint ventures and associates;MISS;0.000000
004954924866667805;000000000000;$00004192;Other identifier type;GB;MISS;MISS;MISS;N/A;Other group entity;EUR;30/09/2023;Mark-to-Model;99999999999.0000;No;Investments in subsidiaries, joint ventures and associates;MISS;9215072.000000
004954924866667423;000000000000;959800SD4D9MCPT20R31;Legal Entity Identifier;ES;Financial auxilliaries;Security and commodity contracts brokerage;MISS;N/A;Third party;EUR;30/09/2023;MISS;99999999999.0000;No;IFRS: Financial assets at fair value through other comprehensive income;MISS;1997254.881000
004954924866667622;000000000000;A81437022;Other identifier type;ES;Non-financial corporations;Other business support service activities n.e.c.;MISS;N/A;Other group entity;EUR;30/09/2023;Mark-to-Model;99999999999.0000;No;Investments in subsidiaries, joint ventures and associates;MISS;6020270.000000
004969444866667533;000000000000;011450018;Other identifier type;CH;MISS;Trusts, funds and similar financial entities;MISS;N/A;Other group entity;CHF;30/09/2023;Mark-to-Model;99999999999.0000;No;Investments in subsidiaries, joint ventures and associates;MISS;108793875.000000
004954924866667616;000000000000;B86828845;Other identifier type;ES;Financial auxilliaries;Other activities auxiliary to financial services, except insurance and pension funding;MISS;N/A;Other group entity;EUR;30/09/2023;Mark-to-Model;99999999999.0000;No;Investments in subsidiaries, joint ventures and associates;MISS;99999999999.000000
004954924866667893;000000000000;959800XXL05482J30B96;Legal Entity Identifier;ES;Non-MMF Investment funds;Trusts, funds and similar financial entities;MISS;N/A;Third party;EUR;30/09/2023;MISS;99999999999.0000;No;IFRS: Non-trading financial assets mandatorily at fair value through profit or loss;MISS;99999999999.000000
004954924866667643;000000000000;B87332706;Other identifier type;ES;Non-financial corporations;Beverage serving activities;MISS;N/A;Other group entity;EUR;30/09/2023;Mark-to-Model;99999999999.0000;No;Investments in subsidiaries, joint ventures and associates;MISS;6679166.000000
004954924866667417;000000000000;549300FK7QD3W9P5XC11;Legal Entity Identifier;LU;MISS;Activities of holding companies;MISS;N/A;Third party;EUR;30/09/2023;MISS;99999999999.0000;No;IFRS: Financial assets at fair value through other comprehensive income;MISS;99999999999.000000
004954924866667450;000000000000;$02383000;Other identifier type;GB;MISS;MISS;MISS;N/A;Other group entity;GBP;30/09/2023;Mark-to-Model;99999999999.0000;No;Investments in subsidiaries, joint ventures and associates;MISS;0.000000
004954924866667783;000000000000;012553544;Other identifier type;GB;MISS;Activities of holding companies;MISS;N/A;Other group entity;EUR;30/09/2023;Mark-to-Model;99999999999.0000;No;Investments in subsidiaries, joint ventures and associates;MISS;108928.000000
004954924866666569;000000000000;959800H1RHMMQY9C0N54;Legal Entity Identifier;ES;Financial auxilliaries;Administration of financial markets;MISS;N/A;Third party;EUR;30/09/2023;MISS;99999999999.0000;No;IFRS: Financial assets at fair value through other comprehensive income;MISS;99999999999.000000
004954924866667908;000000000000;V56226095;Other identifier type;ES;MISS;MISS;MISS;N/A;Third party;EUR;30/09/2023;MISS;99999999999.0000;No;IFRS: Non-trading financial assets mandatorily at fair value through profit or loss;MISS;99999999999.000000
004954924866667909;000000000000;V56226095;Other identifier type;ES;MISS;MISS;MISS;N/A;Third party;EUR;30/09/2023;MISS;99999999999.0000;No;IFRS: Non-trading financial assets mandatorily at fair value through profit or loss;MISS;99999999999.000000
004954924866667910;000000000000;V56226095;Other identifier type;ES;MISS;MISS;MISS;N/A;Third party;EUR;30/09/2023;MISS;99999999999.0000;No;IFRS: Non-trading financial assets mandatorily at fair value through profit or loss;MISS;99999999999.000000
004969334866667075;000000000000;760022634;Other identifier type;CL;MISS;MISS;MISS;N/A;Other group entity;CLP;30/09/2023;Mark-to-Model;99999999999.0000;No;Investments in subsidiaries, joint ventures and associates;MISS;41899533.460000
004954924866667675;000000000000;B99005001;Other identifier type;ES;Non-financial corporations;Construction of residential buildings;MISS;N/A;Third party;EUR;30/09/2023;MISS;99999999999.0000;No;IFRS: Financial assets at fair value through other comprehensive income;MISS;88301.457000
004954924866667869;000000000000;B88049424;Other identifier type;ES;MISS;MISS;MISS;N/A;Other group entity;EUR;30/09/2023;Mark-to-Model;99999999999.0000;No;Investments in subsidiaries, joint ventures and associates;MISS;49037321.000000
004954924866667435;000000000000;959800UXR0E13GL33914;Legal Entity Identifier;ES;Financial auxilliaries;Other activities auxiliary to financial services, except insurance and pension funding;MISS;N/A;Third party;EUR;30/09/2023;MISS;99999999999.0000;No;IFRS: Financial assets at fair value through other comprehensive income;MISS;3357306.901000
004954924869990572;000000000000;959800T6G4SVQR5QA881;Legal Entity Identifier;ES;Non-financial corporations;Buying and selling of own real estate;MISS;N/A;Other group entity;EUR;30/09/2023;Mark-to-Model;99999999999.0000;No;Investments in subsidiaries, joint ventures and associates;MISS;0.000000
004954924866667357;000000000000;B86884103;Other identifier type;ES;Financial auxilliaries;Other financial service activities, except insurance and pension funding n.e.c.;MISS;N/A;Other group entity;EUR;30/09/2023;Mark-to-Model;99999999999.0000;No;Investments in subsidiaries, joint ventures and associates;MISS;2779773.000000
004954924866667538;000000000000;A28172542;Other identifier type;ES;Financial auxilliaries;Activities of insurance agents and brokers;MISS;N/A;Other group entity;EUR;30/09/2023;Mark-to-Model;99999999999.0000;No;Investments in subsidiaries, joint ventures and associates;MISS;65143125.000000
004954924866667434;000000000000;959800TL6B5V286CRZ60;Legal Entity Identifier;ES;Captive financial institutions and money lenders;Other financial service activities, except insurance and pension funding n.e.c.;MISS;N/A;Other group entity;EUR;30/09/2023;Mark-to-Model;99999999999.0000;No;Investments in subsidiaries, joint ventures and associates;MISS;1277064314.000000
004954924866667672;000000000000;A28077964;Other identifier type;ES;Non-financial corporations;Other professional, scientific and technical activities n.e.c.;MISS;N/A;Third party;EUR;30/09/2023;MISS;99999999999.0000;No;IFRS: Financial assets at fair value through other comprehensive income;MISS;10193.500000
004969444866667900;000000000000;B44941557;Other identifier type;ES;Financial auxilliaries;Activities of holding companies;MISS;N/A;Other group entity;EUR;30/09/2023;Mark-to-Model;99999999999.0000;No;Investments in subsidiaries, joint ventures and associates;MISS;99999999999.000000
004954924866667698;000000000000;959800LPAMF4HCQEHF71;Legal Entity Identifier;ES;Financial auxilliaries;Other activities auxiliary to financial services, except insurance and pension funding;MISS;N/A;Third party;EUR;30/09/2023;MISS;99999999999.0000;No;IFRS: Financial assets at fair value through other comprehensive income;MISS;56603.337000
004969444866667292;000000000000;549300EBI9IZCEJIF589;Legal Entity Identifier;IE;MISS;Other financial service activities, except insurance and pension funding n.e.c.;MISS;N/A;Other group entity;EUR;30/09/2023;Mark-to-Model;99999999999.0000;No;Investments in subsidiaries, joint ventures and associates;MISS;1052688.539000
004969444866666946;000000000000;95980020140005847337;Legal Entity Identifier;ES;Captive financial institutions and money lenders;Other financial service activities, except insurance and pension funding n.e.c.;MISS;N/A;Other group entity;EUR;30/09/2023;Mark-to-Model;99999999999.0000;No;Investments in subsidiaries, joint ventures and associates;MISS;689586155.200000
004969334865552530;000000000000;966715901;Other identifier type;CL;MISS;Other professional, scientific and technical activities n.e.c.;MISS;N/A;Other group entity;CLP;30/09/2023;Mark-to-Model;99999999999.0000;No;Investments in subsidiaries, joint ventures and associates;MISS;2560372306.000000
004954924866667775;000000000000;959800PUUCZDETNLX677;Legal Entity Identifier;ES;Other financial intermediaries except financial auxiliaries, captive financial institutions and money lenders, insurance corporations, pension funds and financial vehicle corporations engaged in securitisation transactions;Other financial service activities, except insurance and pension funding n.e.c.;MISS;N/A;Third party;EUR;30/09/2023;MISS;99999999999.0000;No;IFRS: Non-trading financial assets mandatorily at fair value through profit or loss;MISS;304760419.700000
004954924866667267;000000000000;959800L4UFKKPDBGHU18;Legal Entity Identifier;ES;Non-financial corporations;production of mineral waters and other bottled waters;MISS;N/A;Third party;EUR;30/09/2023;MISS;99999999999.0000;No;IFRS: Non-trading financial assets mandatorily at fair value through profit or loss;MISS;99999999999.000000
004954924866667187;000000000000;959800QEKJV14SGDUT89;Legal Entity Identifier;ES;Financial auxilliaries;Security and commodity contracts brokerage;MISS;N/A;Third party;EUR;30/09/2023;MISS;99999999999.0000;No;IFRS: Financial assets at fair value through other comprehensive income;MISS;735692.613000
004954924866667421;000000000000;B87098356;Other identifier type;ES;Non-financial corporations;Service activities incidental to water transportation;MISS;N/A;Other group entity;EUR;30/09/2023;Mark-to-Model;99999999999.0000;No;Investments in subsidiaries, joint ventures and associates;MISS;77979609.000000
004954924866667552;000000000000;B87763694;Other identifier type;ES;Non-financial corporations;Rental and leasing of water transport equipment;MISS;N/A;Other group entity;EUR;30/09/2023;Mark-to-Model;99999999999.0000;No;Investments in subsidiaries, joint ventures and associates;MISS;14189130.000000
004954924866667883;000000000000;959800ZAFMS5BLXKPY76;Legal Entity Identifier;ES;Non-financial corporations;Hotels and similar accommodation;MISS;N/A;Third party;EUR;30/09/2023;MISS;99999999999.0000;No;IFRS: Non-trading financial assets mandatorily at fair value through profit or loss;MISS;99999999999.000000
004969334866667069;000000000000;$01211000;Other identifier type;MX;MISS;MISS;MISS;N/A;Other group entity;MXN;30/09/2023;Mark-to-Model;99999999999.0000;No;Investments in subsidiaries, joint ventures and associates;MISS;16032692.000000
004954924866667666;000000000000;B85601201;Other identifier type;ES;MISS;MISS;MISS;N/A;Third party;EUR;30/09/2023;MISS;99999999999.0000;No;IFRS: Financial assets at fair value through other comprehensive income;MISS;99999999999.000000
004954924866667567;000000000000;959800FXM7768JDYX691;Legal Entity Identifier;ES;Non-financial corporations;Real estate agencies;MISS;N/A;Other group entity;EUR;30/09/2023;Mark-to-Model;99999999999.0000;No;Investments in subsidiaries, joint ventures and associates;MISS;15490938.000000
004969334869990207;000000000000;95980020140005561963;Legal Entity Identifier;ES;Captive financial institutions and money lenders;Activities of holding companies;MISS;N/A;Other group entity;EUR;30/09/2023;Mark-to-Model;99999999999.0000;No;Investments in subsidiaries, joint ventures and associates;MISS;12018086930.000000
004969444866667588;000000000000;000621543;Other identifier type;IE;MISS;MISS;MISS;N/A;Third party;EUR;30/09/2023;MISS;99999999999.0000;No;IFRS: Financial assets at fair value through other comprehensive income;MISS;99999999999.000000
004954924866667695;000000000000;959800UN8NUNN51F4Z17;Legal Entity Identifier;ES;Non-financial corporations;Development of building projects;MISS;N/A;Third party;EUR;30/09/2023;MISS;99999999999.0000;No;IFRS: Financial assets at fair value through other comprehensive income;MISS;99999999999.000000
004954924866667655;000000000000;A09033119;Other identifier type;ES;Other financial intermediaries except financial auxiliaries, captive financial institutions and money lenders, insurance corporations, pension funds and financial vehicle corporations engaged in securitisation transactions;Fund management activities;MISS;N/A;Third party;EUR;30/09/2023;MISS;99999999999.0000;No;IFRS: Financial assets at fair value through other comprehensive income;MISS;376996.700000
004969334866666952;000000000000;215232950;Other identifier type;UY;MISS;MISS;MISS;N/A;Other group entity;USD;30/09/2023;Mark-to-Model;99999999999.0000;No;Investments in subsidiaries, joint ventures and associates;MISS;175047.000000
004954924866667911;000000000000;00B268046;Other identifier type;LU;MISS;MISS;MISS;N/A;Third party;EUR;30/09/2023;MISS;99999999999.0000;No;IFRS: Non-trading financial assets mandatorily at fair value through profit or loss;MISS;99999999999.000000
004954924866667813;000000000000;00B252600;Other identifier type;LU;MISS;MISS;MISS;N/A;Third party;EUR;30/09/2023;MISS;99999999999.0000;No;IFRS: Non-trading financial assets mandatorily at fair value through profit or loss;MISS;99999999999.000000
004954924866667814;000000000000;00B252600;Other identifier type;LU;MISS;MISS;MISS;N/A;Third party;EUR;30/09/2023;MISS;99999999999.0000;No;IFRS: Non-trading financial assets mandatorily at fair value through profit or loss;MISS;99999999999.000000
004954924866667713;000000000000;959800K5PD9GB1EHW234;Legal Entity Identifier;ES;Captive financial institutions and money lenders;Activities of holding companies;MISS;N/A;Other group entity;EUR;30/09/2023;Mark-to-Model;99999999999.0000;No;Investments in subsidiaries, joint ventures and associates;MISS;875507727.000000
004954924866667358;000000000000;B86884186;Other identifier type;ES;Financial auxilliaries;Other financial service activities, except insurance and pension funding n.e.c.;MISS;N/A;Other group entity;EUR;30/09/2023;Mark-to-Model;99999999999.0000;No;Investments in subsidiaries, joint ventures and associates;MISS;2860840.000000
004954924866667700;000000000000;A15018831;Other identifier type;ES;State government;General public administration activities;MISS;N/A;Third party;EUR;30/09/2023;MISS;99999999999.0000;No;IFRS: Financial assets at fair value through other comprehensive income;MISS;5891517.400000
004969444866666832;000000000000;$01119000;Other identifier type;IE;MISS;MISS;MISS;N/A;Other group entity;EUR;30/09/2023;Mark-to-Model;99999999999.0000;No;Investments in subsidiaries, joint ventures and associates;MISS;99999999999.000000
004954924866667124;000000000000;959800CDN1LGGH5SDU13;Legal Entity Identifier;ES;Non-financial corporations;Activities of holding companies;MISS;N/A;Third party;EUR;30/09/2023;MISS;99999999999.0000;No;IFRS: Financial assets at fair value through other comprehensive income;MISS;99999999999.000000
004969334866666041;000000000000;549300N3BVS5NLS5F697;Legal Entity Identifier;ES;Other financial intermediaries except financial auxiliaries, captive financial institutions and money lenders, insurance corporations, pension funds and financial vehicle corporations engaged in securitisation transactions;Other financial service activities, except insurance and pension funding n.e.c.;MISS;N/A;Other group entity;EUR;30/09/2023;Mark-to-Model;99999999999.0000;No;Investments in subsidiaries, joint ventures and associates;MISS;0.000000
004954924866667422;000000000000;9598003YBNYGBZWSXR28;Legal Entity Identifier;ES;Financial auxilliaries;Other activities auxiliary to financial services, except insurance and pension funding;MISS;N/A;Third party;EUR;30/09/2023;MISS;99999999999.0000;No;IFRS: Financial assets at fair value through other comprehensive income;MISS;4173793.218000
004954924866667683;000000000000;A20886198;Other identifier type;ES;Non-financial corporations;Other professional, scientific and technical activities n.e.c.;MISS;N/A;Third party;EUR;30/09/2023;MISS;99999999999.0000;No;IFRS: Financial assets at fair value through other comprehensive income;MISS;4437069.600000
004954924866667662;000000000000;A21110986;Other identifier type;ES;Non-financial corporations;Business and other management consultancy activities;MISS;N/A;Third party;EUR;30/09/2023;MISS;99999999999.0000;No;IFRS: Financial assets at fair value through other comprehensive income;MISS;99999999999.000000
004969444865552706;000000000000;0007563OE;Other identifier type;LU;MISS;Activities of extraterritorial organisations and bodies;MISS;N/A;Third party;EUR;30/09/2023;MISS;99999999999.0000;No;IFRS: Non-trading financial assets mandatorily at fair value through profit or loss;MISS;99999999999.000000
004969334866667113;000000000000;95980020140006024944;Legal Entity Identifier;ES;Credit institutions;Other monetary intermediation;MISS;N/A;Other group entity;EUR;30/09/2023;Mark-to-Model;99999999999.0000;No;Investments in subsidiaries, joint ventures and associates;MISS;1590241119.824000
004969334866667829;000000000000;AR0002114;Other identifier type;AR;Non-financial corporations;tax consultancy;MISS;N/A;Other group entity;ARS;30/09/2023;Mark-to-Model;99999999999.0000;No;Investments in subsidiaries, joint ventures and associates;MISS;306027.000000
004969444866667541;000000000000;$01285000;Other identifier type;IE;MISS;MISS;MISS;N/A;Other group entity;EUR;30/09/2023;Mark-to-Model;99999999999.0000;No;Investments in subsidiaries, joint ventures and associates;MISS;99999999999.000000
004969334866666933;000000000000;B84868124;Other identifier type;ES;Non-financial corporations;tax consultancy;MISS;N/A;Other group entity;EUR;30/09/2023;Mark-to-Model;99999999999.0000;No;Investments in subsidiaries, joint ventures and associates;MISS;3699630.000000
004954924866667816;000000000000;001750259;Other identifier type;US;Non-financial corporations;Manufacture of electric motors, generators and transformers;MISS;N/A;Third party;EUR;30/09/2023;MISS;99999999999.0000;No;IFRS: Non-trading financial assets mandatorily at fair value through profit or loss;MISS;99999999999.000000
004954924866667476;000000000000;B87489472;Other identifier type;ES;Non-financial corporations;Service activities incidental to air transportation;MISS;N/A;Other group entity;EUR;30/09/2023;Mark-to-Model;99999999999.0000;No;Investments in subsidiaries, joint ventures and associates;MISS;0.000000
004969444866667615;000000000000;000464800;Other identifier type;PT;MISS;Management of real estate on a fee or contract basis;MISS;N/A;Other group entity;EUR;30/09/2023;Mark-to-Model;99999999999.0000;No;Investments in subsidiaries, joint ventures and associates;MISS;0.000000
004954924866667211;000000000000;959800WHQAMZX0KLDW04;Legal Entity Identifier;ES;Non-financial corporations;Passenger air transport;MISS;N/A;Other group entity;EUR;30/09/2023;Mark-to-Model;99999999999.0000;No;Investments in subsidiaries, joint ventures and associates;MISS;20361655.000000
004954924866667431;000000000000;9598001U7YCBCHFDEM21;Legal Entity Identifier;ES;Financial auxilliaries;Other activities auxiliary to financial services, except insurance and pension funding;MISS;N/A;Third party;EUR;30/09/2023;MISS;99999999999.0000;No;IFRS: Financial assets at fair value through other comprehensive income;MISS;368732.784000
004954924866667694;000000000000;A11012077;Other identifier type;ES;Non-financial corporations;Rental and operating of own or leased real estate;MISS;N/A;Third party;EUR;30/09/2023;MISS;99999999999.0000;No;IFRS: Financial assets at fair value through other comprehensive income;MISS;1931.400000
004954924866666690;000000000000;G63201032;Other identifier type;ES;MISS;MISS;MISS;N/A;Third party;EUR;30/09/2023;MISS;99999999999.0000;No;IFRS: Financial assets at fair value through other comprehensive income;MISS;99999999999.000000
004969334866667795;000000000000;000216278;Other identifier type;PE;MISS;MISS;MISS;N/A;Other group entity;PEN;30/09/2023;Mark-to-Model;99999999999.0000;No;Investments in subsidiaries, joint ventures and associates;MISS;70689684.000000
004969354866667347;000000000000;008700698;Other identifier type;GB;MISS;MISS;MISS;N/A;Other group entity;GBP;30/09/2023;Mark-to-Model;99999999999.0000;No;Investments in subsidiaries, joint ventures and associates;MISS;11766518779.359000
004954924866667432;000000000000;959800E4S3AWWVXFH611;Legal Entity Identifier;ES;Financial auxilliaries;Other activities auxiliary to financial services, except insurance and pension funding;MISS;N/A;Third party;EUR;30/09/2023;MISS;99999999999.0000;No;IFRS: Financial assets at fair value through other comprehensive income;MISS;1830281.598000
004954924866667107;000000000000;959800Q6BFZPXCN89W44;Legal Entity Identifier;ES;Non-financial corporations;Service activities incidental to air transportation;MISS;N/A;Other group entity;EUR;30/09/2023;Mark-to-Model;99999999999.0000;No;Investments in subsidiaries, joint ventures and associates;MISS;113064188.300000
004954924866667547;000000000000;B87730974;Other identifier type;ES;Non-financial corporations;Manufacture of other chemical products n.e.c.;MISS;N/A;Other group entity;EUR;30/09/2023;Mark-to-Model;99999999999.0000;No;Investments in subsidiaries, joint ventures and associates;MISS;1850000.000000
004969334866667831;000000000000;Z41200012;Other identifier type;MX;MISS;Other financial service activities, except insurance and pension funding n.e.c.;MISS;N/A;Other group entity;MXN;30/09/2023;Mark-to-Model;99999999999.0000;No;Investments in subsidiaries, joint ventures and associates;MISS;99999999999.000000
004954924866667696;000000000000;A47008354;Other identifier type;ES;Non-financial corporations;Sports and recreation education;MISS;N/A;Third party;EUR;30/09/2023;MISS;99999999999.0000;No;IFRS: Financial assets at fair value through other comprehensive income;MISS;5605.500000
004969334866667828;000000000000;$00004210;Other identifier type;GB;MISS;MISS;MISS;N/A;Other group entity;GBP;30/09/2023;Mark-to-Model;99999999999.0000;No;Investments in subsidiaries, joint ventures and associates;MISS;2806487.000000
004969334866666636;000000000000;959800S7MPZFW8DEUY22;Legal Entity Identifier;ES;Non-financial corporations;Computer consultancy activities;MISS;N/A;Other group entity;EUR;30/09/2023;Mark-to-Model;99999999999.0000;No;Investments in subsidiaries, joint ventures and associates;MISS;1222353017.000000
004969444866667098;000000000000;549300GWIPQ5CMQ8M504;Legal Entity Identifier;IT;MISS;Other financial service activities, except insurance and pension funding n.e.c.;MISS;N/A;Other group entity;EUR;30/09/2023;Mark-to-Model;99999999999.0000;No;Investments in subsidiaries, joint ventures and associates;MISS;29602627.000000
004954924866667670;000000000000;A19206028;Other identifier type;ES;Non-financial corporations;Development of building projects;MISS;N/A;Third party;EUR;30/09/2023;MISS;99999999999.0000;No;IFRS: Financial assets at fair value through other comprehensive income;MISS;1079352.740000
004969444866667825;000000000000;00B248289;Other identifier type;LU;MISS;Trusts, funds and similar financial entities;MISS;N/A;Other group entity;EUR;30/09/2023;Mark-to-Model;99999999999.0000;No;Investments in subsidiaries, joint ventures and associates;MISS;70080923.000000
004969354866666999;000000000000;$02517000;Other identifier type;GB;MISS;MISS;MISS;N/A;Other group entity;GBP;30/09/2023;Mark-to-Model;99999999999.0000;No;Investments in subsidiaries, joint ventures and associates;MISS;322003918.900000
004954924866667757;000000000000;9598004R53RKQY6QN457;Legal Entity Identifier;ES;Other financial intermediaries except financial auxiliaries, captive financial institutions and money lenders, insurance corporations, pension funds and financial vehicle corporations engaged in securitisation transactions;Other activities auxiliary to financial services, except insurance and pension funding;MISS;N/A;Third party;EUR;30/09/2023;MISS;99999999999.0000;No;IFRS: Non-trading financial assets mandatorily at fair value through profit or loss;MISS;91833979.640000
004969334866667867;000000000000;$00004195;Other identifier type;UY;MISS;MISS;MISS;N/A;Other group entity;UYU;30/09/2023;Mark-to-Model;99999999999.0000;No;Investments in subsidiaries, joint ventures and associates;MISS;2274760.000000
004969334866666876;000000000000;010392710;Other identifier type;CH;MISS;Activities of holding companies;MISS;N/A;Other group entity;CHF;30/09/2023;Mark-to-Model;99999999999.0000;No;Investments in subsidiaries, joint ventures and associates;MISS;1625508151.034000
004954924866667701;000000000000;000863331;Other identifier type;LU;MISS;MISS;MISS;N/A;Third party;EUR;30/09/2023;MISS;99999999999.0000;No;IFRS: Financial assets at fair value through other comprehensive income;MISS;99999999999.000000
004969334866667063;000000000000;$01236000;Other identifier type;NL;MISS;MISS;MISS;N/A;Other group entity;EUR;30/09/2023;Mark-to-Model;99999999999.0000;No;Investments in subsidiaries, joint ventures and associates;MISS;30982532580.000000
004969334866666728;000000000000;307180016;Other identifier type;UY;MISS;Other monetary intermediation;MISS;N/A;Other group entity;UYU;30/09/2023;Mark-to-Model;99999999999.0000;No;Investments in subsidiaries, joint ventures and associates;MISS;175515776.200000
004954924866667862;000000000000;B87195806;Other identifier type;ES;Non-financial corporations;Management of real estate on a fee or contract basis;MISS;N/A;Other group entity;EUR;30/09/2023;Mark-to-Model;99999999999.0000;No;Investments in subsidiaries, joint ventures and associates;MISS;746956629.000000
004969444866667912;000000000000;00B232216;Other identifier type;LU;MISS;MISS;MISS;N/A;Other group entity;EUR;30/09/2023;Mark-to-Model;99999999999.0000;No;Investments in subsidiaries, joint ventures and associates;MISS;148000000.000000
004954924866667826;000000000000;B67661090;Other identifier type;ES;Non-financial corporations;Buying and selling of own real estate;MISS;N/A;Other group entity;EUR;30/09/2023;Mark-to-Model;99999999999.0000;No;Investments in subsidiaries, joint ventures and associates;MISS;1112678837.000000
004954924866667824;000000000000;B67714303;Other identifier type;ES;Non-financial corporations;Activities of holding companies;MISS;N/A;Other group entity;EUR;30/09/2023;Mark-to-Model;99999999999.0000;No;Investments in subsidiaries, joint ventures and associates;MISS;279977964.000000
004954924866667697;000000000000;B70414529;Other identifier type;ES;Non-financial corporations;Development of building projects;MISS;N/A;Third party;EUR;30/09/2023;MISS;99999999999.0000;No;IFRS: Financial assets at fair value through other comprehensive income;MISS;92500.000000
004954924866667657;000000000000;B70454293;Other identifier type;ES;Non-financial corporations;Development of building projects;MISS;N/A;Third party;EUR;30/09/2023;MISS;99999999999.0000;No;IFRS: Financial assets at fair value through other comprehensive income;MISS;92500.000000
004954924866667177;000000000000;959800FQE2N6NPJ20084;Legal Entity Identifier;ES;Financial auxilliaries;Other financial service activities, except insurance and pension funding n.e.c.;MISS;N/A;Other group entity;EUR;30/09/2023;Mark-to-Model;99999999999.0000;No;Investments in subsidiaries, joint ventures and associates;MISS;27157030.000000
004954924866667872;000000000000;V72625049;Other identifier type;ES;MISS;MISS;MISS;N/A;Third party;EUR;30/09/2023;MISS;99999999999.0000;No;IFRS: Non-trading financial assets mandatorily at fair value through profit or loss;MISS;99999999999.000000
004954924866667723;000000000000;549300B5FLICZFHGZ382;Legal Entity Identifier;ES;Captive financial institutions and money lenders;Activities of holding companies;MISS;N/A;Other group entity;EUR;30/09/2023;Mark-to-Model;99999999999.0000;No;Investments in subsidiaries, joint ventures and associates;MISS;14614140.000000
004969444866667202;000000000000;001487051;Other identifier type;DE;MISS;Security and commodity contracts brokerage;MISS;N/A;Third party;EUR;30/09/2023;MISS;99999999999.0000;No;IFRS: Financial assets at fair value through other comprehensive income;MISS;99999999999.000000
004954924866667531;000000000000;9598001P8SZ66Y43US51;Legal Entity Identifier;ES;Financial auxilliaries;Fund management activities;MISS;N/A;Other group entity;EUR;30/09/2023;Mark-to-Model;99999999999.0000;No;Investments in subsidiaries, joint ventures and associates;MISS;2868536.000000
004954924866667117;000000000000;959800M4QZ21WJH5AA67;Legal Entity Identifier;ES;Financial auxilliaries;Security and commodity contracts brokerage;MISS;N/A;Third party;EUR;30/09/2023;MISS;99999999999.0000;No;IFRS: Financial assets at fair value through other comprehensive income;MISS;99999999999.000000
004954924866667884;000000000000;001923155;Other identifier type;US;MISS;MISS;MISS;N/A;Third party;USD;30/09/2023;MISS;99999999999.0000;No;IFRS: Non-trading financial assets mandatorily at fair value through profit or loss;MISS;99999999999.000000
004954924866667458;000000000000;95980020140005439937;Legal Entity Identifier;ES;Financial auxilliaries;Security and commodity contracts brokerage;MISS;N/A;Third party;EUR;30/09/2023;MISS;99999999999.0000;No;IFRS: Financial assets at fair value through other comprehensive income;MISS;901755.686000
004969334866667188;000000000000;549300D1H731B30TSI43;Legal Entity Identifier;BR;MISS;Other monetary intermediation;MISS;N/A;Other group entity;BRL;30/09/2023;Mark-to-Model;99999999999.0000;No;Investments in subsidiaries, joint ventures and associates;MISS;2345253786.000000
004969334866667832;000000000000;$01326000;Other identifier type;CO;MISS;MISS;MISS;N/A;Other group entity;COP;30/09/2023;Mark-to-Model;99999999999.0000;No;Investments in subsidiaries, joint ventures and associates;MISS;4933395.000000
004969444866667543;000000000000;0194731T4;Other identifier type;IE;MISS;Life insurance;MISS;N/A;Other group entity;EUR;30/09/2023;Mark-to-Model;99999999999.0000;No;Investments in subsidiaries, joint ventures and associates;MISS;7825500.000000
004969334866667210;000000000000;550226589;Other identifier type;PE;MISS;Other credit granting;MISS;N/A;Other group entity;PEN;30/09/2023;Mark-to-Model;99999999999.0000;No;Investments in subsidiaries, joint ventures and associates;MISS;176724987.000000
004969334866667855;000000000000;$00006531;Other identifier type;BR;MISS;MISS;MISS;N/A;Other group entity;BRL;30/09/2023;Mark-to-Model;99999999999.0000;No;Investments in subsidiaries, joint ventures and associates;MISS;250841167.000000
004969354866667540;000000000000;00I488062;Other identifier type;GB;MISS;MISS;MISS;N/A;Other group entity;GBP;30/09/2023;Mark-to-Model;99999999999.0000;No;Investments in subsidiaries, joint ventures and associates;MISS;166314741.000000
004969334865552539;000000000000;Z21200000;Other identifier type;TN;MISS;Other personal service activities n.e.c.;MISS;N/A;Third party;TND;30/09/2023;MISS;99999999999.0000;No;IFRS: Financial assets at fair value through other comprehensive income;MISS;99999999999.000000
004954924866667806;ES0162773008;959800L0QEAA96J34429;Legal Entity Identifier;ES;Non-MMF Investment funds;Trusts, funds and similar financial entities;MISS;N/A;Third party;EUR;30/09/2023;Mark-to-Market;99999999999.0000;No;IFRS: Non-trading financial assets mandatorily at fair value through profit or loss;MISS;269674.000000
00491999408BBBPKMH;IT0003828271;815600FBF92FD3531704;Legal Entity Identifier;IT;MISS;Manufacture of basic pharmaceutical products;NR, NR, NR;S&P, Moodys, Fitch;Third party;EUR;30/09/2023;Mark-to-Market;0.0000;Yes;IFRS: Financial assets held for trading;MISS;99999999999.000000
00491999408BBCJHZS;JP3629000005;3538003H9W4KIDODQY20;Legal Entity Identifier;JP;MISS;Other printing;NR, NR, NR;S&P, Moodys, Fitch;Third party;JPY;30/09/2023;MISS;0.0000;No;IFRS: Financial assets held for trading;MISS;99999999999.000000
004954924866667654;ES0165936008;54930056IRBXK0Q1FP96;Legal Entity Identifier;ES;Credit institutions;Other monetary intermediation;MISS;N/A;Third party;EUR;30/09/2023;Mark-to-Model;99999999999.0000;No;IFRS: Financial assets at fair value through other comprehensive income;MISS;325249.315000
004954924866667819;ES0168833004;959800BSLXN8KJ9C6A72;Legal Entity Identifier;ES;Non-MMF Investment funds;Trusts, funds and similar financial entities;MISS;N/A;Third party;EUR;30/09/2023;Mark-to-Market;99999999999.0000;No;IFRS: Non-trading financial assets mandatorily at fair value through profit or loss;MISS;190445.395000
004954924866667822;ES0174764003;959800U7BL9KJN7ELV15;Legal Entity Identifier;ES;Non-MMF Investment funds;Trusts, funds and similar financial entities;MISS;N/A;Third party;EUR;30/09/2023;Mark-to-Market;99999999999.0000;No;IFRS: Non-trading financial assets mandatorily at fair value through profit or loss;MISS;300515.000000
004954924866666023;ES0190158016;A28007813;Other identifier type;ES;Financial auxilliaries;Other financial service activities, except insurance and pension funding n.e.c.;MISS;N/A;Other group entity;EUR;30/09/2023;Mark-to-Model;99999999999.0000;No;Investments in subsidiaries, joint ventures and associates;MISS;25939755.550000
00491999408BBBYPRF;US2473617023;Q2CCMS6R0AS67HJMBN42;Legal Entity Identifier;US;MISS;Passenger air transport;BB+, Baa3, BB+;S&P, Moodys, Fitch;Third party;USD;30/09/2023;Mark-to-Market;0.0000;Yes;IFRS: Financial assets held for trading;MISS;99999999999.000000
00491999408BBBBBGT;US0970231058;RVHJWBXLJ1RFUBSY1F30;Legal Entity Identifier;US;MISS;MISS;BBB-, Baa2, BBB-;S&P, Moodys, Fitch;Third party;USD;30/09/2023;Mark-to-Market;0.0000;Yes;IFRS: Financial assets held for trading;MISS;99999999999.000000
00491999408BBBQFHV;US0970231058;RVHJWBXLJ1RFUBSY1F30;Legal Entity Identifier;US;MISS;Manufacture of air and spacecraft and related machinery;BBB-, Baa2, BBB-;S&P, Moodys, Fitch;Third party;USD;30/09/2023;Mark-to-Market;0.0000;Yes;IFRS: Financial assets held for trading;MISS;99999999999.000000
004954924866667880;ES0174981029;959800CB1ZKLZS6TEG32;Legal Entity Identifier;ES;Non-MMF Investment funds;Trusts, funds and similar financial entities;MISS;N/A;Third party;EUR;30/09/2023;Mark-to-Market;99999999999.0000;No;IFRS: Non-trading financial assets mandatorily at fair value through profit or loss;MISS;141427.300000
00491999408BBBNWCN;US4642868222;549300SQ92O6OZ19G545;Legal Entity Identifier;US;MISS;Trusts, funds and similar financial entities;NR, NR, NR;S&P, Moodys, Fitch;Third party;USD;30/09/2023;MISS;0.0000;No;IFRS: Financial assets held for trading;MISS;99999999999.000000
004969334866667584;MX41BS060005;0000561OE;Other identifier type;MX;MISS;MISS;MISS;N/A;Other group entity;MXN;30/09/2023;Mark-to-Model;99999999999.0000;No;Investments in subsidiaries, joint ventures and associates;MISS;3449897052.000000
00491999408BBBQMDR;ES0180907000;5493007SJLLCTM6J6M37;Legal Entity Identifier;ES;Credit institutions;Other monetary intermediation;NR, NR, BBB-;S&P, Moodys, Fitch;Third party;EUR;30/09/2023;Mark-to-Market;0.0000;No;IFRS: Financial assets held for trading;MISS;99999999999.000000
004954924866667812;ES0180907000;5493007SJLLCTM6J6M37;Legal Entity Identifier;ES;Credit institutions;Other monetary intermediation;NR, NR, BBB-;S&P, Moodys, Fitch;Third party;EUR;30/09/2023;Mark-to-Market;0.0000;No;IFRS: Non-trading financial assets mandatorily at fair value through profit or loss;MISS;99999999999.000000
00491999408BBBWLTR;US00214Q1040;254900636IK9WKHH6949;Legal Entity Identifier;US;Non-MMF Investment funds;Trusts, funds and similar financial entities;NR, NR, NR;S&P, Moodys, Fitch;Third party;USD;30/09/2023;Mark-to-Market;0.0000;No;IFRS: Financial assets held for trading;MISS;99999999999.000000
00491999408BBBPKGV;IT0004176001;529900X0H1IO3RS1A464;Legal Entity Identifier;IT;MISS;Manufacture of other electronic and electric wires and cables;BBB-, NR, NR;S&P, Moodys, Fitch;Third party;EUR;30/09/2023;Mark-to-Market;0.0000;Yes;IFRS: Financial assets held for trading;MISS;99999999999.000000
004954924866667807;ES0162759007;9598009F28SL2FAUJU30;Legal Entity Identifier;ES;Non-MMF Investment funds;Trusts, funds and similar financial entities;MISS;N/A;Third party;EUR;30/09/2023;Mark-to-Market;99999999999.0000;No;IFRS: Non-trading financial assets mandatorily at fair value through profit or loss;MISS;271661.000000
00491999408BBBPJZP;ES0178165017;213800JEZBUPZKWJGF49;Legal Entity Identifier;ES;Non-financial corporations;Engineering activities and related technical consultancy;NR, NR, NR;S&P, Moodys, Fitch;Third party;EUR;30/09/2023;MISS;0.0000;No;IFRS: Financial assets held for trading;MISS;99999999999.000000
00491999408BBBPJZK;GB0000811801;2138006R85VEOF5YNK29;Legal Entity Identifier;GB;MISS;Construction of residential buildings;NR, NR, NR;S&P, Moodys, Fitch;Third party;GBP;30/09/2023;Mark-to-Market;0.0000;Yes;IFRS: Financial assets held for trading;MISS;99999999999.000000
00491999408BBBPQCF;GB0002652740;213800BXKQ9KZNUR1M61;Legal Entity Identifier;GB;MISS;Rental and operating of own or leased real estate;NR, NR, BBB+;S&P, Moodys, Fitch;Third party;GBP;30/09/2023;Mark-to-Market;0.0000;Yes;IFRS: Financial assets held for trading;MISS;99999999999.000000
004954924866667874;ES0174735011;9598000HM32LZTS4MM43;Legal Entity Identifier;ES;Non-MMF Investment funds;Trusts, funds and similar financial entities;MISS;N/A;Third party;EUR;30/09/2023;Mark-to-Market;99999999999.0000;No;IFRS: Non-trading financial assets mandatorily at fair value through profit or loss;MISS;101804.000000
00491999408BBBSNPW;US0090661010;549300HMUDNO0RY56D37;Legal Entity Identifier;US;MISS;Web portals;NR, NR, NR;S&P, Moodys, Fitch;Third party;USD;30/09/2023;Mark-to-Market;0.0000;Yes;IFRS: Financial assets held for trading;MISS;99999999999.000000
00491999408BBBNVZV;US71654V4086;5493000J801JZRCMFE49;Legal Entity Identifier;BR;MISS;Support activities for petroleum and natural gas extraction;MISS;N/A;Third party;USD;30/09/2023;Mark-to-Market;0.0000;Yes;IFRS: Financial assets held for trading;MISS;99999999999.000000
00491999408BBCJXWC;GB00B17BBQ50;2138007Z3U5GWDN3MY22;Legal Entity Identifier;GB;MISS;Other financial service activities, except insurance and pension funding n.e.c.;NR, Baa1, NR;S&P, Moodys, Fitch;Third party;GBP;30/09/2023;MISS;0.0000;No;IFRS: Financial assets held for trading;MISS;99999999999.000000
00491999408BBCDHCJ;US50101L1061;371701311;Other identifier type;US;MISS;Other food service activities;NR, NR, NR;S&P, Moodys, Fitch;Third party;USD;30/09/2023;MISS;0.0000;Yes;IFRS: Financial assets held for trading;MISS;99999999999.000000
00491999408BBBNWBP;US30231G1022;J3WHBG0MTS7O8ZVMDC91;Legal Entity Identifier;US;MISS;Manufacture of refined petroleum products;AA-, Aa2, NR;S&P, Moodys, Fitch;Third party;USD;30/09/2023;Mark-to-Market;0.0000;Yes;IFRS: Financial assets held for trading;MISS;99999999999.000000
00491999408BBBPSDF;IE00BWT6H894;635400EG4YIJLJMZJ782;Legal Entity Identifier;IE;MISS;Gambling and betting activities;BB+, Ba1, BBB-;S&P, Moodys, Fitch;Third party;GBP;30/09/2023;Mark-to-Market;0.0000;Yes;IFRS: Financial assets held for trading;MISS;99999999999.000000
00491999408BBBTQYP;FR0000121220;969500LCBOG12HXPYM84;Legal Entity Identifier;FR;MISS;Event catering activities;BBB+, Baa1, BBB+;S&P, Moodys, Fitch;Third party;EUR;30/09/2023;MISS;0.0000;Yes;IFRS: Financial assets held for trading;MISS;99999999999.000000
00491999408BBBBBMD;GB0004082847;U4LOSYZ7YG4W3S5F2G91;Legal Entity Identifier;GB;MISS;MISS;BBB+, A3, A;S&P, Moodys, Fitch;Third party;GBP;30/09/2023;MISS;99999999999.0000;No;IFRS: Financial assets held for trading;MISS;99999999999.000000
00491999408BBBQFHL;GB0004082847;U4LOSYZ7YG4W3S5F2G91;Legal Entity Identifier;GB;MISS;Other monetary intermediation;BBB+, A3, A;S&P, Moodys, Fitch;Third party;GBP;30/09/2023;MISS;99999999999.0000;No;IFRS: Financial assets held for trading;MISS;99999999999.000000
00491999408BBBPKJN;NL0010545661;549300WGC2HZ5J67V817;Legal Entity Identifier;NL;MISS;Manufacture of agricultural and forestry machinery;BBB, Baa2, BBB+;S&P, Moodys, Fitch;Third party;EUR;30/09/2023;Mark-to-Market;0.0000;Yes;IFRS: Financial assets held for trading;MISS;99999999999.000000
004954924866667754;ES0145824043;9598001U4J573V373949;Legal Entity Identifier;ES;Non-MMF Investment funds;Trusts, funds and similar financial entities;MISS;N/A;Third party;EUR;30/09/2023;Mark-to-Market;99999999999.0000;No;IFRS: Non-trading financial assets mandatorily at fair value through profit or loss;MISS;174191.400000
004954924866667821;ES0165392004;959800CASDTL36EG3U39;Legal Entity Identifier;ES;Non-MMF Investment funds;Trusts, funds and similar financial entities;MISS;N/A;Third party;EUR;30/09/2023;Mark-to-Market;99999999999.0000;No;IFRS: Non-trading financial assets mandatorily at fair value through profit or loss;MISS;259689.994000
00491999408BBBQFHS;US5949181045;INR2EJN1ERAN0W5ZP974;Legal Entity Identifier;US;MISS;Other software publishing;AAA, Aaa, NR;S&P, Moodys, Fitch;Third party;USD;30/09/2023;Mark-to-Market;0.0000;Yes;IFRS: Financial assets held for trading;MISS;99999999999.000000
004969444861311003;ES0113110037;959800MZYB6CKWA9K382;Legal Entity Identifier;ES;Credit institutions;Other monetary intermediation;MISS;N/A;Other group entity;EUR;30/09/2023;Mark-to-Model;99999999999.0000;No;Investments in subsidiaries, joint ventures and associates;MISS;34468053.000000
00491999408BBCDJTH;GB0001826634;2138008OGI7VYG8FGR19;Legal Entity Identifier;GB;MISS;Manufacture of other machine tools;NR, NR, NR;S&P, Moodys, Fitch;Third party;GBP;30/09/2023;MISS;0.0000;Yes;IFRS: Financial assets held for trading;MISS;99999999999.000000
004954924866667656;ES0107601033;213800S4NKDYHW7LLA21;Legal Entity Identifier;ES;Non-MMF Investment funds;Trusts, funds and similar financial entities;NR, NR, NR;S&P, Moodys, Fitch;Third party;EUR;30/09/2023;Mark-to-Market;99999999999.0000;No;IFRS: Non-trading financial assets mandatorily at fair value through profit or loss;MISS;99999999999.000000
004954924866666983;ES0138094000;95980020140005165136;Legal Entity Identifier;ES;Non-MMF Investment funds;Trusts, funds and similar financial entities;MISS;N/A;Third party;EUR;30/09/2023;Mark-to-Market;99999999999.0000;No;IFRS: Non-trading financial assets mandatorily at fair value through profit or loss;MISS;10427.941000
00491999408BBBPJZF;GB0007188757;213800YOEO5OQ72G2R82;Legal Entity Identifier;GB;MISS;Mining of iron ores;A, A1, Au;S&P, Moodys, Fitch;Third party;GBP;30/09/2023;Mark-to-Market;0.0000;Yes;IFRS: Financial assets held for trading;MISS;99999999999.000000
00491999408BBBPGWY;DE000CBK1001;851WYGNLUQLFZBSYGB56;Legal Entity Identifier;DE;MISS;Other monetary intermediation;A-, A2, NR;S&P, Moodys, Fitch;Third party;EUR;30/09/2023;Mark-to-Market;0.0000;No;IFRS: Financial assets held for trading;MISS;99999999999.000000
004954924866667892;ES0162369005;959800BBQLBEQ45BAS41;Legal Entity Identifier;ES;Non-MMF Investment funds;Trusts, funds and similar financial entities;MISS;N/A;Third party;EUR;30/09/2023;MISS;99999999999.0000;No;IFRS: Non-trading financial assets mandatorily at fair value through profit or loss;MISS;845282.478000
00491999408BBBPKMY;IT0004965148;815600EBD7FB00525B20;Legal Entity Identifier;IT;MISS;Retail sale of clothing in specialised stores;NR, NR, NR;S&P, Moodys, Fitch;Third party;EUR;30/09/2023;Mark-to-Market;0.0000;Yes;IFRS: Financial assets held for trading;MISS;99999999999.000000
00491999408BBCBQYJ;IT0005508921;J4CP7MHCXR8DAQMKIL78;Legal Entity Identifier;IT;MISS;MISS;NR, B1, B+;S&P, Moodys, Fitch;Third party;EUR;30/09/2023;MISS;0.0000;No;IFRS: Financial assets held for trading;MISS;99999999999.000000
004969334866666017;ES0198799035;B82077744;Other identifier type;ES;Captive financial institutions and money lenders;Activities of holding companies;MISS;N/A;Other group entity;EUR;30/09/2023;Mark-to-Model;99999999999.0000;No;Investments in subsidiaries, joint ventures and associates;MISS;8613887080.000000
004954924866667846;ES0176260026;959800CYTCJA760KD356;Legal Entity Identifier;ES;Non-MMF Investment funds;Trusts, funds and similar financial entities;MISS;N/A;Third party;EUR;30/09/2023;Mark-to-Market;99999999999.0000;No;IFRS: Non-trading financial assets mandatorily at fair value through profit or loss;MISS;212022.640000
004954924866667242;ES0113668000;95980020140005165233;Legal Entity Identifier;ES;Non-MMF Investment funds;Trusts, funds and similar financial entities;MISS;N/A;Third party;EUR;30/09/2023;Mark-to-Market;99999999999.0000;No;IFRS: Non-trading financial assets mandatorily at fair value through profit or loss;MISS;1832291.878000
00491999408BBBQFHX;US01609W1027;5493001NTNQJDH60PM02;Legal Entity Identifier;KY;MISS;Other financial service activities, except insurance and pension funding n.e.c.;A+, A1, A+;S&P, Moodys, Fitch;Third party;USD;30/09/2023;Mark-to-Market;0.0000;No;IFRS: Financial assets held for trading;MISS;99999999999.000000
00491999408BBBBBJC;US01609W1027;5493001NTNQJDH60PM02;Legal Entity Identifier;KY;MISS;MISS;A+, A1, A+;S&P, Moodys, Fitch;Third party;USD;30/09/2023;Mark-to-Market;0.0000;No;IFRS: Financial assets held for trading;MISS;99999999999.000000
00491999408BBBYVCY;FR0011726835;969500BVOHVZUUFWDT54;Legal Entity Identifier;FR;MISS;Engineering activities and related technical consultancy;NR, NR, NR;S&P, Moodys, Fitch;Third party;EUR;30/09/2023;Mark-to-Market;0.0000;Yes;IFRS: Financial assets held for trading;MISS;99999999999.000000
00491999408BBCCHLS;CH0010645932;213800SVRMQA1TD91D41;Legal Entity Identifier;CH;MISS;Manufacture of other chemical products n.e.c.;A-, Baa1, NR;S&P, Moodys, Fitch;Third party;CHF;30/09/2023;Mark-to-Market;0.0000;No;IFRS: Financial assets held for trading;MISS;99999999999.000000
00496933486756800B;ES0175632035;A28926335;Other identifier type;ES;Non-financial corporations;Investigation activities;MISS;N/A;Other group entity;EUR;30/09/2023;Mark-to-Model;99999999999.0000;No;Investments in subsidiaries, joint ventures and associates;MISS;3876231.000000
00491999408BBBBBHD;US2546871060;549300GZKULIZ0WOW665;Legal Entity Identifier;US;MISS;MISS;A-, A2, A-;S&P, Moodys, Fitch;Third party;USD;30/09/2023;Mark-to-Market;0.0000;Yes;IFRS: Financial assets held for trading;MISS;99999999999.000000
00491999408BBBQFHD;US2546871060;7260JQNI6SCF9FIV2392;Legal Entity Identifier;US;MISS;Other amusement and recreation activities;A-, A2, A-;S&P, Moodys, Fitch;Third party;USD;30/09/2023;Mark-to-Market;0.0000;Yes;IFRS: Financial assets held for trading;MISS;99999999999.000000
004954924866667842;ES0117107021;959800L41P5H4Z4HGZ92;Legal Entity Identifier;ES;Non-MMF Investment funds;Trusts, funds and similar financial entities;MISS;N/A;Third party;EUR;30/09/2023;Mark-to-Market;99999999999.0000;No;IFRS: Non-trading financial assets mandatorily at fair value through profit or loss;MISS;145842.100000
004969314822222748;XS2359419020;95980020140006024944;Legal Entity Identifier;ES;Credit institutions;Other monetary intermediation;MISS;N/A;Other group entity;EUR;30/09/2023;Mark-to-Model;0.0000;No;Investments in subsidiaries, joint ventures and associates;MISS;167523784.176000
004954924866667559;ARP290071462;526316989;Other identifier type;AR;MISS;Other personal service activities n.e.c.;NR, NR, NR;S&P, Moodys, Fitch;Third party;ARS;30/09/2023;Mark-to-Market;99999999999.0000;No;IFRS: Financial assets at fair value through other comprehensive income;MISS;99999999999.000000
00491999408BBCDGBR;IE000S9YS762;5299003QR1WT0EF88V51;Legal Entity Identifier;IE;MISS;Manufacture of industrial gases;A, A2, NR;S&P, Moodys, Fitch;Third party;USD;30/09/2023;MISS;0.0000;Yes;IFRS: Financial assets held for trading;MISS;99999999999.000000
00491999408BBBNWDF;US4642866408;5493008SR8ZGY2IJU464;Legal Entity Identifier;US;MISS;Trusts, funds and similar financial entities;NR, NR, NR;S&P, Moodys, Fitch;Third party;USD;30/09/2023;Mark-to-Market;0.0000;No;IFRS: Financial assets held for trading;MISS;99999999999.000000
00491999408BBBPKQX;NL0012969182;724500973ODKK3IFQ447;Legal Entity Identifier;NL;MISS;Other information technology and computer service activities;A-, NR, NR;S&P, Moodys, Fitch;Third party;EUR;30/09/2023;Mark-to-Market;0.0000;Yes;IFRS: Financial assets held for trading;MISS;99999999999.000000
004954924866667779;ES0175835000;V85932903;Other identifier type;ES;MISS;MISS;MISS;N/A;Third party;EUR;30/09/2023;Mark-to-Market;99999999999.0000;No;IFRS: Non-trading financial assets mandatorily at fair value through profit or loss;MISS;447838.869000
00491999408BBBYGML;FR0013451333;969500R4CLSQFTYYI535;Legal Entity Identifier;FR;MISS;Other professional, scientific and technical activities n.e.c.;NR, NR, NR;S&P, Moodys, Fitch;Third party;EUR;30/09/2023;MISS;0.0000;Yes;IFRS: Financial assets held for trading;MISS;99999999999.000000
00491999408BBBPKRK;NL0013654783;635400Z5LQ5F9OLVT688;Legal Entity Identifier;NL;MISS;Other financial service activities, except insurance and pension funding n.e.c.;BBB, Baa3, NR;S&P, Moodys, Fitch;Third party;EUR;30/09/2023;Mark-to-Market;0.0000;No;IFRS: Financial assets held for trading;MISS;99999999999.000000
00491999408BBBQLVY;AU0000066086;8945006OYFHQ9HE4XE54;Legal Entity Identifier;AU;MISS;MISS;NR, NR, NR;S&P, Moodys, Fitch;Third party;AUD;30/09/2023;MISS;99999999999.0000;No;IFRS: Financial assets held for trading;MISS;99999999999.000000
00491999408BBBSMRC;CA6837151068;549300HP7ONDQODZJV16;Legal Entity Identifier;CA;MISS;Other software publishing;BB+, Ba3, BB+;S&P, Moodys, Fitch;Third party;CAD;30/09/2023;MISS;99999999999.0000;No;IFRS: Financial assets held for trading;MISS;99999999999.000000
00491999408BBBXQXS;FR0000121204;969500M98ZMIZYJD5O34;Legal Entity Identifier;FR;MISS;Activities of holding companies;BBB, Baa2, NR;S&P, Moodys, Fitch;Third party;EUR;30/09/2023;MISS;0.0000;Yes;IFRS: Financial assets held for trading;MISS;99999999999.000000
004954924866667650;ES0133815003;959800FMRZJRQYXGZ344;Legal Entity Identifier;ES;Non-MMF Investment funds;Trusts, funds and similar financial entities;MISS;N/A;Third party;EUR;30/09/2023;Mark-to-Market;99999999999.0000;No;IFRS: Non-trading financial assets mandatorily at fair value through profit or loss;MISS;79669.070000
00491999408BBBXJRB;US7134481081;FJSUNZKFNQ5YPJ5OT455;Legal Entity Identifier;US;MISS;production of mineral waters and other bottled waters;A+, A1, NR;S&P, Moodys, Fitch;Third party;USD;30/09/2023;Mark-to-Market;0.0000;Yes;IFRS: Financial assets held for trading;MISS;99999999999.000000
00491999408BBBQBVP;IE0000669501;635400SRMCBHVMSKJS84;Legal Entity Identifier;IE;MISS;Operation of dairies;NR, NR, NR;S&P, Moodys, Fitch;Third party;USD;30/09/2023;MISS;0.0000;Yes;IFRS: Financial assets held for trading;MISS;99999999999.000000
00491999408BBBNWDW;US64110L1061;549300Y7VHGU0I7CE873;Legal Entity Identifier;US;MISS;Web portals;BBB+, Baa3, NR;S&P, Moodys, Fitch;Third party;USD;30/09/2023;Mark-to-Market;0.0000;Yes;IFRS: Financial assets held for trading;MISS;99999999999.000000
00491999408BBBQQFX;US64110L1061;549300Y7VHGU0I7CE873;Legal Entity Identifier;US;MISS;Web portals;BBB+, Baa3, NR;S&P, Moodys, Fitch;Third party;USD;30/09/2023;Mark-to-Market;0.0000;Yes;IFRS: Financial assets held for trading;MISS;99999999999.000000
004969314822222789;XS2267907215;5493000LM0MZ4JPMGM90;Legal Entity Identifier;ES;Credit institutions;Other monetary intermediation;MISS;N/A;Other group entity;EUR;30/09/2023;Mark-to-Model;0.0000;No;Investments in subsidiaries, joint ventures and associates;MISS;147662072.262000
00491999408BBBPGGG;CH0012214059;529900EHPFPYHV6IQO98;Legal Entity Identifier;CH;MISS;Manufacture of cement;MISS;N/A;Third party;CHF;30/09/2023;MISS;0.0000;No;IFRS: Financial assets held for trading;MISS;99999999999.000000
004954924867525603;ES0175417031;V48462287;Other identifier type;ES;Local government;Buying and selling of own real estate;MISS;N/A;Third party;EUR;30/09/2023;Mark-to-Model;99999999999.0000;No;IFRS: Non-trading financial assets mandatorily at fair value through profit or loss;MISS;204058.700000
004954924866667877;ES0174981003;959800CB1ZKLZS6TEG32;Legal Entity Identifier;ES;Non-MMF Investment funds;Trusts, funds and similar financial entities;MISS;N/A;Third party;EUR;30/09/2023;Mark-to-Market;99999999999.0000;No;IFRS: Non-trading financial assets mandatorily at fair value through profit or loss;MISS;141432.920000
00491999408BBBRTLZ;GB0009465807;549300KDR56WHY9I3D10;Legal Entity Identifier;GB;MISS;MISS;BBB-, Baa3, NR;S&P, Moodys, Fitch;Third party;USD;30/09/2023;MISS;0.0000;No;IFRS: Financial assets held for trading;MISS;99999999999.000000
00491999408BBBVYRQ;NL0015000LU4;549300ZWF2ZJDD9EOR96;Legal Entity Identifier;NL;MISS;Activities of holding companies;NR, NR, BBB-;S&P, Moodys, Fitch;Third party;EUR;30/09/2023;Mark-to-Market;0.0000;Yes;IFRS: Financial assets held for trading;MISS;99999999999.000000
004954924866667809;ES0162702007;959800NVPUH6J88FDQ43;Legal Entity Identifier;ES;Non-MMF Investment funds;Trusts, funds and similar financial entities;MISS;N/A;Third party;EUR;30/09/2023;Mark-to-Market;99999999999.0000;No;IFRS: Non-trading financial assets mandatorily at fair value through profit or loss;MISS;276106.000000
00491999408BBCDFMX;FR0010533075;9695007ZEQ7M0OE74G82;Legal Entity Identifier;FR;MISS;Construction of bridges and tunnels;BB-, NR, NR;S&P, Moodys, Fitch;Third party;EUR;30/09/2023;MISS;0.0000;Yes;IFRS: Financial assets held for trading;MISS;99999999999.000000
00491999408BBBTCMW;US17275R1023;549300LKFJ962MZ46593;Legal Entity Identifier;US;MISS;Manufacture of communication equipment;AA-, A1, NR;S&P, Moodys, Fitch;Third party;USD;30/09/2023;Mark-to-Market;0.0000;Yes;IFRS: Financial assets held for trading;MISS;99999999999.000000
00491999408BBCJLXC;FR0010259150;549300M6SGDPB4Z94P11;Legal Entity Identifier;FR;MISS;Research and experimental development on biotechnology;NR, NR, NR;S&P, Moodys, Fitch;Third party;EUR;30/09/2023;MISS;0.0000;Yes;IFRS: Financial assets held for trading;MISS;99999999999.000000
004954924866667868;ES0174735003;9598000HM32LZTS4MM43;Legal Entity Identifier;ES;Non-MMF Investment funds;Trusts, funds and similar financial entities;MISS;N/A;Third party;EUR;30/09/2023;Mark-to-Market;99999999999.0000;No;IFRS: Non-trading financial assets mandatorily at fair value through profit or loss;MISS;101755.000000
00491999408BBBQFJC;US8552441094;OQSJ1DU9TAOC51A47K68;Legal Entity Identifier;US;MISS;Restaurants and mobile food service activities;BBB+, Baa1, NR;S&P, Moodys, Fitch;Third party;USD;30/09/2023;Mark-to-Market;0.0000;Yes;IFRS: Financial assets held for trading;MISS;99999999999.000000
004954924866667820;ES0176260000;959800CYTCJA760KD356;Legal Entity Identifier;ES;Non-MMF Investment funds;Trusts, funds and similar financial entities;MISS;N/A;Third party;EUR;30/09/2023;Mark-to-Market;99999999999.0000;No;IFRS: Non-trading financial assets mandatorily at fair value through profit or loss;MISS;211564.680000
004954924866667535;ES0157348030;95980020140005096654;Legal Entity Identifier;ES;Non-MMF Investment funds;Trusts, funds and similar financial entities;NR, NR, NR;S&P, Moodys, Fitch;Third party;EUR;30/09/2023;Mark-to-Market;99999999999.0000;No;IFRS: Non-trading financial assets mandatorily at fair value through profit or loss;MISS;99999999999.000000
00491999408BBBTLSH;GB00BH3VJ782;213800XVRNKWENNLKK60;Legal Entity Identifier;GB;Deposittaking corporations other than credit institutions;Other credit granting;NR, NR, NR;S&P, Moodys, Fitch;Third party;GBP;30/09/2023;MISS;0.0000;No;IFRS: Financial assets held for trading;MISS;99999999999.000000
00491999408BBCBYTK;BE0003604155;5493004C0K34IFI67I03;Legal Entity Identifier;BE;MISS;manufacture of fresh pastry goods and cakes;NR, NR, NR;S&P, Moodys, Fitch;Third party;EUR;30/09/2023;Mark-to-Market;0.0000;Yes;IFRS: Financial assets held for trading;MISS;99999999999.000000
004954924866667648;ES0133547002;9598009KCQWH36VCDZ70;Legal Entity Identifier;ES;Non-MMF Investment funds;Trusts, funds and similar financial entities;MISS;N/A;Third party;EUR;30/09/2023;Mark-to-Market;99999999999.0000;No;IFRS: Non-trading financial assets mandatorily at fair value through profit or loss;MISS;1041842.400000
00496933486752100B;ES0198938039;A80027097;Other identifier type;ES;Captive financial institutions and money lenders;Activities of holding companies;MISS;N/A;Other group entity;EUR;30/09/2023;Mark-to-Model;99999999999.0000;No;Investments in subsidiaries, joint ventures and associates;MISS;7060721015.000000
00491999408BBBPKJQ;IT0003492391;8156002878BDF0EE4348;Legal Entity Identifier;IT;MISS;Manufacture of pharmaceutical preparations;NR, NR, NR;S&P, Moodys, Fitch;Third party;EUR;30/09/2023;Mark-to-Market;0.0000;Yes;IFRS: Financial assets held for trading;MISS;99999999999.000000
00491999408BBBPKPK;IT0001031084;815600903231FA2E7698;Legal Entity Identifier;IT;MISS;Other monetary intermediation;NR, NR, NR;S&P, Moodys, Fitch;Third party;EUR;30/09/2023;Mark-to-Market;0.0000;No;IFRS: Financial assets held for trading;MISS;99999999999.000000
00491999408BBBNWBT;US91912E1055;254900SMTWBX7RU2SR20;Legal Entity Identifier;BR;MISS;Mining of iron ores;MISS;N/A;Third party;USD;30/09/2023;Mark-to-Market;0.0000;Yes;IFRS: Financial assets held for trading;MISS;99999999999.000000
00491999408BBBPKPY;ES0105130001;95980020140005225955;Legal Entity Identifier;ES;Non-financial corporations;Other professional, scientific and technical activities n.e.c.;NR, NR, NR;S&P, Moodys, Fitch;Third party;EUR;30/09/2023;Mark-to-Market;0.0000;Yes;IFRS: Financial assets held for trading;MISS;99999999999.000000
004954924866667871;ES0175016007;959800DNCRBZZTYFNZ38;Legal Entity Identifier;ES;Non-MMF Investment funds;Trusts, funds and similar financial entities;MISS;N/A;Third party;EUR;30/09/2023;Mark-to-Market;99999999999.0000;No;IFRS: Non-trading financial assets mandatorily at fair value through profit or loss;MISS;806467.400000
00491999408BBBQJPG;CA66979W1077;CALI4E000;Other identifier type;CA;MISS;MISS;MISS;N/A;Third party;CAD;30/09/2023;MISS;99999999999.0000;No;IFRS: Financial assets held for trading;MISS;99999999999.000000
00491999408BBBPKGS;ES0177542018;959800TZHQRUSH1ESL13;Legal Entity Identifier;ES;Non-financial corporations;Passenger air transport;BB+, B1, NR;S&P, Moodys, Fitch;Third party;EUR;30/09/2023;Mark-to-Market;0.0000;Yes;IFRS: Financial assets held for trading;MISS;99999999999.000000
004954924866667841;ES0117107013;959800L41P5H4Z4HGZ92;Legal Entity Identifier;ES;Non-MMF Investment funds;Trusts, funds and similar financial entities;MISS;N/A;Third party;EUR;30/09/2023;Mark-to-Market;99999999999.0000;No;IFRS: Non-trading financial assets mandatorily at fair value through profit or loss;MISS;145458.600000
004954924866667653;ES0184765008;959800LNHHGX259GNC62;Legal Entity Identifier;ES;Non-MMF Investment funds;Other financial service activities, except insurance and pension funding n.e.c.;MISS;N/A;Third party;EUR;30/09/2023;Mark-to-Model;99999999999.0000;No;IFRS: Non-trading financial assets mandatorily at fair value through profit or loss;MISS;2976129.457000
004954924866667614;ES0132955008;959800QETXHEMRSX9V59;Legal Entity Identifier;ES;Non-financial corporations;Rental and operating of own or leased real estate;NR, NR, NR;S&P, Moodys, Fitch;Other group entity;EUR;30/09/2023;Mark-to-Model;99999999999.0000;No;Investments in subsidiaries, joint ventures and associates;MISS;83638022.840000
00491999408BBBPKCM;IT0004810054;8156005CE5E7340CCA86;Legal Entity Identifier;IT;MISS;MISS;NR, Ba1, BBB+;S&P, Moodys, Fitch;Third party;EUR;30/09/2023;Mark-to-Market;0.0000;No;IFRS: Financial assets held for trading;MISS;99999999999.000000
004969314822222787;XS2300344863;008700698;Other identifier type;GB;MISS;MISS;MISS;N/A;Other group entity;GBP;30/09/2023;Mark-to-Model;0.0000;No;Investments in subsidiaries, joint ventures and associates;MISS;400837336.170000
00491999408BBBQFJH;US4592001014;VGRQXHF3J8VDLUA7XE92;Legal Entity Identifier;US;MISS;Manufacture of office machinery and equipment (except computers and peripheral equipment);A-, A3, NR;S&P, Moodys, Fitch;Third party;USD;30/09/2023;Mark-to-Market;0.0000;Yes;IFRS: Financial assets held for trading;MISS;99999999999.000000
00491999408BBBBBGK;US4592001014;VGRQXHF3J8VDLUA7XE92;Legal Entity Identifier;US;MISS;MISS;A-, A3, NR;S&P, Moodys, Fitch;Third party;USD;30/09/2023;Mark-to-Market;0.0000;Yes;IFRS: Financial assets held for trading;MISS;99999999999.000000
00491999408BBBQWZY;GB0002634946;8SVCSVKSGDWMW2QHOH83;Legal Entity Identifier;GB;MISS;Other professional, scientific and technical activities n.e.c.;BBB+, Baa2, BBB+;S&P, Moodys, Fitch;Third party;GBP;30/09/2023;Mark-to-Market;0.0000;Yes;IFRS: Financial assets held for trading;MISS;99999999999.000000
00491999408BBBBBHG;US02079K3059;5493006MHB84DD0ZWV18;Legal Entity Identifier;US;MISS;MISS;AA+, Aa2, NR;S&P, Moodys, Fitch;Third party;USD;30/09/2023;Mark-to-Market;0.0000;Yes;IFRS: Financial assets held for trading;MISS;99999999999.000000
00491999408BBBQFHQ;US02079K3059;5493006MHB84DD0ZWV18;Legal Entity Identifier;US;MISS;Activities of holding companies;AA+, Aa2, NR;S&P, Moodys, Fitch;Third party;USD;30/09/2023;Mark-to-Market;0.0000;Yes;IFRS: Financial assets held for trading;MISS;99999999999.000000
004954924866666194;ES0198590012;959800QBR09JCWCG5C45;Legal Entity Identifier;ES;Non-financial corporations;Business and other management consultancy activities;MISS;N/A;Third party;EUR;30/09/2023;Mark-to-Model;99999999999.0000;No;IFRS: Financial assets at fair value through other comprehensive income;MISS;3038654.600000
004954924866667808;ES0162742003;959800VRVH7G2QC81Z10;Legal Entity Identifier;ES;Non-MMF Investment funds;Trusts, funds and similar financial entities;MISS;N/A;Third party;EUR;30/09/2023;Mark-to-Market;99999999999.0000;No;IFRS: Non-trading financial assets mandatorily at fair value through profit or loss;MISS;275573.000000
004969334866667015;GB00B7T77214;000211138;Other identifier type;GB;MISS;MISS;MISS;N/A;Third party;GBP;30/09/2023;Mark-to-Market;99999999999.0000;No;IFRS: Financial assets at fair value through other comprehensive income;MISS;99999999999.000000
00491999408BBBTPZB;IL0011284465;549300X8NGW9C5OJZU13;Legal Entity Identifier;IL;MISS;Other financial service activities, except insurance and pension funding n.e.c.;NR, NR, NR;S&P, Moodys, Fitch;Third party;GBP;30/09/2023;Mark-to-Market;0.0000;No;IFRS: Financial assets held for trading;MISS;99999999999.000000
004969444860213249;GB0030559115;549300IQZVZ949N37S44;Legal Entity Identifier;BE;Financial auxilliaries;Other financial service activities, except insurance and pension funding n.e.c.;MISS;N/A;Third party;EUR;30/09/2023;Mark-to-Model;99999999999.0000;No;IFRS: Financial assets at fair value through other comprehensive income;MISS;47880138.350000
00491999408BBBQYJG;GB00BM8Q5M07;213800HROV6Y9MUU8375;Legal Entity Identifier;GB;MISS;Retail sale of clothing in specialised stores;NR, NR, NR;S&P, Moodys, Fitch;Third party;GBP;30/09/2023;Mark-to-Market;0.0000;Yes;IFRS: Financial assets held for trading;MISS;99999999999.000000
00491999408BBBPKFT;IT0001250932;8156009414FD99443B48;Legal Entity Identifier;IT;MISS;Distribution of gaseous fuels through mains;BBB+, Baa2, NR;S&P, Moodys, Fitch;Third party;EUR;30/09/2023;Mark-to-Market;0.0000;Yes;IFRS: Financial assets held for trading;MISS;99999999999.000000
00491999408BBBWCJS;US00724F1012;FU4LY2G4933NH2E1CP29;Legal Entity Identifier;US;MISS;Other software publishing;A+, A2, NR;S&P, Moodys, Fitch;Third party;USD;30/09/2023;Mark-to-Market;0.0000;Yes;IFRS: Financial assets held for trading;MISS;99999999999.000000
00491999408BBBZPMS;CA82509L1076;549300HGQ43STJLLP808;Legal Entity Identifier;CA;MISS;Web portals;NR, NR, NR;S&P, Moodys, Fitch;Third party;USD;30/09/2023;Mark-to-Market;0.0000;Yes;IFRS: Financial assets held for trading;MISS;99999999999.000000
00491999408BBCDPZW;JP3802300008;353800ZCXKHDPY0N5218;Legal Entity Identifier;JP;MISS;Retail sale of clothing in specialised stores;A, NR, NR;S&P, Moodys, Fitch;Third party;JPY;30/09/2023;MISS;0.0000;No;IFRS: Financial assets held for trading;MISS;99999999999.000000
004954924866667243;ES0113748000;95980020140005165330;Legal Entity Identifier;ES;Non-MMF Investment funds;Trusts, funds and similar financial entities;MISS;N/A;Third party;EUR;30/09/2023;Mark-to-Market;99999999999.0000;No;IFRS: Non-trading financial assets mandatorily at fair value through profit or loss;MISS;637940.000000
00491999408BBBTXNB;KYG982391099;5493008KDA8NBZRJST80;Legal Entity Identifier;KY;MISS;MISS;NR, Ba2, BB;S&P, Moodys, Fitch;Third party;USD;30/09/2023;MISS;0.0000;No;IFRS: Financial assets held for trading;MISS;99999999999.000000
00491999408BBBPWZL;CL0000000017;HQD377W2YR662HK5JX27;Legal Entity Identifier;US;MISS;Manufacture of pharmaceutical preparations;MISS;N/A;Third party;CLP;30/09/2023;MISS;0.0000;No;IFRS: Financial assets held for trading;MISS;99999999999.000000
004954924866667875;ES0174735037;9598000HM32LZTS4MM43;Legal Entity Identifier;ES;Non-MMF Investment funds;Trusts, funds and similar financial entities;MISS;N/A;Third party;EUR;30/09/2023;Mark-to-Market;99999999999.0000;No;IFRS: Non-trading financial assets mandatorily at fair value through profit or loss;MISS;102111.000000
00491999408BBBRSLX;ES0105027009;9598000ANNAL42UJ7X28;Legal Entity Identifier;ES;MISS;MISS;NR, NR, NR;S&P, Moodys, Fitch;Third party;EUR;30/09/2023;Mark-to-Market;0.0000;Yes;IFRS: Financial assets held for trading;MISS;99999999999.000000
004969314822223088;XS2473776974;008700698;Other identifier type;GB;MISS;MISS;MISS;N/A;Other group entity;GBP;30/09/2023;Mark-to-Model;0.0000;No;Investments in subsidiaries, joint ventures and associates;MISS;668057800.058000
004954924866667818;ES0117107005;959800L41P5H4Z4HGZ92;Legal Entity Identifier;ES;Non-MMF Investment funds;Trusts, funds and similar financial entities;MISS;N/A;Third party;EUR;30/09/2023;Mark-to-Market;99999999999.0000;No;IFRS: Non-trading financial assets mandatorily at fair value through profit or loss;MISS;144948.250000
00491999408BBCJHZQ;JP3733000008;5493000QYMPFRTEY4K28;Legal Entity Identifier;JP;MISS;Manufacture of office machinery and equipment (except computers and peripheral equipment);BBB+, NR, NR;S&P, Moodys, Fitch;Third party;JPY;30/09/2023;MISS;0.0000;No;IFRS: Financial assets held for trading;MISS;99999999999.000000
004954924866667748;ES0184839001;959800KF35CM0MBWCM82;Legal Entity Identifier;ES;Non-MMF Investment funds;Trusts, funds and similar financial entities;MISS;N/A;Third party;EUR;30/09/2023;Mark-to-Model;99999999999.0000;No;IFRS: Non-trading financial assets mandatorily at fair value through profit or loss;MISS;21926762.400000
004954924866667856;ES0158018004;V88620026;Other identifier type;ES;MISS;MISS;MISS;N/A;Third party;EUR;30/09/2023;Mark-to-Model;99999999999.0000;No;IFRS: Non-trading financial assets mandatorily at fair value through profit or loss;MISS;1417100.000000
004969334866667915;US92826C8212;549300JZ4OKEHW3DPJ59;Legal Entity Identifier;US;MISS;Other activities auxiliary to financial services, except insurance and pension funding;MISS;N/A;Third party;USD;30/09/2023;Mark-to-Market;99999999999.0000;No;IFRS: Non-trading financial assets mandatorily at fair value through profit or loss;MISS;99999999999.000000
004954924866667525;US92826C8212;549300JZ4OKEHW3DPJ59;Legal Entity Identifier;US;MISS;Other activities auxiliary to financial services, except insurance and pension funding;MISS;N/A;Third party;USD;30/09/2023;Mark-to-Market;99999999999.0000;No;IFRS: Non-trading financial assets mandatorily at fair value through profit or loss;MISS;99999999999.000000
004969334866666028;ES0153400033;9598008C6DMBQXUUCQ75;Legal Entity Identifier;ES;Financial auxilliaries;Security and commodity contracts brokerage;MISS;N/A;Other group entity;EUR;30/09/2023;Mark-to-Model;99999999999.0000;No;Investments in subsidiaries, joint ventures and associates;MISS;14041130.000000
00491999408BBBQXSX;ES0116920333;959800H2P9S8MS95DT42;Legal Entity Identifier;ES;Financial auxilliaries;Activities of holding companies;NR, NR, NR;S&P, Moodys, Fitch;Third party;EUR;30/09/2023;Mark-to-Market;0.0000;No;IFRS: Financial assets held for trading;MISS;99999999999.000000
004954924866667681;ES0143626036;A08010571;Other identifier type;ES;Non-financial corporations;Manufacture of other chemical products n.e.c.;MISS;N/A;Third party;EUR;30/09/2023;Mark-to-Model;99999999999.0000;No;IFRS: Financial assets at fair value through other comprehensive income;MISS;99999999999.000000
00491999408BBBZVHL;ES0165386014;959800PM2YJU406K2789;Legal Entity Identifier;ES;Non-financial corporations;Production of conventional thermal power;NR, NR, NR;S&P, Moodys, Fitch;Third party;EUR;30/09/2023;Mark-to-Market;0.0000;Yes;IFRS: Financial assets held for trading;MISS;99999999999.000000
00491999408BBBPKDB;ES0165386014;54930086UG0LY8PW3P40;Legal Entity Identifier;ES;Non-financial corporations;Raising of other cattle and buffaloes;NR, NR, NR;S&P, Moodys, Fitch;Third party;EUR;30/09/2023;Mark-to-Market;0.0000;Yes;IFRS: Financial assets held for trading;MISS;99999999999.000000
00491999408BBCKZJP;JP3783600004;353800SENYJ2DSM6PS44;Legal Entity Identifier;JP;MISS;Urban and suburban passenger land transport;A+, A1, NR;S&P, Moodys, Fitch;Third party;JPY;30/09/2023;MISS;0.0000;No;IFRS: Financial assets held for trading;MISS;99999999999.000000
00491999408BBBSLCM;US34959E1091;549300O0QJWDBAS0QX03;Legal Entity Identifier;US;MISS;Other software publishing;BBB+, Baa1, NR;S&P, Moodys, Fitch;Third party;USD;30/09/2023;MISS;0.0000;Yes;IFRS: Financial assets held for trading;MISS;99999999999.000000
00491999408BBBPKRH;IT0005366767;5493000P70CQRQG8SN85;Legal Entity Identifier;IT;MISS;MISS;BB+, Ba1, BB+;S&P, Moodys, Fitch;Third party;EUR;30/09/2023;Mark-to-Market;0.0000;Yes;IFRS: Financial assets held for trading;MISS;99999999999.000000
00491999408BBBQLWL;US00287Y1091;FR5LCKFTG8054YNNRU85;Legal Entity Identifier;US;MISS;Research and experimental development on biotechnology;BBB+, A3, NR;S&P, Moodys, Fitch;Third party;USD;30/09/2023;MISS;0.0000;Yes;IFRS: Financial assets held for trading;MISS;99999999999.000000
00491999408BBBSNQB;US60770K1079;549300EI6OKH5K5Q2G38;Legal Entity Identifier;US;MISS;Other personal service activities n.e.c.;NR, NR, NR;S&P, Moodys, Fitch;Third party;USD;30/09/2023;Mark-to-Market;0.0000;Yes;IFRS: Financial assets held for trading;MISS;99999999999.000000
004969334866667904;US80282K5020;549300SMVCQN2P0O6I58;Legal Entity Identifier;US;MISS;Activities of holding companies;MISS;N/A;Other group entity;USD;30/09/2023;Mark-to-Model;99999999999.0000;No;Investments in subsidiaries, joint ventures and associates;MISS;1012894186.090000
00491999408BBBXZCW;BRVALEACNOR0;254900SMTWBX7RU2SR20;Legal Entity Identifier;BR;MISS;Mining of iron ores;BBB-, Baa3, BBB;S&P, Moodys, Fitch;Third party;BRL;30/09/2023;Mark-to-Market;0.0000;No;IFRS: Financial assets held for trading;MISS;99999999999.000000
00491999408BBBPJYX;IT0003261697;81560025690EF8540635;Legal Entity Identifier;IT;MISS;Activities of holding companies;NR, NR, BBB;S&P, Moodys, Fitch;Third party;EUR;30/09/2023;Mark-to-Market;0.0000;No;IFRS: Financial assets held for trading;MISS;99999999999.000000
00491999408BBCGGTV;CH1216478797;506700G44V67MPM4BI12;Legal Entity Identifier;CH;MISS;Manufacture of other food products n.e.c.;A-, A3, NR;S&P, Moodys, Fitch;Third party;EUR;30/09/2023;MISS;0.0000;Yes;IFRS: Financial assets held for trading;MISS;99999999999.000000
00491999408BBBPKDQ;IE0004906560;635400TLVVBNXLFHWC59;Legal Entity Identifier;IE;MISS;Manufacture of other food products n.e.c.;BBB+, Baa1, NR;S&P, Moodys, Fitch;Third party;EUR;30/09/2023;Mark-to-Market;0.0000;Yes;IFRS: Financial assets held for trading;MISS;99999999999.000000
00491999408BBBQMJD;US9297401088;06BTX5UWZD0GQ5N5Y745;Legal Entity Identifier;US;MISS;Manufacture of railway locomotives and rolling stock;BBB-, Baa3, BBB-;S&P, Moodys, Fitch;Third party;USD;30/09/2023;MISS;0.0000;No;IFRS: Financial assets held for trading;MISS;99999999999.000000
004969314822222425;XS1925004357;5493000LM0MZ4JPMGM90;Legal Entity Identifier;ES;Credit institutions;Other monetary intermediation;MISS;N/A;Other group entity;EUR;30/09/2023;Mark-to-Model;0.0000;No;Investments in subsidiaries, joint ventures and associates;MISS;196882763.016000
00491999408BBBZFXY;IT0005497273;0808840T4;Other identifier type;IT;Non-financial corporations;Activities of other membership organisations n.e.c.;MISS;N/A;Third party;EUR;30/09/2023;MISS;99999999999.0000;No;IFRS: Financial assets held for trading;MISS;99999999999.000000
00491999408BBBZGTJ;IT0005497273;549300PHV8MBDHWB8X12;Legal Entity Identifier;IT;MISS;Support activities for petroleum and natural gas extraction;MISS;N/A;Third party;EUR;30/09/2023;MISS;99999999999.0000;No;IFRS: Financial assets held for trading;MISS;99999999999.000000
00491999408BBBQFGM;US0231351067;ZXTILKJKG63JELOEG630;Legal Entity Identifier;US;MISS;Other personal service activities n.e.c.;AA, A1, AA-;S&P, Moodys, Fitch;Third party;USD;30/09/2023;Mark-to-Market;0.0000;Yes;IFRS: Financial assets held for trading;MISS;99999999999.000000
00491999408BBBBBCZ;US0231351067;ZXTILKJKG63JELOEG630;Legal Entity Identifier;US;MISS;Other personal service activities n.e.c.;AA, A1, AA-;S&P, Moodys, Fitch;Third party;USD;30/09/2023;Mark-to-Market;0.0000;Yes;IFRS: Financial assets held for trading;MISS;99999999999.000000
00491999408BBBPLSY;GB0001367019;RV5B68J2GV3QGMRPW209;Legal Entity Identifier;GB;MISS;Development of building projects;NR, NR, A-;S&P, Moodys, Fitch;Third party;GBP;30/09/2023;MISS;0.0000;Yes;IFRS: Financial assets held for trading;MISS;99999999999.000000
00491999408BBBVKJH;US29355A1079;5493008U7KIGMI59Z314;Legal Entity Identifier;US;MISS;Manufacture of other electrical equipment;NR, NR, NR;S&P, Moodys, Fitch;Third party;USD;30/09/2023;MISS;0.0000;Yes;IFRS: Financial assets held for trading;MISS;99999999999.000000
00491999408BBBPXWB;US1266501006;549300EJG376EN5NQE29;Legal Entity Identifier;US;MISS;Wholesale of pharmaceutical goods;BBB, Baa2, NR;S&P, Moodys, Fitch;Third party;USD;30/09/2023;MISS;0.0000;Yes;IFRS: Financial assets held for trading;MISS;99999999999.000000
00491999408BBBQWZT;GB00BYW0PQ60;213800V8IAVKS37D6B88;Legal Entity Identifier;GB;MISS;Rental and operating of own or leased real estate;NR, NR, NR;S&P, Moodys, Fitch;Third party;GBP;30/09/2023;MISS;0.0000;Yes;IFRS: Financial assets held for trading;MISS;99999999999.000000
004954924866667769;ES0108745003;V88644638;Other identifier type;ES;MISS;MISS;MISS;N/A;Other group entity;EUR;30/09/2023;Mark-to-Model;99999999999.0000;No;IFRS: Non-trading financial assets mandatorily at fair value through profit or loss;MISS;32866964.769000
00491999408BBCKWBX;US81369Y8527;549300RPODKQJE2HDW24;Legal Entity Identifier;US;MISS;Trusts, funds and similar financial entities;NR, NR, NR;S&P, Moodys, Fitch;Third party;USD;30/09/2023;MISS;0.0000;No;IFRS: Financial assets held for trading;MISS;99999999999.000000
00491999408BBCCHLN;CH0030170408;52990093Z5OHD6T7BS47;Legal Entity Identifier;CH;MISS;Manufacture of ceramic sanitary fixtures;A+, NR, NR;S&P, Moodys, Fitch;Third party;CHF;30/09/2023;Mark-to-Market;0.0000;No;IFRS: Financial assets held for trading;MISS;99999999999.000000
00491999408BBBQFGK;US1912161007;UWJKFUJFZ02DKWI3RY53;Legal Entity Identifier;KY;MISS;production of mineral waters and other bottled waters;A+, A1, Au;S&P, Moodys, Fitch;Third party;USD;30/09/2023;Mark-to-Market;0.0000;Yes;IFRS: Financial assets held for trading;MISS;99999999999.000000
00491999408BBCDHSV;US68389X1054;1Z4GXXU7ZHVWFCD8TV52;Legal Entity Identifier;US;MISS;Other information technology and computer service activities;BBB, Baa2, BBB;S&P, Moodys, Fitch;Third party;USD;30/09/2023;MISS;0.0000;Yes;IFRS: Financial assets held for trading;MISS;99999999999.000000
00491999408BBBSVSM;GB00BG12Y042;549300RVMKU0CYUZBB05;Legal Entity Identifier;GB;MISS;Extraction of crude petroleum;B+, NR, B+;S&P, Moodys, Fitch;Third party;GBP;30/09/2023;Mark-to-Market;0.0000;Yes;IFRS: Financial assets held for trading;MISS;99999999999.000000
004969444866667184;LU0513834514;513834514;Other identifier type;LU;MISS;MISS;MISS;N/A;Third party;EUR;30/09/2023;Mark-to-Model;99999999999.0000;No;IFRS: Non-trading financial assets mandatorily at fair value through profit or loss;MISS;0.000000
00491999408BBCDZLB;FR0000071946;969500Y7G9TY7Y24GN07;Legal Entity Identifier;FR;MISS;Engineering activities and related technical consultancy;NR, NR, NR;S&P, Moodys, Fitch;Third party;EUR;30/09/2023;MISS;0.0000;Yes;IFRS: Financial assets held for trading;MISS;99999999999.000000
00491999408BBCCPMD;GB0003718474;213800RP9QJQYGWHNT41;Legal Entity Identifier;GB;MISS;Manufacture of games and toys;NR, NR, NR;S&P, Moodys, Fitch;Third party;GBP;30/09/2023;MISS;0.0000;Yes;IFRS: Financial assets held for trading;MISS;99999999999.000000
004954924866667520;ES0105025003;959800L8KD863DP30X04;Legal Entity Identifier;ES;Other financial intermediaries except financial auxiliaries, captive financial institutions and money lenders, insurance corporations, pension funds and financial vehicle corporations engaged in securitisation transactions;Rental and operating of own or leased real estate;BBB, Baa2, NR;S&P, Moodys, Fitch;Other group entity;EUR;30/09/2023;Mark-to-Model;0.0000;No;Investments in subsidiaries, joint ventures and associates;MISS;1400545347.000000
004954924866667848;ES0165392020;959800CASDTL36EG3U39;Legal Entity Identifier;ES;Non-MMF Investment funds;Trusts, funds and similar financial entities;MISS;N/A;Third party;EUR;30/09/2023;Mark-to-Market;99999999999.0000;No;IFRS: Non-trading financial assets mandatorily at fair value through profit or loss;MISS;258364.559000
004954924863287503;ES0132875032;9598002W9QQANQBTYQ69;Legal Entity Identifier;ES;Insurance corporations;Non-life insurance;MISS;N/A;Third party;EUR;30/09/2023;Mark-to-Model;99999999999.0000;No;IFRS: Non-trading financial assets mandatorily at fair value through profit or loss;MISS;99999999999.000000
004954924866667843;ES0168833012;959800BSLXN8KJ9C6A72;Legal Entity Identifier;ES;Non-MMF Investment funds;Trusts, funds and similar financial entities;MISS;N/A;Third party;EUR;30/09/2023;Mark-to-Market;99999999999.0000;No;IFRS: Non-trading financial assets mandatorily at fair value through profit or loss;MISS;191105.809000
00491999408BBBPJTX;IT0000062957;PSNL19R2RXX5U3QWHI44;Legal Entity Identifier;IT;MISS;Other monetary intermediation;BBB, (P)Baa1, BBB;S&P, Moodys, Fitch;Third party;EUR;30/09/2023;Mark-to-Market;0.0000;No;IFRS: Financial assets held for trading;MISS;99999999999.000000
004954924866666609;ES0115969034;I6IQI8QOOI86XYA1XK56;Legal Entity Identifier;ES;Captive financial institutions and money lenders;Other financial service activities, except insurance and pension funding n.e.c.;MISS;N/A;Other group entity;EUR;30/09/2023;Mark-to-Model;99999999999.0000;No;Investments in subsidiaries, joint ventures and associates;MISS;294219340.900000
004969334866667787;PTSTO0AM0008;5493005RLLC1P7VSVC58;Legal Entity Identifier;PT;MISS;Other financial service activities, except insurance and pension funding n.e.c.;MISS;N/A;Other group entity;EUR;30/09/2023;Mark-to-Model;99999999999.0000;No;Investments in subsidiaries, joint ventures and associates;MISS;4773263269.860000
004954924866667790;ES0124252034;529900H8DP9NY54QDN74;Legal Entity Identifier;ES;Captive financial institutions and money lenders;Activities of holding companies;MISS;N/A;Third party;EUR;30/09/2023;Mark-to-Model;99999999999.0000;No;IFRS: Financial assets at fair value through other comprehensive income;MISS;6018280.794000
00491999408BBCKZJM;JP3900000005;353800TJ98PCAZROVE69;Legal Entity Identifier;JP;MISS;Manufacture of electric motors, generators and transformers;BBB+, NR, NR;S&P, Moodys, Fitch;Third party;JPY;30/09/2023;MISS;0.0000;No;IFRS: Financial assets held for trading;MISS;99999999999.000000
00491999408BBBWSFT;GB00B8C3BL03;2138005RN5XYLTF8G138;Legal Entity Identifier;GB;MISS;Other software publishing;BBB+, NR, NR;S&P, Moodys, Fitch;Third party;GBP;30/09/2023;Mark-to-Market;0.0000;Yes;IFRS: Financial assets held for trading;MISS;99999999999.000000
00491999408BBBVDVF;US38141G1040;784F5XWPLTWKTBV3E584;Legal Entity Identifier;US;MISS;Security and commodity contracts brokerage;BBB+, A2, A;S&P, Moodys, Fitch;Third party;USD;30/09/2023;Mark-to-Market;0.0000;No;IFRS: Financial assets held for trading;MISS;99999999999.000000
00491999408BBBQWZR;NL0014559478;724500FLODI49NSCIP70;Legal Entity Identifier;FR;MISS;Other professional, scientific and technical activities n.e.c.;BBB, NR, NR;S&P, Moodys, Fitch;Third party;EUR;30/09/2023;MISS;0.0000;Yes;IFRS: Financial assets held for trading;MISS;99999999999.000000
004969314822222555;XS2040071016;549300F5XIFGNNW4CF72;Legal Entity Identifier;GB;MISS;Other financial service activities, except insurance and pension funding n.e.c.;MISS;N/A;Other group entity;GBP;30/09/2023;Mark-to-Model;0.0000;No;Investments in subsidiaries, joint ventures and associates;MISS;445274475.088000
004954924866666062;ES0198256010;9598003C83P2X6YBS717;Legal Entity Identifier;ES;Non-financial corporations;Growing of cereals (except rice), leguminous crops and oil seeds;MISS;N/A;Other group entity;EUR;30/09/2023;Mark-to-Model;99999999999.0000;No;Investments in subsidiaries, joint ventures and associates;MISS;44148369.370000
00491999408BBBPMNT;US58733R1023;003112015;Other identifier type;AR;MISS;Other professional, scientific and technical activities n.e.c.;MISS;N/A;Third party;USD;30/09/2023;Mark-to-Market;0.0000;Yes;IFRS: Financial assets held for trading;MISS;99999999999.000000
00491999408BBBNWFH;ES0111092039;95980020140005413165;Legal Entity Identifier;ES;Non-MMF Investment funds;Trusts, funds and similar financial entities;NR, NR, NR;S&P, Moodys, Fitch;Third party;EUR;30/09/2023;Mark-to-Market;0.0000;No;IFRS: Financial assets held for trading;MISS;99999999999.000000
00491999408BBCCWTZ;JP3435000009;529900R5WX9N2OI2N910;Legal Entity Identifier;JP;MISS;Manufacture of consumer electronics;A, A3, A-u;S&P, Moodys, Fitch;Third party;JPY;30/09/2023;MISS;0.0000;No;IFRS: Financial assets held for trading;MISS;99999999999.000000
00491999408BBCDJTT;GB00B61TVQ02;213800RGEH1MPPNM2T57;Legal Entity Identifier;GB;MISS;Sale of cars and light motor vehicles;NR, Baa2, NR;S&P, Moodys, Fitch;Third party;EUR;30/09/2023;MISS;0.0000;Yes;IFRS: Financial assets held for trading;MISS;99999999999.000000
00491999408BBBQQFZ;US6927322098;003066274;Other identifier type;US;Non-financial corporations;Other professional, scientific and technical activities n.e.c.;NR, NR, NR;S&P, Moodys, Fitch;Third party;USD;30/09/2023;MISS;99999999999.0000;No;IFRS: Financial assets held for trading;MISS;99999999999.000000
00491999408BBBQPRQ;US6927322098;0808840T4;Other identifier type;US;Non-financial corporations;Activities of other membership organisations n.e.c.;NR, NR, NR;S&P, Moodys, Fitch;Third party;USD;30/09/2023;MISS;99999999999.0000;No;IFRS: Financial assets held for trading;MISS;99999999999.000000
004954924866667600;ES0105331005;959800PETHYQL74MSK42;Legal Entity Identifier;ES;Non-MMF Investment funds;Trusts, funds and similar financial entities;MISS;N/A;Third party;EUR;30/09/2023;Mark-to-Model;99999999999.0000;No;IFRS: Non-trading financial assets mandatorily at fair value through profit or loss;MISS;21091609.500000
00491999408BBBPKHH;ES0113307062;959800D090L9WDZL2R09;Legal Entity Identifier;ES;Non-financial corporations;Wholesale of clothing and footwear;MISS;N/A;Third party;EUR;30/09/2023;MISS;0.0000;No;IFRS: Financial assets held for trading;MISS;99999999999.000000
00491999408BBCCHLV;LU0075646355;222100AIF0CBCY80AH62;Legal Entity Identifier;GB;MISS;Support activities for petroleum and natural gas extraction;NR, NR, NR;S&P, Moodys, Fitch;Third party;NOK;30/09/2023;Mark-to-Market;0.0000;No;IFRS: Financial assets held for trading;MISS;99999999999.000000
00491999408BBBTHJP;CH0102484968;5299007MF0604ZGJER92;Legal Entity Identifier;CH;MISS;Other personal service activities n.e.c.;NR, Baa1, NR;S&P, Moodys, Fitch;Third party;CHF;30/09/2023;Mark-to-Market;0.0000;No;IFRS: Financial assets held for trading;MISS;99999999999.000000
00491999408BBCBZKF;IT0001157020;8156004604684CA44A90;Legal Entity Identifier;IT;MISS;Support activities for petroleum and natural gas extraction;NR, NR, BBB-;S&P, Moodys, Fitch;Third party;EUR;30/09/2023;Mark-to-Market;0.0000;Yes;IFRS: Financial assets held for trading;MISS;99999999999.000000
00491999408BBCDFDP;CNE1000003X6;549300W9MKNIVWXFM679;Legal Entity Identifier;CN;MISS;Other monetary intermediation;NR, NR, NR;S&P, Moodys, Fitch;Third party;HKD;30/09/2023;MISS;0.0000;No;IFRS: Financial assets held for trading;MISS;99999999999.000000
004954924866667659;ES0110041037;213800JPD6H441DBDT16;Legal Entity Identifier;ES;Non-MMF Investment funds;Trusts, funds and similar financial entities;NR, NR, NR;S&P, Moodys, Fitch;Third party;EUR;30/09/2023;Mark-to-Market;99999999999.0000;No;IFRS: Non-trading financial assets mandatorily at fair value through profit or loss;MISS;99999999999.000000
004954924866667879;ES0174981011;959800CB1ZKLZS6TEG32;Legal Entity Identifier;ES;Non-MMF Investment funds;Trusts, funds and similar financial entities;MISS;N/A;Third party;EUR;30/09/2023;Mark-to-Market;99999999999.0000;No;IFRS: Non-trading financial assets mandatorily at fair value through profit or loss;MISS;141777.145000
00491999408BBBRDTR;US3647601083;T2ZG1WRWZ4BUCMQL9224;Legal Entity Identifier;US;MISS;Retail sale of clothing in specialised stores;BB, B1, NR;S&P, Moodys, Fitch;Third party;USD;30/09/2023;Mark-to-Market;0.0000;Yes;IFRS: Financial assets held for trading;MISS;99999999999.000000
004969334866666038;ES0190902033;A28454080;Other identifier type;ES;Non-financial corporations;Operation of sports facilities;MISS;N/A;Other group entity;EUR;30/09/2023;Mark-to-Model;99999999999.0000;No;Investments in subsidiaries, joint ventures and associates;MISS;60716371.000000
00491999408BBBWMMG;US3453708600;20S05OYHG0MQM4VUIC57;Legal Entity Identifier;US;MISS;Manufacture of motor vehicles;BB+, Ba1, BBB-;S&P, Moodys, Fitch;Third party;USD;30/09/2023;Mark-to-Market;0.0000;Yes;IFRS: Financial assets held for trading;MISS;99999999999.000000
00491999408BBBQXKV;US70450Y1038;5493005X2GO78EFZ3E94;Legal Entity Identifier;US;MISS;Other financial service activities, except insurance and pension funding n.e.c.;A-, A3, A-;S&P, Moodys, Fitch;Third party;USD;30/09/2023;Mark-to-Market;0.0000;No;IFRS: Financial assets held for trading;MISS;99999999999.000000
004954924866667274;ES0134679002;V06630255;Other identifier type;ES;MISS;MISS;MISS;N/A;Third party;EUR;30/09/2023;Mark-to-Model;99999999999.0000;No;IFRS: Non-trading financial assets mandatorily at fair value through profit or loss;MISS;1524644.200000
004954924866667651;ES0133447005;95980038WEXRFJA7J041;Legal Entity Identifier;ES;Non-MMF Investment funds;Trusts, funds and similar financial entities;MISS;N/A;Third party;EUR;30/09/2023;Mark-to-Market;99999999999.0000;No;IFRS: Non-trading financial assets mandatorily at fair value through profit or loss;MISS;941522.700000
00491999408BBBPKFK;NL0010583399;724500BKS1TSAVLTWG46;Legal Entity Identifier;NL;MISS;Manufacture of other food products n.e.c.;NR, NR, NR;S&P, Moodys, Fitch;Third party;EUR;30/09/2023;MISS;0.0000;No;IFRS: Financial assets held for trading;MISS;99999999999.000000
00491999408BBCBMDB;DE0006969603;529900GRZ2BQY5ZM9N49;Legal Entity Identifier;DE;MISS;Manufacture of sports goods;NR, NR, NR;S&P, Moodys, Fitch;Third party;EUR;30/09/2023;Mark-to-Market;0.0000;Yes;IFRS: Financial assets held for trading;MISS;99999999999.000000
004954924866667544;ES0171743901;959800U3NGPXSCQHQW54;Legal Entity Identifier;ES;Non-financial corporations;Publishing of journals and periodicals;CCC+, Caa1, NR;S&P, Moodys, Fitch;Third party;EUR;30/09/2023;Mark-to-Market;99999999999.0000;Yes;IFRS: Financial assets at fair value through other comprehensive income;MISS;99999999999.000000
004954924866667780;US92826C8394;549300JZ4OKEHW3DPJ59;Legal Entity Identifier;US;MISS;Other activities auxiliary to financial services, except insurance and pension funding;AA-, Aa3, NR;S&P, Moodys, Fitch;Third party;USD;30/09/2023;Mark-to-Market;0.0000;No;IFRS: Non-trading financial assets mandatorily at fair value through profit or loss;MISS;99999999999.000000
00491999408BBBQFGC;US92826C8394;549300JZ4OKEHW3DPJ59;Legal Entity Identifier;US;MISS;Other activities auxiliary to financial services, except insurance and pension funding;AA-, Aa3, NR;S&P, Moodys, Fitch;Third party;USD;30/09/2023;Mark-to-Market;0.0000;No;IFRS: Financial assets held for trading;MISS;99999999999.000000
004969314822222393;USP1507AAF32;500008454;Other identifier type;AR;MISS;MISS;MISS;N/A;Other group entity;USD;30/09/2023;Mark-to-Model;0.0000;No;Investments in subsidiaries, joint ventures and associates;MISS;283962367.200000
00491999408BBCCKRQ;US36266G1076;549300OI9J7XOWZMUN85;Legal Entity Identifier;US;MISS;Activities of holding companies;BBB, Baa2, BBB;S&P, Moodys, Fitch;Third party;USD;30/09/2023;MISS;0.0000;No;IFRS: Financial assets held for trading;MISS;99999999999.000000
00491999408BBBPKMT;NL0011585146;549300RIVY5EX8RCON76;Legal Entity Identifier;NL;MISS;Other financial service activities, except insurance and pension funding n.e.c.;NR, NR, NR;S&P, Moodys, Fitch;Third party;EUR;30/09/2023;Mark-to-Market;0.0000;No;IFRS: Financial assets held for trading;MISS;99999999999.000000
00491999408BBBNVZX;US1667641005;940890210;Other identifier type;US;MISS;Manufacture of refined petroleum products;AA-, Aa2, NR;S&P, Moodys, Fitch;Third party;USD;30/09/2023;Mark-to-Market;0.0000;Yes;IFRS: Financial assets held for trading;MISS;99999999999.000000
00491999408BBCLLYL;GB0002869419;213800W7Q4V2ZI8LIW31;Legal Entity Identifier;GB;MISS;Rental and operating of own or leased real estate;NR, NR, NR;S&P, Moodys, Fitch;Third party;GBP;30/09/2023;MISS;0.0000;Yes;IFRS: Financial assets held for trading;MISS;99999999999.000000
004954924866666137;ES0171788013;A15211691;Other identifier type;ES;MISS;MISS;MISS;N/A;Third party;EUR;30/09/2023;Mark-to-Model;99999999999.0000;No;IFRS: Financial assets at fair value through other comprehensive income;MISS;99999999999.000000
004969314822222788;PTSTOCOM0007;5493005RLLC1P7VSVC58;Legal Entity Identifier;PT;MISS;Other financial service activities, except insurance and pension funding n.e.c.;MISS;N/A;Other group entity;EUR;30/09/2023;Mark-to-Model;0.0000;No;Investments in subsidiaries, joint ventures and associates;MISS;385799903.140000
00491999408BBBXDJK;NL0011872643;7245000G0HS48PZWUD53;Legal Entity Identifier;NL;MISS;Fund management activities;BBB+, NR, NR;S&P, Moodys, Fitch;Third party;EUR;30/09/2023;Mark-to-Market;0.0000;No;IFRS: Financial assets held for trading;MISS;99999999999.000000
00491999408BBBNWHT;US7427181091;2572IBTT8CCZW6AU4141;Legal Entity Identifier;US;MISS;Manufacture of household and sanitary goods and of toilet requisites;AA-, Aa3, NR;S&P, Moodys, Fitch;Third party;USD;30/09/2023;Mark-to-Market;0.0000;Yes;IFRS: Financial assets held for trading;MISS;99999999999.000000
00491999408BBCKRBT;FR0000050809;96950020QIOHAAK9V551;Legal Entity Identifier;FR;MISS;Computer programming activities;NR, NR, NR;S&P, Moodys, Fitch;Third party;EUR;30/09/2023;MISS;0.0000;Yes;IFRS: Financial assets held for trading;MISS;99999999999.000000
00491999408BBCKVRY;GB00BMBVGQ36;213800YPC42DYBKVPF97;Legal Entity Identifier;GB;MISS;Extraction of crude petroleum;BB, NR, BB;S&P, Moodys, Fitch;Third party;GBP;30/09/2023;Mark-to-Market;0.0000;Yes;IFRS: Financial assets held for trading;MISS;99999999999.000000
00491999408BBBYXNW;US2220702037;549300BO9IWPF3S48F93;Legal Entity Identifier;US;MISS;Manufacture of perfumes and toilet preparations;BB-, B2, BB;S&P, Moodys, Fitch;Third party;USD;30/09/2023;Mark-to-Market;0.0000;Yes;IFRS: Financial assets held for trading;MISS;99999999999.000000
00491999408BBBPSCZ;GB00B10RZP78;549300MKFYEKVRWML317;Legal Entity Identifier;GB;MISS;Manufacture of household and sanitary goods and of toilet requisites;A+, A1, Au;S&P, Moodys, Fitch;Third party;GBP;30/09/2023;Mark-to-Market;0.0000;Yes;IFRS: Financial assets held for trading;MISS;99999999999.000000
004954924866667619;ES0142408030;A28249175;Other identifier type;ES;Financial auxilliaries;Other activities auxiliary to financial services, except insurance and pension funding;MISS;N/A;Other group entity;EUR;30/09/2023;Mark-to-Model;99999999999.0000;No;Investments in subsidiaries, joint ventures and associates;MISS;53682227.000000
00491999408BBBXWVF;US31428X1063;549300E707U7WNPZN687;Legal Entity Identifier;US;MISS;Other postal and courier activities;BBB, Baa2, NR;S&P, Moodys, Fitch;Third party;USD;30/09/2023;Mark-to-Market;0.0000;Yes;IFRS: Financial assets held for trading;MISS;99999999999.000000
00491999408BBBWJRS;US10552T1079;254900MTXR9LUVQFU480;Legal Entity Identifier;BR;MISS;Production of meat and poultry meat products;MISS;N/A;Third party;USD;30/09/2023;Mark-to-Market;0.0000;Yes;IFRS: Financial assets held for trading;MISS;99999999999.000000
00491999408BBBPJZH;GB00BLJNXL82;2138009OQSSLVVHQAL78;Legal Entity Identifier;GB;MISS;Development of building projects;NR, NR, BBB-;S&P, Moodys, Fitch;Third party;GBP;30/09/2023;MISS;0.0000;Yes;IFRS: Financial assets held for trading;MISS;99999999999.000000
004954924866667897;ES0176106013;V13656392;Other identifier type;ES;MISS;MISS;MISS;N/A;Third party;EUR;30/09/2023;MISS;99999999999.0000;No;IFRS: Non-trading financial assets mandatorily at fair value through profit or loss;MISS;142384.105000
00491999408BBBRTCJ;ES0182870214;959800XKAB9VNAVN9425;Legal Entity Identifier;ES;Non-financial corporations;Other construction installation;NR, NR, NR;S&P, Moodys, Fitch;Third party;EUR;30/09/2023;Mark-to-Market;0.0000;Yes;IFRS: Financial assets held for trading;MISS;99999999999.000000
00491999408BBBPJPG;ES0176252718;959800JRKSZ6YZD4EL80;Legal Entity Identifier;ES;Non-financial corporations;Hotels and similar accommodation;NR, NR, NR;S&P, Moodys, Fitch;Third party;EUR;30/09/2023;Mark-to-Market;0.0000;Yes;IFRS: Financial assets held for trading;MISS;99999999999.000000
00491999408BBBSLCH;US0079031078;R2I72C950HOYXII45366;Legal Entity Identifier;US;MISS;Manufacture of electronic components;A-, A2, NR;S&P, Moodys, Fitch;Third party;USD;30/09/2023;Mark-to-Market;0.0000;Yes;IFRS: Financial assets held for trading;MISS;99999999999.000000
00491999408BBBSTQC;DE0007500001;549300UDG16DOYUPR330;Legal Entity Identifier;DE;MISS;Manufacture of tubes, pipes, hollow profiles and related fittings, of steel;BB, Ba3, BB-;S&P, Moodys, Fitch;Third party;EUR;30/09/2023;Mark-to-Market;0.0000;Yes;IFRS: Financial assets held for trading;MISS;99999999999.000000
004954924866666190;ES0171717038;959800RK5SS4VMEV8Q95;Legal Entity Identifier;ES;Non-financial corporations;Trusts, funds and similar financial entities;MISS;N/A;Third party;EUR;30/09/2023;Mark-to-Model;99999999999.0000;No;IFRS: Financial assets at fair value through other comprehensive income;MISS;99999999999.000000
004954924866667485;ES0105122024;959800ZQW44V5U3SEZ73;Legal Entity Identifier;ES;MISS;MISS;NR, NR, NR;S&P, Moodys, Fitch;Other group entity;EUR;30/09/2023;Mark-to-Model;99999999999.0000;No;Investments in subsidiaries, joint ventures and associates;MISS;1377053779.000000
004954924866667456;ES0141571119;95980020140005731713;Legal Entity Identifier;ES;Non-financial corporations;Rental and leasing of construction and civil engineering machinery and equipment;MISS;N/A;Third party;EUR;30/09/2023;Mark-to-Market;99999999999.0000;No;IFRS: Financial assets at fair value through other comprehensive income;MISS;99999999999.000000
00491999408BBBQLVW;US0028241000;HQD377W2YR662HK5JX27;Legal Entity Identifier;US;MISS;Manufacture of pharmaceutical preparations;AA-, Aa3, NR;S&P, Moodys, Fitch;Third party;CLP;30/09/2023;Mark-to-Market;0.0000;Yes;IFRS: Financial assets held for trading;MISS;99999999999.000000
00491999408BBBPKPW;GB00BD3VFW73;213800LS272L4FIDOH92;Legal Entity Identifier;GB;MISS;Manufacture of medical and dental instruments and supplies;BBB-, Ba2, NR;S&P, Moodys, Fitch;Third party;GBP;30/09/2023;Mark-to-Market;0.0000;Yes;IFRS: Financial assets held for trading;MISS;99999999999.000000
00491999408BBBNVZN;US1729674242;6SHGI4ZSSLCXXQSBB395;Legal Entity Identifier;US;MISS;Activities of holding companies;BBB+, A3, A;S&P, Moodys, Fitch;Third party;USD;30/09/2023;Mark-to-Market;0.0000;No;IFRS: Financial assets held for trading;MISS;99999999999.000000
004954924861927403;ES0198688139;95980020140005492220;Legal Entity Identifier;ES;Central government;General public administration activities;MISS;N/A;Third party;EUR;30/09/2023;Mark-to-Model;99999999999.0000;No;IFRS: Financial assets at fair value through other comprehensive income;MISS;99999999999.000000
00491999408BBBQFGP;US7170811035;765LHXWGK1KXCLTFYQ30;Legal Entity Identifier;US;MISS;Manufacture of basic pharmaceutical products;A+, A1, Au;S&P, Moodys, Fitch;Third party;USD;30/09/2023;Mark-to-Market;0.0000;Yes;IFRS: Financial assets held for trading;MISS;99999999999.000000
00491999408BBBQFGF;US9311421039;Y87794H0US1R65VBXU25;Legal Entity Identifier;US;MISS;Wholesale of other household goods;AA, Aa2, AA;S&P, Moodys, Fitch;Third party;USD;30/09/2023;Mark-to-Market;0.0000;Yes;IFRS: Financial assets held for trading;MISS;99999999999.000000
004954924866667847;ES0165392012;959800CASDTL36EG3U39;Legal Entity Identifier;ES;Non-MMF Investment funds;Trusts, funds and similar financial entities;MISS;N/A;Third party;EUR;30/09/2023;Mark-to-Market;99999999999.0000;No;IFRS: Non-trading financial assets mandatorily at fair value through profit or loss;MISS;257116.037000
00491999408BBBPTDN;GB00B1WY2338;213800MJL6IPZS3ASA11;Legal Entity Identifier;GB;MISS;Manufacture of other special-purpose machinery n.e.c.;BBB+, Baa2, NR;S&P, Moodys, Fitch;Third party;GBP;30/09/2023;MISS;0.0000;Yes;IFRS: Financial assets held for trading;MISS;99999999999.000000
00491999408BBBQFFZ;US4581401001;KNX4USFCNGPY45LOCE31;Legal Entity Identifier;US;MISS;Manufacture of electronic components;A, A2, A-;S&P, Moodys, Fitch;Third party;USD;30/09/2023;Mark-to-Market;0.0000;Yes;IFRS: Financial assets held for trading;MISS;99999999999.000000
004954924866667753;ES0145824035;9598001U4J573V373949;Legal Entity Identifier;ES;Non-MMF Investment funds;Trusts, funds and similar financial entities;MISS;N/A;Third party;EUR;30/09/2023;Mark-to-Market;99999999999.0000;No;IFRS: Non-trading financial assets mandatorily at fair value through profit or loss;MISS;201338.300000
004954924866666873;ES0174950032;A84524677;Other identifier type;ES;Non-financial corporations;Rental and operating of own or leased real estate;MISS;N/A;Other group entity;EUR;30/09/2023;Mark-to-Model;99999999999.0000;No;Investments in subsidiaries, joint ventures and associates;MISS;3434747.000000
00491999408BBBRJBY;US09857L1089;FXM8FAOHMYDIPD38UZ17;Legal Entity Identifier;US;MISS;MISS;A-, A3, NR;S&P, Moodys, Fitch;Third party;USD;30/09/2023;Mark-to-Market;0.0000;Yes;IFRS: Financial assets held for trading;MISS;99999999999.000000
00491999408BBBZGTM;US28035Q1022;549300CY8QZDL4Z3RU59;Legal Entity Identifier;US;MISS;Manufacture of household and sanitary goods and of toilet requisites;BB, Ba3, NR;S&P, Moodys, Fitch;Third party;USD;30/09/2023;Mark-to-Market;0.0000;Yes;IFRS: Financial assets held for trading;MISS;99999999999.000000
00491999408BBBPKHF;ES0126775032;54930063C6K2TNFL6H10;Legal Entity Identifier;ES;Non-financial corporations;Retail sale in non-specialised stores with food, beverages or tobacco predominating;NR, NR, NR;S&P, Moodys, Fitch;Third party;EUR;30/09/2023;Mark-to-Market;0.0000;Yes;IFRS: Financial assets held for trading;MISS;99999999999.000000
004954924866667916;ES0174980013;959800J81ESNCVGCGX38;Legal Entity Identifier;ES;Non-MMF Investment funds;Trusts, funds and similar financial entities;MISS;N/A;Third party;EUR;30/09/2023;MISS;99999999999.0000;No;IFRS: Non-trading financial assets mandatorily at fair value through profit or loss;MISS;275997.000000
00491999408BBBPKFY;IT0003856405;529900X4EEX1U9LN3U39;Legal Entity Identifier;IT;MISS;Manufacture of air and spacecraft and related machinery;BBB-, Baa3, BBB-;S&P, Moodys, Fitch;Third party;EUR;30/09/2023;Mark-to-Market;0.0000;Yes;IFRS: Financial assets held for trading;MISS;99999999999.000000
00491999408BBBPKPP;IT0005090300;81560066183FE361C071;Legal Entity Identifier;IT;MISS;Manufacture of communication equipment;BB+, NR, BBB-;S&P, Moodys, Fitch;Third party;EUR;30/09/2023;Mark-to-Market;0.0000;Yes;IFRS: Financial assets held for trading;MISS;99999999999.000000
00491999408BBBNWFL;ES0111098036;95980020140005412874;Legal Entity Identifier;ES;Non-MMF Investment funds;Trusts, funds and similar financial entities;NR, NR, NR;S&P, Moodys, Fitch;Third party;EUR;30/09/2023;Mark-to-Market;0.0000;No;IFRS: Financial assets held for trading;MISS;99999999999.000000
00491999408BBCFDPF;GB00BM8PJY71;2138005O9XJIJN4JPN90;Legal Entity Identifier;GB;MISS;MISS;BBB+, A3, A;S&P, Moodys, Fitch;Third party;GBP;30/09/2023;MISS;0.0000;No;IFRS: Financial assets held for trading;MISS;99999999999.000000
00491999408BBCLKFG;LU1704650164;222100VXGA8L6J4ZWG61;Legal Entity Identifier;LU;MISS;Activities of holding companies;BB+, Ba2, NR;S&P, Moodys, Fitch;Third party;EUR;30/09/2023;MISS;0.0000;Yes;IFRS: Financial assets held for trading;MISS;99999999999.000000