unique_trade_id;counterparty_id;counterparty_type_id;counterparty_country;base_product;product_id;governing_law;contract_recogn_write_down;contract_recogn_suspension;contract_recogn_resolution;collateral_portfolio;collateral_posted;collateral_posted_currency;collateral_received;collateral_received_currency;leg_1_cash_flow;leg_2_cash_flow;leg_1_reference_rate;leg_2_reference_rate;leg_1_reference_period;leg_2_reference_period;premium;netting_agreement;carrying_amount;accounting_standard;accounting_classification;hierarchy;hedge_id;total_risk_exposure_amount
0000452AMARKITWIRE111428623;959800DQQUAMV0K08004;Legal Entity Identifier;ES;IR Swap (2.1);IRD|IRS|;ES;NO;NO;NO;YES;-6230000.0000;EUR;11111111111.0000;N/A;N/A;N/A;N/A;EURIBOR3M;N/A;3 month;0.0000;CMOF-ZQMX-BSTE;451471.0000;IFRS;trading book;Level 2;N/A;338.6234
0000452AMARKITWIRE111664266;213800ZCPY5ZNSY5I637;Legal Entity Identifier;GB;IR Swap (2.1);IRD|IRS|;GB;YES;NO;NO;YES;-3563654.9639;GBP;11111111111.0000;N/A;N/A;N/A;N/A;GBP CALL M COMP;N/A;1 month;0.0000;2002-1NB5-BSTE;283284.0000;IFRS;trading book;Level 2;N/A;50.9710
0000452AMARKITWIRE118019832;259400LGXW3K0GDAG361;Legal Entity Identifier;PL;IR Swap (2.1);IRD|IRS|;ES;YES;NO;NO;YES;-150100000.0000;EUR;11111111111.0000;N/A;N/A;N/A;N/A;PLNWIBOR;N/A;6 month;0.0000;1992-1WBK-BSTE;1443651.0000;IFRS;trading book;Level 2;N/A;0.0000
0000452AMARKITWIRE181287756;SCRYQ25DTVRHYYMM6P89;Legal Entity Identifier;MX;IR Swap (2.1);IRD|IRS|;US;YES;YES;YES;YES;-592524689.3163;USD;11111111111.0000;N/A;N/A;N/A;N/A;MXNTIIE_28D;N/A;28 day;0.0000;1992-BMSY-BSTE;754747.0000;IFRS;trading book;Level 2;N/A;0.0000
0000452AMARKITWIRE186352931;SCRYQ25DTVRHYYMM6P89;Legal Entity Identifier;MX;IR Swap (2.1);IRD|IRS|;US;YES;YES;YES;YES;-592524689.3163;USD;11111111111.0000;N/A;N/A;N/A;N/A;MXNTIIE_28D;N/A;28 day;0.0000;1992-BMSY-BSTE;1959718.0000;IFRS;trading book;Level 2;N/A;0.0000
0000452AMARKITWIRE187472200;SCRYQ25DTVRHYYMM6P89;Legal Entity Identifier;MX;Cross Currency (2.4);IRD|CS|;ES;YES;YES;YES;YES;-592524689.3163;USD;11111111111.0000;N/A;N/A;N/A;USD SOFR COMP;MXNTIIE28D;28 day;28 day;0.0000;1992-BMSY-BSTE;650165.0000;IFRS;trading book;Level 3;N/A;0.0000
0000452AMARKITWIRE82060742;5299004GLEUX88BSNB74;Legal Entity Identifier;DE;IR Swap (2.1);IRD|IRS|;ES;YES;NO;NO;NO;11111111111.0000;N/A;11111111111.0000;N/A;N/A;N/A;N/A;EURIBOR3M;N/A;3 month;0.0000;1992-VLGO-BSTE;10790008.0000;IFRS;trading book;Level 2;N/A;3995394.0661
004918320010531130500;B60181518;Other identifier type;MISS;MISS;MISS;ES;YES;YES;YES;NO;11111111111.0000;N/A;11111111111.0000;N/A;N/A;N/A;N/A;N/A;N/A;N/A;99999999999.0000;N/A;1070.0000;IFRS;trading book;Level 2;N/A;3955.8381
004918360010536621500;B28866267;Other identifier type;MISS;MISS;MISS;ES;YES;YES;YES;NO;11111111111.0000;N/A;11111111111.0000;N/A;N/A;N/A;N/A;N/A;N/A;N/A;99999999999.0000;N/A;-3068.0000;IFRS;trading book;Level 2;N/A;0.0000
004918660010531055500;A34174979;Other identifier type;MISS;MISS;MISS;ES;YES;YES;YES;NO;11111111111.0000;N/A;11111111111.0000;N/A;N/A;N/A;N/A;N/A;N/A;N/A;99999999999.0000;N/A;7664.0000;IFRS;trading book;Level 2;N/A;7269.8800
00491999451BBBCCMF;259400LGXW3K0GDAG361;Legal Entity Identifier;PL;MISS;MISS;ES;YES;YES;YES;NO;11111111111.0000;N/A;11111111111.0000;N/A;N/A;N/A;N/A;N/A;N/A;N/A;99999999999.0000;N/A;6769.0000;IFRS;trading book;Level 2;N/A;0.0000
00491999455BBBJDDZ;BFM8T61CT2L1QCEMIK50;Legal Entity Identifier;US;MISS;MISS;ES;NO;NO;NO;YES;11111111111.0000;N/A;11111111111.0000;N/A;N/A;N/A;N/A;N/A;N/A;N/A;99999999999.0000;MMOO;815101.0000;IFRS;trading book;Level 1;N/A;18297.9601
00491999455BBBJVHQ;5299009QA8BBE2OOB349;Legal Entity Identifier;ES;MISS;MISS;ES;NO;NO;NO;YES;11111111111.0000;N/A;11111111111.0000;N/A;N/A;N/A;N/A;N/A;N/A;N/A;99999999999.0000;MMOO;460.0000;IFRS;trading book;Level 1;N/A;17.4744
00491999455BBBJVSL;5299009QA8BBE2OOB349;Legal Entity Identifier;ES;MISS;MISS;ES;NO;NO;NO;YES;11111111111.0000;N/A;11111111111.0000;N/A;N/A;N/A;N/A;N/A;N/A;N/A;99999999999.0000;MMOO;1356000.0000;IFRS;trading book;Level 1;N/A;8293.9652
00491999455BBBKBHP;5299009QA8BBE2OOB349;Legal Entity Identifier;ES;MISS;MISS;ES;NO;NO;NO;YES;11111111111.0000;N/A;11111111111.0000;N/A;N/A;N/A;N/A;N/A;N/A;N/A;99999999999.0000;MMOO;740950.0000;IFRS;trading book;Level 1;N/A;0.0000
00491999476BBBCCQZ;061031656;Other identifier type;MISS;MISS;MISS;ES;YES;YES;YES;NO;11111111111.0000;N/A;11111111111.0000;N/A;N/A;N/A;N/A;N/A;N/A;N/A;99999999999.0000;N/A;151428.0000;IFRS;trading book;Level 2;N/A;420.0570
00491999480BGBPQKF;95980096TL3LX4E3BK96;Legal Entity Identifier;ES;MISS;MISS;ES;YES;YES;YES;NO;11111111111.0000;N/A;11111111111.0000;N/A;N/A;N/A;N/A;N/A;N/A;N/A;99999999999.0000;N/A;-35722.0000;IFRS;trading book;Level 2;N/A;0.0000
004933760010540416500;B97390645;Other identifier type;MISS;MISS;MISS;ES;YES;YES;YES;NO;11111111111.0000;N/A;11111111111.0000;N/A;N/A;N/A;N/A;N/A;N/A;N/A;99999999999.0000;N/A;3586.0000;IFRS;trading book;Level 2;N/A;5938.3983
004966680010662665500;F20206116;Other identifier type;MISS;MISS;MISS;ES;YES;YES;YES;NO;11111111111.0000;N/A;11111111111.0000;N/A;N/A;N/A;N/A;N/A;N/A;N/A;99999999999.0000;N/A;2376.0000;IFRS;trading book;Level 2;N/A;364.2254
1010000023CCCIRS10599402;SNZ2OJLFK8MNNCLQOF39;Legal Entity Identifier;US;IR Swap (2.1);IRD|IRS|;ES;YES;NO;NO;YES;11111111111.0000;N/A;299216568.1742;MXN;N/A;N/A;N/A;MXNTIIE28D;N/A;28 day;0.0000;1992-00CSIU-BSTE;2366531.0000;IFRS;trading book;Level 2;N/A;511.1498
1010000023CCCIRS13497579;SNZ2OJLFK8MNNCLQOF39;Legal Entity Identifier;US;IR Swap (2.1);IRD|IRS|;ES;YES;NO;NO;YES;11111111111.0000;N/A;602886392.0711;USD;N/A;N/A;N/A;CDI COMP;N/A;40 year;0.0000;1992-00CSIU-BSTE;7053152.0000;IFRS;trading book;Level 2;N/A;1563.1338
1010000023CCCIRS13916061;SNZ2OJLFK8MNNCLQOF39;Legal Entity Identifier;US;IR Swap (2.1);IRD|IRS|;ES;YES;NO;NO;YES;11111111111.0000;N/A;299216568.1742;MXN;N/A;N/A;N/A;MXNTIIE28D;N/A;28 day;0.0000;1992-00CSIU-BSTE;3309435.0000;IFRS;trading book;Level 2;N/A;751.6594
1010000023CCCIRS14079915;SNZ2OJLFK8MNNCLQOF39;Legal Entity Identifier;US;IR Swap (2.1);IRD|IRS|;ES;YES;NO;NO;YES;11111111111.0000;N/A;602886392.0711;USD;N/A;N/A;N/A;CDI COMP;N/A;40 year;0.0000;1992-00CSIU-BSTE;1412686.0000;IFRS;trading book;Level 2;N/A;302.3768
1010000023CCCIRS15019576;SNZ2OJLFK8MNNCLQOF39;Legal Entity Identifier;US;IR Swap (2.1);IRD|IRS|;ES;YES;NO;NO;YES;11111111111.0000;N/A;299216568.1742;MXN;N/A;N/A;N/A;MXNTIIE28D;N/A;28 day;0.0000;1992-00CSIU-BSTE;1823574.0000;IFRS;trading book;Level 2;N/A;22.6136
1010000023CCCIRS15412120;SNZ2OJLFK8MNNCLQOF39;Legal Entity Identifier;US;IR Swap (2.1);IRD|IRS|;ES;YES;NO;NO;YES;11111111111.0000;N/A;602886392.0711;USD;N/A;N/A;N/A;CDI COMP;N/A;40 year;0.0000;1992-00CSIU-BSTE;9043.0000;IFRS;trading book;Level 2;N/A;3.9152
1010000023CCCIRS15544875;SNZ2OJLFK8MNNCLQOF39;Legal Entity Identifier;US;IR Swap (2.1);IRD|IRS|;ES;YES;NO;NO;YES;11111111111.0000;N/A;299216568.1742;MXN;N/A;N/A;N/A;MXNTIIE28D;N/A;28 day;0.0000;1992-00CSIU-BSTE;1299588.0000;IFRS;trading book;Level 2;N/A;325.9430
1010000023CCCIRS16206090;SNZ2OJLFK8MNNCLQOF39;Legal Entity Identifier;US;IR Swap (2.1);IRD|IRS|;ES;YES;NO;NO;YES;11111111111.0000;N/A;299216568.1742;MXN;N/A;N/A;N/A;MXNTIIE28D;N/A;28 day;0.0000;1992-00CSIU-BSTE;482996.0000;IFRS;trading book;Level 2;N/A;17.9874
1010000023CCCIRS16279773;SNZ2OJLFK8MNNCLQOF39;Legal Entity Identifier;US;IR Swap (2.1);IRD|IRS|;ES;YES;NO;NO;YES;11111111111.0000;N/A;602886392.0711;USD;N/A;N/A;N/A;CDI COMP;N/A;40 year;0.0000;1992-00CSIU-BSTE;97306.0000;IFRS;trading book;Level 2;N/A;32.7356
1010000023CCCIRS16281760;SNZ2OJLFK8MNNCLQOF39;Legal Entity Identifier;US;IR Swap (2.1);IRD|IRS|;ES;YES;NO;NO;YES;11111111111.0000;N/A;602886392.0711;USD;N/A;N/A;N/A;CDI COMP;N/A;40 year;0.0000;1992-00CSIU-BSTE;1125299.0000;IFRS;trading book;Level 2;N/A;49.8974
1010000023CCCIRS16365392;SNZ2OJLFK8MNNCLQOF39;Legal Entity Identifier;US;IR Swap (2.1);IRD|IRS|;ES;YES;NO;NO;YES;11111111111.0000;N/A;602886392.0711;USD;N/A;N/A;N/A;CDI COMP;N/A;40 year;0.0000;1992-00CSIU-BSTE;17326.0000;IFRS;trading book;Level 2;N/A;7.7404
1010000023CCCIRS16450160;SNZ2OJLFK8MNNCLQOF39;Legal Entity Identifier;US;IR Swap (2.1);IRD|IRS|;ES;YES;NO;NO;YES;11111111111.0000;N/A;299216568.1742;MXN;N/A;N/A;N/A;MXNTIIE28D;N/A;28 day;0.0000;1992-00CSIU-BSTE;133136.0000;IFRS;trading book;Level 2;N/A;63.9770
1010000023CCCIRS6365023;SNZ2OJLFK8MNNCLQOF39;Legal Entity Identifier;US;IR Swap (2.1);IRD|IRS|;ES;YES;NO;NO;YES;11111111111.0000;N/A;299216568.1742;MXN;N/A;N/A;N/A;MXNTIIE28D;N/A;28 day;0.0000;1992-00CSIU-BSTE;664097.0000;IFRS;trading book;Level 2;N/A;11.9598
1010000023CCCIRS6993931;SNZ2OJLFK8MNNCLQOF39;Legal Entity Identifier;US;IR Swap (2.1);IRD|IRS|;ES;YES;NO;NO;YES;11111111111.0000;N/A;299216568.1742;MXN;N/A;N/A;N/A;MXNTIIE28D;N/A;28 day;0.0000;1992-00CSIU-BSTE;1138003.0000;IFRS;trading book;Level 2;N/A;46.7686
1010000023CCCIRS7799822;SNZ2OJLFK8MNNCLQOF39;Legal Entity Identifier;US;IR Swap (2.1);IRD|IRS|;ES;YES;NO;NO;YES;11111111111.0000;N/A;602886392.0711;USD;N/A;N/A;N/A;CLP TASA CAMARA;N/A;6 month;0.0000;1992-00CSIU-BSTE;1093674.0000;IFRS;trading book;Level 2;N/A;248.5414
1010000023CCCIRS8595381;SNZ2OJLFK8MNNCLQOF39;Legal Entity Identifier;US;IR Swap (2.1);IRD|IRS|;ES;YES;NO;NO;YES;11111111111.0000;N/A;299216568.1742;MXN;N/A;N/A;N/A;MXNTIIE28D;N/A;28 day;0.0000;1992-00CSIU-BSTE;922284.0000;IFRS;trading book;Level 2;N/A;211.4422
1010000023CCCIRS8946075;SNZ2OJLFK8MNNCLQOF39;Legal Entity Identifier;US;IR Swap (2.1);IRD|IRS|;ES;YES;NO;NO;YES;11111111111.0000;N/A;602886392.0711;USD;N/A;N/A;N/A;CLP TASA CAMARA;N/A;6 month;0.0000;1992-00CSIU-BSTE;702981.0000;IFRS;trading book;Level 2;N/A;2.7264
1010000023CCCIRS9640339;SNZ2OJLFK8MNNCLQOF39;Legal Entity Identifier;US;IR Swap (2.1);IRD|IRS|;ES;YES;NO;NO;YES;11111111111.0000;N/A;602886392.0711;USD;N/A;N/A;N/A;CLP TASA CAMARA;N/A;6 month;0.0000;1992-00CSIU-BSTE;972356.0000;IFRS;trading book;Level 2;N/A;212.7220
1010000023CCCIRS9774413;SNZ2OJLFK8MNNCLQOF39;Legal Entity Identifier;US;IR Swap (2.1);IRD|IRS|;ES;YES;NO;NO;YES;11111111111.0000;N/A;602886392.0711;USD;N/A;N/A;N/A;CDI COMP;N/A;40 year;0.0000;1992-00CSIU-BSTE;716863.0000;IFRS;trading book;Level 2;N/A;0.7200
1010000051SW10000000LCH0003012708220828968;F226TOH6YD6XJB17KS62;Legal Entity Identifier;GB;IR Swap (2.1);IRD|IRS|;ES;YES;NO;NO;YES;-375039949.8300;EUR;11111111111.0000;N/A;N/A;N/A;N/A;EURIBOR3M;N/A;3 month;0.0000;ISDA-LUTD-MAD;2993931.0000;IFRS;trading book;Level 2;N/A;204.7516
1010000051SW10000000LCH0003848567630363738;F226TOH6YD6XJB17KS62;Legal Entity Identifier;GB;IR Swap (2.1);IRD|IRS|;ES;YES;NO;NO;YES;-375039949.8300;EUR;11111111111.0000;N/A;N/A;N/A;N/A;EURIBOR6M;N/A;6 month;0.0000;ISDA-LUTD-MAD;341739.0000;IFRS;trading book;Level 2;N/A;35.8250
1010000051SW10000000LCH0004645074939704281;F226TOH6YD6XJB17KS62;Legal Entity Identifier;GB;IR Swap (2.1);IRD|IRS|;ES;YES;NO;NO;YES;-375039949.8300;EUR;11111111111.0000;N/A;N/A;N/A;N/A;EURIBOR6M;N/A;6 month;0.0000;ISDA-LUTD-MAD;2485199.0000;IFRS;Non-trading book;Level 2;MISS;387.7304
1010000051SW10000000LCH0004645074939704281;F226TOH6YD6XJB17KS62;Legal Entity Identifier;GB;IR Swap (2.1);IRD|IRS|;ES;YES;NO;NO;YES;-375039949.8300;EUR;11111111111.0000;N/A;N/A;N/A;N/A;EURIBOR6M;N/A;6 month;0.0000;ISDA-LUTD-MAD;-543.0000;IFRS;trading book;Level 2;N/A;0.0000
1010000051SW10000000LCH0004763467541149110;F226TOH6YD6XJB17KS62;Legal Entity Identifier;GB;IR Swap (2.1);IRD|IRS|;ES;YES;NO;NO;YES;-375039949.8300;EUR;11111111111.0000;N/A;N/A;N/A;N/A;EURIBOR1M;N/A;1 month;0.0000;ISDA-LUTD-MAD;1196790.0000;IFRS;trading book;Level 2;N/A;1.0790
1010000051SW10000000LCH0004790913341496144;F226TOH6YD6XJB17KS62;Legal Entity Identifier;GB;IR Swap (2.1);IRD|IRS|;ES;YES;NO;NO;YES;-3573002.5424;PLN;11111111111.0000;N/A;N/A;N/A;N/A;PLNWIBOR;N/A;6 month;0.0000;ISDA-LUTD-MAD;891433.0000;IFRS;trading book;Level 2;N/A;80.4730
1010000051SW10000000LCH0004999282144079659;F226TOH6YD6XJB17KS62;Legal Entity Identifier;GB;IR Swap (2.1);IRD|INFLS|;GB;YES;NO;NO;YES;11111111111.0000;N/A;13403829.7209;GBP;N/A;N/A;N/A;GBP RPI_ZC;N/A;0 businessDay;0.0000;ISDA-LUTD-MAD;1612339.0000;IFRS;trading book;Level 2;N/A;0.2156
1010000051SW10000000LCH0005330449847994156;F226TOH6YD6XJB17KS62;Legal Entity Identifier;GB;IR Swap (2.1);IRD|INFLS|;GB;YES;NO;NO;YES;11111111111.0000;N/A;13403829.7209;GBP;N/A;N/A;N/A;GBP RPI_ZC;N/A;0 businessDay;0.0000;ISDA-LUTD-MAD;479252.0000;IFRS;trading book;Level 2;N/A;0.0008
1010000051SW10000000LCH0005906175854802385;F226TOH6YD6XJB17KS62;Legal Entity Identifier;GB;IR Swap (2.1);IRD|INFLS|;GB;YES;NO;NO;YES;11111111111.0000;N/A;13403829.7209;GBP;N/A;N/A;N/A;GBP RPI_ZC;N/A;0 businessDay;0.0000;ISDA-LUTD-MAD;5032647.0000;IFRS;trading book;Level 2;N/A;3.7766
1010000051SW10000000LCH0006556244062563877;F226TOH6YD6XJB17KS62;Legal Entity Identifier;GB;IR Swap (2.1);IRD|INFLS|;GB;YES;NO;NO;YES;11111111111.0000;N/A;13403829.7209;GBP;N/A;N/A;N/A;GBP RPI_ZC;N/A;0 businessDay;0.0000;ISDA-LUTD-MAD;-660979.0000;IFRS;trading book;Level 2;N/A;41.3270
1010000051SW10000000LCH0006681478664089316;F226TOH6YD6XJB17KS62;Legal Entity Identifier;GB;IR Swap (2.1);IRD|INFLS|;GB;YES;NO;NO;YES;11111111111.0000;N/A;13403829.7209;GBP;N/A;N/A;N/A;GBP RPI_ZC;N/A;0 businessDay;0.0000;ISDA-LUTD-MAD;-11528003.0000;IFRS;trading book;Level 2;N/A;802.7336
1010000051SW10000000LCH0007069423568925981;F226TOH6YD6XJB17KS62;Legal Entity Identifier;GB;IR Swap (2.1);IRD|IRS|;ES;YES;NO;NO;YES;-375039949.8300;EUR;11111111111.0000;N/A;N/A;N/A;N/A;EURIBOR3M;N/A;3 month;0.0000;ISDA-LUTD-MAD;9258241.0000;IFRS;trading book;Level 2;N/A;613.0460
1010000051SW10000000LCH0007241646871125429;F226TOH6YD6XJB17KS62;Legal Entity Identifier;GB;IR Swap (2.1);IRD|INFLS|;GB;YES;NO;NO;YES;11111111111.0000;N/A;13403829.7209;GBP;N/A;N/A;N/A;GBP RPI_ZC;N/A;0 businessDay;0.0000;ISDA-LUTD-MAD;-2551032.0000;IFRS;trading book;Level 2;N/A;171.4512
1010000051SW10000000LCH0007605590275509663;F226TOH6YD6XJB17KS62;Legal Entity Identifier;GB;IR Swap (2.1);IRD|IRS|;ES;YES;NO;NO;YES;-375039949.8300;EUR;11111111111.0000;N/A;N/A;N/A;N/A;EURIBOR6M;N/A;6 month;0.0000;ISDA-LUTD-MAD;491539.0000;IFRS;trading book;Level 2;N/A;0.4094
1010000051SW10000000LCH0007679952576465435;F226TOH6YD6XJB17KS62;Legal Entity Identifier;GB;IR Swap (2.1);IRD|INFLS|;GB;YES;NO;NO;YES;11111111111.0000;N/A;13403829.7209;GBP;N/A;N/A;N/A;GBP RPI_ZC;N/A;0 businessDay;0.0000;ISDA-LUTD-MAD;5146982.0000;IFRS;trading book;Level 2;N/A;1.0608
1010000051SW10000000LCH0007741565377202104;F226TOH6YD6XJB17KS62;Legal Entity Identifier;GB;IR Swap (2.1);IRD|IRS|;ES;YES;NO;NO;YES;-3573002.5424;PLN;11111111111.0000;N/A;N/A;N/A;N/A;PLNWIBOR;N/A;6 month;0.0000;ISDA-LUTD-MAD;256527.0000;IFRS;trading book;Level 2;N/A;17.7324
1010000051SW10000000LCH0007821794578201823;F226TOH6YD6XJB17KS62;Legal Entity Identifier;GB;IR Swap (2.1);IRD|IRS|;ES;YES;NO;NO;YES;-375039949.8300;EUR;11111111111.0000;N/A;N/A;N/A;N/A;EURIBOR6M;N/A;6 month;0.0000;ISDA-LUTD-MAD;36572023.0000;IFRS;trading book;Level 2;N/A;9.1292
1010000051SW10000000LCH0007967807780054091;F226TOH6YD6XJB17KS62;Legal Entity Identifier;GB;IR Swap (2.1);IRD|INFLS|;GB;YES;NO;NO;YES;11111111111.0000;N/A;13403829.7209;GBP;N/A;N/A;N/A;GBP RPI_ZC;N/A;0 businessDay;0.0000;ISDA-LUTD-MAD;1226600.0000;IFRS;trading book;Level 2;N/A;0.9310
1010000051SW10000000LCH0008056083681169636;F226TOH6YD6XJB17KS62;Legal Entity Identifier;GB;IR Swap (2.1);IRD|IRS|;ES;YES;NO;NO;YES;-375039949.8300;EUR;11111111111.0000;N/A;N/A;N/A;N/A;EURIBOR6M;N/A;6 month;0.0000;ISDA-LUTD-MAD;21005434.0000;IFRS;trading book;Level 2;N/A;1417.1538
1010000051SW10000000LCH0008102477581771308;F226TOH6YD6XJB17KS62;Legal Entity Identifier;GB;IR Swap (2.1);IRD|IRS|;GB;YES;NO;NO;YES;11111111111.0000;N/A;13403829.7209;GBP;N/A;N/A;N/A;GBP CALL M COMP;N/A;3 month;0.0000;ISDA-LUTD-MAD;14883823.0000;IFRS;trading book;Level 2;N/A;967.6156
1010000051SW10000000LCH0008150541182434222;F226TOH6YD6XJB17KS62;Legal Entity Identifier;GB;IR Swap (2.1);IRD|IRS|;GB;YES;NO;NO;YES;11111111111.0000;N/A;13403829.7209;GBP;N/A;N/A;N/A;GBP CALL M COMP;N/A;1 year;0.0000;ISDA-LUTD-MAD;-26208086.0000;IFRS;trading book;Level 2;N/A;15.2088
1010000051SW10000000LCH0008160291182561135;F226TOH6YD6XJB17KS62;Legal Entity Identifier;GB;IR Swap (2.1);IRD|IRS|;ES;YES;NO;NO;YES;-375039949.8300;EUR;11111111111.0000;N/A;N/A;N/A;N/A;EUR ESTR COMP;N/A;1 year;0.0000;ISDA-LUTD-MAD;1419235.0000;IFRS;trading book;Level 2;N/A;0.6310
1010000051SW10000000LCH0008173815582764609;F226TOH6YD6XJB17KS62;Legal Entity Identifier;GB;IR Swap (2.1);IRD|IRS|;ES;YES;NO;NO;YES;-375039949.8300;EUR;11111111111.0000;N/A;N/A;N/A;N/A;EURIBOR1M;N/A;1 month;0.0000;ISDA-LUTD-MAD;4919651.0000;IFRS;trading book;Level 2;N/A;19.5012
1010000051SW10000000LCH0008427628486134880;F226TOH6YD6XJB17KS62;Legal Entity Identifier;GB;IR Swap (2.1);IRD|IRS|;GB;YES;NO;NO;YES;11111111111.0000;N/A;13403829.7209;GBP;N/A;N/A;N/A;GBP CALL M COMP;N/A;3 month;0.0000;ISDA-LUTD-MAD;-811622.0000;IFRS;trading book;Level 2;N/A;95.8556
1010000051SW10000000LCH0008430223686187801;F226TOH6YD6XJB17KS62;Legal Entity Identifier;GB;IR Swap (2.1);IRD|IRS|;GB;YES;NO;NO;YES;11111111111.0000;N/A;13403829.7209;GBP;N/A;N/A;N/A;GBP CALL M COMP;N/A;3 month;0.0000;ISDA-LUTD-MAD;-631993.0000;IFRS;trading book;Level 2;N/A;41.4634
1010000051SW10000000LCH0008445486286497879;F226TOH6YD6XJB17KS62;Legal Entity Identifier;GB;IR Swap (2.1);IRD|IRS|;GB;YES;NO;NO;YES;11111111111.0000;N/A;13403829.7209;GBP;N/A;N/A;N/A;GBP CALL M COMP;N/A;6 month;0.0000;ISDA-LUTD-MAD;31490990.0000;IFRS;trading book;Level 2;N/A;18.1270
1010000051SW10000000LCH0008447053486531224;F226TOH6YD6XJB17KS62;Legal Entity Identifier;GB;IR Swap (2.1);IRD|IRS|;GB;YES;NO;NO;YES;11111111111.0000;N/A;13403829.7209;GBP;N/A;N/A;N/A;GBP CALL M COMP;N/A;6 month;0.0000;ISDA-LUTD-MAD;11834339.0000;IFRS;trading book;Level 2;N/A;5.2162
1010000051SW10000000LCH0008448604386563065;F226TOH6YD6XJB17KS62;Legal Entity Identifier;GB;IR Swap (2.1);IRD|IRS|;GB;YES;NO;NO;YES;11111111111.0000;N/A;13403829.7209;GBP;N/A;N/A;N/A;GBP CALL M COMP;N/A;6 month;0.0000;ISDA-LUTD-MAD;-15790430.0000;IFRS;trading book;Level 2;N/A;1067.6656
1010000051SW10000000LCH0008628511988868008;F226TOH6YD6XJB17KS62;Legal Entity Identifier;GB;IR Swap (2.1);IRD|IRS|;GB;YES;NO;NO;YES;11111111111.0000;N/A;13403829.7209;GBP;N/A;N/A;N/A;GBP CALL M COMP;N/A;1 year;0.0000;ISDA-LUTD-MAD;-10955773.0000;IFRS;trading book;Level 2;N/A;756.3508
1010000051SW10000000LCH0008871833191854707;F226TOH6YD6XJB17KS62;Legal Entity Identifier;GB;IR Swap (2.1);IRD|IRS|;GB;YES;NO;NO;YES;11111111111.0000;N/A;13403829.7209;GBP;N/A;N/A;N/A;GBP CALL M COMP;N/A;1 year;0.0000;ISDA-LUTD-MAD;-8563736.0000;IFRS;trading book;Level 2;N/A;598.6814
1010000051SW10000000LCH0008959311792920439;F226TOH6YD6XJB17KS62;Legal Entity Identifier;GB;IR Swap (2.1);IRD|IRS|;GB;YES;NO;NO;YES;11111111111.0000;N/A;13403829.7209;GBP;N/A;N/A;N/A;GBP SONIA CMP LB -5;N/A;3 month;0.0000;ISDA-LUTD-MAD;2810414.0000;IFRS;trading book;Level 2;N/A;4.0570
1010000051SW10000000LCH0009011774193529578;F226TOH6YD6XJB17KS62;Legal Entity Identifier;GB;IR Swap (2.1);IRD|IRS|;HK;YES;NO;NO;YES;-231220467.2305;USD;11111111111.0000;N/A;N/A;N/A;N/A;USD SOFR COMP;N/A;3 month;0.0000;ISDA-LUTD-MAD;510740.0000;IFRS;trading book;Level 2;N/A;1.4596
1010000051SW10000000LCH0009027468593717467;F226TOH6YD6XJB17KS62;Legal Entity Identifier;GB;IR Swap (2.1);IRD|IRS|;HK;YES;NO;NO;YES;-231220467.2305;USD;11111111111.0000;N/A;N/A;N/A;N/A;USD SOFR COMP;N/A;1 year;0.0000;ISDA-LUTD-MAD;285213.0000;IFRS;trading book;Level 2;N/A;0.7918
1010000051SW10000000LCH0009159680695353511;F226TOH6YD6XJB17KS62;Legal Entity Identifier;GB;IR Swap (2.1);IRD|IRS|;ES;YES;NO;NO;YES;-3573002.5424;PLN;11111111111.0000;N/A;N/A;N/A;N/A;PLNWIBOR;N/A;6 month;0.0000;ISDA-LUTD-MAD;984650.0000;IFRS;trading book;Level 2;N/A;70.9502
1010000051SW10000000LCH0009184153495639771;F226TOH6YD6XJB17KS62;Legal Entity Identifier;GB;IR Swap (2.1);IRD|IRS|;ES;YES;NO;NO;YES;-3573002.5424;PLN;11111111111.0000;N/A;N/A;N/A;N/A;PLNWIBOR;N/A;6 month;0.0000;ISDA-LUTD-MAD;826043.0000;IFRS;trading book;Level 2;N/A;61.5480
1010000051SW10000000LCH0009228379196174152;F226TOH6YD6XJB17KS62;Legal Entity Identifier;GB;IR Swap (2.1);IRD|IRS|;ES;YES;NO;NO;YES;-375039949.8300;EUR;11111111111.0000;N/A;N/A;N/A;N/A;EURIBOR3M;N/A;3 month;0.0000;ISDA-LUTD-MAD;3118570.0000;IFRS;trading book;Level 2;N/A;210.6720
1010000051SW10000000LCH0009287324896853929;F226TOH6YD6XJB17KS62;Legal Entity Identifier;GB;IR Swap (2.1);IRD|IRS|;ES;YES;NO;NO;YES;-375039949.8300;EUR;11111111111.0000;N/A;N/A;N/A;N/A;EURIBOR3M;N/A;3 month;0.0000;ISDA-LUTD-MAD;4010569.0000;IFRS;trading book;Level 2;N/A;9.8810
1010000051SW10000000LCH0009460459198961649;F226TOH6YD6XJB17KS62;Legal Entity Identifier;GB;IR Swap (2.1);IRD|IRS|;ES;YES;NO;NO;YES;-375039949.8300;EUR;11111111111.0000;N/A;N/A;N/A;N/A;EURIBOR6M;N/A;6 month;0.0000;ISDA-LUTD-MAD;2302962.0000;IFRS;trading book;Level 2;N/A;216.1686
1010000051SW10000000LCH0009495362399395597;F226TOH6YD6XJB17KS62;Legal Entity Identifier;GB;IR Swap (2.1);IRD|IRS|;GB;YES;NO;NO;YES;11111111111.0000;N/A;13403829.7209;GBP;N/A;N/A;N/A;GBP CALL M COMP;N/A;1 year;0.0000;ISDA-LUTD-MAD;-64013.0000;IFRS;trading book;Level 2;N/A;21.8276
1010000051SW1000000LCH00096024997100710046;F226TOH6YD6XJB17KS62;Legal Entity Identifier;GB;IR Swap (2.1);IRD|IRS|;GB;YES;NO;NO;YES;11111111111.0000;N/A;13403829.7209;GBP;N/A;N/A;N/A;GBP CALL M COMP;N/A;1 year;0.0000;ISDA-LUTD-MAD;-393677.0000;IFRS;trading book;Level 2;N/A;50.2190
1010000051SW1000000LCH00096076450100764080;F226TOH6YD6XJB17KS62;Legal Entity Identifier;GB;IR Swap (2.1);IRD|INFLS|;GB;YES;NO;NO;YES;11111111111.0000;N/A;13403829.7209;GBP;N/A;N/A;N/A;GBP RPI_ZC;N/A;0 businessDay;0.0000;ISDA-LUTD-MAD;1130458.0000;IFRS;trading book;Level 2;N/A;21.1260
1010000051SW1000000LCH00097803780103040972;F226TOH6YD6XJB17KS62;Legal Entity Identifier;GB;IR Swap (2.1);IRD|IRS|;GB;YES;NO;NO;YES;11111111111.0000;N/A;13403829.7209;GBP;N/A;N/A;N/A;GBP CALL M COMP;N/A;1 year;0.0000;ISDA-LUTD-MAD;470252.0000;IFRS;trading book;Level 2;N/A;5.3998
1010000283BKRBLTL7434537;4PQUHN3JPFGFNF3BB653;Legal Entity Identifier;US;Vanilla Option (4.5);CURR|OPT|SMP;ES;YES;YES;YES;YES;-135920000.0000;EUR;11111111111.0000;N/A;N/A;N/A;N/A;N/A;N/A;N/A;0.0000;1992-MSIL-BSTE;4857154.0000;IFRS;trading book;Level 2;N/A;278.3453
1010000283TSBGCNYXXXXXXXXXXXXXXXXXX8544446;E57ODZWZ7FF32TWEFA76;Legal Entity Identifier;US;Cross Currency (2.4);IRD|CS|;ES;YES;YES;YES;YES;11111111111.0000;N/A;52630000.0000;EUR;N/A;N/A;USD SOFR 1M FLBCK;MXNTIIE28D;28 day;28 day;0.0000;1992-CIDL-BSTE;1109710.0000;IFRS;trading book;Level 2;N/A;442.2926
1010000286V1AIR0000000000VTTCNY10004010557;W22LROWP2IHZNBB6K528;Legal Entity Identifier;GB;IR Swap (2.1);IRD|IRS|;ES;YES;YES;YES;YES;-205330000.0000;EUR;11111111111.0000;N/A;N/A;N/A;N/A;MXNTIIE28D;N/A;28 day;0.0000;1992-GSLI-BSTE;1093062.0000;IFRS;trading book;Level 2;N/A;10821.8502
1010000286V1EIR0000000000VTTCTUK0001974264;SCRYQ25DTVRHYYMM6P89;Legal Entity Identifier;MX;IR Swap (2.1);IRD|IRS|;ES;YES;YES;YES;YES;-592524689.3163;USD;11111111111.0000;N/A;N/A;N/A;N/A;MXNTIIE28D;N/A;28 day;0.0000;1992-BMSY-BSTE;3195920.0000;IFRS;trading book;Level 2;N/A;0.0000
1010000286V1EIR0000000000VTTCTUK0002065279;SCRYQ25DTVRHYYMM6P89;Legal Entity Identifier;MX;IR Swap (2.1);IRD|IRS|;ES;YES;YES;YES;YES;-592524689.3163;USD;11111111111.0000;N/A;N/A;N/A;N/A;MXNTIIE28D;N/A;28 day;0.0000;1992-BMSY-BSTE;1434288.0000;IFRS;trading book;Level 2;N/A;0.0000
1030229152MARKITWIRE0000000000000175828844;7H6GLXDRUGQFU57RNE97;Legal Entity Identifier;US;Cross Currency (2.4);IRD|CS|;GB;YES;YES;YES;YES;-72033296.7500;EUR;11111111111.0000;N/A;N/A;N/A;EURIBOR3M;USD SOFR 3M FLBCK;3 month;3 month;0.0000;1992-CMFX-BECM;239457.0000;IFRS;trading book;Level 2;N/A;829.0572
1030266796MARKITWIRE0000000000000109821316;SCRYQ25DTVRHYYMM6P89;Legal Entity Identifier;MX;IR Swap (2.1);IRD|IRS|;US;YES;YES;YES;YES;-592524689.3163;USD;11111111111.0000;N/A;N/A;N/A;N/A;MXNTIIE_28D;N/A;28 day;0.0000;1992-BMSY-BSTE;876954.0000;IFRS;trading book;Level 2;N/A;0.0000
1030266796MARKITWIRE0000000000000137327195;SCRYQ25DTVRHYYMM6P89;Legal Entity Identifier;MX;Cross Currency (2.4);IRD|CS|;ES;YES;YES;YES;YES;-592524689.3163;USD;11111111111.0000;N/A;N/A;N/A;USD SOFR 1M FLBCK;MXNTIIE28D;28 day;28 day;0.0000;1992-BMSY-BSTE;5193948.0000;IFRS;trading book;Level 2;N/A;0.0000
1030266796MARKITWIRE0000000000000137639657;K6Q0W1PS1L1O4IQL9C32;Legal Entity Identifier;GB;Swaptions (2.8);IRD|OSWP|;ES;YES;YES;YES;YES;-35217000.0000;EUR;11111111111.0000;N/A;N/A;N/A;N/A;EURIBOR6M;N/A;6 month;-1168000.0000;2002-JPML-BSTE;2460228.0000;IFRS;trading book;Level 2;N/A;102.5605
1030266796MARKITWIRE0000000000000142791123;SCRYQ25DTVRHYYMM6P89;Legal Entity Identifier;MX;IR Swap (2.1);IRD|IRS|;US;YES;YES;YES;YES;11111111111.0000;N/A;784387.8467;USD;N/A;N/A;N/A;USD SOFR 1M FLBCK;N/A;1 month;0.0000;1992-BMSY-BSTE;7650253.0000;IFRS;trading book;Level 2;N/A;0.0000
1030266796MARKITWIRE0000000000000148641514;TR24TWEY5RVRQV65HD49;Legal Entity Identifier;US;IR Swap (2.1);IRD|IRS|;GB;YES;NO;NO;YES;-313169843.5950;USD;11111111111.0000;N/A;N/A;N/A;N/A;USD SOFR 3M FLBCK;N/A;3 month;0.0000;1992-SBWO-BSTE;444425.0000;IFRS;trading book;Level 2;N/A;0.0000
1030266796MARKITWIRE0000000000000176951153;259400LGXW3K0GDAG361;Legal Entity Identifier;PL;IR Swap (2.1);IRD|IRS|;ES;YES;NO;NO;YES;-150100000.0000;EUR;11111111111.0000;N/A;N/A;N/A;N/A;PLNWIBOR;N/A;6 month;0.0000;1992-1WBK-BSTE;556070.0000;IFRS;trading book;Level 2;N/A;0.0000
1030266796MARKITWIRE0000000000000186319143;RR3QWICWWIPCS8A4S074;Legal Entity Identifier;US;CapFloor (2.3);IRD|CF|;ES;YES;YES;YES;YES;-55260000.0000;EUR;11111111111.0000;N/A;N/A;N/A;EURIBOR3M;N/A;3 month;N/A;-636875.0000;1992-RBSB-BSTE;2053768.0000;IFRS;trading book;Level 2;N/A;38075.8866
1030266796SAN00000000000000000000222888921;R0MUWSFPU8MPRO8K5P83;Legal Entity Identifier;US;IR Swap (2.1);IRD|IRS|;ES;YES;YES;YES;YES;-47270000.0000;EUR;11111111111.0000;N/A;N/A;N/A;N/A;USD SOFR 3M FLBCK;N/A;3 month;0.0000;1992-PBFP-BSTE;2780632.0000;IFRS;trading book;Level 2;N/A;4316.7710
1030266796SAN00000000000000000001694360321;3TK20IVIUJ8J3ZU0QE75;Legal Entity Identifier;SG;IR Swap (2.1);IRD|INFLS|;ES;YES;YES;YES;YES;11111111111.0000;N/A;6426310.0695;USD;N/A;N/A;N/A;GBP RPI;N/A;3 month;0.0000;1992-INGM-BSTE;1091646.0000;IFRS;trading book;Level 2;N/A;3.9351
1030443453MARKITWIRE0000000000000166625469;F8SB4JFBSYQFRQEH3Z21;Legal Entity Identifier;US;IR Swap (2.1);IRD|INFLS|;ES;YES;NO;NO;YES;11111111111.0000;N/A;10630000.0000;EUR;N/A;N/A;N/A;GBP RPI_ZC;N/A;0 businessDay;0.0000;1992-NABA-BSTE;85307.0000;IFRS;trading book;Level 2;N/A;24.9999
1042039321;07734930F;Other identifier type;ES;MISS;MISS;ES;NO;NO;NO;NO;11111111111.0000;N/A;11111111111.0000;N/A;N/A;N/A;N/A;N/A;N/A;N/A;99999999999.0000;CMOF-YEUF-BSTE;25903.0000;IFRS;trading book;Level 2;N/A;0.0000
1050000007O00000000000000537081C;529900LN3S50JPU47S06;Legal Entity Identifier;DE;IR Swap (2.1);IRD|IRS|;ES;YES;NO;NO;YES;-388951764.3000;EUR;11111111111.0000;N/A;N/A;N/A;N/A;EUR6M-EUREX;N/A;6 month;0.0000;ISDA-ECAG-BSTE;63077065.0000;IFRS;trading book;Level 2;N/A;2966.9628
1050000007O00000000000000760077C;529900LN3S50JPU47S06;Legal Entity Identifier;DE;IR Swap (2.1);IRD|IRS|;ES;YES;NO;NO;YES;-388951764.3000;EUR;11111111111.0000;N/A;N/A;N/A;N/A;EUR6M-EUREX;N/A;6 month;0.0000;ISDA-ECAG-BSTE;2482150.0000;IFRS;trading book;Level 2;N/A;107.2568
1050000007O00000000000001026264C;529900LN3S50JPU47S06;Legal Entity Identifier;DE;IR Swap (2.1);IRD|IRS|;ES;YES;NO;NO;YES;-388951764.3000;EUR;11111111111.0000;N/A;N/A;N/A;N/A;EUR6M-EUREX;N/A;6 month;0.0000;ISDA-ECAG-BSTE;544225.0000;IFRS;trading book;Level 2;N/A;0.0822
1050000007O00000000000001691541C;529900LN3S50JPU47S06;Legal Entity Identifier;DE;IR Swap (2.1);IRD|IRS|;ES;YES;NO;NO;YES;-388951764.3000;EUR;11111111111.0000;N/A;N/A;N/A;N/A;EUR ESTR EUREX;N/A;1 year;0.0000;ISDA-ECAG-BSTE;1145705.0000;IFRS;trading book;Level 2;N/A;0.4466
1050000007O00000000000001699008C;529900LN3S50JPU47S06;Legal Entity Identifier;DE;IR Swap (2.1);IRD|IRS|;ES;YES;NO;NO;YES;-388951764.3000;EUR;11111111111.0000;N/A;N/A;N/A;N/A;EUR ESTR EUREX;N/A;1 year;0.0000;ISDA-ECAG-BSTE;1064678.0000;IFRS;trading book;Level 2;N/A;0.3826
1050000007O00000000000003334027C;529900LN3S50JPU47S06;Legal Entity Identifier;DE;IR Swap (2.1);IRD|IRS|;ES;YES;NO;NO;YES;-388951764.3000;EUR;11111111111.0000;N/A;N/A;N/A;N/A;EUR ESTR EUREX;N/A;1 year;0.0000;ISDA-ECAG-BSTE;588806.0000;IFRS;trading book;Level 2;N/A;0.0676
1050000007O00000000000003943242C;529900LN3S50JPU47S06;Legal Entity Identifier;DE;FRA (2.2);IRD|FRA|;ES;YES;NO;NO;YES;-388951764.3000;EUR;11111111111.0000;N/A;N/A;N/A;N/A;EURIBOR3M;N/A;3 month;0.0000;ISDA-ECAG-BSTE;58678.0000;IFRS;trading book;Level 2;N/A;0.9416
1050000007O00000000000003947172C;529900LN3S50JPU47S06;Legal Entity Identifier;DE;IR Swap (2.1);IRD|IRS|;ES;YES;NO;NO;YES;-388951764.3000;EUR;11111111111.0000;N/A;N/A;N/A;N/A;EUR3M-EUREX;N/A;3 month;0.0000;ISDA-ECAG-BSTE;28033.0000;IFRS;trading book;Level 2;N/A;4.0780
1050000007O00000000000004054025C;529900LN3S50JPU47S06;Legal Entity Identifier;DE;IR Swap (2.1);IRD|IRS|;ES;YES;NO;NO;YES;-388951764.3000;EUR;11111111111.0000;N/A;N/A;N/A;N/A;EUR ESTR EUREX;N/A;3 month;0.0000;ISDA-ECAG-BSTE;25037.0000;IFRS;trading book;Level 2;N/A;8.3912
1050000007O00000000000004279280C;529900LN3S50JPU47S06;Legal Entity Identifier;DE;FRA (2.2);IRD|FRA|;ES;YES;NO;NO;YES;-388951764.3000;EUR;11111111111.0000;N/A;N/A;N/A;N/A;EURIBOR6M;N/A;6 month;0.0000;ISDA-ECAG-BSTE;2702.0000;IFRS;trading book;Level 2;N/A;1.3560
18125055;P5SP0XPUO3I6PBITKC96;Legal Entity Identifier;GB;Cross Currency (2.4);IRD|CS|;GB;YES;NO;NO;YES;-13528049.4259;GBP;11111111111.0000;N/A;N/A;N/A;N/A;N/A;N/A;N/A;0.0000;2002-9XY4-BSTE;534999.0000;IFRS;trading book;Level 2;N/A;8810.8520
18356383;P5SP0XPUO3I6PBITKC96;Legal Entity Identifier;GB;IR Swap (2.1);IRD|INFLS|;GB;YES;NO;NO;YES;-13528049.4259;GBP;11111111111.0000;N/A;N/A;N/A;N/A;GBP RPI_ZC;N/A;0 businessDay;0.0000;2002-9XY4-BSTE;9984330.0000;IFRS;trading book;Level 2;N/A;406.1592
18453645;549300URJH9VSI58CS32;Legal Entity Identifier;PT;IR Swap (2.1);IRD|IRS|;ES;YES;NO;NO;YES;-217870000.0000;EUR;11111111111.0000;N/A;N/A;N/A;N/A;EURIBOR6M;N/A;6 month;0.0000;1992-9ID1-BSTE;7480.0000;IFRS;trading book;Level 2;N/A;0.0000
19422700;959800JEGA56JAPGDE67;Legal Entity Identifier;ES;IR Swap (2.1);IRD|IRS|;ES;NO;NO;NO;NO;11111111111.0000;N/A;11111111111.0000;N/A;10357.1428|20714.2857|93214.2858|196785.7142|0.0000|0.0000;N/A;N/A;EURIBOR6M;N/A;1 month;0.0000;CMOF-00CUMU-BSTE;12900.0000;IFRS;trading book;Level 2;N/A;987.3310
19455991;959800YPF3CYC2S1CT53;Legal Entity Identifier;MISS;CapFloor (2.3);IRD|CF|;ES;NO;NO;NO;NO;11111111111.0000;N/A;11111111111.0000;N/A;N/A;N/A;EURIBOR12M;N/A;1 year;N/A;-2672.0000;19455991;3958.0000;IFRS;trading book;Level 2;N/A;0.0000
19471751;959800WK21NETY5BL735;Legal Entity Identifier;MISS;CapFloor (2.3);IRD|CF|;ES;NO;NO;NO;NO;11111111111.0000;N/A;11111111111.0000;N/A;N/A;N/A;EURIBOR12M;N/A;1 year;N/A;-3016.5000;19471751;3481.0000;IFRS;trading book;Level 2;N/A;0.0000
19477944;9598002P2NSC8T54P044;Legal Entity Identifier;ES;CapFloor (2.3);IRD|CF|;ES;NO;NO;NO;NO;11111111111.0000;N/A;11111111111.0000;N/A;N/A;N/A;EURIBOR3M;N/A;3 month;N/A;0.0000;CMOF-97EU-BSTE;5016.0000;IFRS;trading book;Level 2;N/A;120188.7800
19576624;259400LGXW3K0GDAG361;Legal Entity Identifier;PL;IR Swap (2.1);IRD|IRS|;ES;YES;NO;NO;YES;-150100000.0000;EUR;11111111111.0000;N/A;N/A;5573.9800|11147.9600|50165.8200|83609.7000|0.0000|0.0000;EURIBOR3M;N/A;1 month;N/A;0.0000;1992-1WBK-BSTE;21882.0000;IFRS;trading book;Level 2;N/A;0.0000
1KJTIIGC8YBBG0000000000B6200D1B3E034005D;549300327V0JEQ12IM52;Legal Entity Identifier;SG;Forward (4.4);CURR|FXD|FXD;ES;YES;NO;NO;YES;11111111111.0000;N/A;11111111111.0000;N/A;N/A;N/A;N/A;N/A;N/A;N/A;0.0000;2002-NTCBSB-BSTE;2107579.0000;IFRS;trading book;Level 2;N/A;16326.4735
1TVTFW16MUNCHKNB1164105.1;7H6GLXDRUGQFU57RNE97;Legal Entity Identifier;US;Forward (4.4);CURR|FXD|SWLEG;HK;YES;YES;YES;YES;-72033296.7500;EUR;11111111111.0000;N/A;N/A;N/A;N/A;N/A;N/A;N/A;0.0000;1992-CMFX-BECM;37162.0000;IFRS;trading book;Level 2;N/A;559.0401
20318603;959800YPC7ML4M5XV624;Legal Entity Identifier;MISS;CapFloor (2.3);IRD|CF|;ES;NO;NO;NO;NO;11111111111.0000;N/A;11111111111.0000;N/A;N/A;N/A;EURIBOR12M;N/A;1 year;N/A;-527.5000;20318603;1845.0000;IFRS;trading book;Level 2;N/A;0.0000
20326546;25853000B;Other identifier type;MISS;CapFloor (2.3);IRD|CF|;ES;NO;NO;NO;NO;11111111111.0000;N/A;11111111111.0000;N/A;N/A;N/A;EURIBOR12M;N/A;1 year;N/A;-2392.0000;20326546;7382.0000;IFRS;trading book;Level 2;N/A;0.0000
20595916;VWMYAEQSTOPNV0SUGU82;Legal Entity Identifier;ES;CapFloor (2.3);IRD|CF|;ES;YES;NO;NO;YES;-271990000.0000;EUR;11111111111.0000;N/A;N/A;N/A;EURIBOR6M;N/A;6 month;N/A;-2000.0000;1992-BKTE-BSTE;28343.0000;IFRS;trading book;Level 2;N/A;48.9481
20923405;959800WLG66JB53PNF07;Legal Entity Identifier;MISS;CapFloor (2.3);IRD|CF|;ES;NO;NO;NO;NO;11111111111.0000;N/A;11111111111.0000;N/A;N/A;N/A;EURIBOR12M;N/A;1 month;N/A;-22467.0000;20923405;61678.0000;IFRS;trading book;Level 2;N/A;0.0000
21792545;959800S3A4LPC8LPA275;Legal Entity Identifier;MISS;CapFloor (2.3);IRD|CF|;ES;NO;NO;NO;NO;11111111111.0000;N/A;11111111111.0000;N/A;N/A;N/A;EURIBOR12M;N/A;1 year;N/A;-374.1000;21792545;1221.0000;IFRS;trading book;Level 2;N/A;0.0000
21876848;27390111D;Other identifier type;MISS;CapFloor (2.3);IRD|CF|;ES;NO;NO;NO;NO;11111111111.0000;N/A;11111111111.0000;N/A;N/A;N/A;EURIBOR12M;N/A;1 year;N/A;-807.6400;21876848;1394.0000;IFRS;trading book;Level 2;N/A;0.0000
22260376;26493279Q;Other identifier type;MISS;CapFloor (2.3);IRD|CF|;ES;NO;NO;NO;NO;11111111111.0000;N/A;11111111111.0000;N/A;N/A;N/A;EURIBOR12M;N/A;1 year;N/A;-458.1000;22260376;1385.0000;IFRS;trading book;Level 2;N/A;0.0000
22273473;28912239C;Other identifier type;MISS;CapFloor (2.3);IRD|CF|;ES;NO;NO;NO;NO;11111111111.0000;N/A;11111111111.0000;N/A;N/A;N/A;EURIBOR12M;N/A;1 year;N/A;-763.5000;22273473;2304.0000;IFRS;trading book;Level 2;N/A;0.0000
22931262;95980020140005490280;Legal Entity Identifier;ES;CapFloor (2.3);IRD|CF|;ES;NO;NO;NO;NO;11111111111.0000;N/A;11111111111.0000;N/A;N/A;N/A;EURIBOR6M;N/A;6 month;N/A;0.0000;CMOF-CNIT-BSTE;7119.0000;IFRS;trading book;Level 2;N/A;3955.8744
23925607;53373993D;Other identifier type;MISS;CapFloor (2.3);IRD|CF|;ES;NO;NO;NO;NO;11111111111.0000;N/A;11111111111.0000;N/A;N/A;N/A;EURIBOR12M;N/A;1 year;N/A;-446.3600;23925607;2377.0000;IFRS;trading book;Level 2;N/A;0.0000
23957973;9845009F2FCB56550935;Legal Entity Identifier;MISS;CapFloor (2.3);IRD|CF|;ES;NO;NO;NO;NO;11111111111.0000;N/A;11111111111.0000;N/A;N/A;N/A;EURIBOR12M;N/A;1 year;N/A;-1417.0000;23957973;7544.0000;IFRS;trading book;Level 2;N/A;0.0000
24459923;959800WZBG7UH9QUM382;Legal Entity Identifier;MISS;CapFloor (2.3);IRD|CF|;ES;NO;NO;NO;NO;11111111111.0000;N/A;11111111111.0000;N/A;N/A;N/A;EURIBOR12M;N/A;1 year;N/A;-840.5000;24459923;3834.0000;IFRS;trading book;Level 2;N/A;0.0000
24758244;259400LGXW3K0GDAG361;Legal Entity Identifier;PL;CapFloor (2.3);IRD|CF|;ES;YES;NO;NO;YES;-150100000.0000;EUR;11111111111.0000;N/A;N/A;N/A;PLN WIBOR 1M;N/A;1 month;N/A;-3635.0000;1992-1WBK-BSTE;42.0000;IFRS;trading book;Level 2;N/A;0.0000
25118662;213800YEFD6DCPNNUK73;Legal Entity Identifier;KY;IR Swap (2.1);IRD|INFLS|;GB;YES;NO;NO;YES;11111111111.0000;N/A;5556868.1189;USD;N/A;N/A;N/A;GBP RPI;N/A;6 month;0.0000;2002-YP69-BSTE;20707675.0000;IFRS;trading book;Level 2;N/A;117373.5054
254900QBKK4WBSO3GE51BBG0000000000B6512D706E0300047;F0HUI1NY1AZMJMD8LP67;Legal Entity Identifier;US;Forward (4.4);CURR|FXD|SWLEG;ES;YES;YES;YES;YES;11111111111.0000;N/A;11690000.0000;EUR;N/A;N/A;N/A;N/A;N/A;N/A;0.0000;1992-CCFP-BECM;43348.0000;IFRS;trading book;Level 2;N/A;54918.7579
2626160;SI5RG2M0WQQLZCXKRM20;Legal Entity Identifier;GB;Option (5.4);EQD|OPT|FLEX;ES;YES;YES;YES;YES;-98180000.0000;EUR;11111111111.0000;N/A;N/A;N/A;N/A;N/A;N/A;N/A;0.0000;1992-BSAB-BSTE;882.0000;IFRS;trading book;Level 2;N/A;1377.3668
28020729;3YJP8HORPAEXJ80D6368;Legal Entity Identifier;CL;Forward (4.4);CURR|FXD|FXD;US;YES;NO;NO;YES;11111111111.0000;N/A;750668619.7609;USD;N/A;N/A;N/A;N/A;N/A;N/A;0.0000;1992-BSCH-BSTE;125269.0000;IFRS;trading book;Level 2;N/A;0.0000
28757251;14852636H;Other identifier type;ES;CapFloor (2.3);IRD|CF|;ES;NO;NO;NO;NO;11111111111.0000;N/A;11111111111.0000;N/A;N/A;N/A;EURIBOR6M;N/A;6 month;N/A;0.0000;CMOF-00OG1J-BSTE;-8.0000;IFRS;trading book;Level 2;N/A;0.0000
29022420;259400LGXW3K0GDAG361;Legal Entity Identifier;PL;IR Swap (2.1);IRD|IRS|;ES;YES;NO;NO;YES;-150100000.0000;EUR;11111111111.0000;N/A;N/A;N/A;N/A;PLNWIBOR;N/A;6 month;0.0000;1992-1WBK-BSTE;493673.0000;IFRS;trading book;Level 2;N/A;0.0000
29025034;213800JYZ3I59V5ANN16;Legal Entity Identifier;GB;IR Swap (2.1);IRD|INFLS|;GB;YES;NO;NO;YES;11111111111.0000;N/A;11111111111.0000;N/A;N/A;N/A;N/A;GBP RPI;N/A;6 month;0.0000;1992-WAWV-BSTE;3785605.0000;IFRS;trading book;Level 2;N/A;876809.0474
29223942;PTCQB104N23FMNK2RZ28;Legal Entity Identifier;GB;Forward (4.4);CURR|FXD|FXD;ES;YES;YES;YES;YES;-733830000.0000;EUR;11111111111.0000;N/A;N/A;0.0000|91120.3421|182240.7031|0.0000|0.0000|0.0000;N/A;N/A;N/A;N/A;0.0000;2002-1AVB-BSTE;49098.0000;IFRS;trading book;Level 2;N/A;0.0000
29451416;PTCQB104N23FMNK2RZ28;Legal Entity Identifier;GB;Forward (4.4);CURR|FXD|FXD;ES;YES;YES;YES;YES;-733830000.0000;EUR;11111111111.0000;N/A;N/A;N/A;N/A;N/A;N/A;N/A;0.0000;2002-1AVB-BSTE;2517.0000;IFRS;trading book;Level 2;N/A;0.0000
30289623;03251916S;Other identifier type;MISS;CapFloor (2.3);IRD|CF|;ES;NO;NO;NO;NO;11111111111.0000;N/A;11111111111.0000;N/A;N/A;N/A;EURHIPOTEC-15M;N/A;1 year;N/A;-3621.1600;30289623;6753.0000;IFRS;trading book;Level 2;N/A;0.0000
31277470;TR24TWEY5RVRQV65HD49;Legal Entity Identifier;US;IR Swap (2.1);IRD|IRS|;GB;YES;NO;NO;YES;-313169843.5950;USD;11111111111.0000;N/A;665658.0636|1331316.1272|5990922.5724|6656580.6360|0.0000|0.0000;N/A;N/A;USDSOFR1M;N/A;1 month;0.0000;1992-SBWO-BSTE;523505.0000;IFRS;trading book;Level 2;N/A;0.0000
31297445;259400LGXW3K0GDAG361;Legal Entity Identifier;PL;IR Swap (2.1);IRD|IRS|;ES;YES;NO;NO;YES;-150100000.0000;EUR;11111111111.0000;N/A;N/A;N/A;N/A;PLNWIBOR;N/A;6 month;0.0000;1992-1WBK-BSTE;1338893.0000;IFRS;trading book;Level 2;N/A;0.0000
31930152;259400LGXW3K0GDAG361;Legal Entity Identifier;PL;Simple Exotic (4.6);CURR|OPT|FLEX;ES;YES;NO;NO;YES;-150100000.0000;EUR;11111111111.0000;N/A;N/A;N/A;N/A;N/A;N/A;N/A;0.0000;1992-1WBK-BSTE;5584.0000;IFRS;trading book;Level 2;N/A;0.0000
31957360;259400LGXW3K0GDAG361;Legal Entity Identifier;PL;CapFloor (2.3);IRD|CF|;ES;YES;NO;NO;YES;-150100000.0000;EUR;11111111111.0000;N/A;N/A;N/A;PLNWIBOR3M;N/A;1 month;N/A;-1460.0000;1992-1WBK-BSTE;1448.0000;IFRS;trading book;Level 2;N/A;0.0000
32931436;T33OE4AS4QXXS2TT7X50;Legal Entity Identifier;US;Single Name (1.1);CRD|CDS|;ES;YES;NO;NO;YES;-25470956.8400;EUR;11111111111.0000;N/A;N/A;N/A;N/A;N/A;N/A;N/A;-10221.0000;ISDA-W6FE-BSTE;11548.0000;IFRS;trading book;Level 2;N/A;37.8724
33665760;969500SHQITWXSIS7N89;Legal Entity Identifier;FR;IR Swap (2.1);IRD|IRS|;ES;NO;NO;NO;NO;11111111111.0000;N/A;11111111111.0000;N/A;N/A;N/A;N/A;EURIBOR3M;N/A;3 month;0.0000;FBF-UPNA-BSTE;2123545.0000;IFRS;trading book;Level 2;N/A;66629.2342
33665951;969500SHQITWXSIS7N89;Legal Entity Identifier;FR;IR Swap (2.1);IRD|IRS|;ES;NO;NO;NO;NO;11111111111.0000;N/A;11111111111.0000;N/A;N/A;N/A;N/A;EURIBOR3M;N/A;3 month;0.0000;FBF-UPNA-BSTE;13831.0000;IFRS;trading book;Level 2;N/A;4845.5259
33816981;HQ6XF7UI1QMJFYISFT58;Legal Entity Identifier;US;IR Swap (2.1);IRD|IRS|;ES;YES;NO;NO;YES;11111111111.0000;N/A;164420000.0000;EUR;N/A;N/A;N/A;EURIBOR3M;N/A;3 month;0.0000;1992-DBFF-BSTE;5415379.0000;IFRS;trading book;Level 2;N/A;59572.8172
34137244;9CZ7TVMR36CYD5TZBS50;Legal Entity Identifier;SG;CapFloor (2.3);IRD|CF|;ES;YES;YES;YES;YES;11111111111.0000;N/A;2500000.0000;EUR;N/A;N/A;USD SOFR CMP LB -2;N/A;3 month;N/A;0.0000;1992-BILU-BSTE;36360.0000;IFRS;trading book;Level 2;N/A;239.6249
34198950;213800URRQ4HTSWKXZ41;Legal Entity Identifier;GB;Forward (4.4);CURR|FXD|SWLEG;ES;YES;YES;YES;YES;-3860000.0000;EUR;11111111111.0000;N/A;N/A;N/A;N/A;N/A;N/A;N/A;0.0000;2002-00EPW9-BSTE;538.0000;IFRS;trading book;Level 2;N/A;0.0000
34310895;PTCQB104N23FMNK2RZ28;Legal Entity Identifier;GB;Forward (4.4);CURR|FXD|FXD;ES;YES;YES;YES;YES;-733830000.0000;EUR;11111111111.0000;N/A;N/A;N/A;N/A;N/A;N/A;N/A;0.0000;2002-1AVB-BSTE;9779.0000;IFRS;trading book;Level 2;N/A;0.0000
34579899;213800URRQ4HTSWKXZ41;Legal Entity Identifier;GB;Forward (4.4);CURR|FXD|SWLEG;ES;YES;YES;YES;YES;-3860000.0000;EUR;11111111111.0000;N/A;N/A;N/A;N/A;N/A;N/A;N/A;0.0000;2002-00EPW9-BSTE;122.0000;IFRS;trading book;Level 2;N/A;0.0000
34678702;549300CKJMJ5BDKQ9N25;Legal Entity Identifier;GB;Simple Exotic (4.6);CURR|OPT|FLEX;GB;YES;NO;NO;NO;11111111111.0000;N/A;11111111111.0000;N/A;N/A;N/A;N/A;N/A;N/A;N/A;0.0000;2002-9VBA-BDSD;11483.0000;IFRS;trading book;Level 2;N/A;712.8225
34758358;259400LGXW3K0GDAG361;Legal Entity Identifier;PL;CapFloor (2.3);IRD|CF|;ES;YES;NO;NO;YES;-150100000.0000;EUR;11111111111.0000;N/A;N/A;N/A;PLN WIBOR 1M;N/A;1 month;N/A;-1212.0000;1992-1WBK-BSTE;1.0000;IFRS;trading book;Level 2;N/A;0.0000
35237141;PTCQB104N23FMNK2RZ28;Legal Entity Identifier;GB;Forward (4.4);CURR|FXD|SWLEG;ES;YES;YES;YES;YES;-733830000.0000;EUR;11111111111.0000;N/A;N/A;N/A;N/A;N/A;N/A;N/A;0.0000;2002-1AVB-BSTE;3100.0000;IFRS;trading book;Level 2;N/A;0.0000
36099075;259400LGXW3K0GDAG361;Legal Entity Identifier;PL;IR Swap (2.1);IRD|IRS|;ES;YES;NO;NO;YES;-150100000.0000;EUR;11111111111.0000;N/A;N/A;N/A;N/A;PLNWIBOR3M;N/A;3 month;0.0000;1992-1WBK-BSTE;973919.0000;IFRS;trading book;Level 2;N/A;0.0000
36689254;2138006XK2FFFY53L343;Legal Entity Identifier;GB;IR Swap (2.1);IRD|IRS|;GB;YES;NO;NO;YES;-20090249.0195;GBP;11111111111.0000;N/A;N/A;N/A;N/A;GBP CALL M COMP;N/A;1 month;0.0000;2002-HBLE-BSTE;74561.0000;IFRS;trading book;Level 2;N/A;1376.2402
36690130;2138006XK2FFFY53L343;Legal Entity Identifier;GB;IR Swap (2.1);IRD|IRS|;GB;YES;NO;NO;YES;-20090249.0195;GBP;11111111111.0000;N/A;N/A;N/A;N/A;GBP CALL M COMP;N/A;1 month;0.0000;2002-HBLE-BSTE;308625.0000;IFRS;trading book;Level 2;N/A;26094.6733
36814323;5QK37QC7NWOJ8D7WVQ45;Legal Entity Identifier;ES;Forward (4.4);CURR|FXD|FXD;ES;YES;NO;NO;NO;11111111111.0000;N/A;11111111111.0000;N/A;N/A;N/A;N/A;N/A;N/A;N/A;0.0000;2002-5IB1-BSTE;402853.0000;IFRS;trading book;Level 2;N/A;154530.8379
36898906;549300TTCXZOGZM2EY83;Legal Entity Identifier;ES;Forward (4.4);CURR|FXD|FXD;ES;YES;NO;NO;NO;11111111111.0000;N/A;11111111111.0000;N/A;N/A;N/A;N/A;N/A;N/A;N/A;0.0000;1992-5ITX-BSTE;37811.0000;IFRS;trading book;Level 2;N/A;2413.3301
36916538;T33OE4AS4QXXS2TT7X50;Legal Entity Identifier;US;Single Name (1.1);CRD|CDS|;ES;YES;NO;NO;YES;-14574358.0589;USD;11111111111.0000;N/A;N/A;N/A;N/A;N/A;N/A;N/A;0.0000;ISDA-W6FE-BSTE;131112.0000;IFRS;trading book;Level 2;N/A;290.2534
36916568;T33OE4AS4QXXS2TT7X50;Legal Entity Identifier;US;Single Name (1.1);CRD|CDS|;ES;YES;NO;NO;YES;-14574358.0589;USD;11111111111.0000;N/A;N/A;N/A;N/A;N/A;N/A;N/A;0.0000;ISDA-W6FE-BSTE;119921.0000;IFRS;trading book;Level 2;N/A;269.0978
37160007;PTCQB104N23FMNK2RZ28;Legal Entity Identifier;GB;Forward (4.4);CURR|FXD|FXD;ES;YES;YES;YES;YES;-733830000.0000;EUR;11111111111.0000;N/A;N/A;N/A;N/A;N/A;N/A;N/A;0.0000;2002-1AVB-BSTE;615.0000;IFRS;trading book;Level 2;N/A;0.0000
37346808;HQ6XF7UI1QMJFYISFT58;Legal Entity Identifier;US;Forward (4.4);CURR|FXD|FXD;ES;YES;NO;NO;YES;11111111111.0000;N/A;164420000.0000;EUR;N/A;N/A;N/A;N/A;N/A;N/A;0.0000;1992-DBFF-BSTE;1855303.0000;IFRS;trading book;Level 2;N/A;3104.3340
37362979;959800E8113WYQNUH655;Legal Entity Identifier;ES;CapFloor (2.3);IRD|CF|;ES;NO;NO;NO;NO;11111111111.0000;N/A;11111111111.0000;N/A;N/A;N/A;EURIBOR12M;N/A;1 year;N/A;-2248.0000;CMOF-WVUF-BSTE;1577.0000;IFRS;trading book;Level 2;N/A;418.5955
37436834;F226TOH6YD6XJB17KS62;Legal Entity Identifier;GB;MISS;MISS;GB;YES;NO;NO;YES;-231220467.2305;USD;11111111111.0000;N/A;N/A;N/A;N/A;N/A;N/A;N/A;99999999999.0000;ISDA-LUTD-MAD;-659725.0000;IFRS;trading book;Level 2;N/A;0.0052
37480803;549300ZK53CNGEEI6A29;Legal Entity Identifier;DE;Single Name (1.1);CRD|CDS|;ES;YES;YES;YES;YES;-111130000.0000;EUR;11111111111.0000;N/A;N/A;N/A;N/A;N/A;N/A;N/A;0.0000;2002-CMBF-BSTE;78059.0000;IFRS;trading book;Level 2;N/A;704.2144
37758686;42860142X;Other identifier type;MISS;CapFloor (2.3);IRD|CF|;ES;NO;NO;NO;NO;11111111111.0000;N/A;11111111111.0000;N/A;N/A;N/A;EURIBOR6M;N/A;6 month;N/A;0.0000;37758686;-237.0000;IFRS;trading book;Level 2;N/A;0.0000
37835362;549300FH0WJAPEHTIQ77;Legal Entity Identifier;FR;Forward (4.4);CURR|FXD|FXD;ES;YES;YES;YES;YES;-68980000.0000;EUR;11111111111.0000;N/A;N/A;N/A;N/A;N/A;N/A;N/A;0.0000;1992-BSES12-BSTE;1344704.0000;IFRS;Non-trading book;Level 2;MISS;5610.8838
37939074;549300AX1UM10U30HK09;Legal Entity Identifier;CN;Forward (4.4);CURR|FXD|SWLEG;CN;YES;NO;NO;NO;11111111111.0000;N/A;11111111111.0000;N/A;N/A;N/A;N/A;N/A;N/A;N/A;0.0000;NAFM-BCOH-BSTE;62049.0000;IFRS;trading book;Level 2;N/A;0.0000
38028702;R0MUWSFPU8MPRO8K5P83;Legal Entity Identifier;US;Forward (4.4);CURR|FXD|SWLEG;ES;YES;YES;YES;YES;11111111111.0000;N/A;225690000.0000;EUR;N/A;N/A;N/A;N/A;N/A;N/A;0.0000;1992-PBFP-BSTE;699508.0000;IFRS;trading book;Level 2;N/A;1014.0666
38236673;259400LGXW3K0GDAG361;Legal Entity Identifier;PL;CapFloor (2.3);IRD|CF|;ES;YES;NO;NO;YES;-150100000.0000;EUR;11111111111.0000;N/A;N/A;N/A;PLNWIBOR3M;N/A;1 month;N/A;-3323.0800;1992-1WBK-BSTE;62.0000;IFRS;trading book;Level 2;N/A;0.0000
38466545;1FOLRR5RWTWWI397R131;Legal Entity Identifier;SE;Cross Currency (2.4);IRD|CS|;ES;YES;YES;YES;YES;-22435382.5072;USD;11111111111.0000;N/A;0.0000|0.0000|317465.8130|317465.8130|0.0000|0.0000;0.0000|83757.1899|251271.5697|251271.5697|0.0000|0.0000;USD SOFR 3M FLBCK;N/A;3 month;N/A;0.0000;1992-SVEX-BSTE;216070.0000;IFRS;trading book;Level 2;N/A;38.9600
38467671;L3I9ZG2KFGXZ61BMYR72;Legal Entity Identifier;US;Cross Currency (2.4);IRD|CS|;GB;YES;YES;YES;YES;-53220000.0000;EUR;11111111111.0000;N/A;N/A;0.0000|-633715.8245|-133607.9305|-572461.3278|-408261.7491|0.0000;EURIBOR3M;USD SOFR 3M FLBCK;3 month;3 month;0.0000;1992-BNST-BSTE;322942.0000;IFRS;trading book;Level 2;N/A;2680.5321
38471097;3YJP8HORPAEXJ80D6368;Legal Entity Identifier;CL;Cross Currency (2.4);IRD|CS|;ES;YES;NO;NO;YES;11111111111.0000;N/A;750668619.7609;USD;N/A;N/A;N/A;USD SOFR 6M FLBCK;N/A;6 month;0.0000;1992-BSCH-BSTE;2158292.0000;IFRS;trading book;Level 2;N/A;0.0000
38471888;7H6GLXDRUGQFU57RNE97;Legal Entity Identifier;US;IR Swap (2.1);IRD|IRS|;ES;YES;YES;YES;YES;-206142192.0700;EUR;11111111111.0000;N/A;N/A;N/A;N/A;USD SOFR 3M FLBCK;N/A;3 month;0.0000;1992-CMFX-BECM;2586328.0000;IFRS;trading book;Level 2;N/A;1642.3734
38479340;549300D1H731B30TSI43;Legal Entity Identifier;LU;IR Swap (2.1);IRD|IRS|;ES;NO;NO;NO;NO;11111111111.0000;N/A;11111111111.0000;N/A;N/A;N/A;N/A;USD SOFR 6M FLBCK;N/A;6 month;0.0000;38479340;877126.0000;IFRS;trading book;Level 2;N/A;0.0000
38634139;259400LGXW3K0GDAG361;Legal Entity Identifier;PL;CapFloor (2.3);IRD|CF|;ES;YES;NO;NO;YES;-150100000.0000;EUR;11111111111.0000;N/A;N/A;N/A;PLN WIBOR 1M;N/A;1 month;N/A;-2200.0000;1992-1WBK-BSTE;62.0000;IFRS;trading book;Level 2;N/A;0.0000
38637140;A50034123;Other identifier type;MISS;Forward (4.4);CURR|FXD|SWLEG;ES;NO;NO;NO;NO;11111111111.0000;N/A;11111111111.0000;N/A;N/A;N/A;N/A;N/A;N/A;N/A;0.0000;38637140;36926.0000;IFRS;trading book;Level 2;N/A;1141.0900
38722064;300300C1031031001330;Legal Entity Identifier;HK;MISS;MISS;ES;YES;NO;NO;YES;11111111111.0000;N/A;11111111111.0000;N/A;N/A;N/A;N/A;N/A;N/A;N/A;99999999999.0000;2002-SPDB-BSTE;2654604.0000;IFRS;trading book;Level 2;N/A;0.0000
38794039;30030004CM3GSZXX7O56;Legal Entity Identifier;TW;Forward (4.4);CURR|FXD|FXD;HK;YES;NO;NO;NO;11111111111.0000;N/A;11111111111.0000;N/A;N/A;N/A;N/A;N/A;N/A;N/A;0.0000;2002-HHP6-BSTE;1454025.0000;IFRS;trading book;Level 2;N/A;424522.4839
39007267;259400LGXW3K0GDAG361;Legal Entity Identifier;PL;Simple Exotic (4.6);CURR|OPT|FLEX;ES;YES;NO;NO;YES;-150100000.0000;EUR;11111111111.0000;N/A;N/A;N/A;N/A;N/A;N/A;N/A;0.0000;1992-1WBK-BSTE;293.0000;IFRS;trading book;Level 2;N/A;0.0000
39061687;EOSCVWUER252U910GR08;Legal Entity Identifier;US;Forward (4.4);CURR|FXD|SWLEG;ES;YES;NO;NO;NO;11111111111.0000;N/A;11111111111.0000;N/A;N/A;N/A;N/A;N/A;N/A;N/A;0.0000;2002-SXJY-BSTE;12899.0000;IFRS;trading book;Level 2;N/A;1501.2925
39117051;SCRYQ25DTVRHYYMM6P89;Legal Entity Identifier;MX;Forward (4.4);CURR|FXD|SWLEG;ES;YES;YES;YES;YES;-592524689.3163;USD;11111111111.0000;N/A;N/A;N/A;N/A;N/A;N/A;N/A;0.0000;1992-BMSY-BSTE;2023.0000;IFRS;trading book;Level 2;N/A;0.0000
39135455;K8MS7FD7N5Z2WQ51AZ71;Legal Entity Identifier;US;MISS;MISS;ES;YES;YES;YES;YES;11111111111.0000;N/A;7480000.0000;EUR;N/A;N/A;N/A;N/A;N/A;N/A;99999999999.0000;1992-BBVD-BSTE;4755207.0000;IFRS;trading book;Level 2;N/A;1354.3640
39549194;549300YEC7519H8CBF72;Legal Entity Identifier;BE;Forward (4.4);CURR|FXD|FXD;ES;YES;NO;NO;YES;-181448754.9024;USD;11111111111.0000;N/A;N/A;N/A;N/A;N/A;N/A;N/A;0.0000;1992-JICA-BSTE;160037.0000;IFRS;trading book;Level 2;N/A;86874.4062
39681189;39455909F;Other identifier type;MISS;Forward (4.4);CURR|FXD|SWLEG;ES;NO;NO;NO;NO;11111111111.0000;N/A;11111111111.0000;N/A;N/A;N/A;N/A;N/A;N/A;N/A;0.0000;39681189;5181.0000;IFRS;trading book;Level 2;N/A;325.6413
39687192;34442376Z;Other identifier type;MISS;Forward (4.4);CURR|FXD|SWLEG;ES;NO;NO;NO;NO;11111111111.0000;N/A;11111111111.0000;N/A;N/A;N/A;N/A;N/A;N/A;N/A;0.0000;39687192;10363.0000;IFRS;trading book;Level 2;N/A;854.8727
39737594;SCRYQ25DTVRHYYMM6P89;Legal Entity Identifier;MX;Forward (4.4);CURR|FXD|SWLEG;ES;YES;YES;YES;YES;-592524689.3163;USD;11111111111.0000;N/A;N/A;N/A;N/A;N/A;N/A;N/A;0.0000;1992-BMSY-BSTE;4647.0000;IFRS;trading book;Level 2;N/A;0.0000
39861424;3YJP8HORPAEXJ80D6368;Legal Entity Identifier;CL;Forward (4.4);CURR|FXD|FXD;ES;YES;NO;NO;YES;11111111111.0000;N/A;750668619.7609;USD;N/A;N/A;N/A;N/A;N/A;N/A;0.0000;1992-BSCH-BSTE;11119.0000;IFRS;trading book;Level 2;N/A;0.0000
39868354;5493003HSDTSCZRXBA58;Legal Entity Identifier;US;IR Swap (2.1);IRD|IRS|;ES;YES;YES;YES;NO;11111111111.0000;N/A;11111111111.0000;N/A;N/A;N/A;N/A;USD SOFR COMP;N/A;6 month;0.0000;1992-DTFNAL-BSTE;262830.0000;IFRS;trading book;Level 2;N/A;224032.7245
40046641;PTCQB104N23FMNK2RZ28;Legal Entity Identifier;GB;Forward (4.4);CURR|FXD|FXD;ES;YES;YES;YES;YES;-733830000.0000;EUR;11111111111.0000;N/A;N/A;N/A;N/A;N/A;N/A;N/A;0.0000;2002-1AVB-BSTE;1623.0000;IFRS;trading book;Level 2;N/A;0.0000
40179185;E57ODZWZ7FF32TWEFA76;Legal Entity Identifier;US;Forward (4.4);CURR|FXD|SWLEG;ES;YES;YES;YES;YES;11111111111.0000;N/A;52630000.0000;EUR;N/A;N/A;N/A;N/A;N/A;N/A;0.0000;1992-CIDL-BSTE;1420384.0000;IFRS;trading book;Level 2;N/A;2870.9065
40256591;R0MUWSFPU8MPRO8K5P83;Legal Entity Identifier;US;Forward (4.4);CURR|FXD|SWLEG;ES;YES;YES;YES;YES;11111111111.0000;N/A;225690000.0000;EUR;N/A;N/A;N/A;N/A;N/A;N/A;0.0000;1992-PBFP-BSTE;285528.0000;IFRS;trading book;Level 2;N/A;4263.2052
40290391;R0MUWSFPU8MPRO8K5P83;Legal Entity Identifier;US;Vanilla Option (4.5);CURR|OPT|SMP;ES;YES;YES;YES;YES;11111111111.0000;N/A;225690000.0000;EUR;N/A;N/A;N/A;N/A;N/A;N/A;0.0000;1992-PBFP-BSTE;209694.0000;IFRS;trading book;Level 2;N/A;2259.3016
40324119;PTCQB104N23FMNK2RZ28;Legal Entity Identifier;GB;Forward (4.4);CURR|FXD|FXD;ES;YES;YES;YES;YES;-733830000.0000;EUR;11111111111.0000;N/A;N/A;N/A;N/A;N/A;N/A;N/A;0.0000;2002-1AVB-BSTE;3074.0000;IFRS;trading book;Level 2;N/A;0.0000
40331792;549300DI194U0XWATI47;Legal Entity Identifier;CO;Forward (4.4);CURR|FXD|FXD;ES;YES;NO;NO;YES;-23663941.7852;USD;11111111111.0000;N/A;N/A;N/A;N/A;N/A;N/A;N/A;0.0000;1992-W8BP-BSTE;8031.0000;IFRS;trading book;Level 2;N/A;0.0000
40492627;PTCQB104N23FMNK2RZ28;Legal Entity Identifier;GB;Simple Exotic (4.6);CURR|OPT|FLEX;ES;YES;YES;YES;YES;-733830000.0000;EUR;11111111111.0000;N/A;N/A;N/A;N/A;N/A;N/A;N/A;0.0000;2002-1AVB-BSTE;11709.0000;IFRS;trading book;Level 2;N/A;0.0000
40535149;MP6I5ZYZBEU3UXPYFY54;Legal Entity Identifier;GB;Forward (4.4);CURR|FXD|FXD;ES;YES;YES;YES;YES;-70090000.0000;EUR;11111111111.0000;N/A;N/A;N/A;N/A;N/A;N/A;N/A;0.0000;1992-MIAL-BSTE;50381.0000;IFRS;trading book;Level 2;N/A;846.5060
40618792;549300X4CFDFTG2RRJ19;Legal Entity Identifier;HK;Forward (4.4);CURR|FXD|FXD;HK;YES;NO;NO;NO;11111111111.0000;N/A;11111111111.0000;N/A;N/A;N/A;N/A;N/A;N/A;N/A;0.0000;2002-839F-BSTE;23325.0000;IFRS;trading book;Level 2;N/A;50434.7000
40626320;001026167;Other identifier type;MISS;MISS;MISS;ES;YES;YES;YES;NO;11111111111.0000;N/A;11111111111.0000;N/A;N/A;N/A;N/A;N/A;N/A;N/A;99999999999.0000;N/A;2643.0000;IFRS;trading book;Level 2;N/A;0.0000
40627655;PTCQB104N23FMNK2RZ28;Legal Entity Identifier;GB;MISS;MISS;ES;YES;YES;YES;NO;11111111111.0000;N/A;11111111111.0000;N/A;N/A;N/A;N/A;N/A;N/A;N/A;99999999999.0000;N/A;4.0000;IFRS;trading book;Level 2;N/A;0.0000
40629217;775670284;Other identifier type;MISS;MISS;MISS;ES;YES;YES;YES;NO;11111111111.0000;N/A;11111111111.0000;N/A;N/A;N/A;N/A;N/A;N/A;N/A;99999999999.0000;N/A;-4451.0000;IFRS;trading book;Level 2;N/A;0.0000
40629342;415740580;Other identifier type;MISS;MISS;MISS;ES;YES;YES;YES;NO;11111111111.0000;N/A;11111111111.0000;N/A;N/A;N/A;N/A;N/A;N/A;N/A;99999999999.0000;N/A;47497.0000;IFRS;trading book;Level 2;N/A;0.0000
40629719;000132781;Other identifier type;MISS;MISS;MISS;ES;YES;YES;YES;NO;11111111111.0000;N/A;11111111111.0000;N/A;N/A;N/A;N/A;N/A;N/A;N/A;99999999999.0000;N/A;-33537.0000;IFRS;trading book;Level 2;N/A;0.0000
40636584;775670284;Other identifier type;MISS;MISS;MISS;ES;YES;YES;YES;NO;11111111111.0000;N/A;11111111111.0000;N/A;N/A;N/A;N/A;N/A;N/A;N/A;99999999999.0000;N/A;5160.0000;IFRS;trading book;Level 2;N/A;0.0000
40638773;549300LGG2RLWD21SU97;Legal Entity Identifier;US;MISS;MISS;ES;YES;YES;YES;NO;11111111111.0000;N/A;11111111111.0000;N/A;-94504559.8450|-94504559.8450|0.0000|47252279.9225|0.0000|0.0000;N/A;N/A;N/A;N/A;N/A;99999999999.0000;N/A;1546.0000;IFRS;trading book;Level 2;N/A;0.0000
40640459;F2011BTKX;Other identifier type;MISS;MISS;MISS;ES;YES;YES;YES;NO;11111111111.0000;N/A;11111111111.0000;N/A;N/A;N/A;N/A;N/A;N/A;N/A;99999999999.0000;N/A;4604.0000;IFRS;trading book;Level 2;N/A;0.0000
40644327;SCRYQ25DTVRHYYMM6P89;Legal Entity Identifier;MX;Forward (4.4);CURR|FXD|SWLEG;ES;YES;YES;YES;YES;-592524689.3163;USD;11111111111.0000;N/A;N/A;N/A;N/A;N/A;N/A;N/A;0.0000;1992-BMSY-BSTE;-104.0000;IFRS;trading book;Level 2;N/A;0.0000
40645230;0901022T4;Other identifier type;MISS;MISS;MISS;ES;YES;YES;YES;NO;11111111111.0000;N/A;11111111111.0000;N/A;N/A;N/A;N/A;N/A;N/A;N/A;99999999999.0000;N/A;-888.0000;IFRS;trading book;Level 2;N/A;0.0000
40650527;549300LGG2RLWD21SU97;Legal Entity Identifier;US;MISS;MISS;ES;YES;YES;YES;NO;11111111111.0000;N/A;11111111111.0000;N/A;N/A;N/A;N/A;N/A;N/A;N/A;99999999999.0000;N/A;1830.0000;IFRS;trading book;Level 2;N/A;0.0000
40654749;E57ODZWZ7FF32TWEFA76;Legal Entity Identifier;US;Forward (4.4);CURR|FXD|SWLEG;ES;YES;YES;YES;YES;11111111111.0000;N/A;52630000.0000;EUR;N/A;N/A;N/A;N/A;N/A;N/A;0.0000;1992-CIDL-BSTE;4076654.0000;IFRS;trading book;Level 2;N/A;2108.9760
40655201;259400LGXW3K0GDAG361;Legal Entity Identifier;PL;MISS;MISS;ES;YES;YES;YES;NO;11111111111.0000;N/A;11111111111.0000;N/A;N/A;N/A;N/A;N/A;N/A;N/A;99999999999.0000;N/A;-227.0000;IFRS;trading book;Level 2;N/A;0.0000
40664920;5493006QMFDDMYWIAM13;Legal Entity Identifier;GB;MISS;MISS;ES;YES;YES;YES;NO;11111111111.0000;N/A;11111111111.0000;N/A;N/A;N/A;N/A;N/A;N/A;N/A;99999999999.0000;N/A;2.0000;IFRS;trading book;Level 2;N/A;0.0000
40676160;549300QANBPYP3IHGF08;Legal Entity Identifier;US;MISS;MISS;ES;YES;YES;YES;NO;11111111111.0000;N/A;11111111111.0000;N/A;-94504559.8450|0.0000|-94504559.8450|12886985.3990|68730589.1414|0.0000;N/A;N/A;N/A;N/A;N/A;99999999999.0000;N/A;536.0000;IFRS;trading book;Level 2;N/A;83273.9250
40679633;549300LGG2RLWD21SU97;Legal Entity Identifier;US;MISS;MISS;ES;YES;YES;YES;NO;11111111111.0000;N/A;11111111111.0000;N/A;N/A;N/A;N/A;N/A;N/A;N/A;99999999999.0000;N/A;30.0000;IFRS;trading book;Level 2;N/A;0.0000
40685963;95980020140005844330;Legal Entity Identifier;ES;Forward (4.4);CURR|FXD|FXD;ES;YES;YES;YES;NO;11111111111.0000;N/A;11111111111.0000;N/A;N/A;N/A;N/A;N/A;N/A;N/A;0.0000;N/A;262.0000;IFRS;trading book;Level 2;N/A;0.0000
40688018;F2011CATO;Other identifier type;MISS;MISS;MISS;ES;YES;YES;YES;NO;11111111111.0000;N/A;11111111111.0000;N/A;N/A;N/A;N/A;N/A;N/A;N/A;99999999999.0000;N/A;42.0000;IFRS;trading book;Level 2;N/A;0.0000
40688158;549300LGG2RLWD21SU97;Legal Entity Identifier;US;MISS;MISS;ES;YES;YES;YES;NO;11111111111.0000;N/A;11111111111.0000;N/A;N/A;N/A;N/A;N/A;N/A;N/A;99999999999.0000;N/A;305.0000;IFRS;trading book;Level 2;N/A;0.0000
40688793;95980020140005844330;Legal Entity Identifier;ES;Forward (4.4);CURR|FXD|FXD;ES;YES;YES;YES;NO;11111111111.0000;N/A;11111111111.0000;N/A;N/A;N/A;N/A;N/A;N/A;N/A;0.0000;N/A;6.0000;IFRS;trading book;Level 2;N/A;0.0000
40690750;002263951;Other identifier type;MISS;MISS;MISS;ES;YES;YES;YES;NO;11111111111.0000;N/A;11111111111.0000;N/A;N/A;N/A;N/A;N/A;N/A;N/A;99999999999.0000;N/A;94.0000;IFRS;trading book;Level 2;N/A;0.0000
40699777;549300LGG2RLWD21SU97;Legal Entity Identifier;US;MISS;MISS;ES;YES;YES;YES;NO;11111111111.0000;N/A;11111111111.0000;N/A;N/A;N/A;N/A;N/A;N/A;N/A;99999999999.0000;N/A;7821.0000;IFRS;trading book;Level 2;N/A;0.0000
42461654;692032485;Other identifier type;MISS;MISS;MISS;ES;YES;YES;YES;NO;11111111111.0000;N/A;11111111111.0000;N/A;N/A;N/A;N/A;N/A;N/A;N/A;99999999999.0000;N/A;130.0000;IFRS;trading book;Level 2;N/A;0.0000
42497037;692032485;Other identifier type;MISS;MISS;MISS;ES;YES;YES;YES;NO;11111111111.0000;N/A;11111111111.0000;N/A;N/A;N/A;N/A;N/A;N/A;N/A;99999999999.0000;N/A;1.0000;IFRS;trading book;Level 2;N/A;0.0000
4330742;2138009K4RPWJLB6O234;Legal Entity Identifier;GB;Option (5.4);EQD|OPT|FLEX;ES;YES;NO;NO;YES;-34000000.0000;EUR;11111111111.0000;N/A;N/A;N/A;N/A;N/A;N/A;N/A;0.0000;2002-B2UF-BSTE;1267676.0000;IFRS;trading book;Level 2;N/A;0.0000
529900P0204W9HA8JP36599906781;529900F0AEX3776C0J76;Legal Entity Identifier;DE;Forward (4.4);CURR|FXD|FXD;ES;YES;NO;YES;NO;11111111111.0000;N/A;11111111111.0000;N/A;N/A;N/A;N/A;N/A;N/A;N/A;0.0000;2002-SGAPGC-BSTE;3069.0000;IFRS;trading book;Level 2;N/A;2508.3348
529900P0204W9HA8JP36615230735L1;529900F0AEX3776C0J76;Legal Entity Identifier;DE;Forward (4.4);CURR|FXD|SWLEG;ES;YES;NO;YES;NO;11111111111.0000;N/A;11111111111.0000;N/A;N/A;N/A;N/A;N/A;N/A;N/A;0.0000;2002-SGAPGC-BSTE;2090.0000;IFRS;trading book;Level 2;N/A;2660.4091
529900P0204W9HA8JP36616818044;549300V9QSIG4WX4GJ96;Legal Entity Identifier;DE;Forward (4.4);CURR|FXD|FXD;ES;NO;NO;NO;YES;11111111111.0000;N/A;27800000.0000;EUR;N/A;N/A;N/A;N/A;N/A;N/A;0.0000;DRV-DTAE-BSTE;19630.0000;IFRS;trading book;Level 2;N/A;101.1714
529900P0204W9HA8JP36625825865L1;529900F0AEX3776C0J76;Legal Entity Identifier;DE;Forward (4.4);CURR|FXD|SWLEG;ES;YES;NO;YES;NO;11111111111.0000;N/A;11111111111.0000;N/A;N/A;N/A;N/A;N/A;N/A;N/A;0.0000;2002-SGAPGC-BSTE;277.0000;IFRS;trading book;Level 2;N/A;1058.2539
529900P0204W9HA8JP36642247016;GBQKSY6W7G0OHCQ8OQ72;Legal Entity Identifier;GB;Forward (4.4);CURR|FXD|FXD;GB;YES;NO;NO;NO;11111111111.0000;N/A;11111111111.0000;N/A;N/A;N/A;N/A;N/A;N/A;N/A;0.0000;2002-ABUG-BSTE;14340.0000;IFRS;trading book;Level 2;N/A;481.6217
529900P0204W9HA8JP36650758701;529900ZAXBMQDIWPNB72;Legal Entity Identifier;AT;Forward (4.4);CURR|FXD|FXD;ES;NO;NO;NO;NO;11111111111.0000;N/A;11111111111.0000;N/A;N/A;N/A;N/A;N/A;N/A;N/A;0.0000;DRV-VAYG-BSTE;2077.0000;IFRS;trading book;Level 2;N/A;1364.4861
529900P0204W9HA8JP36665942247L1;96950077E9LYZ37XPT18;Legal Entity Identifier;FR;Forward (4.4);CURR|FXD|SWLEG;ES;YES;NO;NO;YES;-12418000.0000;EUR;11111111111.0000;N/A;N/A;N/A;N/A;N/A;N/A;N/A;0.0000;1992-025P-BSTE;1152.0000;IFRS;trading book;Level 2;N/A;76.1151
529900P0204W9HA8JP36666224880L1;529900YRFFGH5AXU4S86;Legal Entity Identifier;DE;Forward (4.4);CURR|FXD|SWLEG;ES;NO;NO;NO;NO;11111111111.0000;N/A;11111111111.0000;N/A;N/A;N/A;N/A;N/A;N/A;N/A;0.0000;DRV-787V-BSTE;421.0000;IFRS;trading book;Level 2;N/A;12012.8204
5493001KJTIIGC8Y1R12BBG0000000000B64BE292BB23C001F;HQ6XF7UI1QMJFYISFT58;Legal Entity Identifier;US;Forward (4.4);CURR|FXD|SWLEG;ES;YES;NO;NO;YES;11111111111.0000;N/A;164420000.0000;EUR;N/A;N/A;N/A;N/A;N/A;N/A;0.0000;1992-DBFF-BSTE;1247285.0000;IFRS;trading book;Level 2;N/A;7908.5004
5493001KJTIIGC8Y1R12BBG0000000000B64D10FBDE0340062;549300EOP3O3IFD6CE89;Legal Entity Identifier;MX;Forward (4.4);CURR|FXD|FXD;ES;YES;NO;YES;YES;11111111111.0000;N/A;94504.5598;USD;N/A;N/A;N/A;N/A;N/A;N/A;0.0000;2002-EIMS-BSTE;379.0000;IFRS;trading book;Level 2;N/A;72.0018
5493001KJTIIGC8Y1R12BBG0000000000B65084716E034003C;V1LV067AJN766PCJIG11;Legal Entity Identifier;GB;Forward (4.4);CURR|FXD|SWLEG;ES;YES;YES;YES;YES;11111111111.0000;N/A;13533052.9698;USD;N/A;N/A;N/A;N/A;N/A;N/A;0.0000;2002-SVOQ-BSTE;58875.0000;IFRS;trading book;Level 2;N/A;15007.3262
5493004U2OZSNOP2ML97552905492L0A0;RILFO74KP1CM8P6PCT96;Legal Entity Identifier;US;Forward (4.4);CURR|FXD|FXD;HK;YES;YES;YES;YES;11111111111.0000;N/A;20600000.0000;EUR;N/A;N/A;N/A;N/A;N/A;N/A;0.0000;1992-SCXN-BSTE;109234.0000;IFRS;trading book;Level 2;N/A;4424.5089
5493004U2OZSNOP2ML97559124342L0A0;HQ6XF7UI1QMJFYISFT58;Legal Entity Identifier;US;Forward (4.4);CURR|FXD|SWLEG;HK;YES;NO;NO;YES;11111111111.0000;N/A;164420000.0000;EUR;N/A;N/A;N/A;N/A;N/A;N/A;0.0000;1992-DBFF-BSTE;1638611.0000;IFRS;trading book;Level 2;N/A;20932.8334
5493004U2OZSNOP2ML97562783133L0A0;HQ6XF7UI1QMJFYISFT58;Legal Entity Identifier;US;Forward (4.4);CURR|FXD|SWLEG;HK;YES;NO;NO;YES;11111111111.0000;N/A;164420000.0000;EUR;N/A;N/A;N/A;N/A;N/A;N/A;0.0000;1992-DBFF-BSTE;571990.0000;IFRS;trading book;Level 2;N/A;3697.0227
5493004U2OZSNOP2ML97567703559L0A0;213800G3N5F42PQLJF86;Legal Entity Identifier;BE;Forward (4.4);CURR|FXD|FXD;ES;YES;YES;YES;NO;11111111111.0000;N/A;11111111111.0000;N/A;N/A;N/A;N/A;N/A;N/A;N/A;0.0000;2002-AHEB12-BSTE;12637.0000;IFRS;trading book;Level 2;N/A;4174.2758
5493004U2OZSNOP2ML97572365802L0A0;HQ6XF7UI1QMJFYISFT58;Legal Entity Identifier;US;Forward (4.4);CURR|FXD|SWLEG;HK;YES;NO;NO;YES;11111111111.0000;N/A;164420000.0000;EUR;N/A;N/A;N/A;N/A;N/A;N/A;0.0000;1992-DBFF-BSTE;-3216.0000;IFRS;trading book;Level 2;N/A;2867.8430
5493008HL7YGILBYY12420230330280000000000000010754990;PT3QB789TSUIDF371261;Legal Entity Identifier;US;Cross Currency (2.4);IRD|CS|;US;YES;YES;YES;YES;11111111111.0000;N/A;14910000.0000;EUR;N/A;N/A;CLP TASA CAMARA;USD SOFR COMP;6 month;6 month;0.0000;1992-TDBT-BSTE;63343.0000;IFRS;trading book;Level 2;N/A;37193.5853
549300ETKP1MFYX3RQ19BSECUFXOZ2979030Z1;J4CP7MHCXR8DAQMKIL78;Legal Entity Identifier;US;Vanilla Option (4.5);CURR|OPT|SMP;ES;YES;YES;YES;YES;-333930000.0000;EUR;11111111111.0000;N/A;N/A;N/A;N/A;N/A;N/A;N/A;0.0000;1992-ISTT-BSTE;54662.0000;IFRS;trading book;Level 2;N/A;10226.0752
549300ETKP1MFYX3RQ19BSECUFXOZ3003861Z2;W22LROWP2IHZNBB6K528;Legal Entity Identifier;GB;Vanilla Option (4.5);CURR|OPT|SMP;ES;YES;YES;YES;YES;-496520000.0000;EUR;11111111111.0000;N/A;N/A;N/A;N/A;N/A;N/A;N/A;0.0000;1992-GSLI-BSTE;51509.0000;IFRS;trading book;Level 2;N/A;1278.3769
549300FSLUWD8ETI2P24MARKITWIRE200389981;549300UHUTTOEC14D714;Legal Entity Identifier;AD;IR Swap (2.1);IRD|IRS|;ES;YES;NO;NO;YES;11111111111.0000;N/A;2105641.5200;EUR;N/A;N/A;N/A;EUR ESTR COMP;N/A;40 year;0.0000;1992-ACAB-BSTE;34465.0000;IFRS;trading book;Level 2;N/A;2885.0185
549300FSLUWD8ETI2P24MARKITWIRE203502685;SCRYQ25DTVRHYYMM6P89;Legal Entity Identifier;MX;Cross Currency (2.4);IRD|CS|;ES;YES;YES;YES;YES;-592524689.3163;USD;11111111111.0000;N/A;N/A;N/A;USD SOFR COMP;MXNTIIE28D;28 day;28 day;0.0000;1992-BMSY-BSTE;1466172.0000;IFRS;trading book;Level 2;N/A;0.0000
549300MBO45EHETL4438BSECUFXOZ3000221Z2;W22LROWP2IHZNBB6K528;Legal Entity Identifier;GB;Vanilla Option (4.5);CURR|OPT|SMP;ES;YES;YES;YES;YES;-496520000.0000;EUR;11111111111.0000;N/A;N/A;N/A;N/A;N/A;N/A;N/A;0.0000;1992-GSLI-BSTE;6189.0000;IFRS;trading book;Level 2;N/A;3420.2720
549300MBO45EHETL4438V1AIRVTTCNY10004484740;B4TYDEB6GKMZO031MB27;Legal Entity Identifier;US;Cross Currency (2.4);IRD|CS|;ES;YES;YES;YES;YES;11111111111.0000;N/A;8390000.0000;EUR;N/A;N/A;USD SOFR COMP;MXNTIIE28D;28 day;28 day;0.0000;1992-1ACH-BSTE;308760.0000;IFRS;trading book;Level 2;N/A;3319.4325
549300ROEJDDAXM6LU05BBG0000000000B650AB7A3E034003B;5299007QVIQ7IO64NX37;Legal Entity Identifier;DE;Forward (4.4);CURR|FXD|SWLEG;ES;YES;NO;NO;YES;11111111111.0000;N/A;30180000.0000;EUR;N/A;N/A;N/A;N/A;N/A;N/A;0.0000;1992-00UES8-BSTE;359590.0000;IFRS;trading book;Level 2;N/A;10731.1285
549300U3YSKW7QY13Y70GBLL5177695;E57ODZWZ7FF32TWEFA76;Legal Entity Identifier;US;Vanilla Option (4.5);CURR|OPT|SMP;ES;YES;YES;YES;YES;11111111111.0000;N/A;52630000.0000;EUR;N/A;N/A;N/A;N/A;N/A;N/A;0.0000;1992-CIDL-BSTE;166020.0000;IFRS;trading book;Level 2;N/A;171.1948
549300WQWDPFSMQ8I087568967312L0A0;UWJKFUJFZ02DKWI3RY53;Legal Entity Identifier;US;Forward (4.4);CURR|FXD|FXD;ES;YES;YES;YES;YES;11111111111.0000;N/A;11111111111.0000;N/A;N/A;N/A;N/A;N/A;N/A;N/A;0.0000;1992-D150-BSTE;144545.0000;IFRS;trading book;Level 2;N/A;25986.8442
5853029;959800W98LFADNN7RC35;Legal Entity Identifier;ES;Option (5.4);EQD|OPT|OTC;ES;NO;NO;NO;NO;11111111111.0000;N/A;11111111111.0000;N/A;N/A;N/A;N/A;N/A;N/A;N/A;0.0000;CMOF-00D5GX-BSTE;861545.0000;IFRS;trading book;Level 2;N/A;0.0000
635400MQZIPRVPDDZK76542882882L0A0;213800N9W2D8A4GJGR36;Legal Entity Identifier;GB;Forward (4.4);CURR|FXD|FXD;GB;YES;NO;NO;YES;-2655578.1316;USD;11111111111.0000;N/A;N/A;N/A;N/A;N/A;N/A;N/A;0.0000;2002-GEUL-BSTE;18733.0000;IFRS;trading book;Level 2;N/A;890.7711
635400MQZIPRVPDDZK76561636821L0A0;7245009IC6EL3JEKMA24;Legal Entity Identifier;NL;Forward (4.4);CURR|FXD|FXD;ES;YES;NO;NO;NO;11111111111.0000;N/A;11111111111.0000;N/A;N/A;N/A;N/A;N/A;N/A;N/A;0.0000;2002-HIB2-BSTE;146449.0000;IFRS;trading book;Level 2;N/A;98845.9485
6426292;SI5RG2M0WQQLZCXKRM20;Legal Entity Identifier;GB;Option (5.4);EQD|OPT|FLEX;ES;YES;YES;YES;YES;-98180000.0000;EUR;11111111111.0000;N/A;N/A;N/A;N/A;N/A;N/A;N/A;0.0000;1992-BSAB-BSTE;2962312.0000;IFRS;trading book;Level 2;N/A;514328.0771
7406914;SI5RG2M0WQQLZCXKRM20;Legal Entity Identifier;GB;Option (5.4);EQD|OPT|FLEX;ES;YES;YES;YES;YES;-98180000.0000;EUR;11111111111.0000;N/A;N/A;N/A;N/A;N/A;N/A;N/A;0.0000;1992-BSAB-BSTE;6605.0000;IFRS;trading book;Level 2;N/A;8639.1380
7S6O0HR48AGFIBLTL4916740;5493002XYZZ0CGQ6CB58;Legal Entity Identifier;DE;Vanilla Option (4.5);CURR|OPT|SMP;ES;YES;NO;NO;YES;11111111111.0000;N/A;37760000.0000;EUR;N/A;N/A;N/A;N/A;N/A;N/A;0.0000;2002-NFPEG1-BSTE;532041.0000;IFRS;trading book;Level 2;N/A;228.3943
8584995;6TJCK1B7E7UTXP528Y04;Legal Entity Identifier;DE;Swap (5.1);EQD|RTRN|SWAP;ES;YES;YES;YES;YES;11111111111.0000;N/A;29610000.0000;EUR;N/A;N/A;N/A;N/A;N/A;N/A;0.0000;1992-CGER-BSTE;620749.0000;IFRS;trading book;Level 2;N/A;0.0000
8RUL8VJZ2ATSIRDXXXXXXXXXXXXXXXXXXX14712772;R0MUWSFPU8MPRO8K5P83;Legal Entity Identifier;US;Cross Currency (2.4);IRD|CS|;HK;YES;YES;YES;YES;11111111111.0000;N/A;225690000.0000;EUR;N/A;N/A;N/A;USD SOFR COMP;N/A;3 month;0.0000;1992-PBFP-BSTE;451045.0000;IFRS;trading book;Level 2;N/A;1170.9740
8RUL8VJZ2AXXXXGTSSLXXXXXXXBQ703167892C00X1;XKZZ2JZF41MRHTR1V493;Legal Entity Identifier;GB;Cross Currency (2.4);IRD|CS|;ES;YES;YES;YES;YES;-79940000.0000;EUR;11111111111.0000;N/A;N/A;N/A;GBP SONIA 3M FLBCK;USD SOFR 3M FLBCK;3 month;3 month;0.0000;2002-SLMN-BSTE;911099.0000;IFRS;trading book;Level 2;N/A;11915.4566
CZM9YMSN4AU1LGEU1010Z5E5;G5GSEF7VJP5I7OUK5573;Legal Entity Identifier;US;Cross Currency (2.4);IRD|CS|;GB;YES;YES;YES;YES;11111111111.0000;N/A;47280000.0000;EUR;N/A;N/A;GBP SONIA 3M FLBCK;USD SOFR 3M FLBCK;3 month;3 month;0.0000;1992-BBIL-BSTE;2338500.0000;IFRS;trading book;Level 2;N/A;20992.6770
CZM9YMSN4AZH8LNWR1;HQ6XF7UI1QMJFYISFT58;Legal Entity Identifier;US;Swaptions (2.8);IRD|OSWP|;ES;YES;NO;NO;YES;11111111111.0000;N/A;164420000.0000;EUR;N/A;N/A;N/A;EURIBOR6M;N/A;6 month;-1178125.0000;1992-DBFF-BSTE;405596.0000;IFRS;trading book;Level 2;N/A;959.1201
F226TOH6YD6XJB17KS62FXR1510804721;F226TOH6YD6XJB17KS62;Legal Entity Identifier;GB;Forward (4.4);CURR|FXD|FXD;ES;YES;NO;NO;YES;11111111111.0000;N/A;326366714.4356;USD;N/A;N/A;N/A;N/A;N/A;N/A;0.0000;ISDA-2Z1I-BSTE;711777.0000;IFRS;trading book;Level 2;N/A;2394.9780
F226TOH6YD6XJB17KS62FXR1511371723;F226TOH6YD6XJB17KS62;Legal Entity Identifier;GB;Forward (4.4);CURR|FXD|FXD;ES;YES;NO;NO;YES;11111111111.0000;N/A;326366714.4356;USD;N/A;N/A;N/A;N/A;N/A;N/A;0.0000;ISDA-2Z1I-BSTE;140022.0000;IFRS;trading book;Level 2;N/A;541.1180
F226TOH6YD6XJB17KS62FXR2511717900;F226TOH6YD6XJB17KS62;Legal Entity Identifier;GB;Forward (4.4);CURR|FXD|FXD;ES;YES;NO;NO;YES;11111111111.0000;N/A;326366714.4356;USD;N/A;N/A;N/A;N/A;N/A;N/A;0.0000;ISDA-2Z1I-BSTE;169007.0000;IFRS;trading book;Level 2;N/A;879.1870
F226TOH6YD6XJB17KS62FXR2511736828;F226TOH6YD6XJB17KS62;Legal Entity Identifier;GB;Forward (4.4);CURR|FXD|FXD;ES;YES;NO;NO;YES;11111111111.0000;N/A;326366714.4356;USD;N/A;N/A;N/A;N/A;N/A;N/A;0.0000;ISDA-2Z1I-BSTE;192295.0000;IFRS;trading book;Level 2;N/A;772.3798
F226TOH6YD6XJB17KS62SW1000000LCH00100261272106166947;F226TOH6YD6XJB17KS62;Legal Entity Identifier;GB;IR Swap (2.1);IRD|IRS|;ES;YES;NO;NO;YES;-375039949.8300;EUR;11111111111.0000;N/A;N/A;N/A;N/A;EUR ESTR COMP;N/A;40 year;0.0000;ISDA-LUTD-MAD;210927.0000;IFRS;trading book;Level 2;N/A;15.8242
F226TOH6YD6XJB17KS62SW1000000LCH00101636914107938514;F226TOH6YD6XJB17KS62;Legal Entity Identifier;GB;IR Swap (2.1);IRD|IRS|;GB;YES;NO;NO;YES;-231220467.2305;USD;11111111111.0000;N/A;N/A;N/A;N/A;USLIBOR6M;N/A;6 month;0.0000;ISDA-LUTD-MAD;1015406.0000;IFRS;trading book;Level 2;N/A;61.4734
F226TOH6YD6XJB17KS62SW1000000LCH00102265174108674328;F226TOH6YD6XJB17KS62;Legal Entity Identifier;GB;IR Swap (2.1);IRD|IRS|;ES;YES;NO;NO;YES;-375039949.8300;EUR;11111111111.0000;N/A;N/A;N/A;N/A;EURIBOR3M;N/A;3 month;0.0000;ISDA-LUTD-MAD;12967.0000;IFRS;trading book;Level 2;N/A;4.2720
F226TOH6YD6XJB17KS62SW1000000LCH00102704190109215611;F226TOH6YD6XJB17KS62;Legal Entity Identifier;GB;IR Swap (2.1);IRD|IRS|;GB;YES;NO;NO;YES;-231220467.2305;USD;11111111111.0000;N/A;N/A;N/A;N/A;USD SOFR COMP;N/A;1 year;0.0000;ISDA-LUTD-MAD;1123687.0000;IFRS;trading book;Level 2;N/A;74.1136
F226TOH6YD6XJB17KS62SW1000000LCH00102705135109211885;F226TOH6YD6XJB17KS62;Legal Entity Identifier;GB;IR Swap (2.1);IRD|IRS|;ES;YES;NO;NO;YES;-375039949.8300;EUR;11111111111.0000;N/A;N/A;N/A;N/A;EUR ESTR COMP;N/A;1 year;0.0000;ISDA-LUTD-MAD;410826.0000;IFRS;trading book;Level 2;N/A;3.9718
F226TOH6YD6XJB17KS62SW1000000LCH00103296837109955954;F226TOH6YD6XJB17KS62;Legal Entity Identifier;GB;IR Swap (2.1);IRD|IRS|;GB;YES;NO;NO;YES;11111111111.0000;N/A;13403829.7209;GBP;N/A;N/A;N/A;GBP CALL M COMP;N/A;1 year;0.0000;ISDA-LUTD-MAD;-31309.0000;IFRS;trading book;Level 2;N/A;2.3978
F226TOH6YD6XJB17KS62SW1000000LCH00103802359110588537;F226TOH6YD6XJB17KS62;Legal Entity Identifier;GB;IR Swap (2.1);IRD|IRS|;GB;YES;NO;NO;YES;11111111111.0000;N/A;13403829.7209;GBP;N/A;N/A;N/A;GBP CALL M COMP;N/A;1 year;0.0000;ISDA-LUTD-MAD;18999.0000;IFRS;trading book;Level 2;N/A;0.4284
F226TOH6YD6XJB17KS62SW1000000LCH00104054540110990842;F226TOH6YD6XJB17KS62;Legal Entity Identifier;GB;FRA (2.2);IRD|FRA|;ES;YES;NO;NO;YES;-375039949.8300;EUR;11111111111.0000;N/A;N/A;N/A;N/A;EURIBOR3M;N/A;3 month;0.0000;ISDA-LUTD-MAD;44594.0000;IFRS;trading book;Level 2;N/A;6.0350
F226TOH6YD6XJB17KS62SW1000000LCH00104055001110992050;F226TOH6YD6XJB17KS62;Legal Entity Identifier;GB;FRA (2.2);IRD|FRA|;ES;YES;NO;NO;YES;-375039949.8300;EUR;11111111111.0000;N/A;N/A;N/A;N/A;EURIBOR3M;N/A;3 month;0.0000;ISDA-LUTD-MAD;34488.0000;IFRS;trading book;Level 2;N/A;1.7470
F226TOH6YD6XJB17KS62SW1000000LCH00104435323111464611;F226TOH6YD6XJB17KS62;Legal Entity Identifier;GB;IR Swap (2.1);IRD|IRS|;ES;YES;NO;NO;YES;-3573002.5424;PLN;11111111111.0000;N/A;N/A;N/A;N/A;PLNWIBOR;N/A;6 month;0.0000;ISDA-LUTD-MAD;20712.0000;IFRS;trading book;Level 2;N/A;8.2932
F226TOH6YD6XJB17KS62SW1000000LCH00104440316111469968;F226TOH6YD6XJB17KS62;Legal Entity Identifier;GB;IR Swap (2.1);IRD|IRS|;GB;YES;NO;NO;YES;-231220467.2305;USD;11111111111.0000;N/A;N/A;N/A;N/A;USD SOFR COMP;N/A;3 month;0.0000;ISDA-LUTD-MAD;12015061.0000;IFRS;trading book;Level 2;N/A;793.9012
F226TOH6YD6XJB17KS62SW1000000LCH00104751524111860012;F226TOH6YD6XJB17KS62;Legal Entity Identifier;GB;IR Swap (2.1);IRD|INFLS|;ES;YES;NO;NO;YES;-375039949.8300;EUR;11111111111.0000;N/A;N/A;N/A;N/A;CPTFEMU;N/A;0 businessDay;0.0000;ISDA-LUTD-MAD;513252.0000;IFRS;trading book;Level 2;N/A;78.3538
F226TOH6YD6XJB17KS62SW1000000LCH00105061495112227443;F226TOH6YD6XJB17KS62;Legal Entity Identifier;GB;IR Swap (2.1);IRD|IRS|;GB;YES;NO;NO;YES;-231220467.2305;USD;11111111111.0000;N/A;N/A;N/A;N/A;USD SOFR COMP;N/A;3 month;0.0000;ISDA-LUTD-MAD;-1097856.0000;IFRS;trading book;Level 2;N/A;0.3738
F226TOH6YD6XJB17KS62SW1000000LCH00105185026112478098;F226TOH6YD6XJB17KS62;Legal Entity Identifier;GB;IR Swap (2.1);IRD|IRS|;GB;YES;NO;NO;YES;-231220467.2305;USD;11111111111.0000;N/A;N/A;N/A;N/A;USD SOFR COMP;N/A;3 month;0.0000;ISDA-LUTD-MAD;8474752.0000;IFRS;trading book;Level 2;N/A;587.0878
F226TOH6YD6XJB17KS62SW1000000LCH00105644206113414065;F226TOH6YD6XJB17KS62;Legal Entity Identifier;GB;IR Swap (2.1);IRD|IRS|;GB;YES;NO;NO;YES;-231220467.2305;USD;11111111111.0000;N/A;N/A;N/A;N/A;USD SOFR COMP;N/A;6 month;0.0000;ISDA-LUTD-MAD;13566969.0000;IFRS;trading book;Level 2;N/A;849.5328
F226TOH6YD6XJB17KS62SW1000000LCH00105790589113711759;F226TOH6YD6XJB17KS62;Legal Entity Identifier;GB;IR Swap (2.1);IRD|IRS|;GB;YES;NO;NO;YES;-231220467.2305;USD;11111111111.0000;N/A;N/A;N/A;N/A;USD SOFR COMP;N/A;6 month;0.0000;ISDA-LUTD-MAD;-4544086.0000;IFRS;trading book;Level 2;N/A;2.1264
F226TOH6YD6XJB17KS62SW1000000LCH00105818988113769857;F226TOH6YD6XJB17KS62;Legal Entity Identifier;GB;IR Swap (2.1);IRD|IRS|;GB;YES;NO;NO;YES;-231220467.2305;USD;11111111111.0000;N/A;N/A;N/A;N/A;USD SOFR COMP;N/A;6 month;0.0000;ISDA-LUTD-MAD;3454792.0000;IFRS;trading book;Level 2;N/A;224.8484
F226TOH6YD6XJB17KS62SW1000000LCH00105828884113789678;F226TOH6YD6XJB17KS62;Legal Entity Identifier;GB;IR Swap (2.1);IRD|IRS|;GB;YES;NO;NO;YES;-231220467.2305;USD;11111111111.0000;N/A;N/A;N/A;N/A;USD SOFR COMP;N/A;6 month;0.0000;ISDA-LUTD-MAD;-9025894.0000;IFRS;trading book;Level 2;N/A;2.9486
F226TOH6YD6XJB17KS62SW1000000LCH00105849370113830392;F226TOH6YD6XJB17KS62;Legal Entity Identifier;GB;IR Swap (2.1);IRD|IRS|;GB;YES;NO;NO;YES;-231220467.2305;USD;11111111111.0000;N/A;N/A;N/A;N/A;USD SOFR COMP;N/A;6 month;0.0000;ISDA-LUTD-MAD;-2651871.0000;IFRS;trading book;Level 2;N/A;2.4022
F226TOH6YD6XJB17KS62SW1000000LCH00105942695114022653;F226TOH6YD6XJB17KS62;Legal Entity Identifier;GB;IR Swap (2.1);IRD|IRS|;HK;YES;NO;NO;YES;-231220467.2305;USD;11111111111.0000;N/A;N/A;N/A;N/A;USD SOFR COMP;N/A;3 month;0.0000;ISDA-LUTD-MAD;397866.0000;IFRS;trading book;Level 2;N/A;2.0260
F226TOH6YD6XJB17KS62SW1000000LCH00105969934114077501;F226TOH6YD6XJB17KS62;Legal Entity Identifier;GB;IR Swap (2.1);IRD|IRS|;GB;YES;NO;NO;YES;-231220467.2305;USD;11111111111.0000;N/A;N/A;N/A;N/A;USD SOFR COMP;N/A;3 month;0.0000;ISDA-LUTD-MAD;-4195284.0000;IFRS;trading book;Level 2;N/A;3.5286
F226TOH6YD6XJB17KS62SW1000000LCH00106280282114650543;F226TOH6YD6XJB17KS62;Legal Entity Identifier;GB;IR Swap (2.1);IRD|IRS|;ES;YES;NO;NO;YES;-375039949.8300;EUR;11111111111.0000;N/A;N/A;N/A;N/A;EUR ESTR COMP;N/A;1 year;0.0000;ISDA-LUTD-MAD;723964.0000;IFRS;trading book;Level 2;N/A;117.1788
F226TOH6YD6XJB17KS62SW1000000LCH00106549705114982618;F226TOH6YD6XJB17KS62;Legal Entity Identifier;GB;IR Swap (2.1);IRD|IRS|;ES;YES;NO;NO;YES;-375039949.8300;EUR;11111111111.0000;N/A;N/A;N/A;N/A;EURIBOR6M;N/A;6 month;0.0000;ISDA-LUTD-MAD;784244.0000;IFRS;trading book;Level 2;N/A;120.1358
F226TOH6YD6XJB17KS62SW1000000LCH00106647334115091331;F226TOH6YD6XJB17KS62;Legal Entity Identifier;GB;IR Swap (2.1);IRD|IRS|;ES;YES;NO;NO;YES;-375039949.8300;EUR;11111111111.0000;N/A;N/A;N/A;N/A;EUR ESTR COMP;N/A;1 year;0.0000;ISDA-LUTD-MAD;5858372.0000;IFRS;trading book;Level 2;N/A;661.4844
F226TOH6YD6XJB17KS62SW1000000LCH00106941438115445442;F226TOH6YD6XJB17KS62;Legal Entity Identifier;GB;IR Swap (2.1);IRD|IRS|;GB;YES;NO;NO;YES;11111111111.0000;N/A;13403829.7209;GBP;N/A;N/A;N/A;GBP CALL M COMP;N/A;3 month;0.0000;ISDA-LUTD-MAD;-1081707.0000;IFRS;trading book;Level 2;N/A;72.1756
F226TOH6YD6XJB17KS62SW1000000LCH00107075866115623475;F226TOH6YD6XJB17KS62;Legal Entity Identifier;GB;IR Swap (2.1);IRD|INFLS|;GB;YES;NO;NO;YES;11111111111.0000;N/A;13403829.7209;GBP;N/A;N/A;N/A;GBP RPI_ZC;N/A;0 businessDay;0.0000;ISDA-LUTD-MAD;-153520.0000;IFRS;trading book;Level 2;N/A;54.8954
F226TOH6YD6XJB17KS62SW1000000LCH00107815477116593947;F226TOH6YD6XJB17KS62;Legal Entity Identifier;GB;IR Swap (2.1);IRD|IRS|;ES;YES;NO;NO;YES;-375039949.8300;EUR;11111111111.0000;N/A;N/A;N/A;N/A;EUR ESTR COMP;N/A;40 year;0.0000;ISDA-LUTD-MAD;2671.0000;IFRS;trading book;Level 2;N/A;0.2190
F226TOH6YD6XJB17KS62SW1000000LCH00108344135117268032;F226TOH6YD6XJB17KS62;Legal Entity Identifier;GB;IR Swap (2.1);IRD|IRS|;GB;YES;NO;NO;YES;11111111111.0000;N/A;13403829.7209;GBP;N/A;N/A;N/A;GBP CALL M COMP;N/A;1 year;0.0000;ISDA-LUTD-MAD;-642747.0000;IFRS;trading book;Level 2;N/A;52.0766
F226TOH6YD6XJB17KS62SW1000000LCH00108482400117406131;F226TOH6YD6XJB17KS62;Legal Entity Identifier;GB;IR Swap (2.1);IRD|IRS|;ES;YES;NO;NO;YES;-375039949.8300;EUR;11111111111.0000;N/A;N/A;N/A;N/A;EURIBOR3M;N/A;3 month;0.0000;ISDA-LUTD-MAD;909616.0000;IFRS;trading book;Level 2;N/A;33.8692
F226TOH6YD6XJB17KS62SW1000000LCH00108624174117613410;F226TOH6YD6XJB17KS62;Legal Entity Identifier;GB;IR Swap (2.1);IRD|IRS|;ES;YES;NO;NO;YES;-3573002.5424;PLN;11111111111.0000;N/A;N/A;N/A;N/A;PLNWIBOR;N/A;6 month;0.0000;ISDA-LUTD-MAD;101502.0000;IFRS;trading book;Level 2;N/A;9.2492
F226TOH6YD6XJB17KS62SW1000000LCH00108979199118097455;F226TOH6YD6XJB17KS62;Legal Entity Identifier;GB;FRA (2.2);IRD|FRA|;GB;YES;NO;NO;YES;-375039949.8300;EUR;11111111111.0000;N/A;N/A;N/A;N/A;EURIBOR3M;N/A;3 month;0.0000;ISDA-LUTD-MAD;35426.0000;IFRS;trading book;Level 2;N/A;8.3490
F226TOH6YD6XJB17KS62SW1000000LCH00109285155118464772;F226TOH6YD6XJB17KS62;Legal Entity Identifier;GB;IR Swap (2.1);IRD|IRS|;GB;YES;NO;NO;YES;11111111111.0000;N/A;13403829.7209;GBP;N/A;N/A;N/A;GBP SONIA CMP LB -5;N/A;3 month;0.0000;ISDA-LUTD-MAD;-25488.0000;IFRS;trading book;Level 2;N/A;2.4126
F226TOH6YD6XJB17KS62SW1000000LCH00109625714118869305;F226TOH6YD6XJB17KS62;Legal Entity Identifier;GB;IR Swap (2.1);IRD|IRS|;ES;YES;NO;NO;YES;-375039949.8300;EUR;11111111111.0000;N/A;N/A;N/A;N/A;EUR ESTR COMP;N/A;40 year;0.0000;ISDA-LUTD-MAD;361902.0000;IFRS;trading book;Level 2;N/A;86.9816
F226TOH6YD6XJB17KS62SW1000000LCH00110034469119429297;F226TOH6YD6XJB17KS62;Legal Entity Identifier;GB;IR Swap (2.1);IRD|IRS|;GB;YES;NO;NO;YES;11111111111.0000;N/A;13403829.7209;GBP;N/A;N/A;N/A;GBP SONIA CMP LB -5;N/A;3 month;0.0000;ISDA-LUTD-MAD;-221328.0000;IFRS;trading book;Level 2;N/A;21.7942
F226TOH6YD6XJB17KS62SW1000000LCH00110550031120044523;F226TOH6YD6XJB17KS62;Legal Entity Identifier;GB;FRA (2.2);IRD|FRA|;GB;YES;NO;NO;YES;-375039949.8300;EUR;11111111111.0000;N/A;N/A;N/A;N/A;EURIBOR3M;N/A;3 month;0.0000;ISDA-LUTD-MAD;41163.0000;IFRS;trading book;Level 2;N/A;3.5154
F226TOH6YD6XJB17KS62SW1000000LCH00110700914120216451;F226TOH6YD6XJB17KS62;Legal Entity Identifier;GB;FRA (2.2);IRD|FRA|;ES;YES;NO;NO;YES;-3573002.5424;PLN;11111111111.0000;N/A;N/A;N/A;N/A;PLNWIBOR3M;N/A;3 month;0.0000;ISDA-LUTD-MAD;259313.0000;IFRS;trading book;Level 2;N/A;23.9258
F226TOH6YD6XJB17KS62SW1000000LCH00110794496120351667;F226TOH6YD6XJB17KS62;Legal Entity Identifier;GB;IR Swap (2.1);IRD|IRS|;ES;YES;NO;NO;YES;-3573002.5424;PLN;11111111111.0000;N/A;N/A;N/A;N/A;PLNWIBOR;N/A;6 month;0.0000;ISDA-LUTD-MAD;236572.0000;IFRS;trading book;Level 2;N/A;34.9260
F226TOH6YD6XJB17KS62SW1000000LCH00110893898120455985;F226TOH6YD6XJB17KS62;Legal Entity Identifier;GB;FRA (2.2);IRD|FRA|;GB;YES;NO;NO;YES;-375039949.8300;EUR;11111111111.0000;N/A;N/A;N/A;N/A;EURIBOR6M;N/A;6 month;0.0000;ISDA-LUTD-MAD;60339.0000;IFRS;trading book;Level 2;N/A;8.1180
F226TOH6YD6XJB17KS62SW1000000LCH00110894718120456355;F226TOH6YD6XJB17KS62;Legal Entity Identifier;GB;FRA (2.2);IRD|FRA|;ES;YES;NO;NO;YES;-375039949.8300;EUR;11111111111.0000;N/A;N/A;N/A;N/A;EURIBOR6M;N/A;6 month;0.0000;ISDA-LUTD-MAD;8946.0000;IFRS;trading book;Level 2;N/A;2.3640
F226TOH6YD6XJB17KS62SW1000000LCH00111043701120625876;F226TOH6YD6XJB17KS62;Legal Entity Identifier;GB;IR Swap (2.1);IRD|IRS|;ES;YES;NO;NO;YES;-375039949.8300;EUR;11111111111.0000;N/A;N/A;N/A;N/A;EUR ESTR COMP;N/A;40 year;0.0000;ISDA-LUTD-MAD;165038.0000;IFRS;trading book;Level 2;N/A;78.6960
F226TOH6YD6XJB17KS62SW1000000LCH00111054760120636890;F226TOH6YD6XJB17KS62;Legal Entity Identifier;GB;IR Swap (2.1);IRD|IRS|;ES;YES;NO;NO;YES;-375039949.8300;EUR;11111111111.0000;N/A;N/A;N/A;N/A;EURIBOR3M;N/A;3 month;0.0000;ISDA-LUTD-MAD;437662.0000;IFRS;trading book;Level 2;N/A;161.5152
F226TOH6YD6XJB17KS62SW1000000LCH00111247771120886463;F226TOH6YD6XJB17KS62;Legal Entity Identifier;GB;FRA (2.2);IRD|FRA|;GB;YES;NO;NO;YES;-375039949.8300;EUR;11111111111.0000;N/A;N/A;N/A;N/A;EURIBOR3M;N/A;3 month;0.0000;ISDA-LUTD-MAD;950.0000;IFRS;trading book;Level 2;N/A;1.6230
ROEJDDAXM6BBG0000000000B61D2A9C8ADCC0011;549300XEHKIGOFURD770;Legal Entity Identifier;IE;Forward (4.4);CURR|FXD|FXD;ES;YES;NO;NO;NO;11111111111.0000;N/A;11111111111.0000;N/A;N/A;N/A;N/A;N/A;N/A;N/A;0.0000;1992-8X6H-BSTE;12803.0000;IFRS;trading book;Level 2;N/A;16461.5792
SNZ2OJLFK8MNNCLQOF39CCCIRS16948008;SNZ2OJLFK8MNNCLQOF39;Legal Entity Identifier;US;IR Swap (2.1);IRD|IRS|;ES;YES;NO;NO;YES;11111111111.0000;N/A;602886392.0711;USD;N/A;N/A;N/A;CLP TASA CAMARA;N/A;6 month;0.0000;1992-00CSIU-BSTE;657857.0000;IFRS;trading book;Level 2;N/A;293.2044
SNZ2OJLFK8MNNCLQOF39CCCIRS17526999;SNZ2OJLFK8MNNCLQOF39;Legal Entity Identifier;US;IR Swap (2.1);IRD|IRS|;ES;YES;NO;NO;YES;11111111111.0000;N/A;299216568.1742;MXN;N/A;N/A;N/A;MXNTIIE28D;N/A;28 day;0.0000;1992-00CSIU-BSTE;45473.0000;IFRS;trading book;Level 2;N/A;17.0438
SNZ2OJLFK8MNNCLQOF39CCCIRS17667761;SNZ2OJLFK8MNNCLQOF39;Legal Entity Identifier;US;IR Swap (2.1);IRD|IRS|;ES;YES;NO;NO;YES;11111111111.0000;N/A;602886392.0711;USD;N/A;N/A;N/A;CLP TASA CAMARA;N/A;40 year;0.0000;1992-00CSIU-BSTE;39128.0000;IFRS;trading book;Level 2;N/A;3.9512
SNZ2OJLFK8MNNCLQOF39CCCIRS17722233;SNZ2OJLFK8MNNCLQOF39;Legal Entity Identifier;US;IR Swap (2.1);IRD|IRS|;ES;YES;NO;NO;YES;11111111111.0000;N/A;602886392.0711;USD;N/A;N/A;N/A;CLP TASA CAMARA;N/A;40 year;0.0000;1992-00CSIU-BSTE;208070.0000;IFRS;trading book;Level 2;N/A;4.9038
SNZ2OJLFK8MNNCLQOF39CCCIRS17829856;SNZ2OJLFK8MNNCLQOF39;Legal Entity Identifier;US;IR Swap (2.1);IRD|IRS|;ES;YES;NO;NO;YES;11111111111.0000;N/A;602886392.0711;USD;N/A;N/A;N/A;CLP TASA CAMARA;N/A;6 month;0.0000;1992-00CSIU-BSTE;658322.0000;IFRS;trading book;Level 2;N/A;37.4426
SNZ2OJLFK8MNNCLQOF39CCCIRS17885100;SNZ2OJLFK8MNNCLQOF39;Legal Entity Identifier;US;IR Swap (2.1);IRD|IRS|;ES;YES;NO;NO;YES;11111111111.0000;N/A;299216568.1742;MXN;N/A;N/A;N/A;MXNTIIE28D;N/A;28 day;0.0000;1992-00CSIU-BSTE;827283.0000;IFRS;trading book;Level 2;N/A;26.1634
SNZ2OJLFK8MNNCLQOF39CCCIRS17908075;SNZ2OJLFK8MNNCLQOF39;Legal Entity Identifier;US;IR Swap (2.1);IRD|IRS|;ES;YES;NO;NO;YES;11111111111.0000;N/A;602886392.0711;USD;N/A;N/A;N/A;CLP TASA CAMARA;N/A;6 month;0.0000;1992-00CSIU-BSTE;100420.0000;IFRS;trading book;Level 2;N/A;14.8416
SNZ2OJLFK8MNNCLQOF39CCCIRS17984657;SNZ2OJLFK8MNNCLQOF39;Legal Entity Identifier;US;IR Swap (2.1);IRD|IRS|;ES;YES;NO;NO;YES;11111111111.0000;N/A;602886392.0711;USD;N/A;N/A;N/A;CLP TASA CAMARA;N/A;40 year;0.0000;1992-00CSIU-BSTE;63957.0000;IFRS;trading book;Level 2;N/A;17.4588
SNZ2OJLFK8MNNCLQOF39CCCIRS18367568;SNZ2OJLFK8MNNCLQOF39;Legal Entity Identifier;US;IR Swap (2.1);IRD|IRS|;ES;YES;NO;NO;YES;11111111111.0000;N/A;299216568.1742;MXN;N/A;N/A;N/A;MXNTIIE28D;N/A;28 day;0.0000;1992-00CSIU-BSTE;646847.0000;IFRS;trading book;Level 2;N/A;54.3356
SNZ2OJLFK8MNNCLQOF39CCCIRS18409536;SNZ2OJLFK8MNNCLQOF39;Legal Entity Identifier;US;IR Swap (2.1);IRD|IRS|;ES;YES;NO;NO;YES;11111111111.0000;N/A;602886392.0711;USD;N/A;N/A;N/A;CLP TASA CAMARA;N/A;6 month;0.0000;1992-00CSIU-BSTE;176710.0000;IFRS;trading book;Level 2;N/A;81.4956
YCDYZNMZ3J494936579L0A0;5493009LI32QPVARSM36;Legal Entity Identifier;GB;Forward (4.4);CURR|FXD|FXD;GB;NO;NO;NO;NO;11111111111.0000;N/A;11111111111.0000;N/A;N/A;N/A;N/A;N/A;N/A;N/A;0.0000;1992-GKINLI-BSTE;13858.0000;IFRS;trading book;Level 2;N/A;2561.1257
YCDYZNMZ3J505327502L0A0;HQ6XF7UI1QMJFYISFT58;Legal Entity Identifier;US;Forward (4.4);CURR|FXD|SWLEG;HK;YES;NO;NO;YES;11111111111.0000;N/A;164420000.0000;EUR;N/A;N/A;N/A;N/A;N/A;N/A;0.0000;1992-DBFF-BSTE;57366.0000;IFRS;trading book;Level 2;N/A;284.7242
0000452AMARKITWIRE102909583;R0MUWSFPU8MPRO8K5P83;Legal Entity Identifier;US;IR Swap (2.1);IRD|IRS|;ES;YES;YES;YES;YES;-55956596.9695;GBP;11111111111.0000;N/A;N/A;N/A;N/A;GBP SONIA 6M FLBCK;N/A;6 month;0.0000;1992-PBFP-BSTE;1276505.0000;IFRS;trading book;Level 2;N/A;13226.1359
0000452AMARKITWIRE110152127;95980020140005879153;Legal Entity Identifier;ES;IR Swap (2.1);IRD|IRS|;ES;NO;NO;NO;YES;-2920000.0000;EUR;11111111111.0000;N/A;N/A;N/A;N/A;EURIBOR6M;N/A;6 month;0.0000;CMOF-BTIQ-BSTE;3164114.0000;IFRS;trading book;Level 2;N/A;150637.8215
0000452AMARKITWIRE134233689;ES7IP3U3RHIGC71XBU11;Legal Entity Identifier;US;Cross Currency (2.4);IRD|CS|;GB;YES;YES;YES;YES;11111111111.0000;N/A;155500000.0000;EUR;N/A;N/A;EURIBOR3M;USD SOFR 3M FLBCK;3 month;3 month;0.0000;1992-RBCR-BSTE;5709418.0000;IFRS;trading book;Level 2;N/A;9094.3782
0000452AMARKITWIRE147476276;MP6I5ZYZBEU3UXPYFY54;Legal Entity Identifier;GB;Cross Currency (2.4);IRD|CS|;GB;YES;YES;YES;YES;-70090000.0000;EUR;11111111111.0000;N/A;N/A;N/A;EURIBOR3M;USD SOFR 3M FLBCK;3 month;3 month;0.0000;1992-MIAL-BSTE;3114160.0000;IFRS;trading book;Level 2;N/A;26995.6484
0000452AMARKITWIRE151606617;549300Z8SUT4F8XGZ462;Legal Entity Identifier;GB;IR Swap (2.1);IRD|IRS|;GB;YES;NO;NO;YES;-14963890.9890;GBP;11111111111.0000;N/A;N/A;N/A;N/A;GBP CALL M COMP;N/A;3 month;0.0000;2002-LWOR-BSTE;517096.0000;IFRS;trading book;Level 2;N/A;237.9465
0000452AMARKITWIRE157038946;969500HUHIE5GG515X42;Legal Entity Identifier;US;Cross Currency (2.4);IRD|CS|;ES;YES;YES;YES;YES;11111111111.0000;N/A;113760000.0000;EUR;N/A;N/A;EURIBOR3M;USD SOFR 3M FLBCK;3 month;3 month;0.0000;1992-BISP-BSTE;672288.0000;IFRS;trading book;Level 2;N/A;6082.7978
0000452AMARKITWIRE160442259;Y0GUHBV6Q7GN8ZQINB16;Legal Entity Identifier;GB;IR Swap (2.1);IRD|IRS|;GB;YES;NO;NO;YES;11111111111.0000;N/A;355820905.7955;GBP;N/A;N/A;N/A;GBP CALL M COMP;N/A;1 year;0.0000;2002-BPWJ-BSTE;5600683.0000;IFRS;trading book;Level 2;N/A;22979.0587
0000452AMARKITWIRE174973754;SCRYQ25DTVRHYYMM6P89;Legal Entity Identifier;MX;IR Swap (2.1);IRD|IRS|;US;YES;YES;YES;YES;-592524689.3163;USD;11111111111.0000;N/A;N/A;N/A;N/A;MXNTIIE_28D;N/A;28 day;0.0000;1992-BMSY-BSTE;879316.0000;IFRS;trading book;Level 2;N/A;0.0000
0000452AMARKITWIRE91268760;5299007QVIQ7IO64NX37;Legal Entity Identifier;DE;Swaptions (2.8);IRD|OSWP|;ES;YES;NO;NO;YES;11111111111.0000;N/A;30180000.0000;EUR;N/A;N/A;N/A;EURIBOR6M;N/A;6 month;-1057550.0000;1992-00UES8-BSTE;256942.0000;IFRS;trading book;Level 2;N/A;982.3880
0000452AMARKITWIRE99274125;969500HUHIE5GG515X42;Legal Entity Identifier;US;CapFloor (2.3);IRD|CF|;ES;YES;YES;YES;YES;11111111111.0000;N/A;113760000.0000;EUR;N/A;N/A;EURIBOR6M;N/A;6 month;N/A;-1365000.0000;1992-BISP-BSTE;2994751.0000;IFRS;trading book;Level 2;N/A;3593.5671
004918070010662217500;493359038;Other identifier type;MISS;MISS;MISS;ES;YES;YES;YES;NO;11111111111.0000;N/A;11111111111.0000;N/A;N/A;N/A;N/A;N/A;N/A;N/A;99999999999.0000;N/A;14.0000;IFRS;trading book;Level 2;N/A;170.5761
004918370010531439500;959800M41SWGD92V9088;Legal Entity Identifier;ES;MISS;MISS;ES;YES;YES;YES;NO;11111111111.0000;N/A;11111111111.0000;N/A;N/A;N/A;N/A;N/A;N/A;N/A;99999999999.0000;N/A;288159.0000;IFRS;trading book;Level 2;N/A;469994.2400
004918980010516100516;959800C7RKBJ4FZMZK36;Legal Entity Identifier;ES;MISS;MISS;ES;YES;YES;YES;NO;11111111111.0000;N/A;11111111111.0000;N/A;N/A;N/A;N/A;N/A;N/A;N/A;99999999999.0000;N/A;687.0000;IFRS;trading book;Level 2;N/A;1708.0122
00491999455BBBJDTM;529900LN3S50JPU47S06;Legal Entity Identifier;DE;MISS;MISS;ES;NO;NO;NO;YES;11111111111.0000;N/A;11111111111.0000;N/A;N/A;N/A;N/A;N/A;N/A;N/A;99999999999.0000;MMOO;91417.0000;IFRS;trading book;Level 1;N/A;318.6212
00491999455BBBKFHP;5299009QA8BBE2OOB349;Legal Entity Identifier;ES;MISS;MISS;ES;NO;NO;NO;YES;11111111111.0000;N/A;11111111111.0000;N/A;N/A;N/A;N/A;N/A;N/A;N/A;99999999999.0000;MMOO;440.0000;IFRS;trading book;Level 1;N/A;0.0000
00491999476BBBCCXC;061031656;Other identifier type;MISS;MISS;MISS;ES;YES;YES;YES;NO;11111111111.0000;N/A;11111111111.0000;N/A;N/A;N/A;N/A;N/A;N/A;N/A;99999999999.0000;N/A;122935.0000;IFRS;trading book;Level 2;N/A;10.6274
00491999480BGBPLPL;959800EZ8H9Q8TXV5F74;Legal Entity Identifier;ES;MISS;MISS;ES;YES;YES;YES;NO;11111111111.0000;N/A;11111111111.0000;N/A;N/A;N/A;N/A;N/A;N/A;N/A;99999999999.0000;N/A;77.0000;IFRS;trading book;Level 2;N/A;0.0000
00491999480BGBQCDC;5493006QMFDDMYWIAM13;Legal Entity Identifier;GB;MISS;MISS;ES;YES;YES;YES;NO;11111111111.0000;N/A;11111111111.0000;N/A;N/A;N/A;N/A;N/A;N/A;N/A;99999999999.0000;N/A;-1.0000;IFRS;trading book;Level 2;N/A;0.0000
004922864821409561;F226TOH6YD6XJB17KS62;Legal Entity Identifier;GB;MISS;MISS;GB;YES;YES;YES;NO;11111111111.0000;N/A;11111111111.0000;N/A;N/A;N/A;N/A;N/A;N/A;N/A;99999999999.0000;N/A;4.0000;IFRS;trading book;Level 2;N/A;0.0000
004942950010032239500;95980020140005812320;Legal Entity Identifier;ES;MISS;MISS;ES;YES;YES;YES;NO;11111111111.0000;N/A;11111111111.0000;N/A;N/A;N/A;N/A;N/A;N/A;N/A;99999999999.0000;N/A;1407.0000;IFRS;trading book;Level 2;N/A;3360.1161
004942950010034220500;95980020140005994098;Legal Entity Identifier;ES;MISS;MISS;ES;YES;YES;YES;NO;11111111111.0000;N/A;11111111111.0000;N/A;N/A;N/A;N/A;N/A;N/A;N/A;99999999999.0000;N/A;1833.0000;IFRS;trading book;Level 2;N/A;3285.3500
004942980010039783516;B91950253;Other identifier type;MISS;MISS;MISS;ES;YES;YES;YES;NO;11111111111.0000;N/A;11111111111.0000;N/A;N/A;N/A;N/A;N/A;N/A;N/A;99999999999.0000;N/A;9165.0000;IFRS;trading book;Level 2;N/A;6304.1600
1010000023CCCIRS10589808;SNZ2OJLFK8MNNCLQOF39;Legal Entity Identifier;US;IR Swap (2.1);IRD|IRS|;ES;YES;NO;NO;YES;11111111111.0000;N/A;299216568.1742;MXN;N/A;N/A;N/A;MXNTIIE28D;N/A;28 day;0.0000;1992-00CSIU-BSTE;1426037.0000;IFRS;trading book;Level 2;N/A;327.6066
1010000023CCCIRS10631101;SNZ2OJLFK8MNNCLQOF39;Legal Entity Identifier;US;IR Swap (2.1);IRD|IRS|;ES;YES;NO;NO;YES;11111111111.0000;N/A;602886392.0711;USD;N/A;N/A;N/A;CLP TASA CAMARA;N/A;6 month;0.0000;1992-00CSIU-BSTE;317318.0000;IFRS;trading book;Level 2;N/A;0.0708
1010000023CCCIRS13240535;SNZ2OJLFK8MNNCLQOF39;Legal Entity Identifier;US;IR Swap (2.1);IRD|IRS|;ES;YES;NO;NO;YES;11111111111.0000;N/A;299216568.1742;MXN;N/A;N/A;N/A;MXNTIIE28D;N/A;28 day;0.0000;1992-00CSIU-BSTE;2263660.0000;IFRS;trading book;Level 2;N/A;13.2378
1010000023CCCIRS13334822;SNZ2OJLFK8MNNCLQOF39;Legal Entity Identifier;US;IR Swap (2.1);IRD|IRS|;ES;YES;NO;NO;YES;11111111111.0000;N/A;602886392.0711;USD;N/A;N/A;N/A;CLP TASA CAMARA;N/A;6 month;0.0000;1992-00CSIU-BSTE;542913.0000;IFRS;trading book;Level 2;N/A;1.0120
1010000023CCCIRS14577249;SNZ2OJLFK8MNNCLQOF39;Legal Entity Identifier;US;IR Swap (2.1);IRD|IRS|;ES;YES;NO;NO;YES;11111111111.0000;N/A;299216568.1742;MXN;N/A;N/A;N/A;MXNTIIE28D;N/A;28 day;0.0000;1992-00CSIU-BSTE;54646.0000;IFRS;trading book;Level 2;N/A;11.3684
1010000023CCCIRS14898089;SNZ2OJLFK8MNNCLQOF39;Legal Entity Identifier;US;IR Swap (2.1);IRD|IRS|;ES;YES;NO;NO;YES;11111111111.0000;N/A;299216568.1742;MXN;N/A;N/A;N/A;MXNTIIE28D;N/A;28 day;0.0000;1992-00CSIU-BSTE;285167.0000;IFRS;trading book;Level 2;N/A;63.5200
1010000023CCCIRS15567459;SNZ2OJLFK8MNNCLQOF39;Legal Entity Identifier;US;IR Swap (2.1);IRD|IRS|;ES;YES;NO;NO;YES;11111111111.0000;N/A;602886392.0711;USD;N/A;N/A;N/A;CDI COMP;N/A;40 year;0.0000;1992-00CSIU-BSTE;3931.0000;IFRS;trading book;Level 2;N/A;8.0146
1010000023CCCIRS6137845;SNZ2OJLFK8MNNCLQOF39;Legal Entity Identifier;US;IR Swap (2.1);IRD|IRS|;ES;YES;NO;NO;YES;11111111111.0000;N/A;299216568.1742;MXN;N/A;N/A;N/A;MXNTIIE28D;N/A;28 day;0.0000;1992-00CSIU-BSTE;452959.0000;IFRS;trading book;Level 2;N/A;6.7826
1010000023CCCIRS6303598;SNZ2OJLFK8MNNCLQOF39;Legal Entity Identifier;US;IR Swap (2.1);IRD|IRS|;ES;YES;NO;NO;YES;11111111111.0000;N/A;299216568.1742;MXN;N/A;N/A;N/A;MXNTIIE28D;N/A;28 day;0.0000;1992-00CSIU-BSTE;270501.0000;IFRS;trading book;Level 2;N/A;77.0828
1010000023CCCIRS6997303;SNZ2OJLFK8MNNCLQOF39;Legal Entity Identifier;US;IR Swap (2.1);IRD|IRS|;ES;YES;NO;NO;YES;11111111111.0000;N/A;602886392.0711;USD;N/A;N/A;N/A;CLP TASA CAMARA;N/A;6 month;0.0000;1992-00CSIU-BSTE;1696925.0000;IFRS;trading book;Level 2;N/A;19.5594
1010000023CCCIRS9305110;SNZ2OJLFK8MNNCLQOF39;Legal Entity Identifier;US;IR Swap (2.1);IRD|IRS|;ES;YES;NO;NO;YES;11111111111.0000;N/A;299216568.1742;MXN;N/A;N/A;N/A;MXNTIIE28D;N/A;28 day;0.0000;1992-00CSIU-BSTE;741763.0000;IFRS;trading book;Level 2;N/A;165.9014
1010000051SW10000000LCH0002783438518542771;F226TOH6YD6XJB17KS62;Legal Entity Identifier;GB;IR Swap (2.1);IRD|IRS|;ES;YES;NO;NO;YES;-375039949.8300;EUR;11111111111.0000;N/A;N/A;N/A;N/A;EURIBOR6M;N/A;6 month;0.0000;ISDA-LUTD-MAD;215577.0000;IFRS;trading book;Level 2;N/A;17.6844
1010000051SW10000000LCH0004700887540393965;F226TOH6YD6XJB17KS62;Legal Entity Identifier;GB;IR Swap (2.1);IRD|INFLS|;GB;YES;NO;NO;YES;11111111111.0000;N/A;13403829.7209;GBP;N/A;N/A;N/A;GBP RPI_ZC;N/A;0 businessDay;0.0000;ISDA-LUTD-MAD;23038.0000;IFRS;trading book;Level 2;N/A;0.0020
1010000051SW10000000LCH0004701000040394481;F226TOH6YD6XJB17KS62;Legal Entity Identifier;GB;IR Swap (2.1);IRD|INFLS|;GB;YES;NO;NO;YES;11111111111.0000;N/A;13403829.7209;GBP;N/A;N/A;N/A;GBP RPI_ZC;N/A;0 businessDay;0.0000;ISDA-LUTD-MAD;13074.0000;IFRS;trading book;Level 2;N/A;0.0014
1010000051SW10000000LCH0004925096343172889;F226TOH6YD6XJB17KS62;Legal Entity Identifier;GB;IR Swap (2.1);IRD|IRS|;ES;YES;NO;NO;YES;11111111111.0000;N/A;1631859733.8800;EUR;N/A;N/A;N/A;EURIBOR6M;N/A;6 month;0.0000;ISDA-LUTD-MAD;-482.0000;IFRS;trading book;Level 2;N/A;0.0000
1010000051SW10000000LCH0005368644548482279;F226TOH6YD6XJB17KS62;Legal Entity Identifier;GB;IR Swap (2.1);IRD|IRS|;GB;YES;NO;NO;YES;-231220467.2305;USD;11111111111.0000;N/A;N/A;N/A;N/A;USD FED EFF CMP;N/A;1 year;0.0000;ISDA-LUTD-MAD;-1332874.0000;IFRS;trading book;Level 2;N/A;99.3820
1010000051SW10000000LCH0005581785150939420;F226TOH6YD6XJB17KS62;Legal Entity Identifier;GB;IR Swap (2.1);IRD|IRS|;ES;YES;NO;NO;YES;-375039949.8300;EUR;11111111111.0000;N/A;N/A;N/A;N/A;EURIBOR6M;N/A;6 month;0.0000;ISDA-LUTD-MAD;732282.0000;IFRS;trading book;Level 2;N/A;56.5536
1010000051SW10000000LCH0005669977352002329;F226TOH6YD6XJB17KS62;Legal Entity Identifier;GB;IR Swap (2.1);IRD|IRS|;ES;YES;NO;NO;YES;-375039949.8300;EUR;11111111111.0000;N/A;N/A;N/A;N/A;EURIBOR6M;N/A;6 month;0.0000;ISDA-LUTD-MAD;5295848.0000;IFRS;trading book;Level 2;N/A;355.5700
1010000051SW10000000LCH0005693751152306780;F226TOH6YD6XJB17KS62;Legal Entity Identifier;GB;IR Swap (2.1);IRD|INFLS|;GB;YES;NO;NO;YES;11111111111.0000;N/A;13403829.7209;GBP;N/A;N/A;N/A;GBP RPI_ZC;N/A;0 businessDay;0.0000;ISDA-LUTD-MAD;1005477.0000;IFRS;trading book;Level 2;N/A;0.0710
1010000051SW10000000LCH0005721607052592900;F226TOH6YD6XJB17KS62;Legal Entity Identifier;GB;IR Swap (2.1);IRD|INFLS|;GB;YES;NO;NO;YES;11111111111.0000;N/A;13403829.7209;GBP;N/A;N/A;N/A;GBP RPI_ZC;N/A;0 businessDay;0.0000;ISDA-LUTD-MAD;-552695.0000;IFRS;trading book;Level 2;N/A;36.1432
1010000051SW10000000LCH0005892025654614428;F226TOH6YD6XJB17KS62;Legal Entity Identifier;GB;IR Swap (2.1);IRD|IRS|;GB;YES;NO;NO;YES;11111111111.0000;N/A;13403829.7209;GBP;N/A;N/A;N/A;GBP CALL M COMP;N/A;1 year;0.0000;ISDA-LUTD-MAD;989088.0000;IFRS;trading book;Level 2;N/A;63.1096
1010000051SW10000000LCH0006157929257930449;F226TOH6YD6XJB17KS62;Legal Entity Identifier;GB;IR Swap (2.1);IRD|INFLS|;GB;YES;NO;NO;YES;11111111111.0000;N/A;13403829.7209;GBP;N/A;N/A;N/A;GBP RPI_ZC;N/A;0 businessDay;0.0000;ISDA-LUTD-MAD;-6034812.0000;IFRS;trading book;Level 2;N/A;375.9200
1010000051SW10000000LCH0006738547964836709;F226TOH6YD6XJB17KS62;Legal Entity Identifier;GB;IR Swap (2.1);IRD|IRS|;ES;YES;NO;NO;YES;-375039949.8300;EUR;11111111111.0000;N/A;N/A;N/A;N/A;EURIBOR6M;N/A;6 month;0.0000;ISDA-LUTD-MAD;1848496.0000;IFRS;trading book;Level 2;N/A;125.1130
1010000051SW10000000LCH0006930212967191902;F226TOH6YD6XJB17KS62;Legal Entity Identifier;GB;IR Swap (2.1);IRD|IRS|;ES;YES;NO;NO;YES;11111111111.0000;N/A;1631859733.8800;EUR;N/A;N/A;N/A;EURIBOR6M;N/A;6 month;0.0000;ISDA-LUTD-MAD;-826.0000;IFRS;trading book;Level 2;N/A;0.0000
1010000051SW10000000LCH0007078510369029023;F226TOH6YD6XJB17KS62;Legal Entity Identifier;GB;IR Swap (2.1);IRD|INFLS|;GB;YES;NO;NO;YES;11111111111.0000;N/A;13403829.7209;GBP;N/A;N/A;N/A;GBP RPI_ZC;N/A;0 businessDay;0.0000;ISDA-LUTD-MAD;6364148.0000;IFRS;trading book;Level 2;N/A;3.6426
1010000051SW10000000LCH0007115541869505663;F226TOH6YD6XJB17KS62;Legal Entity Identifier;GB;IR Swap (2.1);IRD|IRS|;GB;YES;NO;NO;YES;11111111111.0000;N/A;13403829.7209;GBP;N/A;N/A;N/A;GBP CALL M COMP;N/A;1 year;0.0000;ISDA-LUTD-MAD;-31818310.0000;IFRS;trading book;Level 2;N/A;11.5480
1010000051SW10000000LCH0007208052070740101;F226TOH6YD6XJB17KS62;Legal Entity Identifier;GB;IR Swap (2.1);IRD|INFLS|;GB;YES;NO;NO;YES;11111111111.0000;N/A;13403829.7209;GBP;N/A;N/A;N/A;GBP RPI_ZC;N/A;0 businessDay;0.0000;ISDA-LUTD-MAD;8738667.0000;IFRS;trading book;Level 2;N/A;0.8168
1010000051SW10000000LCH0007407621773100753;F226TOH6YD6XJB17KS62;Legal Entity Identifier;GB;IR Swap (2.1);IRD|IRS|;GB;YES;NO;NO;YES;11111111111.0000;N/A;13403829.7209;GBP;N/A;N/A;N/A;GBP CALL M COMP;N/A;1 year;0.0000;ISDA-LUTD-MAD;-4336159.0000;IFRS;trading book;Level 2;N/A;2.0554
1010000051SW10000000LCH0007633611875860831;F226TOH6YD6XJB17KS62;Legal Entity Identifier;GB;IR Swap (2.1);IRD|IRS|;ES;YES;NO;NO;YES;-375039949.8300;EUR;11111111111.0000;N/A;N/A;N/A;N/A;EURIBOR6M;N/A;6 month;0.0000;ISDA-LUTD-MAD;3808990.0000;IFRS;trading book;Level 2;N/A;254.2534
1010000051SW10000000LCH0008163143682620819;F226TOH6YD6XJB17KS62;Legal Entity Identifier;GB;IR Swap (2.1);IRD|IRS|;ES;YES;NO;NO;YES;-375039949.8300;EUR;11111111111.0000;N/A;N/A;N/A;N/A;EUR ESTR COMP;N/A;1 year;0.0000;ISDA-LUTD-MAD;1743115.0000;IFRS;trading book;Level 2;N/A;120.5370
1010000051SW10000000LCH0008243949283610689;F226TOH6YD6XJB17KS62;Legal Entity Identifier;GB;IR Swap (2.1);IRD|INFLS|;GB;YES;NO;NO;YES;11111111111.0000;N/A;13403829.7209;GBP;N/A;N/A;N/A;GBP RPI_ZC;N/A;0 businessDay;0.0000;ISDA-LUTD-MAD;-3304546.0000;IFRS;trading book;Level 2;N/A;223.6274
1010000051SW10000000LCH0008249587283668144;F226TOH6YD6XJB17KS62;Legal Entity Identifier;GB;IR Swap (2.1);IRD|IRS|;ES;YES;NO;NO;YES;-375039949.8300;EUR;11111111111.0000;N/A;N/A;N/A;N/A;EURIBOR6M;N/A;6 month;0.0000;ISDA-LUTD-MAD;3972424.0000;IFRS;trading book;Level 2;N/A;1.4386
1010000051SW10000000LCH0008282019184094979;F226TOH6YD6XJB17KS62;Legal Entity Identifier;GB;IR Swap (2.1);IRD|IRS|;ES;YES;NO;NO;YES;-375039949.8300;EUR;11111111111.0000;N/A;N/A;N/A;N/A;EURIBOR6M;N/A;6 month;0.0000;ISDA-LUTD-MAD;30093276.0000;IFRS;trading book;Level 2;N/A;13.6000
1010000051SW10000000LCH0008427389286130315;F226TOH6YD6XJB17KS62;Legal Entity Identifier;GB;IR Swap (2.1);IRD|IRS|;GB;YES;NO;NO;YES;11111111111.0000;N/A;13403829.7209;GBP;N/A;N/A;N/A;GBP CALL M COMP;N/A;3 month;0.0000;ISDA-LUTD-MAD;-11932.0000;IFRS;trading book;Level 2;N/A;0.7498
1010000051SW10000000LCH0008435141286287024;F226TOH6YD6XJB17KS62;Legal Entity Identifier;GB;IR Swap (2.1);IRD|IRS|;GB;YES;NO;NO;YES;11111111111.0000;N/A;13403829.7209;GBP;N/A;N/A;N/A;GBP CALL M COMP;N/A;3 month;0.0000;ISDA-LUTD-MAD;7775942.0000;IFRS;trading book;Level 2;N/A;1.5762
1010000051SW10000000LCH0008441495086418495;F226TOH6YD6XJB17KS62;Legal Entity Identifier;GB;IR Swap (2.1);IRD|IRS|;GB;YES;NO;NO;YES;11111111111.0000;N/A;13403829.7209;GBP;N/A;N/A;N/A;GBP CALL M COMP;N/A;6 month;0.0000;ISDA-LUTD-MAD;2331303.0000;IFRS;trading book;Level 2;N/A;0.4694
1010000051SW10000000LCH0008447159886534125;F226TOH6YD6XJB17KS62;Legal Entity Identifier;GB;IR Swap (2.1);IRD|IRS|;GB;YES;NO;NO;YES;11111111111.0000;N/A;13403829.7209;GBP;N/A;N/A;N/A;GBP CALL M COMP;N/A;6 month;0.0000;ISDA-LUTD-MAD;193727311.0000;IFRS;trading book;Level 2;N/A;73.3938
1010000051SW10000000LCH0008450732786605914;F226TOH6YD6XJB17KS62;Legal Entity Identifier;GB;IR Swap (2.1);IRD|IRS|;GB;YES;NO;NO;YES;11111111111.0000;N/A;13403829.7209;GBP;N/A;N/A;N/A;GBP CALL M COMP;N/A;6 month;0.0000;ISDA-LUTD-MAD;1652306.0000;IFRS;trading book;Level 2;N/A;130.5636
1010000051SW10000000LCH0008455199186697769;F226TOH6YD6XJB17KS62;Legal Entity Identifier;GB;IR Swap (2.1);IRD|IRS|;GB;YES;NO;NO;YES;11111111111.0000;N/A;13403829.7209;GBP;N/A;N/A;N/A;GBP CALL M COMP;N/A;6 month;0.0000;ISDA-LUTD-MAD;-38343082.0000;IFRS;trading book;Level 2;N/A;2868.8152
1010000051SW10000000LCH0008576024388258153;F226TOH6YD6XJB17KS62;Legal Entity Identifier;GB;IR Swap (2.1);IRD|INFLS|;GB;YES;NO;NO;YES;11111111111.0000;N/A;13403829.7209;GBP;N/A;N/A;N/A;GBP RPI_ZC;N/A;0 businessDay;0.0000;ISDA-LUTD-MAD;-3563611.0000;IFRS;trading book;Level 2;N/A;246.6644
1010000051SW10000000LCH0008691752489661525;F226TOH6YD6XJB17KS62;Legal Entity Identifier;GB;IR Swap (2.1);IRD|IRS|;ES;YES;NO;NO;YES;-375039949.8300;EUR;11111111111.0000;N/A;N/A;N/A;N/A;EURIBOR6M;N/A;6 month;0.0000;ISDA-LUTD-MAD;8798018.0000;IFRS;trading book;Level 2;N/A;605.9900
1010000051SW10000000LCH0008710567889865363;F226TOH6YD6XJB17KS62;Legal Entity Identifier;GB;IR Swap (2.1);IRD|IRS|;GB;YES;NO;NO;YES;-231220467.2305;USD;11111111111.0000;N/A;N/A;N/A;N/A;USD SOFR COMP;N/A;1 year;0.0000;ISDA-LUTD-MAD;10755798.0000;IFRS;trading book;Level 2;N/A;736.0404
1010000051SW10000000LCH0008717136889979927;F226TOH6YD6XJB17KS62;Legal Entity Identifier;GB;IR Swap (2.1);IRD|INFLS|;GB;YES;NO;NO;YES;11111111111.0000;N/A;13403829.7209;GBP;N/A;N/A;N/A;GBP RPI_ZC;N/A;0 businessDay;0.0000;ISDA-LUTD-MAD;-1311053.0000;IFRS;trading book;Level 2;N/A;138.6146
1010000051SW10000000LCH0008756836590436797;F226TOH6YD6XJB17KS62;Legal Entity Identifier;GB;IR Swap (2.1);IRD|IRS|;GB;YES;NO;NO;YES;11111111111.0000;N/A;13403829.7209;GBP;N/A;N/A;N/A;GBP CALL M COMP;N/A;1 year;0.0000;ISDA-LUTD-MAD;-2207197.0000;IFRS;trading book;Level 2;N/A;147.2236
1010000051SW10000000LCH0008867852691814703;F226TOH6YD6XJB17KS62;Legal Entity Identifier;GB;IR Swap (2.1);IRD|IRS|;ES;YES;NO;NO;YES;-375039949.8300;EUR;11111111111.0000;N/A;N/A;N/A;N/A;EURIBOR6M;N/A;6 month;0.0000;ISDA-LUTD-MAD;7789551.0000;IFRS;trading book;Level 2;N/A;569.7970
1010000051SW10000000LCH0008998231493366732;F226TOH6YD6XJB17KS62;Legal Entity Identifier;GB;IR Swap (2.1);IRD|INFLS|;GB;YES;NO;NO;YES;11111111111.0000;N/A;13403829.7209;GBP;N/A;N/A;N/A;GBP RPI_ZC;N/A;0 businessDay;0.0000;ISDA-LUTD-MAD;-1714290.0000;IFRS;trading book;Level 2;N/A;119.5442
1010000051SW10000000LCH0009000863193400640;F226TOH6YD6XJB17KS62;Legal Entity Identifier;GB;IR Swap (2.1);IRD|IRS|;ES;YES;NO;NO;YES;-231220467.2305;USD;11111111111.0000;N/A;N/A;N/A;N/A;USD SOFR COMP;N/A;3 month;0.0000;ISDA-LUTD-MAD;1493230.0000;IFRS;trading book;Level 2;N/A;4.0484
1010000051SW10000000LCH0009086239394427031;F226TOH6YD6XJB17KS62;Legal Entity Identifier;GB;IR Swap (2.1);IRD|IRS|;ES;YES;NO;NO;YES;-375039949.8300;EUR;11111111111.0000;N/A;N/A;N/A;N/A;EURIBOR6M;N/A;6 month;0.0000;ISDA-LUTD-MAD;1637094.0000;IFRS;trading book;Level 2;N/A;134.2832
1010000051SW10000000LCH0009142686995136308;F226TOH6YD6XJB17KS62;Legal Entity Identifier;GB;IR Swap (2.1);IRD|IRS|;ES;YES;NO;NO;YES;-375039949.8300;EUR;11111111111.0000;N/A;N/A;N/A;N/A;EURIBOR6M;N/A;6 month;0.0000;ISDA-LUTD-MAD;4663536.0000;IFRS;trading book;Level 2;N/A;375.3622
1010000051SW10000000LCH0009146835995178582;F226TOH6YD6XJB17KS62;Legal Entity Identifier;GB;IR Swap (2.1);IRD|INFLS|;GB;YES;NO;NO;YES;11111111111.0000;N/A;13403829.7209;GBP;N/A;N/A;N/A;GBP RPI_ZC;N/A;0 businessDay;0.0000;ISDA-LUTD-MAD;-2193826.0000;IFRS;trading book;Level 2;N/A;159.6516
1010000051SW10000000LCH0009239836596294923;F226TOH6YD6XJB17KS62;Legal Entity Identifier;GB;IR Swap (2.1);IRD|IRS|;ES;YES;NO;NO;YES;-375039949.8300;EUR;11111111111.0000;N/A;N/A;N/A;N/A;EURIBOR3M;N/A;3 month;0.0000;ISDA-LUTD-MAD;5101604.0000;IFRS;trading book;Level 2;N/A;27.8872
1010000051SW10000000LCH0009467709399037256;F226TOH6YD6XJB17KS62;Legal Entity Identifier;GB;IR Swap (2.1);IRD|INFLS|;ES;YES;NO;NO;YES;-375039949.8300;EUR;11111111111.0000;N/A;N/A;N/A;N/A;CPTFEMU;N/A;0 businessDay;0.0000;ISDA-LUTD-MAD;6056797.0000;IFRS;trading book;Level 2;N/A;0.0806
1010000051SW10000000LCH0009476694699160019;F226TOH6YD6XJB17KS62;Legal Entity Identifier;GB;IR Swap (2.1);IRD|IRS|;ES;YES;NO;NO;YES;-375039949.8300;EUR;11111111111.0000;N/A;N/A;N/A;N/A;EURIBOR3M;N/A;3 month;0.0000;ISDA-LUTD-MAD;128281.0000;IFRS;Non-trading book;Level 2;MISS;24.1628
1010000051SW1000000LCH00095861131100514681;F226TOH6YD6XJB17KS62;Legal Entity Identifier;GB;IR Swap (2.1);IRD|IRS|;ES;YES;NO;NO;YES;-375039949.8300;EUR;11111111111.0000;N/A;N/A;N/A;N/A;EUR ESTR COMP;N/A;1 year;0.0000;ISDA-LUTD-MAD;288736.0000;IFRS;trading book;Level 2;N/A;0.0188
1010000051SW1000000LCH00095876324100530009;F226TOH6YD6XJB17KS62;Legal Entity Identifier;GB;IR Swap (2.1);IRD|IRS|;ES;YES;NO;NO;YES;-6688732.7578;MXN;11111111111.0000;N/A;N/A;N/A;N/A;MXNTIIE28D;N/A;28 day;0.0000;ISDA-LUTD-MAD;160351.0000;IFRS;trading book;Level 2;N/A;32.4666
1010000051SW1000000LCH00096026380100711640;F226TOH6YD6XJB17KS62;Legal Entity Identifier;GB;IR Swap (2.1);IRD|IRS|;ES;YES;NO;NO;YES;-375039949.8300;EUR;11111111111.0000;N/A;N/A;N/A;N/A;EURIBOR3M;N/A;3 month;0.0000;ISDA-LUTD-MAD;2121906.0000;IFRS;trading book;Level 2;N/A;169.0892
1010000051SW1000000LCH00096369185101152834;F226TOH6YD6XJB17KS62;Legal Entity Identifier;GB;IR Swap (2.1);IRD|IRS|;ES;YES;NO;NO;YES;-3573002.5424;PLN;11111111111.0000;N/A;N/A;N/A;N/A;PLNWIBOR;N/A;6 month;0.0000;ISDA-LUTD-MAD;1013363.0000;IFRS;trading book;Level 2;N/A;67.9708
1010000051SW1000000LCH00096513969101393210;F226TOH6YD6XJB17KS62;Legal Entity Identifier;GB;IR Swap (2.1);IRD|IRS|;GB;YES;NO;NO;YES;11111111111.0000;N/A;13403829.7209;GBP;N/A;N/A;N/A;GBP CALL M COMP;N/A;1 year;0.0000;ISDA-LUTD-MAD;566396.0000;IFRS;trading book;Level 2;N/A;20.3982
1010000051SW1000000LCH00096870796101838982;F226TOH6YD6XJB17KS62;Legal Entity Identifier;GB;IR Swap (2.1);IRD|IRS|;ES;YES;NO;NO;YES;11111111111.0000;N/A;13403829.7209;GBP;N/A;N/A;N/A;GBP CALL M COMP;N/A;1 year;0.0000;ISDA-LUTD-MAD;268051.0000;IFRS;trading book;Level 2;N/A;24.6712
1010000051SW1000000LCH00097290093102368139;F226TOH6YD6XJB17KS62;Legal Entity Identifier;GB;IR Swap (2.1);IRD|IRS|;GB;YES;NO;NO;YES;11111111111.0000;N/A;13403829.7209;GBP;N/A;N/A;N/A;GBP CALL M COMP;N/A;3 month;0.0000;ISDA-LUTD-MAD;-79510.0000;IFRS;trading book;Level 2;N/A;6.4964
1010000051SW1000000LCH00097409415102537905;F226TOH6YD6XJB17KS62;Legal Entity Identifier;GB;IR Swap (2.1);IRD|IRS|;GB;YES;NO;NO;YES;-231220467.2305;USD;11111111111.0000;N/A;N/A;N/A;N/A;USD FED EFF CMP;N/A;1 year;0.0000;ISDA-LUTD-MAD;-2984877.0000;IFRS;trading book;Level 2;N/A;0.9012
1010000051SW1000000LCH00097817621103055238;F226TOH6YD6XJB17KS62;Legal Entity Identifier;GB;IR Swap (2.1);IRD|IRS|;ES;YES;NO;NO;YES;-3573002.5424;PLN;11111111111.0000;N/A;N/A;N/A;N/A;PLNWIBOR;N/A;6 month;0.0000;ISDA-LUTD-MAD;461229.0000;IFRS;trading book;Level 2;N/A;5.6298
1010000274GFIBLT000000000000000000I1371399;RR3QWICWWIPCS8A4S074;Legal Entity Identifier;US;Swaptions (2.8);IRD|OSWP|;ES;YES;YES;YES;YES;-17196000.0000;EUR;11111111111.0000;N/A;N/A;N/A;N/A;USD SOFR 3M FLBCK;N/A;3 month;-2581250.0000;1992-RBSB-BSTE;213542.0000;IFRS;trading book;Level 2;N/A;2240.6987
101000028020160707085020160707100000000410;E57ODZWZ7FF32TWEFA76;Legal Entity Identifier;US;IR Swap (2.1);IRD|IRS|;US;YES;YES;YES;YES;-63036137.0000;EUR;11111111111.0000;N/A;N/A;N/A;N/A;CLP TASA CAMARA;N/A;6 month;0.0000;1992-CIDL-BSTE;243651.0000;IFRS;trading book;Level 2;N/A;10.8879
1010000280TC00026920181107094445009347486;7H6GLXDRUGQFU57RNE97;Legal Entity Identifier;US;Cross Currency (2.4);IRD|CS|;ES;YES;YES;YES;YES;-72033296.7500;EUR;11111111111.0000;N/A;N/A;N/A;USD SOFR 1M FLBCK;MXNTIIE28D;28 day;28 day;0.0000;1992-CMFX-BECM;687361.0000;IFRS;trading book;Level 2;N/A;332.0072
1010000280TC00032220200910124157009999476;7H6GLXDRUGQFU57RNE97;Legal Entity Identifier;US;Cross Currency (2.4);IRD|CS|;ES;YES;YES;YES;YES;-72033296.7500;EUR;11111111111.0000;N/A;N/A;N/A;N/A;CLP TASA CAMARA;N/A;6 month;0.0000;1992-CMFX-BECM;312333.0000;IFRS;trading book;Level 2;N/A;91.1845
1010000280TC00043020180517113555008973740;1IE8VN30JCEQV1H4R804;Legal Entity Identifier;US;IR Swap (2.1);IRD|IRS|;ES;YES;YES;YES;YES;11111111111.0000;N/A;4318858.3849;USD;N/A;N/A;N/A;CLP TASA CAMARA;N/A;6 month;0.0000;1992-HKON-BSTE;261577.0000;IFRS;trading book;Level 2;N/A;149.7029
1010000281562010846;549300XVOAUN3EEO6F68;Legal Entity Identifier;GB;Forward (4.4);CURR|FXD|FXD;GB;YES;NO;NO;NO;11111111111.0000;N/A;11111111111.0000;N/A;N/A;N/A;N/A;N/A;N/A;N/A;0.0000;1992-QSKC-BSTE;893830.0000;IFRS;trading book;Level 2;N/A;12988.7659
1010000282TC_02418820150903093452006827108;7H6GLXDRUGQFU57RNE97;Legal Entity Identifier;US;IR Swap (2.1);IRD|IRS|;ES;YES;YES;YES;YES;-206142192.0700;EUR;11111111111.0000;N/A;N/A;N/A;N/A;MXNTIIE28D;N/A;28 day;0.0000;1992-CMFX-BECM;407030.0000;IFRS;trading book;Level 2;N/A;769.0449
1010000283BKRBLTL8818878;R0MUWSFPU8MPRO8K5P83;Legal Entity Identifier;US;Vanilla Option (4.5);CURR|OPT|SMP;ES;YES;YES;YES;YES;11111111111.0000;N/A;225690000.0000;EUR;N/A;N/A;N/A;N/A;N/A;N/A;0.0000;1992-PBFP-BSTE;386506.0000;IFRS;trading book;Level 2;N/A;169.4526
1010000283TSBGCNYXXXXXXXXXXXXXXXXXX8190223;K8MS7FD7N5Z2WQ51AZ71;Legal Entity Identifier;US;Cross Currency (2.4);IRD|CS|;ES;YES;YES;YES;YES;11111111111.0000;N/A;7480000.0000;EUR;N/A;N/A;USD SOFR 1M FLBCK;MXNTIIE28D;28 day;28 day;0.0000;1992-BBVD-BSTE;1400617.0000;IFRS;trading book;Level 2;N/A;1062.5321
1010000283TSBGCNYXXXXXXXXXXXXXXXXXX8499855;7H6GLXDRUGQFU57RNE97;Legal Entity Identifier;US;Cross Currency (2.4);IRD|CS|;ES;YES;YES;YES;YES;-72033296.7500;EUR;11111111111.0000;N/A;N/A;N/A;N/A;CLP TASA CAMARA;N/A;6 month;0.0000;1992-CMFX-BECM;1649664.0000;IFRS;trading book;Level 2;N/A;102.4467
1010000286V1AIR0000000000VTTCNY10004005529;K8MS7FD7N5Z2WQ51AZ71;Legal Entity Identifier;US;IR Swap (2.1);IRD|IRS|;ES;YES;YES;YES;YES;11111111111.0000;N/A;7480000.0000;EUR;N/A;N/A;N/A;MXNTIIE28D;N/A;28 day;0.0000;1992-BBVD-BSTE;401866.0000;IFRS;trading book;Level 2;N/A;2150.3387
1010000286V1AIR0000000000VTTCNY10004276146;7H6GLXDRUGQFU57RNE97;Legal Entity Identifier;US;Cross Currency (2.4);IRD|CS|;ES;YES;YES;YES;YES;-72033296.7500;EUR;11111111111.0000;N/A;N/A;N/A;USD SOFR 1M FLBCK;MXNTIIE28D;28 day;28 day;0.0000;1992-CMFX-BECM;1728629.0000;IFRS;trading book;Level 2;N/A;3688.0763
1010000286V1EIR0000000000VTTCTUK0001940407;SCRYQ25DTVRHYYMM6P89;Legal Entity Identifier;MX;IR Swap (2.1);IRD|IRS|;ES;YES;YES;YES;YES;-592524689.3163;USD;11111111111.0000;N/A;N/A;N/A;N/A;MXNTIIE28D;N/A;28 day;0.0000;1992-BMSY-BSTE;122472.0000;IFRS;trading book;Level 2;N/A;0.0000
1010000288135115050418255091;7H6GLXDRUGQFU57RNE97;Legal Entity Identifier;US;Cross Currency (2.4);IRD|CS|;ES;YES;YES;YES;YES;-72033296.7500;EUR;11111111111.0000;N/A;N/A;N/A;USD SOFR 1M FLBCK;MXNTIIE28D;28 day;28 day;0.0000;1992-CMFX-BECM;467381.0000;IFRS;trading book;Level 2;N/A;224.6824
1030266796MARKITWIRE0000000000000111284686;4PQUHN3JPFGFNF3BB653;Legal Entity Identifier;US;Cross Currency (2.4);IRD|CS|;GB;YES;YES;YES;YES;-135920000.0000;EUR;11111111111.0000;N/A;N/A;N/A;EURIBOR3M;USD SOFR 3M FLBCK;3 month;3 month;0.0000;1992-MSIL-BSTE;2814282.0000;IFRS;trading book;Level 2;N/A;10704.9330
1030266796MARKITWIRE0000000000000136963956;TR24TWEY5RVRQV65HD49;Legal Entity Identifier;US;IR Swap (2.1);IRD|IRS|;GB;YES;NO;NO;YES;-313169843.5950;USD;11111111111.0000;N/A;N/A;N/A;N/A;USD SOFR 3M FLBCK;N/A;3 month;0.0000;1992-SBWO-BSTE;482076.0000;IFRS;trading book;Level 2;N/A;0.0000
1030266796MARKITWIRE0000000000000142950670;TR24TWEY5RVRQV65HD49;Legal Entity Identifier;US;IR Swap (2.1);IRD|IRS|;GB;YES;NO;NO;YES;-313169843.5950;USD;11111111111.0000;N/A;N/A;N/A;N/A;USD SOFR 3M FLBCK;N/A;3 month;0.0000;1992-SBWO-BSTE;117089.0000;IFRS;trading book;Level 2;N/A;0.0000
1030266796MARKITWIRE0000000000000143310405;TR24TWEY5RVRQV65HD49;Legal Entity Identifier;US;IR Swap (2.1);IRD|IRS|;GB;YES;NO;NO;YES;-313169843.5950;USD;11111111111.0000;N/A;N/A;N/A;N/A;USD SOFR 3M FLBCK;N/A;3 month;0.0000;1992-SBWO-BSTE;47041.0000;IFRS;trading book;Level 2;N/A;0.0000
1030266796MARKITWIRE0000000000000168410533;95980020140005209368;Legal Entity Identifier;ES;IR Swap (2.1);IRD|IRS|;ES;YES;NO;NO;YES;-172610000.0000;EUR;11111111111.0000;N/A;N/A;N/A;N/A;EURIBOR3M;N/A;3 month;0.0000;1992-UCIS-BSTE;2408246.0000;IFRS;trading book;Level 2;N/A;0.0000
1030266796MARKITWIRE0000000000000171114936;R0MUWSFPU8MPRO8K5P83;Legal Entity Identifier;US;Swaptions (2.8);IRD|OSWP|;ES;YES;YES;YES;YES;11111111111.0000;N/A;225690000.0000;EUR;N/A;N/A;N/A;EURIBOR6M;N/A;6 month;-660000.0000;1992-PBFP-BSTE;5526244.0000;IFRS;trading book;Level 2;N/A;34158.2215
1030266796MARKITWIRE0000000000000175883945;549300O0YQXDOJB36Y73;Legal Entity Identifier;IT;IR Swap (2.1);IRD|IRS|;ES;YES;NO;NO;YES;-99650000.0000;EUR;11111111111.0000;N/A;N/A;N/A;N/A;EURIBOR3M;N/A;3 month;0.0000;1992-5FCO-BSTE;9232141.0000;IFRS;trading book;Level 2;N/A;0.0000
1030266796MARKITWIRE0000000000000194554944;549300ZK53CNGEEI6A29;Legal Entity Identifier;DE;Swaptions (2.8);IRD|OSWP|;ES;YES;YES;YES;YES;-111130000.0000;EUR;11111111111.0000;N/A;N/A;N/A;N/A;EURIBOR6M;N/A;6 month;-2517375.0000;2002-CMBF-BSTE;1087727.0000;IFRS;trading book;Level 2;N/A;11280.0556
1030266796SAN00000000000000000001039189321;851WYGNLUQLFZBSYGB56;Legal Entity Identifier;SG;IR Swap (2.1);IRD|IRS|;ES;YES;YES;YES;YES;-74250000.0000;EUR;11111111111.0000;N/A;N/A;N/A;N/A;EURIBOR6M;N/A;6 month;0.0000;1992-CBKJ-BSTE;4926541.0000;IFRS;trading book;Level 2;N/A;116969.0076
1030266796SAN00000000000000000001692891121;851WYGNLUQLFZBSYGB56;Legal Entity Identifier;SG;IR Swap (2.1);IRD|IRS|;ES;YES;YES;YES;YES;11111111111.0000;N/A;42700000.0000;EUR;N/A;N/A;N/A;GBP SONIA 6M FLBCK;N/A;6 month;0.0000;1992-CBKJ-BSTE;752812.0000;IFRS;trading book;Level 2;N/A;57277.9874
1050000007O00000000000000384334C;529900LN3S50JPU47S06;Legal Entity Identifier;DE;IR Swap (2.1);IRD|IRS|;ES;YES;NO;NO;YES;-388951764.3000;EUR;11111111111.0000;N/A;N/A;N/A;N/A;EUR3M-EUREX;N/A;3 month;0.0000;ISDA-ECAG-BSTE;1104981.0000;IFRS;trading book;Level 2;N/A;0.6432
1050000007O00000000000000990750C;529900LN3S50JPU47S06;Legal Entity Identifier;DE;IR Swap (2.1);IRD|IRS|;ES;YES;NO;NO;YES;-388951764.3000;EUR;11111111111.0000;N/A;N/A;N/A;N/A;EUR6M-EUREX;N/A;6 month;0.0000;ISDA-ECAG-BSTE;7149329.0000;IFRS;trading book;Level 2;N/A;2.6674
1050000007O00000000000002007189C;529900LN3S50JPU47S06;Legal Entity Identifier;DE;IR Swap (2.1);IRD|IRS|;ES;YES;NO;NO;YES;-388951764.3000;EUR;11111111111.0000;N/A;N/A;N/A;N/A;EUR6M-EUREX;N/A;6 month;0.0000;ISDA-ECAG-BSTE;92483375.0000;IFRS;trading book;Level 2;N/A;4013.0798
1050000007O00000000000002946548C;529900LN3S50JPU47S06;Legal Entity Identifier;DE;IR Swap (2.1);IRD|IRS|;ES;YES;NO;NO;YES;-388951764.3000;EUR;11111111111.0000;N/A;N/A;N/A;N/A;EUR6M-EUREX;N/A;6 month;0.0000;ISDA-ECAG-BSTE;4449711.0000;IFRS;trading book;Level 2;N/A;9.5732
1050000007O00000000000003564610C;529900LN3S50JPU47S06;Legal Entity Identifier;DE;IR Swap (2.1);IRD|IRS|;ES;YES;NO;NO;YES;-388951764.3000;EUR;11111111111.0000;N/A;N/A;N/A;N/A;EUR ESTR EUREX;N/A;1 year;0.0000;ISDA-ECAG-BSTE;1881462.0000;IFRS;trading book;Level 2;N/A;18.3754
1050000007O00000000000003708325C;529900LN3S50JPU47S06;Legal Entity Identifier;DE;FRA (2.2);IRD|FRA|;ES;YES;NO;NO;YES;-388951764.3000;EUR;11111111111.0000;N/A;N/A;N/A;N/A;EURIBOR6M;N/A;6 month;0.0000;ISDA-ECAG-BSTE;99319.0000;IFRS;trading book;Level 2;N/A;0.9882
1050000007O00000000000003749450C;529900LN3S50JPU47S06;Legal Entity Identifier;DE;IR Swap (2.1);IRD|IRS|;ES;YES;NO;NO;YES;-388951764.3000;EUR;11111111111.0000;N/A;N/A;N/A;N/A;EUR ESTR EUREX;N/A;1 year;0.0000;ISDA-ECAG-BSTE;640.0000;IFRS;trading book;Level 2;N/A;0.0576
1050000007O00000000000004187579C;529900LN3S50JPU47S06;Legal Entity Identifier;DE;IR Swap (2.1);IRD|IRS|;ES;YES;NO;NO;YES;-388951764.3000;EUR;11111111111.0000;N/A;N/A;N/A;N/A;EUR ESTR EUREX;N/A;1 year;0.0000;ISDA-ECAG-BSTE;168.0000;IFRS;trading book;Level 2;N/A;0.0462
1050000007O00000000000004238378C;529900LN3S50JPU47S06;Legal Entity Identifier;DE;IR Swap (2.1);IRD|IRS|;ES;YES;NO;NO;YES;-388951764.3000;EUR;11111111111.0000;N/A;N/A;N/A;N/A;EUR ESTR EUREX;N/A;40 year;0.0000;ISDA-ECAG-BSTE;2696.0000;IFRS;trading book;Level 2;N/A;0.4064
1050000007O00000000000004247587C;529900LN3S50JPU47S06;Legal Entity Identifier;DE;FRA (2.2);IRD|FRA|;ES;YES;NO;NO;YES;-388951764.3000;EUR;11111111111.0000;N/A;N/A;N/A;N/A;EURIBOR6M;N/A;6 month;0.0000;ISDA-ECAG-BSTE;6877.0000;IFRS;trading book;Level 2;N/A;1.0712
18443839;F226TOH6YD6XJB17KS62;Legal Entity Identifier;GB;IR Swap (2.1);IRD|IRS|;ES;YES;NO;NO;YES;-375039949.8300;EUR;11111111111.0000;N/A;N/A;N/A;N/A;EURIBOR6M;N/A;6 month;0.0000;ISDA-LUTD-MAD;40818.0000;IFRS;trading book;Level 2;N/A;3.5426
18446829;F226TOH6YD6XJB17KS62;Legal Entity Identifier;GB;IR Swap (2.1);IRD|IRS|;ES;YES;NO;NO;YES;-375039949.8300;EUR;11111111111.0000;N/A;N/A;N/A;N/A;EURIBOR6M;N/A;6 month;0.0000;ISDA-LUTD-MAD;362237.0000;IFRS;trading book;Level 2;N/A;27.7730
18446853;O2RNE8IBXP4R0TD8PU41;Legal Entity Identifier;ZA;IR Swap (2.1);IRD|IRS|;ES;YES;YES;YES;YES;-48810000.0000;EUR;11111111111.0000;N/A;N/A;N/A;N/A;EURIBOR6M;N/A;6 month;0.0000;1992-SGAR-BSTEG;1020751.0000;IFRS;trading book;Level 2;N/A;1864.1583
18447383;96950041VJ1QP0B69503;Legal Entity Identifier;FR;IR Swap (2.1);IRD|IRS|;ES;YES;YES;YES;YES;11111111111.0000;N/A;19740000.0000;EUR;0.0000|500000.0000|1500000.0000|8000000.0000|32000000.0000|0.0000;N/A;N/A;EURIBOR3M;N/A;3 month;0.0000;1992-D5S6-BSTE;728923.0000;IFRS;trading book;Level 2;N/A;68290.9589
18469527;549300X3UK4GG3FNMO06;Legal Entity Identifier;FR;IR Swap (2.1);IRD|IRS|;ES;YES;NO;NO;YES;-186419117.0000;EUR;11111111111.0000;N/A;N/A;N/A;N/A;EURIBOR6M;N/A;6 month;0.0000;1992-EEDF-BSTE;32106981.0000;IFRS;trading book;Level 2;N/A;68123.2838
18476864;529900Z3J0N6S0F7CT25;Legal Entity Identifier;DE;IR Swap (2.1);IRD|IRS|;ES;YES;NO;NO;YES;11111111111.0000;N/A;31100000.0000;EUR;N/A;N/A;N/A;EURIBOR6M;N/A;6 month;0.0000;1992-LANB-BSTE;333768.0000;IFRS;trading book;Level 2;N/A;0.0000
18496765;4PQUHN3JPFGFNF3BB653;Legal Entity Identifier;US;CapFloor (2.3);IRD|CF|;ES;YES;YES;YES;YES;-135920000.0000;EUR;11111111111.0000;N/A;N/A;N/A;EURIBOR12M;N/A;1 year;N/A;0.0000;1992-MSIL-BSTE;872057.0000;IFRS;Non-trading book;Level 2;MISS;5091.1236
19292315;259400LGXW3K0GDAG361;Legal Entity Identifier;PL;Vanilla Option (4.5);CURR|OPT|SMP;ES;YES;NO;NO;YES;-150100000.0000;EUR;11111111111.0000;N/A;N/A;N/A;N/A;N/A;N/A;N/A;0.0000;1992-1WBK-BSTE;7041.0000;IFRS;trading book;Level 2;N/A;0.0000
19406373;9598006Y5SSQEXRYNZ58;Legal Entity Identifier;ES;IR Swap (2.1);IRD|IRS|;ES;NO;NO;NO;NO;11111111111.0000;N/A;11111111111.0000;N/A;N/A;0.0000|50000.0000|150000.0000|0.0000|0.0000|0.0000;EURIBOR12M;N/A;3 month;N/A;0.0000;U0KL;5347.0000;IFRS;trading book;Level 2;N/A;0.0000
19437247;959800M41SWGD92V9088;Legal Entity Identifier;ES;CapFloor (2.3);IRD|CF|;ES;NO;NO;NO;YES;11111111111.0000;N/A;15320000.0000;EUR;N/A;N/A;EURIBOR1M;N/A;1 month;N/A;0.0000;CMOF-36DU-BSTE;80.0000;IFRS;trading book;Level 2;N/A;14766.3500
19445367;959800ZZGX2YY12WWZ76;Legal Entity Identifier;MISS;CapFloor (2.3);IRD|CF|;ES;NO;NO;NO;NO;11111111111.0000;N/A;11111111111.0000;N/A;N/A;N/A;EURIBOR6M;N/A;6 month;N/A;-1068.5000;19445367;289.0000;IFRS;trading book;Level 2;N/A;0.0000
19447181;959800UQ57AKE18WE912;Legal Entity Identifier;ES;CapFloor (2.3);IRD|CF|;ES;NO;NO;NO;NO;11111111111.0000;N/A;11111111111.0000;N/A;N/A;N/A;EURIBOR12M;N/A;1 year;N/A;-5832.7500;CMOF-PWZ4-BSTE;2263.0000;IFRS;trading book;Level 2;N/A;0.0000
19452596;959800BSNMXU8EAHDD42;Legal Entity Identifier;ES;CapFloor (2.3);IRD|CF|;ES;NO;NO;NO;NO;11111111111.0000;N/A;11111111111.0000;N/A;N/A;N/A;EURIBOR12M;N/A;1 year;N/A;-10037.0400;CMOF-7VZH-BSTE;11931.0000;IFRS;trading book;Level 2;N/A;0.0000
19453130;959800KUSWSR36RMUT95;Legal Entity Identifier;MISS;CapFloor (2.3);IRD|CF|;ES;NO;NO;NO;NO;11111111111.0000;N/A;11111111111.0000;N/A;N/A;N/A;EURIBOR12M;N/A;1 year;N/A;-1147.2000;19453130;1132.0000;IFRS;trading book;Level 2;N/A;0.0000
19455089;959800M0FPJ52SU06529;Legal Entity Identifier;MISS;CapFloor (2.3);IRD|CF|;ES;NO;NO;NO;NO;11111111111.0000;N/A;11111111111.0000;N/A;N/A;N/A;EURIBOR12M;N/A;1 year;N/A;-581.4000;19455089;572.0000;IFRS;trading book;Level 2;N/A;0.0000
19455651;959800M3HPLQLC9Z3L30;Legal Entity Identifier;ES;CapFloor (2.3);IRD|CF|;ES;NO;NO;NO;NO;11111111111.0000;N/A;11111111111.0000;N/A;N/A;N/A;EURIBOR6M;N/A;6 month;N/A;-1836.0000;CMOF-00CZDV-BSTE;1117.0000;IFRS;trading book;Level 2;N/A;0.0000
19458664;14040695T;Other identifier type;ES;CapFloor (2.3);IRD|CF|;ES;NO;NO;NO;NO;11111111111.0000;N/A;11111111111.0000;N/A;N/A;N/A;EURIBOR12M;N/A;1 year;N/A;-958.5000;CMOF-00DG4A-BSTE;1131.0000;IFRS;trading book;Level 2;N/A;0.0000
19459861;959800GSBJ5XAM07LF68;Legal Entity Identifier;MISS;CapFloor (2.3);IRD|CF|;ES;NO;NO;NO;NO;11111111111.0000;N/A;11111111111.0000;N/A;N/A;N/A;EURIBOR6M;N/A;6 month;N/A;-903.0000;19459861;581.0000;IFRS;trading book;Level 2;N/A;0.0000
19479063;984500DAC0BY4A9Q3738;Legal Entity Identifier;MISS;CapFloor (2.3);IRD|CF|;ES;NO;NO;NO;NO;11111111111.0000;N/A;11111111111.0000;N/A;N/A;N/A;EURIBOR12M;N/A;1 year;N/A;-473.2000;19479063;1131.0000;IFRS;trading book;Level 2;N/A;0.0000
20221889;05683603G;Other identifier type;MISS;CapFloor (2.3);IRD|CF|;ES;NO;NO;NO;NO;11111111111.0000;N/A;11111111111.0000;N/A;N/A;N/A;EURIBOR12M;N/A;1 year;N/A;-591.1500;20221889;1641.0000;IFRS;trading book;Level 2;N/A;0.0000
20328697;959800XZ0DA3VTU9ZV94;Legal Entity Identifier;MISS;CapFloor (2.3);IRD|CF|;ES;NO;NO;NO;NO;11111111111.0000;N/A;11111111111.0000;N/A;N/A;N/A;EURIBOR12M;N/A;1 year;N/A;-1537.5000;20328697;5078.0000;IFRS;trading book;Level 2;N/A;0.0000
20522307;959800870D60QJKPBS98;Legal Entity Identifier;ES;CapFloor (2.3);IRD|CF|;ES;NO;NO;NO;NO;11111111111.0000;N/A;11111111111.0000;N/A;N/A;N/A;EURIBOR12M;N/A;1 month;N/A;0.0000;CMOF-SPAS-BSTE;36.0000;IFRS;trading book;Level 2;N/A;166.8000
21000126;SCRYQ25DTVRHYYMM6P89;Legal Entity Identifier;MX;IR Swap (2.1);IRD|IRS|;ES;YES;YES;YES;YES;-592524689.3163;USD;11111111111.0000;N/A;N/A;N/A;N/A;MXNTIIE28D;N/A;28 day;0.0000;1992-BMSY-BSTE;1351979.0000;IFRS;trading book;Level 2;N/A;0.0000
22273700;31682800R;Other identifier type;MISS;CapFloor (2.3);IRD|CF|;ES;NO;NO;NO;NO;11111111111.0000;N/A;11111111111.0000;N/A;N/A;N/A;EURIBOR12M;N/A;1 year;N/A;-473.1300;22273700;1428.0000;IFRS;trading book;Level 2;N/A;0.0000
22274227;X3179008V;Other identifier type;MISS;CapFloor (2.3);IRD|CF|;ES;NO;NO;NO;NO;11111111111.0000;N/A;11111111111.0000;N/A;N/A;N/A;EURIBOR12M;N/A;1 year;N/A;-1143.0100;22274227;3457.0000;IFRS;trading book;Level 2;N/A;0.0000
22329772;77349174J;Other identifier type;MISS;CapFloor (2.3);IRD|CF|;ES;NO;NO;NO;NO;11111111111.0000;N/A;11111111111.0000;N/A;N/A;N/A;EURIBOR12M;N/A;1 year;N/A;-441.0000;22329772;1382.0000;IFRS;trading book;Level 2;N/A;0.0000
23109013;79306376F;Other identifier type;MISS;CapFloor (2.3);IRD|CF|;ES;NO;NO;NO;NO;11111111111.0000;N/A;11111111111.0000;N/A;N/A;N/A;EURIBOR12M;N/A;1 year;N/A;-884.0000;23109013;1955.0000;IFRS;trading book;Level 2;N/A;0.0000
23952402;32935550X;Other identifier type;MISS;CapFloor (2.3);IRD|CF|;ES;NO;NO;NO;NO;11111111111.0000;N/A;11111111111.0000;N/A;N/A;N/A;EURIBOR12M;N/A;1 year;N/A;-425.1000;23952402;2263.0000;IFRS;trading book;Level 2;N/A;0.0000
24360090;3YJP8HORPAEXJ80D6368;Legal Entity Identifier;CL;Cross Currency (2.4);IRD|CS|;US;YES;NO;NO;YES;11111111111.0000;N/A;750668619.7609;USD;N/A;N/A;N/A;CLP TASA CAMARA;N/A;6 month;0.0000;1992-BSCH-BSTE;4635422.0000;IFRS;trading book;Level 2;N/A;0.0000
24622740;R0MUWSFPU8MPRO8K5P83;Legal Entity Identifier;US;IR Swap (2.1);IRD|INFLS|;ES;YES;YES;YES;YES;11111111111.0000;N/A;225690000.0000;EUR;N/A;N/A;N/A;GBP RPI;N/A;0 businessDay;0.0000;1992-PBFP-BSTE;3723258.0000;IFRS;trading book;Level 2;N/A;22459.9822
25048071;96950041VJ1QP0B69503;Legal Entity Identifier;FR;CapFloor (2.3);IRD|CF|;ES;YES;YES;YES;YES;11111111111.0000;N/A;19740000.0000;EUR;N/A;N/A;EURIBOR6M;N/A;6 month;N/A;-10150.0000;1992-D5S6-BSTE;1321224.0000;IFRS;trading book;Level 2;N/A;192.6096
25594983;549300GKFG0RYRRQ1414;Legal Entity Identifier;US;Forward (4.4);CURR|FXD|FXD;ES;YES;NO;YES;YES;11111111111.0000;N/A;34030000.0000;EUR;N/A;N/A;N/A;N/A;N/A;N/A;0.0000;1992-DNOB-BSTE;667.0000;IFRS;trading book;Level 2;N/A;11.3896
25951499;549300QTILQDOPMKHQ09;Legal Entity Identifier;CO;Forward (4.4);CURR|FXD|SWLEG;US;YES;NO;YES;YES;11111111111.0000;N/A;1256910.6459;USD;N/A;N/A;N/A;N/A;N/A;N/A;0.0000;2002-H5YB-BSTE;2382837.0000;IFRS;trading book;Level 2;N/A;58290.1356
26142183;R83QYRLEMH4ZSHI0L097;Legal Entity Identifier;US;IR Swap (2.1);IRD|IRS|;GB;YES;YES;YES;YES;-3723695.3637;GBP;11111111111.0000;N/A;N/A;N/A;N/A;GBP SONIA 6M FLBCK;N/A;6 month;0.0000;2002-ANTL-BSTE;117085.0000;IFRS;trading book;Level 2;N/A;0.0000
26532854;549300IEPCGAWH0B8X49;Legal Entity Identifier;US;IR Swap (2.1);IRD|IRS|;US;YES;YES;YES;NO;11111111111.0000;N/A;11111111111.0000;N/A;0.0000|0.0000|0.0000|-11523920.3516|107002539.3848|0.0000;N/A;N/A;USD SOFR CMP LB -5;N/A;3 month;0.0000;2002-PALL13-BSNY;8674374.0000;IFRS;trading book;Level 2;N/A;7550601.8062
26846455;259400LGXW3K0GDAG361;Legal Entity Identifier;PL;CapFloor (2.3);IRD|CF|;ES;YES;NO;NO;YES;-150100000.0000;EUR;11111111111.0000;N/A;N/A;N/A;PLNWIBOR3M;N/A;1 month;N/A;-5412.0000;1992-1WBK-BSTE;180.0000;IFRS;trading book;Level 2;N/A;0.0000
26902341;52093387C;Other identifier type;MISS;CapFloor (2.3);IRD|CF|;ES;NO;NO;NO;NO;11111111111.0000;N/A;11111111111.0000;N/A;N/A;N/A;EURIBOR12M;N/A;1 year;N/A;-11196.8100;26902341;23133.0000;IFRS;trading book;Level 2;N/A;0.0000
28047855;959800LQ9YDEEHH86251;Legal Entity Identifier;ES;Vanilla Option (4.5);CURR|OPT|SMP;ES;NO;NO;NO;NO;11111111111.0000;N/A;11111111111.0000;N/A;N/A;N/A;N/A;N/A;N/A;N/A;0.0000;CMOF-00C2SM-BSTE;228.0000;IFRS;trading book;Level 2;N/A;0.0000
28393722;16536040Y;Other identifier type;ES;Vanilla Option (4.5);CURR|OPT|SMP;ES;NO;NO;NO;NO;11111111111.0000;N/A;11111111111.0000;N/A;N/A;N/A;N/A;N/A;N/A;N/A;0.0000;CMOF-X1MH-BSTE;350.0000;IFRS;trading book;Level 2;N/A;0.0000
28887081;47014195X;Other identifier type;MISS;CapFloor (2.3);IRD|CF|;ES;NO;NO;NO;NO;11111111111.0000;N/A;11111111111.0000;N/A;N/A;N/A;EURIBOR12M;N/A;1 year;N/A;-727.5000;28887081;1038.0000;IFRS;trading book;Level 2;N/A;0.0000
29356319;259400LGXW3K0GDAG361;Legal Entity Identifier;PL;CapFloor (2.3);IRD|CF|;ES;YES;NO;NO;YES;-150100000.0000;EUR;11111111111.0000;N/A;N/A;N/A;PLN WIBOR 1M;N/A;1 month;N/A;-26761.5000;1992-1WBK-BSTE;36.0000;IFRS;trading book;Level 2;N/A;0.0000
29384920;PTCQB104N23FMNK2RZ28;Legal Entity Identifier;GB;CapFloor (2.3);IRD|CF|;GB;YES;YES;YES;YES;-225675081.9827;GBP;11111111111.0000;N/A;N/A;N/A;GBP SONIA CMP LB -5;N/A;6 month;N/A;-695000.0000;2002-1AVB-BSTE;311953.0000;IFRS;trading book;Level 2;N/A;0.0000
30240824;259400LGXW3K0GDAG361;Legal Entity Identifier;PL;IR Swap (2.1);IRD|IRS|;ES;YES;NO;NO;YES;-150100000.0000;EUR;11111111111.0000;N/A;N/A;N/A;N/A;PLNWIBOR;N/A;6 month;0.0000;1992-1WBK-BSTE;1266163.0000;IFRS;trading book;Level 2;N/A;0.0000
30321787;959800FMRZJRQYXGZ344;Legal Entity Identifier;ES;CapFloor (2.3);IRD|CF|;ES;YES;NO;NO;YES;-5375103.3600;EUR;11111111111.0000;N/A;N/A;N/A;EURIBOR3M;N/A;3 month;N/A;-6203517.5000;1992-3Y5H-BSTE;37534.0000;IFRS;trading book;Level 2;N/A;2760.1242
30905654;SCRYQ25DTVRHYYMM6P89;Legal Entity Identifier;MX;Forward (4.4);CURR|FXD|SWLEG;ES;YES;YES;YES;YES;-592524689.3163;USD;11111111111.0000;N/A;N/A;N/A;N/A;N/A;N/A;N/A;0.0000;1992-BMSY-BSTE;51226.0000;IFRS;trading book;Level 2;N/A;0.0000
30974579;259400LGXW3K0GDAG361;Legal Entity Identifier;PL;IR Swap (2.1);IRD|IRS|;ES;YES;NO;NO;YES;-150100000.0000;EUR;11111111111.0000;N/A;N/A;N/A;N/A;PLNWIBOR;N/A;6 month;0.0000;1992-1WBK-BSTE;110235.0000;IFRS;trading book;Level 2;N/A;0.0000
31335859;213800QLOPUUR7MU1875;Legal Entity Identifier;GB;IR Swap (2.1);IRD|INFLS|;GB;YES;NO;YES;NO;11111111111.0000;N/A;11111111111.0000;N/A;N/A;N/A;N/A;GBP RPI;N/A;1 year;0.0000;2002-9RZP-BDSD;1028182.0000;IFRS;trading book;Level 2;N/A;31072.0340
32300868;PTCQB104N23FMNK2RZ28;Legal Entity Identifier;GB;Simple Exotic (4.6);CURR|OPT|FLEX;ES;YES;YES;YES;YES;-733830000.0000;EUR;11111111111.0000;N/A;N/A;N/A;N/A;N/A;N/A;N/A;0.0000;2002-1AVB-BSTE;13936.0000;IFRS;trading book;Level 2;N/A;0.0000
34099817;213800URRQ4HTSWKXZ41;Legal Entity Identifier;GB;Forward (4.4);CURR|FXD|SWLEG;ES;YES;YES;YES;YES;-3860000.0000;EUR;11111111111.0000;N/A;N/A;N/A;N/A;N/A;N/A;N/A;0.0000;2002-00EPW9-BSTE;2599.0000;IFRS;trading book;Level 2;N/A;0.0000
34265275;213800URRQ4HTSWKXZ41;Legal Entity Identifier;GB;Forward (4.4);CURR|FXD|SWLEG;ES;YES;YES;YES;YES;-3860000.0000;EUR;11111111111.0000;N/A;N/A;N/A;N/A;N/A;N/A;N/A;0.0000;2002-00EPW9-BSTE;183.0000;IFRS;trading book;Level 2;N/A;0.0000
34324283;213800URRQ4HTSWKXZ41;Legal Entity Identifier;GB;Forward (4.4);CURR|FXD|SWLEG;ES;YES;YES;YES;YES;-3860000.0000;EUR;11111111111.0000;N/A;N/A;N/A;N/A;N/A;N/A;N/A;0.0000;2002-00EPW9-BSTE;3434.0000;IFRS;trading book;Level 2;N/A;0.0000
34455944;PTCQB104N23FMNK2RZ28;Legal Entity Identifier;GB;Simple Exotic (4.6);CURR|OPT|FLEX;ES;YES;YES;YES;YES;-733830000.0000;EUR;11111111111.0000;N/A;N/A;N/A;N/A;N/A;N/A;N/A;0.0000;2002-1AVB-BSTE;2621.0000;IFRS;trading book;Level 2;N/A;0.0000
34543328;213800URRQ4HTSWKXZ41;Legal Entity Identifier;GB;Forward (4.4);CURR|FXD|SWLEG;ES;YES;YES;YES;YES;-3860000.0000;EUR;11111111111.0000;N/A;N/A;N/A;N/A;N/A;N/A;N/A;0.0000;2002-00EPW9-BSTE;1600.0000;IFRS;trading book;Level 2;N/A;0.0000
34679577;213800URRQ4HTSWKXZ41;Legal Entity Identifier;GB;Forward (4.4);CURR|FXD|SWLEG;ES;YES;YES;YES;YES;-3860000.0000;EUR;11111111111.0000;N/A;N/A;N/A;N/A;N/A;N/A;N/A;0.0000;2002-00EPW9-BSTE;227.0000;IFRS;trading book;Level 2;N/A;0.0000
34706778;213800URRQ4HTSWKXZ41;Legal Entity Identifier;GB;Forward (4.4);CURR|FXD|SWLEG;ES;YES;YES;YES;YES;-3860000.0000;EUR;11111111111.0000;N/A;N/A;N/A;N/A;N/A;N/A;N/A;0.0000;2002-00EPW9-BSTE;16.0000;IFRS;trading book;Level 2;N/A;0.0000
35863166;PTCQB104N23FMNK2RZ28;Legal Entity Identifier;GB;Forward (4.4);CURR|FXD|FXD;ES;YES;YES;YES;YES;-733830000.0000;EUR;11111111111.0000;N/A;N/A;N/A;N/A;N/A;N/A;N/A;0.0000;2002-1AVB-BSTE;2713.0000;IFRS;trading book;Level 2;N/A;0.0000
35985276;1FOLRR5RWTWWI397R131;Legal Entity Identifier;SE;Cross Currency (2.4);IRD|CS|;ES;YES;YES;YES;YES;-22435382.5072;USD;11111111111.0000;N/A;107620.1888|0.0000|322861.7154|1399067.4334|0.0000|0.0000;0.0000|0.0000|345748.3911|1498243.0185|0.0000|0.0000;N/A;USD SOFR COMP;N/A;3 month;0.0000;1992-SVEX-BSTE;195648.0000;IFRS;trading book;Level 2;N/A;532.3213
36330423;54930056FHWP7GIWYY08;Legal Entity Identifier;DE;Forward (4.4);CURR|FXD|FXD;ES;YES;YES;YES;YES;-182670000.0000;EUR;11111111111.0000;N/A;N/A;N/A;N/A;N/A;N/A;N/A;0.0000;1992-MSES12-BSTE;1076135.0000;IFRS;Non-trading book;Level 2;MISS;29509.2538
36437401;213800URRQ4HTSWKXZ41;Legal Entity Identifier;GB;Forward (4.4);CURR|FXD|SWLEG;ES;YES;YES;YES;YES;-3860000.0000;EUR;11111111111.0000;N/A;N/A;N/A;N/A;N/A;N/A;N/A;0.0000;2002-00EPW9-BSTE;263.0000;IFRS;trading book;Level 2;N/A;0.0000
36461492;PTCQB104N23FMNK2RZ28;Legal Entity Identifier;GB;Forward (4.4);CURR|FXD|FXD;ES;YES;YES;YES;YES;-733830000.0000;EUR;11111111111.0000;N/A;N/A;N/A;N/A;N/A;N/A;N/A;0.0000;2002-1AVB-BSTE;1222.0000;IFRS;trading book;Level 2;N/A;0.0000