asset_id;intangible_asset_class;acquisition_capitalisation_date;initial_fair_value;cumulative_amortisation;impairment_amount;current_carrying_amount;Currency;original_accounting_life;remaining_economic_life;approach_det_carrying_amount;val_timestamp;internal_external_latest_val
4177691;Unpatented software and technology;01/08/2015;58 529,43;-58 529,43;0;0;EUR;3;0,00;Cost model (i.e. value equals cost minus depreciation);30/06/2024;Internal
221500002087;Unpatented software and technology;01/01/2019;3 503,19;-3 503,19;0;0;EUR;3;0,00;Cost model (i.e. value equals cost minus depreciation);30/06/2024;Internal
221500002085;Unpatented software and technology;01/01/2019;7 514,07;-7 514,07;0;0;EUR;3;0,00;Cost model (i.e. value equals cost minus depreciation);30/06/2024;Internal
221500002082;Unpatented software and technology;01/01/2019;3 655,50;-3 655,50;0;0;EUR;3;0,00;Cost model (i.e. value equals cost minus depreciation);30/06/2024;Internal
221500002078;Unpatented software and technology;01/01/2019;3 503,19;-3 503,19;0;0;EUR;3;0,00;Cost model (i.e. value equals cost minus depreciation);30/06/2024;Internal
221500002076;Unpatented software and technology;01/01/2019;3 757,04;-3 757,04;0;0;EUR;3;0,00;Cost model (i.e. value equals cost minus depreciation);30/06/2024;Internal
221500002051;Unpatented software and technology;01/01/2019;8 142,02;-8 142,02;0;0;EUR;3;0,00;Cost model (i.e. value equals cost minus depreciation);30/06/2024;Internal
221500002070;Unpatented software and technology;01/01/2019;24 750,17;-24 750,17;0;0;EUR;3;0,00;Cost model (i.e. value equals cost minus depreciation);30/06/2024;Internal
221500002091;Unpatented software and technology;01/01/2019;249 362,00;-249 362,00;0;0;EUR;3;0,00;Cost model (i.e. value equals cost minus depreciation);30/06/2024;Internal
221500002067;Unpatented software and technology;01/01/2019;19 700,71;-19 700,71;0;0;EUR;3;0,00;Cost model (i.e. value equals cost minus depreciation);30/06/2024;Internal
221500001792;Unpatented software and technology;01/01/2019;6 962,21;-6 962,21;0;0;EUR;3;0,00;Cost model (i.e. value equals cost minus depreciation);30/06/2024;Internal
221500003650;Unpatented software and technology;01/01/2019;9 918,59;-9 918,59;0;0;EUR;3;0,00;Cost model (i.e. value equals cost minus depreciation);30/06/2024;Internal
221500002464;Unpatented software and technology;01/01/2019;30 211,19;-30 211,19;0;0;EUR;3;0,00;Cost model (i.e. value equals cost minus depreciation);30/06/2024;Internal
221500002540;Unpatented software and technology;01/01/2019;21 329,84;-21 329,84;0;0;EUR;3;0,00;Cost model (i.e. value equals cost minus depreciation);30/06/2024;Internal
221500002542;Unpatented software and technology;01/01/2019;244,77;-244,77;0;0;EUR;3;0,00;Cost model (i.e. value equals cost minus depreciation);30/06/2024;Internal
221500002073;Unpatented software and technology;01/01/2019;55 036,60;-55 036,60;0;0;EUR;3;0,00;Cost model (i.e. value equals cost minus depreciation);30/06/2024;Internal
221500003177;Unpatented software and technology;01/01/2019;18 016,74;-18 016,74;0;0;EUR;3;0,00;Cost model (i.e. value equals cost minus depreciation);30/06/2024;Internal
221500002693;Unpatented software and technology;01/01/2019;107 228,00;-107 228,00;0;0;EUR;3;0,00;Cost model (i.e. value equals cost minus depreciation);30/06/2024;Internal
221500002367;Unpatented software and technology;01/01/2019;99 761,65;-99 761,65;0;0;EUR;3;0,00;Cost model (i.e. value equals cost minus depreciation);30/06/2024;Internal
221500002371;Unpatented software and technology;01/01/2019;37 355,82;-37 355,82;0;0;EUR;3;0,00;Cost model (i.e. value equals cost minus depreciation);30/06/2024;Internal
221500002372;Unpatented software and technology;01/01/2019;12 842,99;-12 842,99;0;0;EUR;3;0,00;Cost model (i.e. value equals cost minus depreciation);30/06/2024;Internal
221500002373;Unpatented software and technology;01/01/2019;852,95;-852,95;0;0;EUR;3;0,00;Cost model (i.e. value equals cost minus depreciation);30/06/2024;Internal
221500002089;Unpatented software and technology;01/01/2019;3 655,50;-3 655,50;0;0;EUR;3;0,00;Cost model (i.e. value equals cost minus depreciation);30/06/2024;Internal
221500002015;Unpatented software and technology;01/01/2019;6 365,06;-6 365,06;0;0;EUR;3;0,00;Cost model (i.e. value equals cost minus depreciation);30/06/2024;Internal
221500002090;Unpatented software and technology;01/01/2019;239 067,00;-239 067,00;0;0;EUR;3;0,00;Cost model (i.e. value equals cost minus depreciation);30/06/2024;Internal
221500003178;Unpatented software and technology;01/01/2019;11 492,89;-11 492,89;0;0;EUR;3;0,00;Cost model (i.e. value equals cost minus depreciation);30/06/2024;Internal
221500003179;Unpatented software and technology;01/01/2019;6 292,72;-6 292,72;0;0;EUR;3;0,00;Cost model (i.e. value equals cost minus depreciation);30/06/2024;Internal
221500003180;Unpatented software and technology;01/01/2019;58 707,33;-58 707,33;0;0;EUR;3;0,00;Cost model (i.e. value equals cost minus depreciation);30/06/2024;Internal
221500003182;Unpatented software and technology;01/01/2019;89 715,97;-89 715,97;0;0;EUR;3;0,00;Cost model (i.e. value equals cost minus depreciation);30/06/2024;Internal
221500003276;Unpatented software and technology;01/01/2019;115 342,95;-115 342,95;0;0;EUR;3;0,00;Cost model (i.e. value equals cost minus depreciation);30/06/2024;Internal
221500002462;Unpatented software and technology;01/01/2019;3 657,94;-3 657,94;0;0;EUR;3;0,00;Cost model (i.e. value equals cost minus depreciation);30/06/2024;Internal
221500002408;Unpatented software and technology;01/01/2019;76 607,09;-76 607,09;0;0;EUR;3;0,00;Cost model (i.e. value equals cost minus depreciation);30/06/2024;Internal
221500002000;Unpatented software and technology;01/01/2019;1 077,79;-1 077,79;0;0;EUR;3;0,00;Cost model (i.e. value equals cost minus depreciation);30/06/2024;Internal
221500001984;Unpatented software and technology;01/01/2019;50 774,91;-50 774,91;0;0;EUR;3;0,00;Cost model (i.e. value equals cost minus depreciation);30/06/2024;Internal
221500001986;Unpatented software and technology;01/01/2019;8 817,36;-8 817,36;0;0;EUR;3;0,00;Cost model (i.e. value equals cost minus depreciation);30/06/2024;Internal
221500002049;Unpatented software and technology;01/01/2019;10 085,52;-10 085,52;0;0;EUR;3;0,00;Cost model (i.e. value equals cost minus depreciation);30/06/2024;Internal
221500001990;Unpatented software and technology;01/01/2019;15 412,32;-15 412,32;0;0;EUR;3;0,00;Cost model (i.e. value equals cost minus depreciation);30/06/2024;Internal
221500001993;Unpatented software and technology;01/01/2019;18 051,64;-18 051,64;0;0;EUR;3;0,00;Cost model (i.e. value equals cost minus depreciation);30/06/2024;Internal
221500001982;Unpatented software and technology;01/01/2019;343,50;-343,50;0;0;EUR;3;0,00;Cost model (i.e. value equals cost minus depreciation);30/06/2024;Internal
221500001998;Unpatented software and technology;01/01/2019;25 559,26;-25 559,26;0;0;EUR;3;0,00;Cost model (i.e. value equals cost minus depreciation);30/06/2024;Internal
221500001988;Unpatented software and technology;01/01/2019;9 440,94;-9 440,94;0;0;EUR;3;0,00;Cost model (i.e. value equals cost minus depreciation);30/06/2024;Internal
221500002001;Unpatented software and technology;01/01/2019;56 753,26;-56 753,26;0;0;EUR;3;0,00;Cost model (i.e. value equals cost minus depreciation);30/06/2024;Internal
221500002002;Unpatented software and technology;01/01/2019;114 091,34;-114 091,34;0;0;EUR;3;0,00;Cost model (i.e. value equals cost minus depreciation);30/06/2024;Internal
221500002003;Unpatented software and technology;01/01/2019;35 336,50;-35 336,50;0;0;EUR;3;0,00;Cost model (i.e. value equals cost minus depreciation);30/06/2024;Internal
221500002017;Unpatented software and technology;01/01/2019;30 068,92;-30 068,92;0;0;EUR;3;0,00;Cost model (i.e. value equals cost minus depreciation);30/06/2024;Internal
221500002011;Unpatented software and technology;01/01/2019;8 773,20;-8 773,20;0;0;EUR;3;0,00;Cost model (i.e. value equals cost minus depreciation);30/06/2024;Internal
221500002013;Unpatented software and technology;01/01/2019;12 896,06;-12 896,06;0;0;EUR;3;0,00;Cost model (i.e. value equals cost minus depreciation);30/06/2024;Internal
221500001997;Unpatented software and technology;01/01/2019;142 539,99;-142 539,99;0;0;EUR;3;0,00;Cost model (i.e. value equals cost minus depreciation);30/06/2024;Internal
221500002023;Unpatented software and technology;01/01/2019;2 534,48;-2 534,48;0;0;EUR;3;0,00;Cost model (i.e. value equals cost minus depreciation);30/06/2024;Internal
221500001978;Unpatented software and technology;01/01/2019;33 389,34;-33 389,34;0;0;EUR;3;0,00;Cost model (i.e. value equals cost minus depreciation);30/06/2024;Internal
221500001977;Unpatented software and technology;01/01/2019;32 548,57;-32 548,57;0;0;EUR;3;0,00;Cost model (i.e. value equals cost minus depreciation);30/06/2024;Internal
221500001975;Unpatented software and technology;01/01/2019;22 371,66;-22 371,66;0;0;EUR;3;0,00;Cost model (i.e. value equals cost minus depreciation);30/06/2024;Internal
221500001973;Unpatented software and technology;01/01/2019;5 315,69;-5 315,69;0;0;EUR;3;0,00;Cost model (i.e. value equals cost minus depreciation);30/06/2024;Internal
221500001971;Unpatented software and technology;01/01/2019;12 023,56;-12 023,56;0;0;EUR;3;0,00;Cost model (i.e. value equals cost minus depreciation);30/06/2024;Internal
221500002043;Unpatented software and technology;01/01/2019;5 088,46;-5 088,46;0;0;EUR;3;0,00;Cost model (i.e. value equals cost minus depreciation);30/06/2024;Internal
221500002021;Unpatented software and technology;01/01/2019;25 233,31;-25 233,31;0;0;EUR;3;0,00;Cost model (i.e. value equals cost minus depreciation);30/06/2024;Internal
221500002031;Unpatented software and technology;01/01/2019;2 573,47;-2 573,47;0;0;EUR;3;0,00;Cost model (i.e. value equals cost minus depreciation);30/06/2024;Internal
221500002034;Unpatented software and technology;01/01/2019;69 684,80;-69 684,80;0;0;EUR;3;0,00;Cost model (i.e. value equals cost minus depreciation);30/06/2024;Internal
221500002039;Unpatented software and technology;01/01/2019;5 784,02;-5 784,02;0;0;EUR;3;0,00;Cost model (i.e. value equals cost minus depreciation);30/06/2024;Internal
221500002029;Unpatented software and technology;01/01/2019;65 165,38;-65 165,38;0;0;EUR;3;0,00;Cost model (i.e. value equals cost minus depreciation);30/06/2024;Internal
221500001980;Unpatented software and technology;01/01/2019;32 460,84;-32 460,84;0;0;EUR;3;0,00;Cost model (i.e. value equals cost minus depreciation);30/06/2024;Internal
221500002048;Unpatented software and technology;01/01/2019;59 794,23;-59 794,23;0;0;EUR;3;0,00;Cost model (i.e. value equals cost minus depreciation);30/06/2024;Internal
221500001992;Unpatented software and technology;01/01/2019;32 999,53;-32 999,53;0;0;EUR;3;0,00;Cost model (i.e. value equals cost minus depreciation);30/06/2024;Internal
221500001491;Unpatented software and technology;01/02/2019;1 114,23;-1 114,23;0;0;EUR;3;0,00;Cost model (i.e. value equals cost minus depreciation);30/06/2024;Internal
221500001496;Unpatented software and technology;01/02/2019;5 581,33;-5 581,33;0;0;EUR;3;0,00;Cost model (i.e. value equals cost minus depreciation);30/06/2024;Internal
221500001499;Unpatented software and technology;01/02/2019;18 838,51;-18 838,51;0;0;EUR;3;0,00;Cost model (i.e. value equals cost minus depreciation);30/06/2024;Internal
221500001492;Unpatented software and technology;01/02/2019;3 771,87;-3 771,87;0;0;EUR;3;0,00;Cost model (i.e. value equals cost minus depreciation);30/06/2024;Internal
221500002369;Unpatented software and technology;01/02/2019;560,31;-560,31;0;0;EUR;3;0,00;Cost model (i.e. value equals cost minus depreciation);30/06/2024;Internal
221500002100;Unpatented software and technology;01/02/2019;3 012,69;-3 012,69;0;0;EUR;3;0,00;Cost model (i.e. value equals cost minus depreciation);30/06/2024;Internal
221500002397;Unpatented software and technology;01/02/2019;653 284,56;-653 284,56;0;0;EUR;3;0,00;Cost model (i.e. value equals cost minus depreciation);30/06/2024;Internal
221500001321;Unpatented software and technology;01/02/2019;7 973,86;-7 973,86;0;0;EUR;3;0,00;Cost model (i.e. value equals cost minus depreciation);30/06/2024;Internal
221500001317;Unpatented software and technology;01/02/2019;73 822,00;-73 822,00;0;0;EUR;3;0,00;Cost model (i.e. value equals cost minus depreciation);30/06/2024;Internal
221500001312;Unpatented software and technology;01/02/2019;23 333,24;-23 333,24;0;0;EUR;3;0,00;Cost model (i.e. value equals cost minus depreciation);30/06/2024;Internal
221500002463;Unpatented software and technology;01/02/2019;19 729,46;-19 729,46;0;0;EUR;3;0,00;Cost model (i.e. value equals cost minus depreciation);30/06/2024;Internal
221500001528;Unpatented software and technology;01/02/2019;19 554,49;-19 554,49;0;0;EUR;3;0,00;Cost model (i.e. value equals cost minus depreciation);30/06/2024;Internal
221500002121;Unpatented software and technology;01/02/2019;17 671,05;-17 671,05;0;0;EUR;3;0,00;Cost model (i.e. value equals cost minus depreciation);30/06/2024;Internal
221500002056;Unpatented software and technology;01/02/2019;4 778,03;-4 778,03;0;0;EUR;3;0,00;Cost model (i.e. value equals cost minus depreciation);30/06/2024;Internal
221500002058;Unpatented software and technology;01/02/2019;1 061,02;-1 061,02;0;0;EUR;3;0,00;Cost model (i.e. value equals cost minus depreciation);30/06/2024;Internal
221500002060;Unpatented software and technology;01/02/2019;4 339,72;-4 339,72;0;0;EUR;3;0,00;Cost model (i.e. value equals cost minus depreciation);30/06/2024;Internal
221500002063;Unpatented software and technology;01/02/2019;1 307,21;-1 307,21;0;0;EUR;3;0,00;Cost model (i.e. value equals cost minus depreciation);30/06/2024;Internal
221500002065;Unpatented software and technology;01/02/2019;9 906,50;-9 906,50;0;0;EUR;3;0,00;Cost model (i.e. value equals cost minus depreciation);30/06/2024;Internal
221500001794;Unpatented software and technology;01/02/2019;19 328,77;-19 328,77;0;0;EUR;3;0,00;Cost model (i.e. value equals cost minus depreciation);30/06/2024;Internal
221500001315;Unpatented software and technology;01/02/2019;25 064,42;-25 064,42;0;0;EUR;3;0,00;Cost model (i.e. value equals cost minus depreciation);30/06/2024;Internal
221500002103;Unpatented software and technology;01/02/2019;5 850,90;-5 850,90;0;0;EUR;3;0,00;Cost model (i.e. value equals cost minus depreciation);30/06/2024;Internal
221500002545;Unpatented software and technology;01/02/2019;217 631,21;-217 631,21;0;0;EUR;3;0,00;Cost model (i.e. value equals cost minus depreciation);30/06/2024;Internal
221500002108;Unpatented software and technology;01/02/2019;46 825,57;-46 825,57;0;0;EUR;3;0,00;Cost model (i.e. value equals cost minus depreciation);30/06/2024;Internal
221500002110;Unpatented software and technology;01/02/2019;101 560,98;-101 560,98;0;0;EUR;3;0,00;Cost model (i.e. value equals cost minus depreciation);30/06/2024;Internal
221500002114;Unpatented software and technology;01/02/2019;26 535,27;-26 535,27;0;0;EUR;3;0,00;Cost model (i.e. value equals cost minus depreciation);30/06/2024;Internal
221500002106;Unpatented software and technology;01/02/2019;64 392,28;-64 392,28;0;0;EUR;3;0,00;Cost model (i.e. value equals cost minus depreciation);30/06/2024;Internal
221500002119;Unpatented software and technology;01/02/2019;3 691,60;-3 691,60;0;0;EUR;3;0,00;Cost model (i.e. value equals cost minus depreciation);30/06/2024;Internal
221500001535;Unpatented software and technology;01/02/2019;3 128,54;-3 128,54;0;0;EUR;3;0,00;Cost model (i.e. value equals cost minus depreciation);30/06/2024;Internal
221500002123;Unpatented software and technology;01/02/2019;8 989,01;-8 989,01;0;0;EUR;3;0,00;Cost model (i.e. value equals cost minus depreciation);30/06/2024;Internal
221500002125;Unpatented software and technology;01/02/2019;1 457,86;-1 457,86;0;0;EUR;3;0,00;Cost model (i.e. value equals cost minus depreciation);30/06/2024;Internal
221500002127;Unpatented software and technology;01/02/2019;22 635,51;-22 635,51;0;0;EUR;3;0,00;Cost model (i.e. value equals cost minus depreciation);30/06/2024;Internal
221500002130;Unpatented software and technology;01/02/2019;73,11;-73,11;0;0;EUR;3;0,00;Cost model (i.e. value equals cost minus depreciation);30/06/2024;Internal
221500002133;Unpatented software and technology;01/02/2019;6 767,85;-6 767,85;0;0;EUR;3;0,00;Cost model (i.e. value equals cost minus depreciation);30/06/2024;Internal
221500002135;Unpatented software and technology;01/02/2019;22 868,81;-22 868,81;0;0;EUR;3;0,00;Cost model (i.e. value equals cost minus depreciation);30/06/2024;Internal
221500002137;Unpatented software and technology;01/02/2019;34 176,49;-34 176,49;0;0;EUR;3;0,00;Cost model (i.e. value equals cost minus depreciation);30/06/2024;Internal
221500002138;Unpatented software and technology;01/02/2019;27 837,48;-27 837,48;0;0;EUR;3;0,00;Cost model (i.e. value equals cost minus depreciation);30/06/2024;Internal
221500002141;Unpatented software and technology;01/02/2019;15 556,92;-15 556,92;0;0;EUR;3;0,00;Cost model (i.e. value equals cost minus depreciation);30/06/2024;Internal
221500002142;Unpatented software and technology;01/02/2019;1 389,09;-1 389,09;0;0;EUR;3;0,00;Cost model (i.e. value equals cost minus depreciation);30/06/2024;Internal
221500001539;Unpatented software and technology;01/02/2019;304 355,00;-304 355,00;0;0;EUR;3;0,00;Cost model (i.e. value equals cost minus depreciation);30/06/2024;Internal
221500001537;Unpatented software and technology;01/02/2019;4 124,17;-4 124,17;0;0;EUR;3;0,00;Cost model (i.e. value equals cost minus depreciation);30/06/2024;Internal
221500002118;Unpatented software and technology;01/02/2019;16 531,97;-16 531,97;0;0;EUR;3;0,00;Cost model (i.e. value equals cost minus depreciation);30/06/2024;Internal
221500001567;Unpatented software and technology;01/03/2019;6 726,10;-6 726,10;0;0;EUR;3;0,00;Cost model (i.e. value equals cost minus depreciation);30/06/2024;Internal
221500001673;Unpatented software and technology;01/03/2019;2 349,27;-2 349,27;0;0;EUR;3;0,00;Cost model (i.e. value equals cost minus depreciation);30/06/2024;Internal
221500001670;Unpatented software and technology;01/03/2019;6 488,77;-6 488,77;0;0;EUR;3;0,00;Cost model (i.e. value equals cost minus depreciation);30/06/2024;Internal
221500001667;Unpatented software and technology;01/03/2019;578,75;-578,75;0;0;EUR;3;0,00;Cost model (i.e. value equals cost minus depreciation);30/06/2024;Internal
221500001663;Unpatented software and technology;01/03/2019;5 779,56;-5 779,56;0;0;EUR;3;0,00;Cost model (i.e. value equals cost minus depreciation);30/06/2024;Internal
221500001660;Unpatented software and technology;01/03/2019;1 098,32;-1 098,32;0;0;EUR;3;0,00;Cost model (i.e. value equals cost minus depreciation);30/06/2024;Internal
221500001657;Unpatented software and technology;01/03/2019;990,65;-990,65;0;0;EUR;3;0,00;Cost model (i.e. value equals cost minus depreciation);30/06/2024;Internal
221500001654;Unpatented software and technology;01/03/2019;910,80;-910,80;0;0;EUR;3;0,00;Cost model (i.e. value equals cost minus depreciation);30/06/2024;Internal
221500003188;Unpatented software and technology;01/03/2019;6 032,35;-6 032,35;0;0;EUR;3;0,00;Cost model (i.e. value equals cost minus depreciation);30/06/2024;Internal
221500001570;Unpatented software and technology;01/03/2019;3 292,18;-3 292,18;0;0;EUR;3;0,00;Cost model (i.e. value equals cost minus depreciation);30/06/2024;Internal
221500001718;Unpatented software and technology;01/03/2019;16 729,35;-16 729,35;0;0;EUR;3;0,00;Cost model (i.e. value equals cost minus depreciation);30/06/2024;Internal
221500001564;Unpatented software and technology;01/03/2019;6 726,10;-6 726,10;0;0;EUR;3;0,00;Cost model (i.e. value equals cost minus depreciation);30/06/2024;Internal
221500001559;Unpatented software and technology;01/03/2019;6 620,98;-6 620,98;0;0;EUR;3;0,00;Cost model (i.e. value equals cost minus depreciation);30/06/2024;Internal
221500001549;Unpatented software and technology;01/03/2019;3 611,82;-3 611,82;0;0;EUR;3;0,00;Cost model (i.e. value equals cost minus depreciation);30/06/2024;Internal
221500001546;Unpatented software and technology;01/03/2019;6 625,44;-6 625,44;0;0;EUR;3;0,00;Cost model (i.e. value equals cost minus depreciation);30/06/2024;Internal
221500001541;Unpatented software and technology;01/03/2019;6 726,10;-6 726,10;0;0;EUR;3;0,00;Cost model (i.e. value equals cost minus depreciation);30/06/2024;Internal
221500001494;Unpatented software and technology;01/03/2019;1 622,41;-1 622,41;0;0;EUR;3;0,00;Cost model (i.e. value equals cost minus depreciation);30/06/2024;Internal
221500001440;Unpatented software and technology;01/03/2019;266 347,80;-266 347,80;0;0;EUR;3;0,00;Cost model (i.e. value equals cost minus depreciation);30/06/2024;Internal
221500003181;Unpatented software and technology;01/03/2019;6 141,24;-6 141,24;0;0;EUR;3;0,00;Cost model (i.e. value equals cost minus depreciation);30/06/2024;Internal
221500001572;Unpatented software and technology;01/03/2019;430,34;-430,34;0;0;EUR;3;0,00;Cost model (i.e. value equals cost minus depreciation);30/06/2024;Internal
221500001756;Unpatented software and technology;01/03/2019;10 089,91;-10 089,91;0;0;EUR;3;0,00;Cost model (i.e. value equals cost minus depreciation);30/06/2024;Internal
221500001775;Unpatented software and technology;01/03/2019;714 539,00;-714 539,00;0;0;EUR;3;0,00;Cost model (i.e. value equals cost minus depreciation);30/06/2024;Internal
221500001772;Unpatented software and technology;01/03/2019;270,43;-270,43;0;0;EUR;3;0,00;Cost model (i.e. value equals cost minus depreciation);30/06/2024;Internal
221500001770;Unpatented software and technology;01/03/2019;3 074,61;-3 074,61;0;0;EUR;3;0,00;Cost model (i.e. value equals cost minus depreciation);30/06/2024;Internal
221500001768;Unpatented software and technology;01/03/2019;45 879,44;-45 879,44;0;0;EUR;3;0,00;Cost model (i.e. value equals cost minus depreciation);30/06/2024;Internal
221500001766;Unpatented software and technology;01/03/2019;2 596,91;-2 596,91;0;0;EUR;3;0,00;Cost model (i.e. value equals cost minus depreciation);30/06/2024;Internal
221500001764;Unpatented software and technology;01/03/2019;558,19;-558,19;0;0;EUR;3;0,00;Cost model (i.e. value equals cost minus depreciation);30/06/2024;Internal
221500001763;Unpatented software and technology;01/03/2019;63 823,71;-63 823,71;0;0;EUR;3;0,00;Cost model (i.e. value equals cost minus depreciation);30/06/2024;Internal
221500001762;Unpatented software and technology;01/03/2019;7 158,69;-7 158,69;0;0;EUR;3;0,00;Cost model (i.e. value equals cost minus depreciation);30/06/2024;Internal
221500001676;Unpatented software and technology;01/03/2019;3 449,31;-3 449,31;0;0;EUR;3;0,00;Cost model (i.e. value equals cost minus depreciation);30/06/2024;Internal
221500001758;Unpatented software and technology;01/03/2019;3 259,74;-3 259,74;0;0;EUR;3;0,00;Cost model (i.e. value equals cost minus depreciation);30/06/2024;Internal
221500001713;Unpatented software and technology;01/03/2019;8 458,97;-8 458,97;0;0;EUR;3;0,00;Cost model (i.e. value equals cost minus depreciation);30/06/2024;Internal
221500001750;Unpatented software and technology;01/03/2019;6 625,44;-6 625,44;0;0;EUR;3;0,00;Cost model (i.e. value equals cost minus depreciation);30/06/2024;Internal
221500001747;Unpatented software and technology;01/03/2019;6 625,44;-6 625,44;0;0;EUR;3;0,00;Cost model (i.e. value equals cost minus depreciation);30/06/2024;Internal
221500001738;Unpatented software and technology;01/03/2019;1 639,84;-1 639,84;0;0;EUR;3;0,00;Cost model (i.e. value equals cost minus depreciation);30/06/2024;Internal
221500001734;Unpatented software and technology;01/03/2019;247,45;-247,45;0;0;EUR;3;0,00;Cost model (i.e. value equals cost minus depreciation);30/06/2024;Internal
221500001730;Unpatented software and technology;01/03/2019;9 574,96;-9 574,96;0;0;EUR;3;0,00;Cost model (i.e. value equals cost minus depreciation);30/06/2024;Internal
221500001726;Unpatented software and technology;01/03/2019;388,66;-388,66;0;0;EUR;3;0,00;Cost model (i.e. value equals cost minus depreciation);30/06/2024;Internal
221500001722;Unpatented software and technology;01/03/2019;3 015,88;-3 015,88;0;0;EUR;3;0,00;Cost model (i.e. value equals cost minus depreciation);30/06/2024;Internal
221500001556;Unpatented software and technology;01/03/2019;6 794,17;-6 794,17;0;0;EUR;3;0,00;Cost model (i.e. value equals cost minus depreciation);30/06/2024;Internal
221500001760;Unpatented software and technology;01/03/2019;3 757,04;-3 757,04;0;0;EUR;3;0,00;Cost model (i.e. value equals cost minus depreciation);30/06/2024;Internal
221500001562;Unpatented software and technology;01/03/2019;29 414,06;-29 414,06;0;0;EUR;3;0,00;Cost model (i.e. value equals cost minus depreciation);30/06/2024;Internal
221500000985;Unpatented software and technology;01/04/2019;19 876,34;-19 876,34;0;0;EUR;3;0,00;Cost model (i.e. value equals cost minus depreciation);30/06/2024;Internal
221500001093;Unpatented software and technology;01/04/2019;6 726,10;-6 726,10;0;0;EUR;3;0,00;Cost model (i.e. value equals cost minus depreciation);30/06/2024;Internal
221500003275;Unpatented software and technology;01/04/2019;7 280,54;-7 280,54;0;0;EUR;3;0,00;Cost model (i.e. value equals cost minus depreciation);30/06/2024;Internal
221500001783;Unpatented software and technology;01/04/2019;342 981,00;-342 981,00;0;0;EUR;3;0,00;Cost model (i.e. value equals cost minus depreciation);30/06/2024;Internal
221500000986;Unpatented software and technology;01/04/2019;7 280,54;-7 280,54;0;0;EUR;3;0,00;Cost model (i.e. value equals cost minus depreciation);30/06/2024;Internal
221500000982;Unpatented software and technology;01/04/2019;3 241,21;-3 241,21;0;0;EUR;3;0,00;Cost model (i.e. value equals cost minus depreciation);30/06/2024;Internal
221500000596;Unpatented software and technology;01/05/2019;7 961,25;-7 961,25;0;0;EUR;3;0,00;Cost model (i.e. value equals cost minus depreciation);30/06/2024;Internal
221500000561;Unpatented software and technology;01/05/2019;40 862,03;-40 862,03;0;0;EUR;3;0,00;Cost model (i.e. value equals cost minus depreciation);30/06/2024;Internal
221500001187;Unpatented software and technology;01/05/2019;2 237,03;-2 237,03;0;0;EUR;3;0,00;Cost model (i.e. value equals cost minus depreciation);30/06/2024;Internal
221500001184;Unpatented software and technology;01/05/2019;693,23;-693,23;0;0;EUR;3;0,00;Cost model (i.e. value equals cost minus depreciation);30/06/2024;Internal
221500000659;Unpatented software and technology;01/05/2019;487,89;-487,89;0;0;EUR;3;0,00;Cost model (i.e. value equals cost minus depreciation);30/06/2024;Internal
221500001180;Unpatented software and technology;01/05/2019;2 299,98;-2 299,98;0;0;EUR;3;0,00;Cost model (i.e. value equals cost minus depreciation);30/06/2024;Internal
221500001179;Unpatented software and technology;01/05/2019;4 670,21;-4 670,21;0;0;EUR;3;0,00;Cost model (i.e. value equals cost minus depreciation);30/06/2024;Internal
221500000589;Unpatented software and technology;01/05/2019;2 349,70;-2 349,70;0;0;EUR;3;0,00;Cost model (i.e. value equals cost minus depreciation);30/06/2024;Internal
221500000665;Unpatented software and technology;01/05/2019;2 257,27;-2 257,27;0;0;EUR;3;0,00;Cost model (i.e. value equals cost minus depreciation);30/06/2024;Internal
221500000667;Unpatented software and technology;01/05/2019;1 957,40;-1 957,40;0;0;EUR;3;0,00;Cost model (i.e. value equals cost minus depreciation);30/06/2024;Internal
221500000675;Unpatented software and technology;01/05/2019;22 644,49;-22 644,49;0;0;EUR;3;0,00;Cost model (i.e. value equals cost minus depreciation);30/06/2024;Internal
221500000677;Unpatented software and technology;01/05/2019;274 099,00;-274 099,00;0;0;EUR;3;0,00;Cost model (i.e. value equals cost minus depreciation);30/06/2024;Internal
221500001173;Unpatented software and technology;01/05/2019;14 382,78;-14 382,78;0;0;EUR;3;0,00;Cost model (i.e. value equals cost minus depreciation);30/06/2024;Internal
221500000593;Unpatented software and technology;01/05/2019;5 545,87;-5 545,87;0;0;EUR;3;0,00;Cost model (i.e. value equals cost minus depreciation);30/06/2024;Internal
221500000662;Unpatented software and technology;01/05/2019;5 242,84;-5 242,84;0;0;EUR;3;0,00;Cost model (i.e. value equals cost minus depreciation);30/06/2024;Internal
221500001302;Unpatented software and technology;01/05/2019;4 575,34;-4 575,34;0;0;EUR;3;0,00;Cost model (i.e. value equals cost minus depreciation);30/06/2024;Internal
221500001456;Unpatented software and technology;01/05/2019;23 861,84;-23 861,84;0;0;EUR;3;0,00;Cost model (i.e. value equals cost minus depreciation);30/06/2024;Internal
221500001459;Unpatented software and technology;01/05/2019;46 806,67;-46 806,67;0;0;EUR;3;0,00;Cost model (i.e. value equals cost minus depreciation);30/06/2024;Internal
221500001462;Unpatented software and technology;01/05/2019;5 075,20;-5 075,20;0;0;EUR;3;0,00;Cost model (i.e. value equals cost minus depreciation);30/06/2024;Internal
221500001464;Unpatented software and technology;01/05/2019;182,43;-182,43;0;0;EUR;3;0,00;Cost model (i.e. value equals cost minus depreciation);30/06/2024;Internal
221500001466;Unpatented software and technology;01/05/2019;13 791,71;-13 791,71;0;0;EUR;3;0,00;Cost model (i.e. value equals cost minus depreciation);30/06/2024;Internal
221500001470;Unpatented software and technology;01/05/2019;10 722,02;-10 722,02;0;0;EUR;3;0,00;Cost model (i.e. value equals cost minus depreciation);30/06/2024;Internal
221500001474;Unpatented software and technology;01/05/2019;5 775,49;-5 775,49;0;0;EUR;3;0,00;Cost model (i.e. value equals cost minus depreciation);30/06/2024;Internal
221500001349;Unpatented software and technology;01/05/2019;560 626,69;-560 626,69;0;0;EUR;3;0,00;Cost model (i.e. value equals cost minus depreciation);30/06/2024;Internal
221500000562;Unpatented software and technology;01/05/2019;4 423,03;-4 423,03;0;0;EUR;3;0,00;Cost model (i.e. value equals cost minus depreciation);30/06/2024;Internal
221500000591;Unpatented software and technology;01/05/2019;5 545,87;-5 545,87;0;0;EUR;3;0,00;Cost model (i.e. value equals cost minus depreciation);30/06/2024;Internal
221500001238;Unpatented software and technology;01/05/2019;8 688,53;-8 688,53;0;0;EUR;3;0,00;Cost model (i.e. value equals cost minus depreciation);30/06/2024;Internal
221500001300;Unpatented software and technology;01/05/2019;6 117,24;-6 117,24;0;0;EUR;3;0,00;Cost model (i.e. value equals cost minus depreciation);30/06/2024;Internal
221500001298;Unpatented software and technology;01/05/2019;18 813,40;-18 813,40;0;0;EUR;3;0,00;Cost model (i.e. value equals cost minus depreciation);30/06/2024;Internal
221500001294;Unpatented software and technology;01/05/2019;38 080,12;-38 080,12;0;0;EUR;3;0,00;Cost model (i.e. value equals cost minus depreciation);30/06/2024;Internal
221500001292;Unpatented software and technology;01/05/2019;5 439,28;-5 439,28;0;0;EUR;3;0,00;Cost model (i.e. value equals cost minus depreciation);30/06/2024;Internal
221500001290;Unpatented software and technology;01/05/2019;9 495,12;-9 495,12;0;0;EUR;3;0,00;Cost model (i.e. value equals cost minus depreciation);30/06/2024;Internal
221500001275;Unpatented software and technology;01/05/2019;58 096,66;-58 096,66;0;0;EUR;3;0,00;Cost model (i.e. value equals cost minus depreciation);30/06/2024;Internal
221500001268;Unpatented software and technology;01/05/2019;817,29;-817,29;0;0;EUR;3;0,00;Cost model (i.e. value equals cost minus depreciation);30/06/2024;Internal
221500001260;Unpatented software and technology;01/05/2019;45 552,97;-45 552,97;0;0;EUR;3;0,00;Cost model (i.e. value equals cost minus depreciation);30/06/2024;Internal
221500001253;Unpatented software and technology;01/05/2019;30 216,18;-30 216,18;0;0;EUR;3;0,00;Cost model (i.e. value equals cost minus depreciation);30/06/2024;Internal
221500001476;Unpatented software and technology;01/05/2019;7 340,98;-7 340,98;0;0;EUR;3;0,00;Cost model (i.e. value equals cost minus depreciation);30/06/2024;Internal
221500000557;Unpatented software and technology;01/05/2019;1 915,51;-1 915,51;0;0;EUR;3;0,00;Cost model (i.e. value equals cost minus depreciation);30/06/2024;Internal
221500000611;Unpatented software and technology;01/05/2019;47 860,74;-47 860,74;0;0;EUR;3;0,00;Cost model (i.e. value equals cost minus depreciation);30/06/2024;Internal
221500000608;Unpatented software and technology;01/05/2019;1 347,83;-1 347,83;0;0;EUR;3;0,00;Cost model (i.e. value equals cost minus depreciation);30/06/2024;Internal
221500000606;Unpatented software and technology;01/05/2019;3 503,61;-3 503,61;0;0;EUR;3;0,00;Cost model (i.e. value equals cost minus depreciation);30/06/2024;Internal
221500001124;Unpatented software and technology;01/05/2019;36,49;-36,49;0;0;EUR;3;0,00;Cost model (i.e. value equals cost minus depreciation);30/06/2024;Internal
221500001129;Unpatented software and technology;01/05/2019;6 726,10;-6 726,10;0;0;EUR;3;0,00;Cost model (i.e. value equals cost minus depreciation);30/06/2024;Internal
221500001112;Unpatented software and technology;01/05/2019;6 179,51;-6 179,51;0;0;EUR;3;0,00;Cost model (i.e. value equals cost minus depreciation);30/06/2024;Internal
221500000598;Unpatented software and technology;01/05/2019;4 670,21;-4 670,21;0;0;EUR;3;0,00;Cost model (i.e. value equals cost minus depreciation);30/06/2024;Internal
221500000560;Unpatented software and technology;01/05/2019;16 025,31;-16 025,31;0;0;EUR;3;0,00;Cost model (i.e. value equals cost minus depreciation);30/06/2024;Internal
221500000602;Unpatented software and technology;01/05/2019;11 619,72;-11 619,72;0;0;EUR;3;0,00;Cost model (i.e. value equals cost minus depreciation);30/06/2024;Internal
221500001143;Unpatented software and technology;01/05/2019;51 986,84;-51 986,84;0;0;EUR;3;0,00;Cost model (i.e. value equals cost minus depreciation);30/06/2024;Internal
221500000601;Unpatented software and technology;01/05/2019;14 524,65;-14 524,65;0;0;EUR;3;0,00;Cost model (i.e. value equals cost minus depreciation);30/06/2024;Internal
221500000605;Unpatented software and technology;01/05/2019;25 830,01;-25 830,01;0;0;EUR;3;0,00;Cost model (i.e. value equals cost minus depreciation);30/06/2024;Internal
221500000609;Unpatented software and technology;01/05/2019;19 971,39;-19 971,39;0;0;EUR;3;0,00;Cost model (i.e. value equals cost minus depreciation);30/06/2024;Internal
221500000603;Unpatented software and technology;01/05/2019;46 384,87;-46 384,87;0;0;EUR;3;0,00;Cost model (i.e. value equals cost minus depreciation);30/06/2024;Internal
221500000230;Unpatented software and technology;01/06/2019;5 399,47;-5 399,47;0;0;EUR;3;0,00;Cost model (i.e. value equals cost minus depreciation);30/06/2024;Internal
221500000758;Unpatented software and technology;01/06/2019;243 263,45;-243 263,45;0;0;EUR;3;0,00;Cost model (i.e. value equals cost minus depreciation);30/06/2024;Internal
221500000763;Unpatented software and technology;01/06/2019;4 086,43;-4 086,43;0;0;EUR;3;0,00;Cost model (i.e. value equals cost minus depreciation);30/06/2024;Internal
221500000232;Unpatented software and technology;01/06/2019;6 726,10;-6 726,10;0;0;EUR;3;0,00;Cost model (i.e. value equals cost minus depreciation);30/06/2024;Internal
221500000765;Unpatented software and technology;01/06/2019;51 769,32;-51 769,32;0;0;EUR;3;0,00;Cost model (i.e. value equals cost minus depreciation);30/06/2024;Internal
221500000568;Unpatented software and technology;01/06/2019;10 473,91;-10 473,91;0;0;EUR;3;0,00;Cost model (i.e. value equals cost minus depreciation);30/06/2024;Internal
221500000299;Unpatented software and technology;01/06/2019;45 242,64;-45 242,64;0;0;EUR;3;0,00;Cost model (i.e. value equals cost minus depreciation);30/06/2024;Internal
221500000713;Unpatented software and technology;01/06/2019;10 343,79;-10 343,79;0;0;EUR;3;0,00;Cost model (i.e. value equals cost minus depreciation);30/06/2024;Internal
221500000720;Unpatented software and technology;01/06/2019;89 530,76;-89 530,76;0;0;EUR;3;0,00;Cost model (i.e. value equals cost minus depreciation);30/06/2024;Internal
221500000711;Unpatented software and technology;01/06/2019;67 813,56;-67 813,56;0;0;EUR;3;0,00;Cost model (i.e. value equals cost minus depreciation);30/06/2024;Internal
221500001487;Unpatented software and technology;01/06/2019;5 579,93;-5 579,93;0;0;EUR;3;0,00;Cost model (i.e. value equals cost minus depreciation);30/06/2024;Internal
221500000228;Unpatented software and technology;01/06/2019;5 285,18;-5 285,18;0;0;EUR;3;0,00;Cost model (i.e. value equals cost minus depreciation);30/06/2024;Internal
221500000716;Unpatented software and technology;01/06/2019;6 980,93;-6 980,93;0;0;EUR;3;0,00;Cost model (i.e. value equals cost minus depreciation);30/06/2024;Internal
221500000281;Unpatented software and technology;01/06/2019;38 047,12;-38 047,12;0;0;EUR;3;0,00;Cost model (i.e. value equals cost minus depreciation);30/06/2024;Internal
221500001472;Unpatented software and technology;01/06/2019;19 001,91;-19 001,91;0;0;EUR;3;0,00;Cost model (i.e. value equals cost minus depreciation);30/06/2024;Internal
221500000221;Unpatented software and technology;01/06/2019;8 949,81;-8 949,81;0;0;EUR;3;0,00;Cost model (i.e. value equals cost minus depreciation);30/06/2024;Internal
221500000735;Unpatented software and technology;01/06/2019;4 685,21;-4 685,21;0;0;EUR;3;0,00;Cost model (i.e. value equals cost minus depreciation);30/06/2024;Internal
221500000734;Unpatented software and technology;01/06/2019;13 380,22;-13 380,22;0;0;EUR;3;0,00;Cost model (i.e. value equals cost minus depreciation);30/06/2024;Internal
221500000723;Unpatented software and technology;01/06/2019;64 928,05;-64 928,05;0;0;EUR;3;0,00;Cost model (i.e. value equals cost minus depreciation);30/06/2024;Internal
221500000733;Unpatented software and technology;01/06/2019;4 701,83;-4 701,83;0;0;EUR;3;0,00;Cost model (i.e. value equals cost minus depreciation);30/06/2024;Internal
221500000729;Unpatented software and technology;01/06/2019;64 336,10;-64 336,10;0;0;EUR;3;0,00;Cost model (i.e. value equals cost minus depreciation);30/06/2024;Internal
221500000217;Unpatented software and technology;01/06/2019;145 687,13;-145 687,13;0;0;EUR;3;0,00;Cost model (i.e. value equals cost minus depreciation);30/06/2024;Internal
221500000214;Unpatented software and technology;01/06/2019;21 755,39;-21 755,39;0;0;EUR;3;0,00;Cost model (i.e. value equals cost minus depreciation);30/06/2024;Internal
221500000756;Unpatented software and technology;01/06/2019;19 731,63;-19 731,63;0;0;EUR;3;0,00;Cost model (i.e. value equals cost minus depreciation);30/06/2024;Internal
221500000275;Unpatented software and technology;01/06/2019;361 358,05;-361 358,05;0;0;EUR;3;0,00;Cost model (i.e. value equals cost minus depreciation);30/06/2024;Internal
221500000690;Unpatented software and technology;01/06/2019;22 776,02;-22 776,02;0;0;EUR;3;0,00;Cost model (i.e. value equals cost minus depreciation);30/06/2024;Internal
221500000767;Unpatented software and technology;01/06/2019;6 540,86;-6 540,86;0;0;EUR;3;0,00;Cost model (i.e. value equals cost minus depreciation);30/06/2024;Internal
221500000673;Unpatented software and technology;01/06/2019;1 459,44;-1 459,44;0;0;EUR;3;0,00;Cost model (i.e. value equals cost minus depreciation);30/06/2024;Internal
221500000769;Unpatented software and technology;01/06/2019;40 889,49;-40 889,49;0;0;EUR;3;0,00;Cost model (i.e. value equals cost minus depreciation);30/06/2024;Internal
221500000209;Unpatented software and technology;01/06/2019;26 248,66;-26 248,66;0;0;EUR;3;0,00;Cost model (i.e. value equals cost minus depreciation);30/06/2024;Internal
221500000694;Unpatented software and technology;01/06/2019;5 631,10;-5 631,10;0;0;EUR;3;0,00;Cost model (i.e. value equals cost minus depreciation);30/06/2024;Internal
221500000265;Unpatented software and technology;01/06/2019;23 367,60;-23 367,60;0;0;EUR;3;0,00;Cost model (i.e. value equals cost minus depreciation);30/06/2024;Internal
221500000701;Unpatented software and technology;01/06/2019;10 205,55;-10 205,55;0;0;EUR;3;0,00;Cost model (i.e. value equals cost minus depreciation);30/06/2024;Internal
221500001777;Unpatented software and technology;01/06/2019;1 155 390,00;-1 155 390,00;0;0;EUR;3;0,00;Cost model (i.e. value equals cost minus depreciation);30/06/2024;Internal
221500000263;Unpatented software and technology;01/06/2019;307 513,00;-307 513,00;0;0;EUR;3;0,00;Cost model (i.e. value equals cost minus depreciation);30/06/2024;Internal
221500000703;Unpatented software and technology;01/06/2019;5 318,75;-5 318,75;0;0;EUR;3;0,00;Cost model (i.e. value equals cost minus depreciation);30/06/2024;Internal
221500000565;Unpatented software and technology;01/06/2019;155 729,29;-155 729,29;0;0;EUR;3;0,00;Cost model (i.e. value equals cost minus depreciation);30/06/2024;Internal
221500000271;Unpatented software and technology;01/06/2019;91 357,63;-91 357,63;0;0;EUR;3;0,00;Cost model (i.e. value equals cost minus depreciation);30/06/2024;Internal
221500000567;Unpatented software and technology;01/06/2019;10 898,52;-10 898,52;0;0;EUR;3;0,00;Cost model (i.e. value equals cost minus depreciation);30/06/2024;Internal
221500000240;Unpatented software and technology;01/06/2019;18 091,40;-18 091,40;0;0;EUR;3;0,00;Cost model (i.e. value equals cost minus depreciation);30/06/2024;Internal
221500000707;Unpatented software and technology;01/06/2019;113 108,43;-113 108,43;0;0;EUR;3;0,00;Cost model (i.e. value equals cost minus depreciation);30/06/2024;Internal
221500000709;Unpatented software and technology;01/06/2019;153 387,60;-153 387,60;0;0;EUR;3;0,00;Cost model (i.e. value equals cost minus depreciation);30/06/2024;Internal
221500000278;Unpatented software and technology;01/06/2019;7 359,64;-7 359,64;0;0;EUR;3;0,00;Cost model (i.e. value equals cost minus depreciation);30/06/2024;Internal
221500000563;Unpatented software and technology;01/06/2019;17 859,86;-17 859,86;0;0;EUR;3;0,00;Cost model (i.e. value equals cost minus depreciation);30/06/2024;Internal
221500000237;Unpatented software and technology;01/06/2019;1 532,41;-1 532,41;0;0;EUR;3;0,00;Cost model (i.e. value equals cost minus depreciation);30/06/2024;Internal
221500000564;Unpatented software and technology;01/06/2019;33 667,53;-33 667,53;0;0;EUR;3;0,00;Cost model (i.e. value equals cost minus depreciation);30/06/2024;Internal
221500000771;Unpatented software and technology;01/06/2019;44 322,46;-44 322,46;0;0;EUR;3;0,00;Cost model (i.e. value equals cost minus depreciation);30/06/2024;Internal
221500000566;Unpatented software and technology;01/06/2019;35 874,86;-35 874,86;0;0;EUR;3;0,00;Cost model (i.e. value equals cost minus depreciation);30/06/2024;Internal
221500000234;Unpatented software and technology;01/06/2019;6 436,13;-6 436,13;0;0;EUR;3;0,00;Cost model (i.e. value equals cost minus depreciation);30/06/2024;Internal
221500000233;Unpatented software and technology;01/06/2019;468,24;-468,24;0;0;EUR;3;0,00;Cost model (i.e. value equals cost minus depreciation);30/06/2024;Internal
221500000241;Unpatented software and technology;01/06/2019;128 917,20;-128 917,20;0;0;EUR;3;0,00;Cost model (i.e. value equals cost minus depreciation);30/06/2024;Internal
221500000117;Unpatented software and technology;01/06/2019;1 957,40;-1 957,40;0;0;EUR;3;0,00;Cost model (i.e. value equals cost minus depreciation);30/06/2024;Internal
221500001190;Unpatented software and technology;01/06/2019;186 346,39;-186 346,39;0;0;EUR;3;0,00;Cost model (i.e. value equals cost minus depreciation);30/06/2024;Internal
221500001182;Unpatented software and technology;01/06/2019;61,20;-61,20;0;0;EUR;3;0,00;Cost model (i.e. value equals cost minus depreciation);30/06/2024;Internal
221500000153;Unpatented software and technology;01/06/2019;122 108,88;-122 108,88;0;0;EUR;3;0,00;Cost model (i.e. value equals cost minus depreciation);30/06/2024;Internal
221500000149;Unpatented software and technology;01/06/2019;18 752,59;-18 752,59;0;0;EUR;3;0,00;Cost model (i.e. value equals cost minus depreciation);30/06/2024;Internal
221500000205;Unpatented software and technology;01/06/2019;82 839,76;-82 839,76;0;0;EUR;3;0,00;Cost model (i.e. value equals cost minus depreciation);30/06/2024;Internal
221500000144;Unpatented software and technology;01/06/2019;9 709,13;-9 709,13;0;0;EUR;3;0,00;Cost model (i.e. value equals cost minus depreciation);30/06/2024;Internal
221500000142;Unpatented software and technology;01/06/2019;11 162,28;-11 162,28;0;0;EUR;3;0,00;Cost model (i.e. value equals cost minus depreciation);30/06/2024;Internal
221500000140;Unpatented software and technology;01/06/2019;1 191,88;-1 191,88;0;0;EUR;3;0,00;Cost model (i.e. value equals cost minus depreciation);30/06/2024;Internal
221500000137;Unpatented software and technology;01/06/2019;15 583,02;-15 583,02;0;0;EUR;3;0,00;Cost model (i.e. value equals cost minus depreciation);30/06/2024;Internal
221500000133;Unpatented software and technology;01/06/2019;8 562,05;-8 562,05;0;0;EUR;3;0,00;Cost model (i.e. value equals cost minus depreciation);30/06/2024;Internal
221500000130;Unpatented software and technology;01/06/2019;9 145,82;-9 145,82;0;0;EUR;3;0,00;Cost model (i.e. value equals cost minus depreciation);30/06/2024;Internal
221500000155;Unpatented software and technology;01/06/2019;6 385,05;-6 385,05;0;0;EUR;3;0,00;Cost model (i.e. value equals cost minus depreciation);30/06/2024;Internal
221500000122;Unpatented software and technology;01/06/2019;61,20;-61,20;0;0;EUR;3;0,00;Cost model (i.e. value equals cost minus depreciation);30/06/2024;Internal
221500000146;Unpatented software and technology;01/06/2019;31 708,62;-31 708,62;0;0;EUR;3;0,00;Cost model (i.e. value equals cost minus depreciation);30/06/2024;Internal
221500000114;Unpatented software and technology;01/06/2019;9 851,22;-9 851,22;0;0;EUR;3;0,00;Cost model (i.e. value equals cost minus depreciation);30/06/2024;Internal
221500000112;Unpatented software and technology;01/06/2019;59 888,73;-59 888,73;0;0;EUR;3;0,00;Cost model (i.e. value equals cost minus depreciation);30/06/2024;Internal
221500000108;Unpatented software and technology;01/06/2019;13 261,04;-13 261,04;0;0;EUR;3;0,00;Cost model (i.e. value equals cost minus depreciation);30/06/2024;Internal
221500000104;Unpatented software and technology;01/06/2019;27 424,50;-27 424,50;0;0;EUR;3;0,00;Cost model (i.e. value equals cost minus depreciation);30/06/2024;Internal
221500002466;Unpatented software and technology;01/06/2019;54 120,07;-54 120,07;0;0;EUR;3;0,00;Cost model (i.e. value equals cost minus depreciation);30/06/2024;Internal
221500000102;Unpatented software and technology;01/06/2019;19 613,05;-19 613,05;0;0;EUR;3;0,00;Cost model (i.e. value equals cost minus depreciation);30/06/2024;Internal
221500000100;Unpatented software and technology;01/06/2019;6 475,62;-6 475,62;0;0;EUR;3;0,00;Cost model (i.e. value equals cost minus depreciation);30/06/2024;Internal
221500000641;Unpatented software and technology;01/06/2019;23 134,56;-23 134,56;0;0;EUR;3;0,00;Cost model (i.e. value equals cost minus depreciation);30/06/2024;Internal
221500000642;Unpatented software and technology;01/06/2019;6 231,81;-6 231,81;0;0;EUR;3;0,00;Cost model (i.e. value equals cost minus depreciation);30/06/2024;Internal
221500000098;Unpatented software and technology;01/06/2019;29 726,05;-29 726,05;0;0;EUR;3;0,00;Cost model (i.e. value equals cost minus depreciation);30/06/2024;Internal
221500000095;Unpatented software and technology;01/06/2019;41 497,76;-41 497,76;0;0;EUR;3;0,00;Cost model (i.e. value equals cost minus depreciation);30/06/2024;Internal
221500000089;Unpatented software and technology;01/06/2019;54 434,96;-54 434,96;0;0;EUR;3;0,00;Cost model (i.e. value equals cost minus depreciation);30/06/2024;Internal
221500000126;Unpatented software and technology;01/06/2019;42 672,81;-42 672,81;0;0;EUR;3;0,00;Cost model (i.e. value equals cost minus depreciation);30/06/2024;Internal
221500000575;Unpatented software and technology;01/06/2019;7 399,36;-7 399,36;0;0;EUR;3;0,00;Cost model (i.e. value equals cost minus depreciation);30/06/2024;Internal
221500000203;Unpatented software and technology;01/06/2019;65 622,45;-65 622,45;0;0;EUR;3;0,00;Cost model (i.e. value equals cost minus depreciation);30/06/2024;Internal
221500000732;Unpatented software and technology;01/06/2019;54 304,25;-54 304,25;0;0;EUR;3;0,00;Cost model (i.e. value equals cost minus depreciation);30/06/2024;Internal
221500000161;Unpatented software and technology;01/06/2019;65 493,34;-65 493,34;0;0;EUR;3;0,00;Cost model (i.e. value equals cost minus depreciation);30/06/2024;Internal
221500000158;Unpatented software and technology;01/06/2019;3 192,52;-3 192,52;0;0;EUR;3;0,00;Cost model (i.e. value equals cost minus depreciation);30/06/2024;Internal
221500000578;Unpatented software and technology;01/06/2019;2 639,15;-2 639,15;0;0;EUR;3;0,00;Cost model (i.e. value equals cost minus depreciation);30/06/2024;Internal
221500000572;Unpatented software and technology;01/06/2019;33 951,44;-33 951,44;0;0;EUR;3;0,00;Cost model (i.e. value equals cost minus depreciation);30/06/2024;Internal
221500001278;Unpatented software and technology;01/06/2019;140 129,10;-140 129,10;0;0;EUR;3;0,00;Cost model (i.e. value equals cost minus depreciation);30/06/2024;Internal
221500000570;Unpatented software and technology;01/06/2019;681,07;-681,07;0;0;EUR;3;0,00;Cost model (i.e. value equals cost minus depreciation);30/06/2024;Internal
221500001257;Unpatented software and technology;01/06/2019;18 059,11;-18 059,11;0;0;EUR;3;0,00;Cost model (i.e. value equals cost minus depreciation);30/06/2024;Internal
221500001270;Unpatented software and technology;01/06/2019;36 128,44;-36 128,44;0;0;EUR;3;0,00;Cost model (i.e. value equals cost minus depreciation);30/06/2024;Internal
221500001272;Unpatented software and technology;01/06/2019;3 192,52;-3 192,52;0;0;EUR;3;0,00;Cost model (i.e. value equals cost minus depreciation);30/06/2024;Internal
221500000577;Unpatented software and technology;01/06/2019;31 244,08;-31 244,08;0;0;EUR;3;0,00;Cost model (i.e. value equals cost minus depreciation);30/06/2024;Internal
221500000327;Unpatented software and technology;01/07/2019;92 537,25;-92 537,25;0;0;EUR;3;0,00;Cost model (i.e. value equals cost minus depreciation);30/06/2024;Internal
221500002940;Unpatented software and technology;01/07/2019;25 426,38;-25 426,38;0;0;EUR;3;0,00;Cost model (i.e. value equals cost minus depreciation);30/06/2024;Internal
221500002886;Unpatented software and technology;01/07/2019;31 986,67;-31 986,67;0;0;EUR;3;0,00;Cost model (i.e. value equals cost minus depreciation);30/06/2024;Internal
221500002943;Unpatented software and technology;01/07/2019;33 725,69;-33 725,69;0;0;EUR;3;0,00;Cost model (i.e. value equals cost minus depreciation);30/06/2024;Internal
221500002870;Unpatented software and technology;01/07/2019;23 136,99;-23 136,99;0;0;EUR;3;0,00;Cost model (i.e. value equals cost minus depreciation);30/06/2024;Internal
221500002884;Unpatented software and technology;01/07/2019;35 416,27;-35 416,27;0;0;EUR;3;0,00;Cost model (i.e. value equals cost minus depreciation);30/06/2024;Internal
221500002883;Unpatented software and technology;01/07/2019;60 763,78;-60 763,78;0;0;EUR;3;0,00;Cost model (i.e. value equals cost minus depreciation);30/06/2024;Internal
221500002881;Unpatented software and technology;01/07/2019;24 384,81;-24 384,81;0;0;EUR;3;0,00;Cost model (i.e. value equals cost minus depreciation);30/06/2024;Internal
221500002880;Unpatented software and technology;01/07/2019;2 237,03;-2 237,03;0;0;EUR;3;0,00;Cost model (i.e. value equals cost minus depreciation);30/06/2024;Internal
221500002888;Unpatented software and technology;01/07/2019;139 714,26;-139 714,26;0;0;EUR;3;0,00;Cost model (i.e. value equals cost minus depreciation);30/06/2024;Internal
221500000331;Unpatented software and technology;01/07/2019;30 783,80;-30 783,80;0;0;EUR;3;0,00;Cost model (i.e. value equals cost minus depreciation);30/06/2024;Internal
221500002946;Unpatented software and technology;01/07/2019;17 342,55;-17 342,55;0;0;EUR;3;0,00;Cost model (i.e. value equals cost minus depreciation);30/06/2024;Internal
221500002874;Unpatented software and technology;01/07/2019;6 659,07;-6 659,07;0;0;EUR;3;0,00;Cost model (i.e. value equals cost minus depreciation);30/06/2024;Internal
221500002877;Unpatented software and technology;01/07/2019;1 542,62;-1 542,62;0;0;EUR;3;0,00;Cost model (i.e. value equals cost minus depreciation);30/06/2024;Internal
221500000329;Unpatented software and technology;01/07/2019;1 839,87;-1 839,87;0;0;EUR;3;0,00;Cost model (i.e. value equals cost minus depreciation);30/06/2024;Internal
221500002855;Unpatented software and technology;01/07/2019;6 726,10;-6 726,10;0;0;EUR;3;0,00;Cost model (i.e. value equals cost minus depreciation);30/06/2024;Internal
221500002901;Unpatented software and technology;01/07/2019;40 514,05;-40 514,05;0;0;EUR;3;0,00;Cost model (i.e. value equals cost minus depreciation);30/06/2024;Internal
221500002865;Unpatented software and technology;01/07/2019;10 624,72;-10 624,72;0;0;EUR;3;0,00;Cost model (i.e. value equals cost minus depreciation);30/06/2024;Internal
221500002915;Unpatented software and technology;01/07/2019;31 249,34;-31 249,34;0;0;EUR;3;0,00;Cost model (i.e. value equals cost minus depreciation);30/06/2024;Internal
221500002914;Unpatented software and technology;01/07/2019;12 410,10;-12 410,10;0;0;EUR;3;0,00;Cost model (i.e. value equals cost minus depreciation);30/06/2024;Internal
221500002913;Unpatented software and technology;01/07/2019;9 311,23;-9 311,23;0;0;EUR;3;0,00;Cost model (i.e. value equals cost minus depreciation);30/06/2024;Internal
221500002912;Unpatented software and technology;01/07/2019;37 094,10;-37 094,10;0;0;EUR;3;0,00;Cost model (i.e. value equals cost minus depreciation);30/06/2024;Internal
221500002910;Unpatented software and technology;01/07/2019;3 882,11;-3 882,11;0;0;EUR;3;0,00;Cost model (i.e. value equals cost minus depreciation);30/06/2024;Internal
221500002925;Unpatented software and technology;01/07/2019;151 852,84;-151 852,84;0;0;EUR;3;0,00;Cost model (i.e. value equals cost minus depreciation);30/06/2024;Internal
221500002926;Unpatented software and technology;01/07/2019;85,13;-85,13;0;0;EUR;3;0,00;Cost model (i.e. value equals cost minus depreciation);30/06/2024;Internal
221500002933;Unpatented software and technology;01/07/2019;5 573,11;-5 573,11;0;0;EUR;3;0,00;Cost model (i.e. value equals cost minus depreciation);30/06/2024;Internal
221500002937;Unpatented software and technology;01/07/2019;26 342,64;-26 342,64;0;0;EUR;3;0,00;Cost model (i.e. value equals cost minus depreciation);30/06/2024;Internal
221500002863;Unpatented software and technology;01/07/2019;4 164,27;-4 164,27;0;0;EUR;3;0,00;Cost model (i.e. value equals cost minus depreciation);30/06/2024;Internal
221500002858;Unpatented software and technology;01/07/2019;33 060,60;-33 060,60;0;0;EUR;3;0,00;Cost model (i.e. value equals cost minus depreciation);30/06/2024;Internal
221500002930;Unpatented software and technology;01/07/2019;50 680,52;-50 680,52;0;0;EUR;3;0,00;Cost model (i.e. value equals cost minus depreciation);30/06/2024;Internal
221500000508;Unpatented software and technology;01/07/2019;87 810,86;-87 810,86;0;0;EUR;3;0,00;Cost model (i.e. value equals cost minus depreciation);30/06/2024;Internal
221500002898;Unpatented software and technology;01/07/2019;71 461,96;-71 461,96;0;0;EUR;3;0,00;Cost model (i.e. value equals cost minus depreciation);30/06/2024;Internal
221500002896;Unpatented software and technology;01/07/2019;4 042,85;-4 042,85;0;0;EUR;3;0,00;Cost model (i.e. value equals cost minus depreciation);30/06/2024;Internal
221500002860;Unpatented software and technology;01/07/2019;3 736,17;-3 736,17;0;0;EUR;3;0,00;Cost model (i.e. value equals cost minus depreciation);30/06/2024;Internal
221500002867;Unpatented software and technology;01/07/2019;59 004,69;-59 004,69;0;0;EUR;3;0,00;Cost model (i.e. value equals cost minus depreciation);30/06/2024;Internal
221500002893;Unpatented software and technology;01/07/2019;4 627,06;-4 627,06;0;0;EUR;3;0,00;Cost model (i.e. value equals cost minus depreciation);30/06/2024;Internal
221500002905;Unpatented software and technology;01/07/2019;27 448,17;-27 448,17;0;0;EUR;3;0,00;Cost model (i.e. value equals cost minus depreciation);30/06/2024;Internal
221500002890;Unpatented software and technology;01/07/2019;1 817,59;-1 817,59;0;0;EUR;3;0,00;Cost model (i.e. value equals cost minus depreciation);30/06/2024;Internal
221500002928;Unpatented software and technology;01/07/2019;10 347,43;-10 347,43;0;0;EUR;3;0,00;Cost model (i.e. value equals cost minus depreciation);30/06/2024;Internal
221500000497;Unpatented software and technology;01/07/2019;7 968,54;-7 968,54;0;0;EUR;3;0,00;Cost model (i.e. value equals cost minus depreciation);30/06/2024;Internal
221500000584;Unpatented software and technology;01/07/2019;5 738,03;-5 738,03;0;0;EUR;3;0,00;Cost model (i.e. value equals cost minus depreciation);30/06/2024;Internal
221500000334;Unpatented software and technology;01/07/2019;19 876,34;-19 876,34;0;0;EUR;3;0,00;Cost model (i.e. value equals cost minus depreciation);30/06/2024;Internal
221500001177;Unpatented software and technology;01/07/2019;209,67;-209,67;0;0;EUR;3;0,00;Cost model (i.e. value equals cost minus depreciation);30/06/2024;Internal
221500000569;Unpatented software and technology;01/07/2019;48 465,09;-48 465,09;0;0;EUR;3;0,00;Cost model (i.e. value equals cost minus depreciation);30/06/2024;Internal
221500000580;Unpatented software and technology;01/07/2019;35 877,90;-35 877,90;0;0;EUR;3;0,00;Cost model (i.e. value equals cost minus depreciation);30/06/2024;Internal
221500001219;Unpatented software and technology;01/07/2019;6 047,92;-6 047,92;0;0;EUR;3;0,00;Cost model (i.e. value equals cost minus depreciation);30/06/2024;Internal
221500000520;Unpatented software and technology;01/07/2019;9 121,50;-9 121,50;0;0;EUR;3;0,00;Cost model (i.e. value equals cost minus depreciation);30/06/2024;Internal
221500001264;Unpatented software and technology;01/07/2019;50 413,88;-50 413,88;0;0;EUR;3;0,00;Cost model (i.e. value equals cost minus depreciation);30/06/2024;Internal
221500000505;Unpatented software and technology;01/07/2019;12 050,11;-12 050,11;0;0;EUR;3;0,00;Cost model (i.e. value equals cost minus depreciation);30/06/2024;Internal
221500000456;Unpatented software and technology;01/07/2019;261 557,00;-261 557,00;0;0;EUR;3;0,00;Cost model (i.e. value equals cost minus depreciation);30/06/2024;Internal
221500000454;Unpatented software and technology;01/07/2019;15 197,64;-15 197,64;0;0;EUR;3;0,00;Cost model (i.e. value equals cost minus depreciation);30/06/2024;Internal
221500000429;Unpatented software and technology;01/07/2019;5 205,34;-5 205,34;0;0;EUR;3;0,00;Cost model (i.e. value equals cost minus depreciation);30/06/2024;Internal
221500000452;Unpatented software and technology;01/07/2019;19 637,98;-19 637,98;0;0;EUR;3;0,00;Cost model (i.e. value equals cost minus depreciation);30/06/2024;Internal
221500000442;Unpatented software and technology;01/07/2019;40 353,88;-40 353,88;0;0;EUR;3;0,00;Cost model (i.e. value equals cost minus depreciation);30/06/2024;Internal
221500000439;Unpatented software and technology;01/07/2019;18 851,08;-18 851,08;0;0;EUR;3;0,00;Cost model (i.e. value equals cost minus depreciation);30/06/2024;Internal
221500000435;Unpatented software and technology;01/07/2019;6 353,04;-6 353,04;0;0;EUR;3;0,00;Cost model (i.e. value equals cost minus depreciation);30/06/2024;Internal
221500000445;Unpatented software and technology;01/07/2019;6 100,46;-6 100,46;0;0;EUR;3;0,00;Cost model (i.e. value equals cost minus depreciation);30/06/2024;Internal
221500000336;Unpatented software and technology;01/07/2019;12 740,91;-12 740,91;0;0;EUR;3;0,00;Cost model (i.e. value equals cost minus depreciation);30/06/2024;Internal
221500000451;Unpatented software and technology;01/07/2019;5 283,17;-5 283,17;0;0;EUR;3;0,00;Cost model (i.e. value equals cost minus depreciation);30/06/2024;Internal
221500000501;Unpatented software and technology;01/07/2019;30 706,62;-30 706,62;0;0;EUR;3;0,00;Cost model (i.e. value equals cost minus depreciation);30/06/2024;Internal
221500001119;Unpatented software and technology;01/07/2019;16 418,70;-16 418,70;0;0;EUR;3;0,00;Cost model (i.e. value equals cost minus depreciation);30/06/2024;Internal
221500000582;Unpatented software and technology;01/08/2019;13 850,09;-13 850,09;0;0;EUR;3;0,00;Cost model (i.e. value equals cost minus depreciation);30/06/2024;Internal
221500003124;Unpatented software and technology;01/08/2019;63 094,51;-63 094,51;0;0;EUR;3;0,00;Cost model (i.e. value equals cost minus depreciation);30/06/2024;Internal
221500003077;Unpatented software and technology;01/08/2019;24 159,66;-24 159,66;0;0;EUR;3;0,00;Cost model (i.e. value equals cost minus depreciation);30/06/2024;Internal
221500002949;Unpatented software and technology;01/08/2019;1 816,60;-1 816,60;0;0;EUR;3;0,00;Cost model (i.e. value equals cost minus depreciation);30/06/2024;Internal
221500003166;Unpatented software and technology;01/08/2019;1 660,11;-1 660,11;0;0;EUR;3;0,00;Cost model (i.e. value equals cost minus depreciation);30/06/2024;Internal
221500003162;Unpatented software and technology;01/08/2019;468,24;-468,24;0;0;EUR;3;0,00;Cost model (i.e. value equals cost minus depreciation);30/06/2024;Internal
221500003169;Unpatented software and technology;01/08/2019;5 533,71;-5 533,71;0;0;EUR;3;0,00;Cost model (i.e. value equals cost minus depreciation);30/06/2024;Internal
221500003167;Unpatented software and technology;01/08/2019;14 713,59;-14 713,59;0;0;EUR;3;0,00;Cost model (i.e. value equals cost minus depreciation);30/06/2024;Internal
221500003168;Unpatented software and technology;01/08/2019;6 071,27;-6 071,27;0;0;EUR;3;0,00;Cost model (i.e. value equals cost minus depreciation);30/06/2024;Internal
221500003086;Unpatented software and technology;01/08/2019;5 557,55;-5 557,55;0;0;EUR;3;0,00;Cost model (i.e. value equals cost minus depreciation);30/06/2024;Internal
221500003089;Unpatented software and technology;01/08/2019;43 479,63;-43 479,63;0;0;EUR;3;0,00;Cost model (i.e. value equals cost minus depreciation);30/06/2024;Internal
221500000670;Unpatented software and technology;01/08/2019;8 834,96;-8 834,96;0;0;EUR;3;0,00;Cost model (i.e. value equals cost minus depreciation);30/06/2024;Internal
221500002521;Unpatented software and technology;01/08/2019;1 414,59;-1 414,59;0;0;EUR;3;0,00;Cost model (i.e. value equals cost minus depreciation);30/06/2024;Internal
221500001489;Unpatented software and technology;01/08/2019;0,99;-0,99;0;0;EUR;3;0,00;Cost model (i.e. value equals cost minus depreciation);30/06/2024;Internal
221500002952;Unpatented software and technology;01/08/2019;251,98;-251,98;0;0;EUR;3;0,00;Cost model (i.e. value equals cost minus depreciation);30/06/2024;Internal
221500002956;Unpatented software and technology;01/08/2019;4 575,82;-4 575,82;0;0;EUR;3;0,00;Cost model (i.e. value equals cost minus depreciation);30/06/2024;Internal
221500003093;Unpatented software and technology;01/08/2019;4 889,12;-4 889,12;0;0;EUR;3;0,00;Cost model (i.e. value equals cost minus depreciation);30/06/2024;Internal
221500001467;Unpatented software and technology;01/08/2019;0,99;-0,99;0;0;EUR;3;0,00;Cost model (i.e. value equals cost minus depreciation);30/06/2024;Internal
221500003170;Unpatented software and technology;01/08/2019;63 262,56;-63 262,56;0;0;EUR;3;0,00;Cost model (i.e. value equals cost minus depreciation);30/06/2024;Internal
221500003081;Unpatented software and technology;01/08/2019;7 192,12;-7 192,12;0;0;EUR;3;0,00;Cost model (i.e. value equals cost minus depreciation);30/06/2024;Internal
221500002548;Unpatented software and technology;01/08/2019;243 402,00;-243 402,00;0;0;EUR;3;0,00;Cost model (i.e. value equals cost minus depreciation);30/06/2024;Internal
221500003153;Unpatented software and technology;01/08/2019;6 726,10;-6 726,10;0;0;EUR;3;0,00;Cost model (i.e. value equals cost minus depreciation);30/06/2024;Internal
221500003154;Unpatented software and technology;01/08/2019;8 289,23;-8 289,23;0;0;EUR;3;0,00;Cost model (i.e. value equals cost minus depreciation);30/06/2024;Internal
221500003007;Unpatented software and technology;01/08/2019;39 541,88;-39 541,88;0;0;EUR;3;0,00;Cost model (i.e. value equals cost minus depreciation);30/06/2024;Internal
221500003155;Unpatented software and technology;01/08/2019;12 852,80;-12 852,80;0;0;EUR;3;0,00;Cost model (i.e. value equals cost minus depreciation);30/06/2024;Internal
221500003003;Unpatented software and technology;01/08/2019;4 631,29;-4 631,29;0;0;EUR;3;0,00;Cost model (i.e. value equals cost minus depreciation);30/06/2024;Internal
221500003156;Unpatented software and technology;01/08/2019;6 352,94;-6 352,94;0;0;EUR;3;0,00;Cost model (i.e. value equals cost minus depreciation);30/06/2024;Internal
221500003000;Unpatented software and technology;01/08/2019;3 269,15;-3 269,15;0;0;EUR;3;0,00;Cost model (i.e. value equals cost minus depreciation);30/06/2024;Internal
221500002997;Unpatented software and technology;01/08/2019;166 314,33;-166 314,33;0;0;EUR;3;0,00;Cost model (i.e. value equals cost minus depreciation);30/06/2024;Internal
221500002550;Unpatented software and technology;01/08/2019;12 401,16;-12 401,16;0;0;EUR;3;0,00;Cost model (i.e. value equals cost minus depreciation);30/06/2024;Internal
221500002520;Unpatented software and technology;01/08/2019;2 917,03;-2 917,03;0;0;EUR;3;0,00;Cost model (i.e. value equals cost minus depreciation);30/06/2024;Internal
221500003157;Unpatented software and technology;01/08/2019;5 986,14;-5 986,14;0;0;EUR;3;0,00;Cost model (i.e. value equals cost minus depreciation);30/06/2024;Internal
221500002975;Unpatented software and technology;01/08/2019;3 192,52;-3 192,52;0;0;EUR;3;0,00;Cost model (i.e. value equals cost minus depreciation);30/06/2024;Internal
221500001545;Unpatented software and technology;01/08/2019;0,99;-0,99;0;0;EUR;3;0,00;Cost model (i.e. value equals cost minus depreciation);30/06/2024;Internal
221500002907;Unpatented software and technology;01/08/2019;3 882,11;-3 882,11;0;0;EUR;3;0,00;Cost model (i.e. value equals cost minus depreciation);30/06/2024;Internal
221500003161;Unpatented software and technology;01/08/2019;6 871,53;-6 871,53;0;0;EUR;3;0,00;Cost model (i.e. value equals cost minus depreciation);30/06/2024;Internal
221500002978;Unpatented software and technology;01/08/2019;3 192,52;-3 192,52;0;0;EUR;3;0,00;Cost model (i.e. value equals cost minus depreciation);30/06/2024;Internal
221500002993;Unpatented software and technology;01/08/2019;2 918,88;-2 918,88;0;0;EUR;3;0,00;Cost model (i.e. value equals cost minus depreciation);30/06/2024;Internal
221500002981;Unpatented software and technology;01/08/2019;3 732,52;-3 732,52;0;0;EUR;3;0,00;Cost model (i.e. value equals cost minus depreciation);30/06/2024;Internal
221500002990;Unpatented software and technology;01/08/2019;12 360,24;-12 360,24;0;0;EUR;3;0,00;Cost model (i.e. value equals cost minus depreciation);30/06/2024;Internal
221500002523;Unpatented software and technology;01/08/2019;5 872,20;-5 872,20;0;0;EUR;3;0,00;Cost model (i.e. value equals cost minus depreciation);30/06/2024;Internal
221500002984;Unpatented software and technology;01/08/2019;6 635,59;-6 635,59;0;0;EUR;3;0,00;Cost model (i.e. value equals cost minus depreciation);30/06/2024;Internal
221500002526;Unpatented software and technology;01/08/2019;13 311,92;-13 311,92;0;0;EUR;3;0,00;Cost model (i.e. value equals cost minus depreciation);30/06/2024;Internal
221500003158;Unpatented software and technology;01/08/2019;82 037,54;-82 037,54;0;0;EUR;3;0,00;Cost model (i.e. value equals cost minus depreciation);30/06/2024;Internal
221500003160;Unpatented software and technology;01/08/2019;18 965,27;-18 965,27;0;0;EUR;3;0,00;Cost model (i.e. value equals cost minus depreciation);30/06/2024;Internal
221500001231;Unpatented software and technology;01/09/2019;3 308,06;-3 308,06;0;0;EUR;3;0,00;Cost model (i.e. value equals cost minus depreciation);30/06/2024;Internal
221500002612;Unpatented software and technology;01/09/2019;6 726,10;-6 726,10;0;0;EUR;3;0,00;Cost model (i.e. value equals cost minus depreciation);30/06/2024;Internal
221500003136;Unpatented software and technology;01/09/2019;6 538,29;-6 538,29;0;0;EUR;3;0,00;Cost model (i.e. value equals cost minus depreciation);30/06/2024;Internal
221500002610;Unpatented software and technology;01/09/2019;9 121,50;-9 121,50;0;0;EUR;3;0,00;Cost model (i.e. value equals cost minus depreciation);30/06/2024;Internal
221500001114;Unpatented software and technology;01/09/2019;3 478,33;-3 478,33;0;0;EUR;3;0,00;Cost model (i.e. value equals cost minus depreciation);30/06/2024;Internal
221500002343;Unpatented software and technology;01/09/2019;171 843,00;-171 843,00;0;0;EUR;3;0,00;Cost model (i.e. value equals cost minus depreciation);30/06/2024;Internal
221500000510;Unpatented software and technology;01/09/2019;5 721,00;-5 721,00;0;0;EUR;3;0,00;Cost model (i.e. value equals cost minus depreciation);30/06/2024;Internal
221500002593;Unpatented software and technology;01/09/2019;4 312,04;-4 312,04;0;0;EUR;3;0,00;Cost model (i.e. value equals cost minus depreciation);30/06/2024;Internal
221500002577;Unpatented software and technology;01/09/2019;356 255,38;-356 255,38;0;0;EUR;3;0,00;Cost model (i.e. value equals cost minus depreciation);30/06/2024;Internal
221500002633;Unpatented software and technology;01/09/2019;22 681,33;-22 681,33;0;0;EUR;3;0,00;Cost model (i.e. value equals cost minus depreciation);30/06/2024;Internal
221500002627;Unpatented software and technology;01/09/2019;5 608,15;-5 608,15;0;0;EUR;3;0,00;Cost model (i.e. value equals cost minus depreciation);30/06/2024;Internal
221500002636;Unpatented software and technology;01/09/2019;6 135,13;-6 135,13;0;0;EUR;3;0,00;Cost model (i.e. value equals cost minus depreciation);30/06/2024;Internal
221500002624;Unpatented software and technology;01/09/2019;30 517,36;-30 517,36;0;0;EUR;3;0,00;Cost model (i.e. value equals cost minus depreciation);30/06/2024;Internal
221500002620;Unpatented software and technology;01/09/2019;39 009,61;-39 009,61;0;0;EUR;3;0,00;Cost model (i.e. value equals cost minus depreciation);30/06/2024;Internal
221500002588;Unpatented software and technology;01/09/2019;25 881,99;-25 881,99;0;0;EUR;3;0,00;Cost model (i.e. value equals cost minus depreciation);30/06/2024;Internal
221500002614;Unpatented software and technology;01/09/2019;5 205,34;-5 205,34;0;0;EUR;3;0,00;Cost model (i.e. value equals cost minus depreciation);30/06/2024;Internal
221500002794;Unpatented software and technology;01/09/2019;9 476,63;-9 476,63;0;0;EUR;3;0,00;Cost model (i.e. value equals cost minus depreciation);30/06/2024;Internal
221500002590;Unpatented software and technology;01/09/2019;27 645,40;-27 645,40;0;0;EUR;3;0,00;Cost model (i.e. value equals cost minus depreciation);30/06/2024;Internal
221500001684;Unpatented software and technology;01/09/2019;214 709,20;-214 709,20;0;0;EUR;3;0,00;Cost model (i.e. value equals cost minus depreciation);30/06/2024;Internal
221500002459;Unpatented software and technology;01/10/2019;18 321,75;-18 321,75;0;0;EUR;3;0,00;Cost model (i.e. value equals cost minus depreciation);30/06/2024;Internal
221500002584;Unpatented software and technology;01/10/2019;56 580,74;-56 580,74;0;0;EUR;3;0,00;Cost model (i.e. value equals cost minus depreciation);30/06/2024;Internal
221500002007;Unpatented software and technology;01/10/2019;273 617,00;-273 617,00;0;0;EUR;3;0,00;Cost model (i.e. value equals cost minus depreciation);30/06/2024;Internal
221500002467;Unpatented software and technology;01/10/2019;45 170,88;-45 170,88;0;0;EUR;3;0,00;Cost model (i.e. value equals cost minus depreciation);30/06/2024;Internal
221500002456;Unpatented software and technology;01/10/2019;6 726,10;-6 726,10;0;0;EUR;3;0,00;Cost model (i.e. value equals cost minus depreciation);30/06/2024;Internal
221500002460;Unpatented software and technology;01/10/2019;26 396,40;-26 396,40;0;0;EUR;3;0,00;Cost model (i.e. value equals cost minus depreciation);30/06/2024;Internal
221500001136;Unpatented software and technology;01/10/2019;211 922,85;-211 922,85;0;0;EUR;3;0,00;Cost model (i.e. value equals cost minus depreciation);30/06/2024;Internal
221500002452;Unpatented software and technology;01/10/2019;1 654,03;-1 654,03;0;0;EUR;3;0,00;Cost model (i.e. value equals cost minus depreciation);30/06/2024;Internal
221500002451;Unpatented software and technology;01/10/2019;1 323,23;-1 323,23;0;0;EUR;3;0,00;Cost model (i.e. value equals cost minus depreciation);30/06/2024;Internal
221500002449;Unpatented software and technology;01/10/2019;1 197,98;-1 197,98;0;0;EUR;3;0,00;Cost model (i.e. value equals cost minus depreciation);30/06/2024;Internal
221500002411;Unpatented software and technology;01/10/2019;18 243,00;-18 243,00;0;0;EUR;3;0,00;Cost model (i.e. value equals cost minus depreciation);30/06/2024;Internal
221500002461;Unpatented software and technology;01/10/2019;34 689,67;-34 689,67;0;0;EUR;3;0,00;Cost model (i.e. value equals cost minus depreciation);30/06/2024;Internal
221500002380;Unpatented software and technology;01/10/2019;10 311,23;-10 311,23;0;0;EUR;3;0,00;Cost model (i.e. value equals cost minus depreciation);30/06/2024;Internal
221500000523;Unpatented software and technology;01/10/2019;56 580,74;-56 580,74;0;0;EUR;3;0,00;Cost model (i.e. value equals cost minus depreciation);30/06/2024;Internal
221500000517;Unpatented software and technology;01/10/2019;4 663,39;-4 663,39;0;0;EUR;3;0,00;Cost model (i.e. value equals cost minus depreciation);30/06/2024;Internal
221500002345;Unpatented software and technology;01/10/2019;39 842,71;-39 842,71;0;0;EUR;3;0,00;Cost model (i.e. value equals cost minus depreciation);30/06/2024;Internal
221500002346;Unpatented software and technology;01/10/2019;5 448,58;-5 448,58;0;0;EUR;3;0,00;Cost model (i.e. value equals cost minus depreciation);30/06/2024;Internal
221500002348;Unpatented software and technology;01/10/2019;6 865,20;-6 865,20;0;0;EUR;3;0,00;Cost model (i.e. value equals cost minus depreciation);30/06/2024;Internal
221500000261;Unpatented software and technology;01/10/2019;6 810,72;-6 810,72;0;0;EUR;3;0,00;Cost model (i.e. value equals cost minus depreciation);30/06/2024;Internal
221500001801;Unpatented software and technology;01/10/2019;20 607,29;-20 607,29;0;0;EUR;3;0,00;Cost model (i.e. value equals cost minus depreciation);30/06/2024;Internal
221500002378;Unpatented software and technology;01/10/2019;23 856,57;-23 856,57;0;0;EUR;3;0,00;Cost model (i.e. value equals cost minus depreciation);30/06/2024;Internal
221500001972;Unpatented software and technology;01/10/2019;18 603,53;-18 603,53;0;0;EUR;3;0,00;Cost model (i.e. value equals cost minus depreciation);30/06/2024;Internal
221500002349;Unpatented software and technology;01/10/2019;2 021,42;-2 021,42;0;0;EUR;3;0,00;Cost model (i.e. value equals cost minus depreciation);30/06/2024;Internal
221500002353;Unpatented software and technology;01/10/2019;9 121,50;-9 121,50;0;0;EUR;3;0,00;Cost model (i.e. value equals cost minus depreciation);30/06/2024;Internal
221500002329;Unpatented software and technology;01/10/2019;363 355,04;-363 355,04;0;0;EUR;3;0,00;Cost model (i.e. value equals cost minus depreciation);30/06/2024;Internal
221500002377;Unpatented software and technology;01/10/2019;19 876,34;-19 876,34;0;0;EUR;3;0,00;Cost model (i.e. value equals cost minus depreciation);30/06/2024;Internal
221500002382;Unpatented software and technology;01/10/2019;7 692,38;-7 692,38;0;0;EUR;3;0,00;Cost model (i.e. value equals cost minus depreciation);30/06/2024;Internal
221500003131;Unpatented software and technology;01/10/2019;37 709,50;-37 709,50;0;0;EUR;3;0,00;Cost model (i.e. value equals cost minus depreciation);30/06/2024;Internal
221500001969;Unpatented software and technology;01/10/2019;4 961,56;-4 961,56;0;0;EUR;3;0,00;Cost model (i.e. value equals cost minus depreciation);30/06/2024;Internal
221500001967;Unpatented software and technology;01/10/2019;11 847,71;-11 847,71;0;0;EUR;3;0,00;Cost model (i.e. value equals cost minus depreciation);30/06/2024;Internal
221500002388;Unpatented software and technology;01/10/2019;21 289,58;-21 289,58;0;0;EUR;3;0,00;Cost model (i.e. value equals cost minus depreciation);30/06/2024;Internal
221500001965;Unpatented software and technology;01/10/2019;5 578,00;-5 578,00;0;0;EUR;3;0,00;Cost model (i.e. value equals cost minus depreciation);30/06/2024;Internal
221500001962;Unpatented software and technology;01/10/2019;2 724,29;-2 724,29;0;0;EUR;3;0,00;Cost model (i.e. value equals cost minus depreciation);30/06/2024;Internal
221500003127;Unpatented software and technology;01/10/2019;21 076,75;-21 076,75;0;0;EUR;3;0,00;Cost model (i.e. value equals cost minus depreciation);30/06/2024;Internal
221500002385;Unpatented software and technology;01/10/2019;1 012,34;-1 012,34;0;0;EUR;3;0,00;Cost model (i.e. value equals cost minus depreciation);30/06/2024;Internal
221500003135;Unpatented software and technology;01/10/2019;5 545,87;-5 545,87;0;0;EUR;3;0,00;Cost model (i.e. value equals cost minus depreciation);30/06/2024;Internal
221500003134;Unpatented software and technology;01/10/2019;14 105,49;-14 105,49;0;0;EUR;3;0,00;Cost model (i.e. value equals cost minus depreciation);30/06/2024;Internal
221500002088;Unpatented software and technology;01/11/2019;280,32;-280,32;0;0;EUR;3;0,00;Cost model (i.e. value equals cost minus depreciation);30/06/2024;Internal
221500002081;Unpatented software and technology;01/11/2019;6 192,89;-6 192,89;0;0;EUR;3;0,00;Cost model (i.e. value equals cost minus depreciation);30/06/2024;Internal
221500002074;Unpatented software and technology;01/11/2019;8 727,45;-8 727,45;0;0;EUR;3;0,00;Cost model (i.e. value equals cost minus depreciation);30/06/2024;Internal
221500002077;Unpatented software and technology;01/11/2019;3 094,01;-3 094,01;0;0;EUR;3;0,00;Cost model (i.e. value equals cost minus depreciation);30/06/2024;Internal
221500002086;Unpatented software and technology;01/11/2019;4 065,16;-4 065,16;0;0;EUR;3;0,00;Cost model (i.e. value equals cost minus depreciation);30/06/2024;Internal
221500002084;Unpatented software and technology;01/11/2019;3 758,06;-3 758,06;0;0;EUR;3;0,00;Cost model (i.e. value equals cost minus depreciation);30/06/2024;Internal
221500002016;Unpatented software and technology;01/11/2019;2 335,10;-2 335,10;0;0;EUR;3;0,00;Cost model (i.e. value equals cost minus depreciation);30/06/2024;Internal
221500002036;Unpatented software and technology;01/11/2019;3 355,55;-3 355,55;0;0;EUR;3;0,00;Cost model (i.e. value equals cost minus depreciation);30/06/2024;Internal
221500002071;Unpatented software and technology;01/11/2019;23 856,57;-23 856,57;0;0;EUR;3;0,00;Cost model (i.e. value equals cost minus depreciation);30/06/2024;Internal
221500002068;Unpatented software and technology;01/11/2019;4 576,81;-4 576,81;0;0;EUR;3;0,00;Cost model (i.e. value equals cost minus depreciation);30/06/2024;Internal
221500002475;Unpatented software and technology;01/11/2019;90 193,69;-90 193,69;0;0;EUR;3;0,00;Cost model (i.e. value equals cost minus depreciation);30/06/2024;Internal
221500002341;Unpatented software and technology;01/11/2019;11 482,48;-11 482,48;0;0;EUR;3;0,00;Cost model (i.e. value equals cost minus depreciation);30/06/2024;Internal
221500002062;Unpatented software and technology;01/11/2019;9 121,50;-9 121,50;0;0;EUR;3;0,00;Cost model (i.e. value equals cost minus depreciation);30/06/2024;Internal
221500002040;Unpatented software and technology;01/11/2019;6 865,20;-6 865,20;0;0;EUR;3;0,00;Cost model (i.e. value equals cost minus depreciation);30/06/2024;Internal
221500002413;Unpatented software and technology;01/11/2019;2 189,16;-2 189,16;0;0;EUR;3;0,00;Cost model (i.e. value equals cost minus depreciation);30/06/2024;Internal
221500002030;Unpatented software and technology;01/11/2019;5 823,17;-5 823,17;0;0;EUR;3;0,00;Cost model (i.e. value equals cost minus depreciation);30/06/2024;Internal
221500002027;Unpatented software and technology;01/11/2019;5 852,35;-5 852,35;0;0;EUR;3;0,00;Cost model (i.e. value equals cost minus depreciation);30/06/2024;Internal
221500002025;Unpatented software and technology;01/11/2019;5 370,74;-5 370,74;0;0;EUR;3;0,00;Cost model (i.e. value equals cost minus depreciation);30/06/2024;Internal
221500001627;Unpatented software and technology;01/11/2019;1 751,33;-1 751,33;0;0;EUR;3;0,00;Cost model (i.e. value equals cost minus depreciation);30/06/2024;Internal
221500002018;Unpatented software and technology;01/11/2019;13 729,28;-13 729,28;0;0;EUR;3;0,00;Cost model (i.e. value equals cost minus depreciation);30/06/2024;Internal
221500002055;Unpatented software and technology;01/11/2019;8 461,46;-8 461,46;0;0;EUR;3;0,00;Cost model (i.e. value equals cost minus depreciation);30/06/2024;Internal
221500001382;Unpatented software and technology;01/11/2019;1 046,23;-1 046,23;0;0;EUR;3;0,00;Cost model (i.e. value equals cost minus depreciation);30/06/2024;Internal
221500001639;Unpatented software and technology;01/11/2019;182,43;-182,43;0;0;EUR;3;0,00;Cost model (i.e. value equals cost minus depreciation);30/06/2024;Internal
221500001396;Unpatented software and technology;01/11/2019;36 496,95;-36 496,95;0;0;EUR;3;0,00;Cost model (i.e. value equals cost minus depreciation);30/06/2024;Internal
221500001393;Unpatented software and technology;01/11/2019;31 365,08;-31 365,08;0;0;EUR;3;0,00;Cost model (i.e. value equals cost minus depreciation);30/06/2024;Internal
221500001392;Unpatented software and technology;01/11/2019;5 798,83;-5 798,83;0;0;EUR;3;0,00;Cost model (i.e. value equals cost minus depreciation);30/06/2024;Internal
221500001389;Unpatented software and technology;01/11/2019;6 830,18;-6 830,18;0;0;EUR;3;0,00;Cost model (i.e. value equals cost minus depreciation);30/06/2024;Internal
221500001415;Unpatented software and technology;01/11/2019;6 377,75;-6 377,75;0;0;EUR;3;0,00;Cost model (i.e. value equals cost minus depreciation);30/06/2024;Internal
221500001384;Unpatented software and technology;01/11/2019;22 475,38;-22 475,38;0;0;EUR;3;0,00;Cost model (i.e. value equals cost minus depreciation);30/06/2024;Internal
221500001418;Unpatented software and technology;01/11/2019;490,35;-490,35;0;0;EUR;3;0,00;Cost model (i.e. value equals cost minus depreciation);30/06/2024;Internal
221500001379;Unpatented software and technology;01/11/2019;62 589,13;-62 589,13;0;0;EUR;3;0,00;Cost model (i.e. value equals cost minus depreciation);30/06/2024;Internal
221500001375;Unpatented software and technology;01/11/2019;60 185,84;-60 185,84;0;0;EUR;3;0,00;Cost model (i.e. value equals cost minus depreciation);30/06/2024;Internal
221500001134;Unpatented software and technology;01/11/2019;8 121,68;-8 121,68;0;0;EUR;3;0,00;Cost model (i.e. value equals cost minus depreciation);30/06/2024;Internal
221500001131;Unpatented software and technology;01/11/2019;6 265,86;-6 265,86;0;0;EUR;3;0,00;Cost model (i.e. value equals cost minus depreciation);30/06/2024;Internal
221500001130;Unpatented software and technology;01/11/2019;98 259,22;-98 259,22;0;0;EUR;3;0,00;Cost model (i.e. value equals cost minus depreciation);30/06/2024;Internal
221500001117;Unpatented software and technology;01/11/2019;1 459,44;-1 459,44;0;0;EUR;3;0,00;Cost model (i.e. value equals cost minus depreciation);30/06/2024;Internal
221500001386;Unpatented software and technology;01/11/2019;18 699,07;-18 699,07;0;0;EUR;3;0,00;Cost model (i.e. value equals cost minus depreciation);30/06/2024;Internal
221500001618;Unpatented software and technology;01/11/2019;1 634,57;-1 634,57;0;0;EUR;3;0,00;Cost model (i.e. value equals cost minus depreciation);30/06/2024;Internal
221500001630;Unpatented software and technology;01/11/2019;20 816,48;-20 816,48;0;0;EUR;3;0,00;Cost model (i.e. value equals cost minus depreciation);30/06/2024;Internal
221500001634;Unpatented software and technology;01/11/2019;9 852,13;-9 852,13;0;0;EUR;3;0,00;Cost model (i.e. value equals cost minus depreciation);30/06/2024;Internal
221500001632;Unpatented software and technology;01/11/2019;2 541,61;-2 541,61;0;0;EUR;3;0,00;Cost model (i.e. value equals cost minus depreciation);30/06/2024;Internal
221500001628;Unpatented software and technology;01/11/2019;2 770,50;-2 770,50;0;0;EUR;3;0,00;Cost model (i.e. value equals cost minus depreciation);30/06/2024;Internal
221500001624;Unpatented software and technology;01/11/2019;17 848,61;-17 848,61;0;0;EUR;3;0,00;Cost model (i.e. value equals cost minus depreciation);30/06/2024;Internal
221500001412;Unpatented software and technology;01/11/2019;6 824,35;-6 824,35;0;0;EUR;3;0,00;Cost model (i.e. value equals cost minus depreciation);30/06/2024;Internal
221500001620;Unpatented software and technology;01/11/2019;101,85;-101,85;0;0;EUR;3;0,00;Cost model (i.e. value equals cost minus depreciation);30/06/2024;Internal
221500001091;Unpatented software and technology;01/11/2019;7 764,22;-7 764,22;0;0;EUR;3;0,00;Cost model (i.e. value equals cost minus depreciation);30/06/2024;Internal
221500001616;Unpatented software and technology;01/11/2019;625,12;-625,12;0;0;EUR;3;0,00;Cost model (i.e. value equals cost minus depreciation);30/06/2024;Internal
221500001614;Unpatented software and technology;01/11/2019;1 977,55;-1 977,55;0;0;EUR;3;0,00;Cost model (i.e. value equals cost minus depreciation);30/06/2024;Internal
221500001429;Unpatented software and technology;01/11/2019;6 422,63;-6 422,63;0;0;EUR;3;0,00;Cost model (i.e. value equals cost minus depreciation);30/06/2024;Internal
221500001428;Unpatented software and technology;01/11/2019;27 326,57;-27 326,57;0;0;EUR;3;0,00;Cost model (i.e. value equals cost minus depreciation);30/06/2024;Internal
221500001426;Unpatented software and technology;01/11/2019;34 337,69;-34 337,69;0;0;EUR;3;0,00;Cost model (i.e. value equals cost minus depreciation);30/06/2024;Internal
221500001423;Unpatented software and technology;01/11/2019;7 028,68;-7 028,68;0;0;EUR;3;0,00;Cost model (i.e. value equals cost minus depreciation);30/06/2024;Internal
221500001622;Unpatented software and technology;01/11/2019;3 332,13;-3 332,13;0;0;EUR;3;0,00;Cost model (i.e. value equals cost minus depreciation);30/06/2024;Internal
221500001009;Unpatented software and technology;01/11/2019;4 613,86;-4 613,86;0;0;EUR;3;0,00;Cost model (i.e. value equals cost minus depreciation);30/06/2024;Internal
221500001020;Unpatented software and technology;01/11/2019;5 907,57;-5 907,57;0;0;EUR;3;0,00;Cost model (i.e. value equals cost minus depreciation);30/06/2024;Internal
221500001019;Unpatented software and technology;01/11/2019;1 629,10;-1 629,10;0;0;EUR;3;0,00;Cost model (i.e. value equals cost minus depreciation);30/06/2024;Internal
221500001018;Unpatented software and technology;01/11/2019;17 262,74;-17 262,74;0;0;EUR;3;0,00;Cost model (i.e. value equals cost minus depreciation);30/06/2024;Internal
221500001017;Unpatented software and technology;01/11/2019;2 802,12;-2 802,12;0;0;EUR;3;0,00;Cost model (i.e. value equals cost minus depreciation);30/06/2024;Internal
221500001016;Unpatented software and technology;01/11/2019;3 535,09;-3 535,09;0;0;EUR;3;0,00;Cost model (i.e. value equals cost minus depreciation);30/06/2024;Internal
221500001115;Unpatented software and technology;01/11/2019;17 756,52;-17 756,52;0;0;EUR;3;0,00;Cost model (i.e. value equals cost minus depreciation);30/06/2024;Internal
221500001011;Unpatented software and technology;01/11/2019;1 258,34;-1 258,34;0;0;EUR;3;0,00;Cost model (i.e. value equals cost minus depreciation);30/06/2024;Internal
221500001045;Unpatented software and technology;01/11/2019;11 715,62;-11 715,62;0;0;EUR;3;0,00;Cost model (i.e. value equals cost minus depreciation);30/06/2024;Internal
221500001008;Unpatented software and technology;01/11/2019;3 911,30;-3 911,30;0;0;EUR;3;0,00;Cost model (i.e. value equals cost minus depreciation);30/06/2024;Internal
221500001006;Unpatented software and technology;01/11/2019;3 829,81;-3 829,81;0;0;EUR;3;0,00;Cost model (i.e. value equals cost minus depreciation);30/06/2024;Internal
221500001005;Unpatented software and technology;01/11/2019;87 230,27;-87 230,27;0;0;EUR;3;0,00;Cost model (i.e. value equals cost minus depreciation);30/06/2024;Internal
221500001004;Unpatented software and technology;01/11/2019;89 689,69;-89 689,69;0;0;EUR;3;0,00;Cost model (i.e. value equals cost minus depreciation);30/06/2024;Internal
221500001002;Unpatented software and technology;01/11/2019;81 121,86;-81 121,86;0;0;EUR;3;0,00;Cost model (i.e. value equals cost minus depreciation);30/06/2024;Internal
221500000512;Unpatented software and technology;01/11/2019;1 370,41;-1 370,41;0;0;EUR;3;0,00;Cost model (i.e. value equals cost minus depreciation);30/06/2024;Internal
221500001013;Unpatented software and technology;01/11/2019;6 753,76;-6 753,76;0;0;EUR;3;0,00;Cost model (i.e. value equals cost minus depreciation);30/06/2024;Internal
221500001071;Unpatented software and technology;01/11/2019;2 585,95;-2 585,95;0;0;EUR;3;0,00;Cost model (i.e. value equals cost minus depreciation);30/06/2024;Internal
221500001641;Unpatented software and technology;01/11/2019;5 188,31;-5 188,31;0;0;EUR;3;0,00;Cost model (i.e. value equals cost minus depreciation);30/06/2024;Internal
221500001089;Unpatented software and technology;01/11/2019;18 081,25;-18 081,25;0;0;EUR;3;0,00;Cost model (i.e. value equals cost minus depreciation);30/06/2024;Internal
221500001087;Unpatented software and technology;01/11/2019;25 049,75;-25 049,75;0;0;EUR;3;0,00;Cost model (i.e. value equals cost minus depreciation);30/06/2024;Internal
221500001085;Unpatented software and technology;01/11/2019;2 554,90;-2 554,90;0;0;EUR;3;0,00;Cost model (i.e. value equals cost minus depreciation);30/06/2024;Internal
221500001082;Unpatented software and technology;01/11/2019;2 543,41;-2 543,41;0;0;EUR;3;0,00;Cost model (i.e. value equals cost minus depreciation);30/06/2024;Internal
221500001079;Unpatented software and technology;01/11/2019;14 078,21;-14 078,21;0;0;EUR;3;0,00;Cost model (i.e. value equals cost minus depreciation);30/06/2024;Internal
221500001021;Unpatented software and technology;01/11/2019;68 026,19;-68 026,19;0;0;EUR;3;0,00;Cost model (i.e. value equals cost minus depreciation);30/06/2024;Internal
221500001073;Unpatented software and technology;01/11/2019;1 261,50;-1 261,50;0;0;EUR;3;0,00;Cost model (i.e. value equals cost minus depreciation);30/06/2024;Internal
221500001043;Unpatented software and technology;01/11/2019;4 814,67;-4 814,67;0;0;EUR;3;0,00;Cost model (i.e. value equals cost minus depreciation);30/06/2024;Internal
221500001066;Unpatented software and technology;01/11/2019;3 570,16;-3 570,16;0;0;EUR;3;0,00;Cost model (i.e. value equals cost minus depreciation);30/06/2024;Internal
221500001065;Unpatented software and technology;01/11/2019;6 538,29;-6 538,29;0;0;EUR;3;0,00;Cost model (i.e. value equals cost minus depreciation);30/06/2024;Internal
221500001062;Unpatented software and technology;01/11/2019;77 772,55;-77 772,55;0;0;EUR;3;0,00;Cost model (i.e. value equals cost minus depreciation);30/06/2024;Internal
221500001060;Unpatented software and technology;01/11/2019;19 270,09;-19 270,09;0;0;EUR;3;0,00;Cost model (i.e. value equals cost minus depreciation);30/06/2024;Internal
221500001047;Unpatented software and technology;01/11/2019;5 033,32;-5 033,32;0;0;EUR;3;0,00;Cost model (i.e. value equals cost minus depreciation);30/06/2024;Internal
221500001092;Unpatented software and technology;01/11/2019;14 633,32;-14 633,32;0;0;EUR;3;0,00;Cost model (i.e. value equals cost minus depreciation);30/06/2024;Internal
221500001076;Unpatented software and technology;01/11/2019;8 965,50;-8 965,50;0;0;EUR;3;0,00;Cost model (i.e. value equals cost minus depreciation);30/06/2024;Internal
221500001865;Unpatented software and technology;01/11/2019;109 885,24;-109 885,24;0;0;EUR;3;0,00;Cost model (i.e. value equals cost minus depreciation);30/06/2024;Internal
221500001636;Unpatented software and technology;01/11/2019;45 095,50;-45 095,50;0;0;EUR;3;0,00;Cost model (i.e. value equals cost minus depreciation);30/06/2024;Internal
221500001877;Unpatented software and technology;01/11/2019;1 021,61;-1 021,61;0;0;EUR;3;0,00;Cost model (i.e. value equals cost minus depreciation);30/06/2024;Internal
221500001875;Unpatented software and technology;01/11/2019;8 727,45;-8 727,45;0;0;EUR;3;0,00;Cost model (i.e. value equals cost minus depreciation);30/06/2024;Internal
221500001873;Unpatented software and technology;01/11/2019;57 536,96;-57 536,96;0;0;EUR;3;0,00;Cost model (i.e. value equals cost minus depreciation);30/06/2024;Internal
221500001871;Unpatented software and technology;01/11/2019;1 670,46;-1 670,46;0;0;EUR;3;0,00;Cost model (i.e. value equals cost minus depreciation);30/06/2024;Internal
221500001881;Unpatented software and technology;01/11/2019;1 788,55;-1 788,55;0;0;EUR;3;0,00;Cost model (i.e. value equals cost minus depreciation);30/06/2024;Internal
221500001867;Unpatented software and technology;01/11/2019;26 795,68;-26 795,68;0;0;EUR;3;0,00;Cost model (i.e. value equals cost minus depreciation);30/06/2024;Internal
221500001882;Unpatented software and technology;01/11/2019;5 185,88;-5 185,88;0;0;EUR;3;0,00;Cost model (i.e. value equals cost minus depreciation);30/06/2024;Internal
221500001860;Unpatented software and technology;01/11/2019;22 981,32;-22 981,32;0;0;EUR;3;0,00;Cost model (i.e. value equals cost minus depreciation);30/06/2024;Internal
221500001858;Unpatented software and technology;01/11/2019;29 468,89;-29 468,89;0;0;EUR;3;0,00;Cost model (i.e. value equals cost minus depreciation);30/06/2024;Internal
221500001857;Unpatented software and technology;01/11/2019;3 192,52;-3 192,52;0;0;EUR;3;0,00;Cost model (i.e. value equals cost minus depreciation);30/06/2024;Internal
221500001854;Unpatented software and technology;01/11/2019;72 893,33;-72 893,33;0;0;EUR;3;0,00;Cost model (i.e. value equals cost minus depreciation);30/06/2024;Internal
221500001853;Unpatented software and technology;01/11/2019;8 503,67;-8 503,67;0;0;EUR;3;0,00;Cost model (i.e. value equals cost minus depreciation);30/06/2024;Internal
221500001852;Unpatented software and technology;01/11/2019;18 092,19;-18 092,19;0;0;EUR;3;0,00;Cost model (i.e. value equals cost minus depreciation);30/06/2024;Internal
221500001869;Unpatented software and technology;01/11/2019;10 756,07;-10 756,07;0;0;EUR;3;0,00;Cost model (i.e. value equals cost minus depreciation);30/06/2024;Internal
221500001893;Unpatented software and technology;01/11/2019;866,32;-866,32;0;0;EUR;3;0,00;Cost model (i.e. value equals cost minus depreciation);30/06/2024;Internal
221500002012;Unpatented software and technology;01/11/2019;1 882,68;-1 882,68;0;0;EUR;3;0,00;Cost model (i.e. value equals cost minus depreciation);30/06/2024;Internal
221500002009;Unpatented software and technology;01/11/2019;515,92;-515,92;0;0;EUR;3;0,00;Cost model (i.e. value equals cost minus depreciation);30/06/2024;Internal
221500001917;Unpatented software and technology;01/11/2019;15 272,56;-15 272,56;0;0;EUR;3;0,00;Cost model (i.e. value equals cost minus depreciation);30/06/2024;Internal
221500001914;Unpatented software and technology;01/11/2019;6 830,18;-6 830,18;0;0;EUR;3;0,00;Cost model (i.e. value equals cost minus depreciation);30/06/2024;Internal
221500001907;Unpatented software and technology;01/11/2019;4 249,89;-4 249,89;0;0;EUR;3;0,00;Cost model (i.e. value equals cost minus depreciation);30/06/2024;Internal
221500001879;Unpatented software and technology;01/11/2019;22 524,81;-22 524,81;0;0;EUR;3;0,00;Cost model (i.e. value equals cost minus depreciation);30/06/2024;Internal
221500001897;Unpatented software and technology;01/11/2019;17 780,43;-17 780,43;0;0;EUR;3;0,00;Cost model (i.e. value equals cost minus depreciation);30/06/2024;Internal
221500001761;Unpatented software and technology;01/11/2019;5 294,12;-5 294,12;0;0;EUR;3;0,00;Cost model (i.e. value equals cost minus depreciation);30/06/2024;Internal
221500001890;Unpatented software and technology;01/11/2019;2 751,04;-2 751,04;0;0;EUR;3;0,00;Cost model (i.e. value equals cost minus depreciation);30/06/2024;Internal
221500001889;Unpatented software and technology;01/11/2019;10 349,86;-10 349,86;0;0;EUR;3;0,00;Cost model (i.e. value equals cost minus depreciation);30/06/2024;Internal
221500001888;Unpatented software and technology;01/11/2019;4 991,28;-4 991,28;0;0;EUR;3;0,00;Cost model (i.e. value equals cost minus depreciation);30/06/2024;Internal
221500001887;Unpatented software and technology;01/11/2019;22 637,38;-22 637,38;0;0;EUR;3;0,00;Cost model (i.e. value equals cost minus depreciation);30/06/2024;Internal
221500001885;Unpatented software and technology;01/11/2019;19 343,06;-19 343,06;0;0;EUR;3;0,00;Cost model (i.e. value equals cost minus depreciation);30/06/2024;Internal
221500001883;Unpatented software and technology;01/11/2019;2 933,47;-2 933,47;0;0;EUR;3;0,00;Cost model (i.e. value equals cost minus depreciation);30/06/2024;Internal
221500001905;Unpatented software and technology;01/11/2019;3 199,82;-3 199,82;0;0;EUR;3;0,00;Cost model (i.e. value equals cost minus depreciation);30/06/2024;Internal
221500001656;Unpatented software and technology;01/11/2019;6 807,84;-6 807,84;0;0;EUR;3;0,00;Cost model (i.e. value equals cost minus depreciation);30/06/2024;Internal
221500001688;Unpatented software and technology;01/11/2019;4 378,32;-4 378,32;0;0;EUR;3;0,00;Cost model (i.e. value equals cost minus depreciation);30/06/2024;Internal
221500001675;Unpatented software and technology;01/11/2019;6 660,00;-6 660,00;0;0;EUR;3;0,00;Cost model (i.e. value equals cost minus depreciation);30/06/2024;Internal
221500001672;Unpatented software and technology;01/11/2019;53,42;-53,42;0;0;EUR;3;0,00;Cost model (i.e. value equals cost minus depreciation);30/06/2024;Internal
221500001669;Unpatented software and technology;01/11/2019;9 427,42;-9 427,42;0;0;EUR;3;0,00;Cost model (i.e. value equals cost minus depreciation);30/06/2024;Internal
221500001665;Unpatented software and technology;01/11/2019;4 252,40;-4 252,40;0;0;EUR;3;0,00;Cost model (i.e. value equals cost minus depreciation);30/06/2024;Internal
221500001850;Unpatented software and technology;01/11/2019;10 702,56;-10 702,56;0;0;EUR;3;0,00;Cost model (i.e. value equals cost minus depreciation);30/06/2024;Internal
221500001659;Unpatented software and technology;01/11/2019;846,48;-846,48;0;0;EUR;3;0,00;Cost model (i.e. value equals cost minus depreciation);30/06/2024;Internal
221500001727;Unpatented software and technology;01/11/2019;46 513,43;-46 513,43;0;0;EUR;3;0,00;Cost model (i.e. value equals cost minus depreciation);30/06/2024;Internal
221500001653;Unpatented software and technology;01/11/2019;13 188,92;-13 188,92;0;0;EUR;3;0,00;Cost model (i.e. value equals cost minus depreciation);30/06/2024;Internal
221500001651;Unpatented software and technology;01/11/2019;45 811,65;-45 811,65;0;0;EUR;3;0,00;Cost model (i.e. value equals cost minus depreciation);30/06/2024;Internal
221500001650;Unpatented software and technology;01/11/2019;27 452,82;-27 452,82;0;0;EUR;3;0,00;Cost model (i.e. value equals cost minus depreciation);30/06/2024;Internal
221500001648;Unpatented software and technology;01/11/2019;4 127,67;-4 127,67;0;0;EUR;3;0,00;Cost model (i.e. value equals cost minus depreciation);30/06/2024;Internal
221500001646;Unpatented software and technology;01/11/2019;46 356,31;-46 356,31;0;0;EUR;3;0,00;Cost model (i.e. value equals cost minus depreciation);30/06/2024;Internal
221500001644;Unpatented software and technology;01/11/2019;12 894,77;-12 894,77;0;0;EUR;3;0,00;Cost model (i.e. value equals cost minus depreciation);30/06/2024;Internal
221500001662;Unpatented software and technology;01/11/2019;198,36;-198,36;0;0;EUR;3;0,00;Cost model (i.e. value equals cost minus depreciation);30/06/2024;Internal
221500001745;Unpatented software and technology;01/11/2019;4 731,69;-4 731,69;0;0;EUR;3;0,00;Cost model (i.e. value equals cost minus depreciation);30/06/2024;Internal
221500002014;Unpatented software and technology;01/11/2019;19 901,90;-19 901,90;0;0;EUR;3;0,00;Cost model (i.e. value equals cost minus depreciation);30/06/2024;Internal
221500001759;Unpatented software and technology;01/11/2019;14 427,05;-14 427,05;0;0;EUR;3;0,00;Cost model (i.e. value equals cost minus depreciation);30/06/2024;Internal
221500001757;Unpatented software and technology;01/11/2019;16 856,53;-16 856,53;0;0;EUR;3;0,00;Cost model (i.e. value equals cost minus depreciation);30/06/2024;Internal
221500001755;Unpatented software and technology;01/11/2019;11 856,13;-11 856,13;0;0;EUR;3;0,00;Cost model (i.e. value equals cost minus depreciation);30/06/2024;Internal
221500001753;Unpatented software and technology;01/11/2019;7 953,95;-7 953,95;0;0;EUR;3;0,00;Cost model (i.e. value equals cost minus depreciation);30/06/2024;Internal
221500001752;Unpatented software and technology;01/11/2019;3 422,39;-3 422,39;0;0;EUR;3;0,00;Cost model (i.e. value equals cost minus depreciation);30/06/2024;Internal
221500001719;Unpatented software and technology;01/11/2019;16 107,08;-16 107,08;0;0;EUR;3;0,00;Cost model (i.e. value equals cost minus depreciation);30/06/2024;Internal
221500001746;Unpatented software and technology;01/11/2019;1 676,67;-1 676,67;0;0;EUR;3;0,00;Cost model (i.e. value equals cost minus depreciation);30/06/2024;Internal
221500001723;Unpatented software and technology;01/11/2019;6 726,10;-6 726,10;0;0;EUR;3;0,00;Cost model (i.e. value equals cost minus depreciation);30/06/2024;Internal
221500001744;Unpatented software and technology;01/11/2019;3 188,87;-3 188,87;0;0;EUR;3;0,00;Cost model (i.e. value equals cost minus depreciation);30/06/2024;Internal
221500001741;Unpatented software and technology;01/11/2019;1 802,41;-1 802,41;0;0;EUR;3;0,00;Cost model (i.e. value equals cost minus depreciation);30/06/2024;Internal
221500001737;Unpatented software and technology;01/11/2019;28 790,71;-28 790,71;0;0;EUR;3;0,00;Cost model (i.e. value equals cost minus depreciation);30/06/2024;Internal
221500001735;Unpatented software and technology;01/11/2019;23 620,42;-23 620,42;0;0;EUR;3;0,00;Cost model (i.e. value equals cost minus depreciation);30/06/2024;Internal
221500001731;Unpatented software and technology;01/11/2019;844,47;-844,47;0;0;EUR;3;0,00;Cost model (i.e. value equals cost minus depreciation);30/06/2024;Internal
221500001779;Unpatented software and technology;01/11/2019;13 913,08;-13 913,08;0;0;EUR;3;0,00;Cost model (i.e. value equals cost minus depreciation);30/06/2024;Internal
221500001749;Unpatented software and technology;01/11/2019;1 386,47;-1 386,47;0;0;EUR;3;0,00;Cost model (i.e. value equals cost minus depreciation);30/06/2024;Internal
221500003132;Unpatented software and technology;01/11/2019;6 641,82;-6 641,82;0;0;EUR;3;0,00;Cost model (i.e. value equals cost minus depreciation);30/06/2024;Internal
221500000356;Unpatented software and technology;01/12/2019;278,92;-278,92;0;0;EUR;3;0,00;Cost model (i.e. value equals cost minus depreciation);30/06/2024;Internal
221500001708;Unpatented software and technology;01/12/2019;1 897,27;-1 897,27;0;0;EUR;3;0,00;Cost model (i.e. value equals cost minus depreciation);30/06/2024;Internal
221500001716;Unpatented software and technology;01/12/2019;5 545,87;-5 545,87;0;0;EUR;3;0,00;Cost model (i.e. value equals cost minus depreciation);30/06/2024;Internal
221500000920;Unpatented software and technology;01/12/2019;5 353,23;-5 353,23;0;0;EUR;3;0,00;Cost model (i.e. value equals cost minus depreciation);30/06/2024;Internal
221500000923;Unpatented software and technology;01/12/2019;3 736,17;-3 736,17;0;0;EUR;3;0,00;Cost model (i.e. value equals cost minus depreciation);30/06/2024;Internal
221500000362;Unpatented software and technology;01/12/2019;17 163,01;-17 163,01;0;0;EUR;3;0,00;Cost model (i.e. value equals cost minus depreciation);30/06/2024;Internal
221500001848;Unpatented software and technology;01/12/2019;66 866,81;-66 866,81;0;0;EUR;3;0,00;Cost model (i.e. value equals cost minus depreciation);30/06/2024;Internal
221500001884;Unpatented software and technology;01/12/2019;988,78;-988,78;0;0;EUR;3;0,00;Cost model (i.e. value equals cost minus depreciation);30/06/2024;Internal
221500000359;Unpatented software and technology;01/12/2019;6 538,29;-6 538,29;0;0;EUR;3;0,00;Cost model (i.e. value equals cost minus depreciation);30/06/2024;Internal
221500001700;Unpatented software and technology;01/12/2019;279,63;-279,63;0;0;EUR;3;0,00;Cost model (i.e. value equals cost minus depreciation);30/06/2024;Internal
221500000933;Unpatented software and technology;01/12/2019;5 098,31;-5 098,31;0;0;EUR;3;0,00;Cost model (i.e. value equals cost minus depreciation);30/06/2024;Internal
221500002575;Unpatented software and technology;01/12/2019;59 790,34;-59 790,34;0;0;EUR;3;0,00;Cost model (i.e. value equals cost minus depreciation);30/06/2024;Internal
221500000935;Unpatented software and technology;01/12/2019;4 588,48;-4 588,48;0;0;EUR;3;0,00;Cost model (i.e. value equals cost minus depreciation);30/06/2024;Internal
221500000352;Unpatented software and technology;01/12/2019;1 268,09;-1 268,09;0;0;EUR;3;0,00;Cost model (i.e. value equals cost minus depreciation);30/06/2024;Internal
221500001855;Unpatented software and technology;01/12/2019;8 965,50;-8 965,50;0;0;EUR;3;0,00;Cost model (i.e. value equals cost minus depreciation);30/06/2024;Internal
221500000031;Unpatented software and technology;01/12/2019;7 832,33;-7 832,33;0;0;EUR;3;0,00;Cost model (i.e. value equals cost minus depreciation);30/06/2024;Internal
221500001863;Unpatented software and technology;01/12/2019;13 668,54;-13 668,54;0;0;EUR;3;0,00;Cost model (i.e. value equals cost minus depreciation);30/06/2024;Internal
221500000468;Unpatented software and technology;01/12/2019;2 983,09;-2 983,09;0;0;EUR;3;0,00;Cost model (i.e. value equals cost minus depreciation);30/06/2024;Internal
221500000929;Unpatented software and technology;01/12/2019;36 857,82;-36 857,82;0;0;EUR;3;0,00;Cost model (i.e. value equals cost minus depreciation);30/06/2024;Internal
221500001601;Unpatented software and technology;01/12/2019;18 773,26;-18 773,26;0;0;EUR;3;0,00;Cost model (i.e. value equals cost minus depreciation);30/06/2024;Internal
221500000419;Unpatented software and technology;01/12/2019;7 116,06;-7 116,06;0;0;EUR;3;0,00;Cost model (i.e. value equals cost minus depreciation);30/06/2024;Internal
221500000415;Unpatented software and technology;01/12/2019;890,65;-890,65;0;0;EUR;3;0,00;Cost model (i.e. value equals cost minus depreciation);30/06/2024;Internal
221500001577;Unpatented software and technology;01/12/2019;5 611,18;-5 611,18;0;0;EUR;3;0,00;Cost model (i.e. value equals cost minus depreciation);30/06/2024;Internal
221500001587;Unpatented software and technology;01/12/2019;727,29;-727,29;0;0;EUR;3;0,00;Cost model (i.e. value equals cost minus depreciation);30/06/2024;Internal
221500001589;Unpatented software and technology;01/12/2019;2 918,88;-2 918,88;0;0;EUR;3;0,00;Cost model (i.e. value equals cost minus depreciation);30/06/2024;Internal
221500001591;Unpatented software and technology;01/12/2019;2 977,26;-2 977,26;0;0;EUR;3;0,00;Cost model (i.e. value equals cost minus depreciation);30/06/2024;Internal
221500001593;Unpatented software and technology;01/12/2019;3 385,90;-3 385,90;0;0;EUR;3;0,00;Cost model (i.e. value equals cost minus depreciation);30/06/2024;Internal
221500001595;Unpatented software and technology;01/12/2019;846,48;-846,48;0;0;EUR;3;0,00;Cost model (i.e. value equals cost minus depreciation);30/06/2024;Internal
221500001705;Unpatented software and technology;01/12/2019;1 118,90;-1 118,90;0;0;EUR;3;0,00;Cost model (i.e. value equals cost minus depreciation);30/06/2024;Internal
221500001599;Unpatented software and technology;01/12/2019;49 640,42;-49 640,42;0;0;EUR;3;0,00;Cost model (i.e. value equals cost minus depreciation);30/06/2024;Internal
221500001703;Unpatented software and technology;01/12/2019;912,15;-912,15;0;0;EUR;3;0,00;Cost model (i.e. value equals cost minus depreciation);30/06/2024;Internal
221500001605;Unpatented software and technology;01/12/2019;103,37;-103,37;0;0;EUR;3;0,00;Cost model (i.e. value equals cost minus depreciation);30/06/2024;Internal
221500001608;Unpatented software and technology;01/12/2019;27 447,83;-27 447,83;0;0;EUR;3;0,00;Cost model (i.e. value equals cost minus depreciation);30/06/2024;Internal
221500001611;Unpatented software and technology;01/12/2019;2 408,08;-2 408,08;0;0;EUR;3;0,00;Cost model (i.e. value equals cost minus depreciation);30/06/2024;Internal
221500000410;Unpatented software and technology;01/12/2019;278 697,00;-278 697,00;0;0;EUR;3;0,00;Cost model (i.e. value equals cost minus depreciation);30/06/2024;Internal
221500000408;Unpatented software and technology;01/12/2019;122,23;-122,23;0;0;EUR;3;0,00;Cost model (i.e. value equals cost minus depreciation);30/06/2024;Internal
221500000405;Unpatented software and technology;01/12/2019;1 224,70;-1 224,70;0;0;EUR;3;0,00;Cost model (i.e. value equals cost minus depreciation);30/06/2024;Internal
221500001697;Unpatented software and technology;01/12/2019;2 043,22;-2 043,22;0;0;EUR;3;0,00;Cost model (i.e. value equals cost minus depreciation);30/06/2024;Internal
221500000040;Unpatented software and technology;01/12/2019;130,12;-130,12;0;0;EUR;3;0,00;Cost model (i.e. value equals cost minus depreciation);30/06/2024;Internal
221500001597;Unpatented software and technology;01/12/2019;700,53;-700,53;0;0;EUR;3;0,00;Cost model (i.e. value equals cost minus depreciation);30/06/2024;Internal
221500000175;Unpatented software and technology;01/12/2019;51 891,85;-51 891,85;0;0;EUR;3;0,00;Cost model (i.e. value equals cost minus depreciation);30/06/2024;Internal
221500000235;Unpatented software and technology;01/12/2019;6 860,83;-6 860,83;0;0;EUR;3;0,00;Cost model (i.e. value equals cost minus depreciation);30/06/2024;Internal
221500000211;Unpatented software and technology;01/12/2019;9 263,64;-9 263,64;0;0;EUR;3;0,00;Cost model (i.e. value equals cost minus depreciation);30/06/2024;Internal
221500000206;Unpatented software and technology;01/12/2019;39 481,59;-39 481,59;0;0;EUR;3;0,00;Cost model (i.e. value equals cost minus depreciation);30/06/2024;Internal
221500000201;Unpatented software and technology;01/12/2019;10 710,65;-10 710,65;0;0;EUR;3;0,00;Cost model (i.e. value equals cost minus depreciation);30/06/2024;Internal
221500000087;Unpatented software and technology;01/12/2019;8 887,99;-8 887,99;0;0;EUR;3;0,00;Cost model (i.e. value equals cost minus depreciation);30/06/2024;Internal
221500000198;Unpatented software and technology;01/12/2019;1 057,18;-1 057,18;0;0;EUR;3;0,00;Cost model (i.e. value equals cost minus depreciation);30/06/2024;Internal
221500000195;Unpatented software and technology;01/12/2019;8 386,92;-8 386,92;0;0;EUR;3;0,00;Cost model (i.e. value equals cost minus depreciation);30/06/2024;Internal
221500000349;Unpatented software and technology;01/12/2019;3 101,31;-3 101,31;0;0;EUR;3;0,00;Cost model (i.e. value equals cost minus depreciation);30/06/2024;Internal
221500000177;Unpatented software and technology;01/12/2019;3 055,71;-3 055,71;0;0;EUR;3;0,00;Cost model (i.e. value equals cost minus depreciation);30/06/2024;Internal
221500000287;Unpatented software and technology;01/12/2019;17 785,71;-17 785,71;0;0;EUR;3;0,00;Cost model (i.e. value equals cost minus depreciation);30/06/2024;Internal
221500000169;Unpatented software and technology;01/12/2019;3 269,15;-3 269,15;0;0;EUR;3;0,00;Cost model (i.e. value equals cost minus depreciation);30/06/2024;Internal
221500000166;Unpatented software and technology;01/12/2019;21 400,74;-21 400,74;0;0;EUR;3;0,00;Cost model (i.e. value equals cost minus depreciation);30/06/2024;Internal
221500002342;Unpatented software and technology;01/12/2019;11 799,63;-11 799,63;0;0;EUR;3;0,00;Cost model (i.e. value equals cost minus depreciation);30/06/2024;Internal
221500000094;Unpatented software and technology;01/12/2019;1 371,87;-1 371,87;0;0;EUR;3;0,00;Cost model (i.e. value equals cost minus depreciation);30/06/2024;Internal
221500000097;Unpatented software and technology;01/12/2019;18 699,07;-18 699,07;0;0;EUR;3;0,00;Cost model (i.e. value equals cost minus depreciation);30/06/2024;Internal
221500000099;Unpatented software and technology;01/12/2019;5 545,87;-5 545,87;0;0;EUR;3;0,00;Cost model (i.e. value equals cost minus depreciation);30/06/2024;Internal
221500000103;Unpatented software and technology;01/12/2019;1 375,52;-1 375,52;0;0;EUR;3;0,00;Cost model (i.e. value equals cost minus depreciation);30/06/2024;Internal
221500000110;Unpatented software and technology;01/12/2019;3 429,20;-3 429,20;0;0;EUR;3;0,00;Cost model (i.e. value equals cost minus depreciation);30/06/2024;Internal
221500000182;Unpatented software and technology;01/12/2019;33 464,96;-33 464,96;0;0;EUR;3;0,00;Cost model (i.e. value equals cost minus depreciation);30/06/2024;Internal
221500002020;Unpatented software and technology;01/12/2019;4 843,39;-4 843,39;0;0;EUR;3;0,00;Cost model (i.e. value equals cost minus depreciation);30/06/2024;Internal
221500000047;Unpatented software and technology;01/12/2019;9 291,77;-9 291,77;0;0;EUR;3;0,00;Cost model (i.e. value equals cost minus depreciation);30/06/2024;Internal
221500001909;Unpatented software and technology;01/12/2019;988,78;-988,78;0;0;EUR;3;0,00;Cost model (i.e. value equals cost minus depreciation);30/06/2024;Internal
221500001911;Unpatented software and technology;01/12/2019;109,46;-109,46;0;0;EUR;3;0,00;Cost model (i.e. value equals cost minus depreciation);30/06/2024;Internal
221500000346;Unpatented software and technology;01/12/2019;3 831,03;-3 831,03;0;0;EUR;3;0,00;Cost model (i.e. value equals cost minus depreciation);30/06/2024;Internal
221500000342;Unpatented software and technology;01/12/2019;4 563,18;-4 563,18;0;0;EUR;3;0,00;Cost model (i.e. value equals cost minus depreciation);30/06/2024;Internal
221500000339;Unpatented software and technology;01/12/2019;4 188,59;-4 188,59;0;0;EUR;3;0,00;Cost model (i.e. value equals cost minus depreciation);30/06/2024;Internal
221500000337;Unpatented software and technology;01/12/2019;1 089,72;-1 089,72;0;0;EUR;3;0,00;Cost model (i.e. value equals cost minus depreciation);30/06/2024;Internal
221500000060;Unpatented software and technology;01/12/2019;3 907,92;-3 907,92;0;0;EUR;3;0,00;Cost model (i.e. value equals cost minus depreciation);30/06/2024;Internal
221500000238;Unpatented software and technology;01/12/2019;2 179,43;-2 179,43;0;0;EUR;3;0,00;Cost model (i.e. value equals cost minus depreciation);30/06/2024;Internal
221500000070;Unpatented software and technology;01/12/2019;40,75;-40,75;0;0;EUR;3;0,00;Cost model (i.e. value equals cost minus depreciation);30/06/2024;Internal
221500000284;Unpatented software and technology;01/12/2019;5 592,57;-5 592,57;0;0;EUR;3;0,00;Cost model (i.e. value equals cost minus depreciation);30/06/2024;Internal
221500000074;Unpatented software and technology;01/12/2019;278,87;-278,87;0;0;EUR;3;0,00;Cost model (i.e. value equals cost minus depreciation);30/06/2024;Internal
221500000077;Unpatented software and technology;01/12/2019;7 151,26;-7 151,26;0;0;EUR;3;0,00;Cost model (i.e. value equals cost minus depreciation);30/06/2024;Internal
221500000080;Unpatented software and technology;01/12/2019;6 421,54;-6 421,54;0;0;EUR;3;0,00;Cost model (i.e. value equals cost minus depreciation);30/06/2024;Internal
221500002499;Unpatented software and technology;01/12/2019;32 607,77;-32 607,77;0;0;EUR;3;0,00;Cost model (i.e. value equals cost minus depreciation);30/06/2024;Internal
221500000310;Unpatented software and technology;01/12/2019;1 466,74;-1 466,74;0;0;EUR;3;0,00;Cost model (i.e. value equals cost minus depreciation);30/06/2024;Internal
221500000308;Unpatented software and technology;01/12/2019;427,80;-427,80;0;0;EUR;3;0,00;Cost model (i.e. value equals cost minus depreciation);30/06/2024;Internal
221500000306;Unpatented software and technology;01/12/2019;305,57;-305,57;0;0;EUR;3;0,00;Cost model (i.e. value equals cost minus depreciation);30/06/2024;Internal
221500000926;Unpatented software and technology;01/12/2019;3 308,06;-3 308,06;0;0;EUR;3;0,00;Cost model (i.e. value equals cost minus depreciation);30/06/2024;Internal
221500000063;Unpatented software and technology;01/12/2019;5 870,84;-5 870,84;0;0;EUR;3;0,00;Cost model (i.e. value equals cost minus depreciation);30/06/2024;Internal
221500001150;Unpatented software and technology;01/12/2019;2 043,22;-2 043,22;0;0;EUR;3;0,00;Cost model (i.e. value equals cost minus depreciation);30/06/2024;Internal
221500000773;Unpatented software and technology;01/12/2019;4 655,61;-4 655,61;0;0;EUR;3;0,00;Cost model (i.e. value equals cost minus depreciation);30/06/2024;Internal
221500000808;Unpatented software and technology;01/12/2019;8 887,99;-8 887,99;0;0;EUR;3;0,00;Cost model (i.e. value equals cost minus depreciation);30/06/2024;Internal
221500000801;Unpatented software and technology;01/12/2019;18 050,26;-18 050,26;0;0;EUR;3;0,00;Cost model (i.e. value equals cost minus depreciation);30/06/2024;Internal
221500000799;Unpatented software and technology;01/12/2019;30 465,81;-30 465,81;0;0;EUR;3;0,00;Cost model (i.e. value equals cost minus depreciation);30/06/2024;Internal
221500000470;Unpatented software and technology;01/12/2019;6 839,91;-6 839,91;0;0;EUR;3;0,00;Cost model (i.e. value equals cost minus depreciation);30/06/2024;Internal
221500000788;Unpatented software and technology;01/12/2019;1 830,38;-1 830,38;0;0;EUR;3;0,00;Cost model (i.e. value equals cost minus depreciation);30/06/2024;Internal
221500001137;Unpatented software and technology;01/12/2019;7 966,11;-7 966,11;0;0;EUR;3;0,00;Cost model (i.e. value equals cost minus depreciation);30/06/2024;Internal
221500001138;Unpatented software and technology;01/12/2019;10 216,08;-10 216,08;0;0;EUR;3;0,00;Cost model (i.e. value equals cost minus depreciation);30/06/2024;Internal
221500000784;Unpatented software and technology;01/12/2019;47 737,72;-47 737,72;0;0;EUR;3;0,00;Cost model (i.e. value equals cost minus depreciation);30/06/2024;Internal
221500001142;Unpatented software and technology;01/12/2019;289 968,00;-289 968,00;0;0;EUR;3;0,00;Cost model (i.e. value equals cost minus depreciation);30/06/2024;Internal
221500000814;Unpatented software and technology;01/12/2019;3 632,84;-3 632,84;0;0;EUR;3;0,00;Cost model (i.e. value equals cost minus depreciation);30/06/2024;Internal
221500001148;Unpatented software and technology;01/12/2019;14 265,89;-14 265,89;0;0;EUR;3;0,00;Cost model (i.e. value equals cost minus depreciation);30/06/2024;Internal
221500000816;Unpatented software and technology;01/12/2019;25 269,10;-25 269,10;0;0;EUR;3;0,00;Cost model (i.e. value equals cost minus depreciation);30/06/2024;Internal
221500001153;Unpatented software and technology;01/12/2019;9 121,50;-9 121,50;0;0;EUR;3;0,00;Cost model (i.e. value equals cost minus depreciation);30/06/2024;Internal
221500001155;Unpatented software and technology;01/12/2019;9 972,78;-9 972,78;0;0;EUR;3;0,00;Cost model (i.e. value equals cost minus depreciation);30/06/2024;Internal
221500001157;Unpatented software and technology;01/12/2019;13 878,18;-13 878,18;0;0;EUR;3;0,00;Cost model (i.e. value equals cost minus depreciation);30/06/2024;Internal
221500001160;Unpatented software and technology;01/12/2019;13 076,58;-13 076,58;0;0;EUR;3;0,00;Cost model (i.e. value equals cost minus depreciation);30/06/2024;Internal
221500001163;Unpatented software and technology;01/12/2019;3 596,06;-3 596,06;0;0;EUR;3;0,00;Cost model (i.e. value equals cost minus depreciation);30/06/2024;Internal
221500001166;Unpatented software and technology;01/12/2019;51 815,95;-51 815,95;0;0;EUR;3;0,00;Cost model (i.e. value equals cost minus depreciation);30/06/2024;Internal
221500001167;Unpatented software and technology;01/12/2019;5 823,17;-5 823,17;0;0;EUR;3;0,00;Cost model (i.e. value equals cost minus depreciation);30/06/2024;Internal
221500001169;Unpatented software and technology;01/12/2019;20 219,49;-20 219,49;0;0;EUR;3;0,00;Cost model (i.e. value equals cost minus depreciation);30/06/2024;Internal
221500000780;Unpatented software and technology;01/12/2019;32 440,92;-32 440,92;0;0;EUR;3;0,00;Cost model (i.e. value equals cost minus depreciation);30/06/2024;Internal
221500000776;Unpatented software and technology;01/12/2019;3 603,07;-3 603,07;0;0;EUR;3;0,00;Cost model (i.e. value equals cost minus depreciation);30/06/2024;Internal
221500000774;Unpatented software and technology;01/12/2019;37 934,86;-37 934,86;0;0;EUR;3;0,00;Cost model (i.e. value equals cost minus depreciation);30/06/2024;Internal
221500000781;Unpatented software and technology;01/12/2019;22 161,50;-22 161,50;0;0;EUR;3;0,00;Cost model (i.e. value equals cost minus depreciation);30/06/2024;Internal
221500000893;Unpatented software and technology;01/12/2019;1 507,90;-1 507,90;0;0;EUR;3;0,00;Cost model (i.e. value equals cost minus depreciation);30/06/2024;Internal
221500000917;Unpatented software and technology;01/12/2019;3 192,52;-3 192,52;0;0;EUR;3;0,00;Cost model (i.e. value equals cost minus depreciation);30/06/2024;Internal
221500000914;Unpatented software and technology;01/12/2019;3 192,52;-3 192,52;0;0;EUR;3;0,00;Cost model (i.e. value equals cost minus depreciation);30/06/2024;Internal
221500000911;Unpatented software and technology;01/12/2019;4 232,38;-4 232,38;0;0;EUR;3;0,00;Cost model (i.e. value equals cost minus depreciation);30/06/2024;Internal
221500000908;Unpatented software and technology;01/12/2019;15 144,12;-15 144,12;0;0;EUR;3;0,00;Cost model (i.e. value equals cost minus depreciation);30/06/2024;Internal
221500000907;Unpatented software and technology;01/12/2019;4 203,19;-4 203,19;0;0;EUR;3;0,00;Cost model (i.e. value equals cost minus depreciation);30/06/2024;Internal
221500000905;Unpatented software and technology;01/12/2019;1 688,09;-1 688,09;0;0;EUR;3;0,00;Cost model (i.e. value equals cost minus depreciation);30/06/2024;Internal
221500000903;Unpatented software and technology;01/12/2019;723,16;-723,16;0;0;EUR;3;0,00;Cost model (i.e. value equals cost minus depreciation);30/06/2024;Internal
221500000901;Unpatented software and technology;01/12/2019;806,34;-806,34;0;0;EUR;3;0,00;Cost model (i.e. value equals cost minus depreciation);30/06/2024;Internal
221500000897;Unpatented software and technology;01/12/2019;7 589,09;-7 589,09;0;0;EUR;3;0,00;Cost model (i.e. value equals cost minus depreciation);30/06/2024;Internal
221500000896;Unpatented software and technology;01/12/2019;4 331,62;-4 331,62;0;0;EUR;3;0,00;Cost model (i.e. value equals cost minus depreciation);30/06/2024;Internal
221500000811;Unpatented software and technology;01/12/2019;1 988,54;-1 988,54;0;0;EUR;3;0,00;Cost model (i.e. value equals cost minus depreciation);30/06/2024;Internal
221500000894;Unpatented software and technology;01/12/2019;13 787,23;-13 787,23;0;0;EUR;3;0,00;Cost model (i.e. value equals cost minus depreciation);30/06/2024;Internal
221500000791;Unpatented software and technology;01/12/2019;23 856,52;-23 856,52;0;0;EUR;3;0,00;Cost model (i.e. value equals cost minus depreciation);30/06/2024;Internal
221500000891;Unpatented software and technology;01/12/2019;224,75;-224,75;0;0;EUR;3;0,00;Cost model (i.e. value equals cost minus depreciation);30/06/2024;Internal
221500000886;Unpatented software and technology;01/12/2019;27 936,21;-27 936,21;0;0;EUR;3;0,00;Cost model (i.e. value equals cost minus depreciation);30/06/2024;Internal
221500000884;Unpatented software and technology;01/12/2019;3 308,06;-3 308,06;0;0;EUR;3;0,00;Cost model (i.e. value equals cost minus depreciation);30/06/2024;Internal
221500000880;Unpatented software and technology;01/12/2019;33 046,76;-33 046,76;0;0;EUR;3;0,00;Cost model (i.e. value equals cost minus depreciation);30/06/2024;Internal
221500000876;Unpatented software and technology;01/12/2019;4 086,43;-4 086,43;0;0;EUR;3;0,00;Cost model (i.e. value equals cost minus depreciation);30/06/2024;Internal
221500000872;Unpatented software and technology;01/12/2019;35 789,27;-35 789,27;0;0;EUR;3;0,00;Cost model (i.e. value equals cost minus depreciation);30/06/2024;Internal
221500000831;Unpatented software and technology;01/12/2019;27 920,40;-27 920,40;0;0;EUR;3;0,00;Cost model (i.e. value equals cost minus depreciation);30/06/2024;Internal
221500000828;Unpatented software and technology;01/12/2019;6 865,20;-6 865,20;0;0;EUR;3;0,00;Cost model (i.e. value equals cost minus depreciation);30/06/2024;Internal
221500000826;Unpatented software and technology;01/12/2019;6 946,93;-6 946,93;0;0;EUR;3;0,00;Cost model (i.e. value equals cost minus depreciation);30/06/2024;Internal
221500000823;Unpatented software and technology;01/12/2019;10 450,40;-10 450,40;0;0;EUR;3;0,00;Cost model (i.e. value equals cost minus depreciation);30/06/2024;Internal
221500000818;Unpatented software and technology;01/12/2019;1 882,68;-1 882,68;0;0;EUR;3;0,00;Cost model (i.e. value equals cost minus depreciation);30/06/2024;Internal
221500000895;Unpatented software and technology;01/12/2019;6 921,49;-6 921,49;0;0;EUR;3;0,00;Cost model (i.e. value equals cost minus depreciation);30/06/2024;Internal
221500000480;Unpatented software and technology;01/12/2019;3 941,85;-3 941,85;0;0;EUR;3;0,00;Cost model (i.e. value equals cost minus depreciation);30/06/2024;Internal
221500000473;Unpatented software and technology;01/12/2019;3 320,91;-3 320,91;0;0;EUR;3;0,00;Cost model (i.e. value equals cost minus depreciation);30/06/2024;Internal
221500000482;Unpatented software and technology;01/12/2019;1 277,03;-1 277,03;0;0;EUR;3;0,00;Cost model (i.e. value equals cost minus depreciation);30/06/2024;Internal
221500000484;Unpatented software and technology;01/12/2019;2 028,60;-2 028,60;0;0;EUR;3;0,00;Cost model (i.e. value equals cost minus depreciation);30/06/2024;Internal
221500000486;Unpatented software and technology;01/12/2019;9 774,64;-9 774,64;0;0;EUR;3;0,00;Cost model (i.e. value equals cost minus depreciation);30/06/2024;Internal
221500000500;Unpatented software and technology;01/12/2019;3 253,09;-3 253,09;0;0;EUR;3;0,00;Cost model (i.e. value equals cost minus depreciation);30/06/2024;Internal
221500000488;Unpatented software and technology;01/12/2019;11 835,90;-11 835,90;0;0;EUR;3;0,00;Cost model (i.e. value equals cost minus depreciation);30/06/2024;Internal
221500000491;Unpatented software and technology;01/12/2019;3 024,80;-3 024,80;0;0;EUR;3;0,00;Cost model (i.e. value equals cost minus depreciation);30/06/2024;Internal
221500000496;Unpatented software and technology;01/12/2019;4 141,41;-4 141,41;0;0;EUR;3;0,00;Cost model (i.e. value equals cost minus depreciation);30/06/2024;Internal
221500000477;Unpatented software and technology;01/12/2019;916,43;-916,43;0;0;EUR;3;0,00;Cost model (i.e. value equals cost minus depreciation);30/06/2024;Internal
221500001402;Unpatented software and technology;01/12/2019;2 143,56;-2 143,56;0;0;EUR;3;0,00;Cost model (i.e. value equals cost minus depreciation);30/06/2024;Internal
221500000494;Unpatented software and technology;01/12/2019;255,29;-255,29;0;0;EUR;3;0,00;Cost model (i.e. value equals cost minus depreciation);30/06/2024;Internal
221500002806;Unpatented software and technology;01/01/2020;14 146,84;-14 146,84;0;0;EUR;3;0,00;Cost model (i.e. value equals cost minus depreciation);30/06/2024;Internal
221500002803;Unpatented software and technology;01/01/2020;8 591,24;-8 591,24;0;0;EUR;3;0,00;Cost model (i.e. value equals cost minus depreciation);30/06/2024;Internal
221500001022;Unpatented software and technology;01/01/2020;187 294,80;-187 294,80;0;0;EUR;3;0,00;Cost model (i.e. value equals cost minus depreciation);30/06/2024;Internal
221500002143;Unpatented software and technology;01/01/2020;29 432,04;-29 432,04;0;0;EUR;3;0,00;Cost model (i.e. value equals cost minus depreciation);30/06/2024;Internal
221500002473;Unpatented software and technology;01/01/2020;54 922,91;-54 922,91;0;0;EUR;3;0,00;Cost model (i.e. value equals cost minus depreciation);30/06/2024;Internal
221500002471;Unpatented software and technology;01/01/2020;24 324,00;-24 324,00;0;0;EUR;3;0,00;Cost model (i.e. value equals cost minus depreciation);30/06/2024;Internal
221500002765;Unpatented software and technology;01/01/2020;23 823,71;-23 823,71;0;0;EUR;3;0,00;Cost model (i.e. value equals cost minus depreciation);30/06/2024;Internal
221500002802;Unpatented software and technology;01/01/2020;56 142,37;-56 142,37;0;0;EUR;3;0,00;Cost model (i.e. value equals cost minus depreciation);30/06/2024;Internal
221500000083;Unpatented software and technology;01/01/2020;61 504,45;-61 504,45;0;0;EUR;3;0,00;Cost model (i.e. value equals cost minus depreciation);30/06/2024;Internal
221500002848;Unpatented software and technology;01/01/2020;8 386,92;-8 386,92;0;0;EUR;3;0,00;Cost model (i.e. value equals cost minus depreciation);30/06/2024;Internal
221500000312;Unpatented software and technology;01/01/2020;2 043,22;-2 043,22;0;0;EUR;3;0,00;Cost model (i.e. value equals cost minus depreciation);30/06/2024;Internal
221500002759;Unpatented software and technology;01/01/2020;5 751,41;-5 751,41;0;0;EUR;3;0,00;Cost model (i.e. value equals cost minus depreciation);30/06/2024;Internal
221500002844;Unpatented software and technology;01/01/2020;53 904,72;-53 904,72;0;0;EUR;3;0,00;Cost model (i.e. value equals cost minus depreciation);30/06/2024;Internal
221500002842;Unpatented software and technology;01/01/2020;1 474,66;-1 474,66;0;0;EUR;3;0,00;Cost model (i.e. value equals cost minus depreciation);30/06/2024;Internal
221500002840;Unpatented software and technology;01/01/2020;27 281,23;-27 281,23;0;0;EUR;3;0,00;Cost model (i.e. value equals cost minus depreciation);30/06/2024;Internal
221500002838;Unpatented software and technology;01/01/2020;13 071,79;-13 071,79;0;0;EUR;3;0,00;Cost model (i.e. value equals cost minus depreciation);30/06/2024;Internal
221500002808;Unpatented software and technology;01/01/2020;13 310,09;-13 310,09;0;0;EUR;3;0,00;Cost model (i.e. value equals cost minus depreciation);30/06/2024;Internal
221500002834;Unpatented software and technology;01/01/2020;8 835,92;-8 835,92;0;0;EUR;3;0,00;Cost model (i.e. value equals cost minus depreciation);30/06/2024;Internal
221500001603;Unpatented software and technology;01/01/2020;56 356,37;-56 356,37;0;0;EUR;3;0,00;Cost model (i.e. value equals cost minus depreciation);30/06/2024;Internal
221500002832;Unpatented software and technology;01/01/2020;19 875,23;-19 875,23;0;0;EUR;3;0,00;Cost model (i.e. value equals cost minus depreciation);30/06/2024;Internal
221500002830;Unpatented software and technology;01/01/2020;3 983,16;-3 983,16;0;0;EUR;3;0,00;Cost model (i.e. value equals cost minus depreciation);30/06/2024;Internal
221500000085;Unpatented software and technology;01/01/2020;318 011,39;-318 011,39;0;0;EUR;3;0,00;Cost model (i.e. value equals cost minus depreciation);30/06/2024;Internal
221500002828;Unpatented software and technology;01/01/2020;3 900,16;-3 900,16;0;0;EUR;3;0,00;Cost model (i.e. value equals cost minus depreciation);30/06/2024;Internal
221500002825;Unpatented software and technology;01/01/2020;835,00;-835,00;0;0;EUR;3;0,00;Cost model (i.e. value equals cost minus depreciation);30/06/2024;Internal
221500002822;Unpatented software and technology;01/01/2020;20 322,00;-20 322,00;0;0;EUR;3;0,00;Cost model (i.e. value equals cost minus depreciation);30/06/2024;Internal
221500002819;Unpatented software and technology;01/01/2020;201 467,00;-201 467,00;0;0;EUR;3;0,00;Cost model (i.e. value equals cost minus depreciation);30/06/2024;Internal
221500001583;Unpatented software and technology;01/01/2020;2 966,33;-2 966,33;0;0;EUR;3;0,00;Cost model (i.e. value equals cost minus depreciation);30/06/2024;Internal
221500002836;Unpatented software and technology;01/01/2020;9 354,06;-9 354,06;0;0;EUR;3;0,00;Cost model (i.e. value equals cost minus depreciation);30/06/2024;Internal
221500002781;Unpatented software and technology;01/01/2020;10 211,31;-10 211,31;0;0;EUR;3;0,00;Cost model (i.e. value equals cost minus depreciation);30/06/2024;Internal
221500000136;Unpatented software and technology;01/01/2020;1 477,66;-1 477,66;0;0;EUR;3;0,00;Cost model (i.e. value equals cost minus depreciation);30/06/2024;Internal
221500002787;Unpatented software and technology;01/01/2020;1 127,41;-1 127,41;0;0;EUR;3;0,00;Cost model (i.e. value equals cost minus depreciation);30/06/2024;Internal
221500002786;Unpatented software and technology;01/01/2020;7 065,72;-7 065,72;0;0;EUR;3;0,00;Cost model (i.e. value equals cost minus depreciation);30/06/2024;Internal
221500002785;Unpatented software and technology;01/01/2020;18 495,77;-18 495,77;0;0;EUR;3;0,00;Cost model (i.e. value equals cost minus depreciation);30/06/2024;Internal
221500002784;Unpatented software and technology;01/01/2020;6 059,41;-6 059,41;0;0;EUR;3;0,00;Cost model (i.e. value equals cost minus depreciation);30/06/2024;Internal
221500000101;Unpatented software and technology;01/01/2020;19 242,72;-19 242,72;0;0;EUR;3;0,00;Cost model (i.e. value equals cost minus depreciation);30/06/2024;Internal
221500001585;Unpatented software and technology;01/01/2020;8 873,40;-8 873,40;0;0;EUR;3;0,00;Cost model (i.e. value equals cost minus depreciation);30/06/2024;Internal
221500002782;Unpatented software and technology;01/01/2020;988,78;-988,78;0;0;EUR;3;0,00;Cost model (i.e. value equals cost minus depreciation);30/06/2024;Internal
221500002796;Unpatented software and technology;01/01/2020;17 874,24;-17 874,24;0;0;EUR;3;0,00;Cost model (i.e. value equals cost minus depreciation);30/06/2024;Internal
221500000132;Unpatented software and technology;01/01/2020;57 807,80;-57 807,80;0;0;EUR;3;0,00;Cost model (i.e. value equals cost minus depreciation);30/06/2024;Internal
221500002780;Unpatented software and technology;01/01/2020;784,63;-784,63;0;0;EUR;3;0,00;Cost model (i.e. value equals cost minus depreciation);30/06/2024;Internal
221500000106;Unpatented software and technology;01/01/2020;8 490,07;-8 490,07;0;0;EUR;3;0,00;Cost model (i.e. value equals cost minus depreciation);30/06/2024;Internal
221500000128;Unpatented software and technology;01/01/2020;6 874,62;-6 874,62;0;0;EUR;3;0,00;Cost model (i.e. value equals cost minus depreciation);30/06/2024;Internal
221500002779;Unpatented software and technology;01/01/2020;5 941,47;-5 941,47;0;0;EUR;3;0,00;Cost model (i.e. value equals cost minus depreciation);30/06/2024;Internal
221500002778;Unpatented software and technology;01/01/2020;3 999,45;-3 999,45;0;0;EUR;3;0,00;Cost model (i.e. value equals cost minus depreciation);30/06/2024;Internal
221500002415;Unpatented software and technology;01/01/2020;43 422,42;-43 422,42;0;0;EUR;3;0,00;Cost model (i.e. value equals cost minus depreciation);30/06/2024;Internal
221500002783;Unpatented software and technology;01/01/2020;2 585,95;-2 585,95;0;0;EUR;3;0,00;Cost model (i.e. value equals cost minus depreciation);30/06/2024;Internal
221500000899;Unpatented software and technology;01/01/2020;183 587,26;-183 587,26;0;0;EUR;3;0,00;Cost model (i.e. value equals cost minus depreciation);30/06/2024;Internal
221500002767;Unpatented software and technology;01/01/2020;86 648,07;-86 648,07;0;0;EUR;3;0,00;Cost model (i.e. value equals cost minus depreciation);30/06/2024;Internal
221500002846;Unpatented software and technology;01/01/2020;1 274,58;-1 274,58;0;0;EUR;3;0,00;Cost model (i.e. value equals cost minus depreciation);30/06/2024;Internal
221500002769;Unpatented software and technology;01/01/2020;6 801,47;-6 801,47;0;0;EUR;3;0,00;Cost model (i.e. value equals cost minus depreciation);30/06/2024;Internal
221500000193;Unpatented software and technology;01/01/2020;58 899,56;-58 899,56;0;0;EUR;3;0,00;Cost model (i.e. value equals cost minus depreciation);30/06/2024;Internal
221500002771;Unpatented software and technology;01/01/2020;9 498,69;-9 498,69;0;0;EUR;3;0,00;Cost model (i.e. value equals cost minus depreciation);30/06/2024;Internal
221500000185;Unpatented software and technology;01/01/2020;184 706,73;-184 706,73;0;0;EUR;3;0,00;Cost model (i.e. value equals cost minus depreciation);30/06/2024;Internal
221500001581;Unpatented software and technology;01/01/2020;23 180,99;-23 180,99;0;0;EUR;3;0,00;Cost model (i.e. value equals cost minus depreciation);30/06/2024;Internal
221500002789;Unpatented software and technology;01/01/2020;162,97;-162,97;0;0;EUR;3;0,00;Cost model (i.e. value equals cost minus depreciation);30/06/2024;Internal
221500002773;Unpatented software and technology;01/01/2020;3 614,88;-3 614,88;0;0;EUR;3;0,00;Cost model (i.e. value equals cost minus depreciation);30/06/2024;Internal
221500002792;Unpatented software and technology;01/01/2020;19 090,69;-19 090,69;0;0;EUR;3;0,00;Cost model (i.e. value equals cost minus depreciation);30/06/2024;Internal
221500000171;Unpatented software and technology;01/01/2020;56 906,48;-56 906,48;0;0;EUR;3;0,00;Cost model (i.e. value equals cost minus depreciation);30/06/2024;Internal
221500002774;Unpatented software and technology;01/01/2020;1 538,25;-1 538,25;0;0;EUR;3;0,00;Cost model (i.e. value equals cost minus depreciation);30/06/2024;Internal
221500002775;Unpatented software and technology;01/01/2020;2 768,85;-2 768,85;0;0;EUR;3;0,00;Cost model (i.e. value equals cost minus depreciation);30/06/2024;Internal
221500002776;Unpatented software and technology;01/01/2020;6 076,09;-6 076,09;0;0;EUR;3;0,00;Cost model (i.e. value equals cost minus depreciation);30/06/2024;Internal
221500002800;Unpatented software and technology;01/01/2020;24 654,42;-24 654,42;0;0;EUR;3;0,00;Cost model (i.e. value equals cost minus depreciation);30/06/2024;Internal
221500000150;Unpatented software and technology;01/01/2020;28 873,92;-28 873,92;0;0;EUR;3;0,00;Cost model (i.e. value equals cost minus depreciation);30/06/2024;Internal
221500000513;Unpatented software and technology;01/01/2020;13 487,63;-13 487,63;0;0;EUR;3;0,00;Cost model (i.e. value equals cost minus depreciation);30/06/2024;Internal
221500000180;Unpatented software and technology;01/01/2020;5 094,86;-5 094,86;0;0;EUR;3;0,00;Cost model (i.e. value equals cost minus depreciation);30/06/2024;Internal
221500001900;Unpatented software and technology;01/01/2020;446,15;-446,15;0;0;EUR;3;0,00;Cost model (i.e. value equals cost minus depreciation);30/06/2024;Internal
221500001132;Unpatented software and technology;01/01/2020;2 212,57;-2 212,57;0;0;EUR;3;0,00;Cost model (i.e. value equals cost minus depreciation);30/06/2024;Internal
221500000055;Unpatented software and technology;01/01/2020;109 700,54;-109 700,54;0;0;EUR;3;0,00;Cost model (i.e. value equals cost minus depreciation);30/06/2024;Internal
221500002757;Unpatented software and technology;01/01/2020;36 987,69;-36 987,69;0;0;EUR;3;0,00;Cost model (i.e. value equals cost minus depreciation);30/06/2024;Internal
221500001694;Unpatented software and technology;01/01/2020;36 892,52;-36 892,52;0;0;EUR;3;0,00;Cost model (i.e. value equals cost minus depreciation);30/06/2024;Internal
221500000521;Unpatented software and technology;01/01/2020;558,20;-558,20;0;0;EUR;3;0,00;Cost model (i.e. value equals cost minus depreciation);30/06/2024;Internal
221500002923;Unpatented software and technology;01/01/2020;1 225,93;-1 225,93;0;0;EUR;3;0,00;Cost model (i.e. value equals cost minus depreciation);30/06/2024;Internal
221500000526;Unpatented software and technology;01/01/2020;24 324,00;-24 324,00;0;0;EUR;3;0,00;Cost model (i.e. value equals cost minus depreciation);30/06/2024;Internal
221500002755;Unpatented software and technology;01/01/2020;1 209,52;-1 209,52;0;0;EUR;3;0,00;Cost model (i.e. value equals cost minus depreciation);30/06/2024;Internal
221500001139;Unpatented software and technology;01/01/2020;3 619,41;-3 619,41;0;0;EUR;3;0,00;Cost model (i.e. value equals cost minus depreciation);30/06/2024;Internal
221500002924;Unpatented software and technology;01/01/2020;20 256,54;-20 256,54;0;0;EUR;3;0,00;Cost model (i.e. value equals cost minus depreciation);30/06/2024;Internal
221500002921;Unpatented software and technology;01/01/2020;82 274,28;-82 274,28;0;0;EUR;3;0,00;Cost model (i.e. value equals cost minus depreciation);30/06/2024;Internal
221500002927;Unpatented software and technology;01/01/2020;2 737,91;-2 737,91;0;0;EUR;3;0,00;Cost model (i.e. value equals cost minus depreciation);30/06/2024;Internal
221500002929;Unpatented software and technology;01/01/2020;5 884,46;-5 884,46;0;0;EUR;3;0,00;Cost model (i.e. value equals cost minus depreciation);30/06/2024;Internal
221500000043;Unpatented software and technology;01/01/2020;28 176,92;-28 176,92;0;0;EUR;3;0,00;Cost model (i.e. value equals cost minus depreciation);30/06/2024;Internal
221500002850;Unpatented software and technology;01/01/2020;4 588,48;-4 588,48;0;0;EUR;3;0,00;Cost model (i.e. value equals cost minus depreciation);30/06/2024;Internal
221500000535;Unpatented software and technology;01/01/2020;9 121,50;-9 121,50;0;0;EUR;3;0,00;Cost model (i.e. value equals cost minus depreciation);30/06/2024;Internal
221500000537;Unpatented software and technology;01/01/2020;5 021,42;-5 021,42;0;0;EUR;3;0,00;Cost model (i.e. value equals cost minus depreciation);30/06/2024;Internal
221500000036;Unpatented software and technology;01/01/2020;91 276,15;-91 276,15;0;0;EUR;3;0,00;Cost model (i.e. value equals cost minus depreciation);30/06/2024;Internal
221500001711;Unpatented software and technology;01/01/2020;2 942,24;-2 942,24;0;0;EUR;3;0,00;Cost model (i.e. value equals cost minus depreciation);30/06/2024;Internal
221500000033;Unpatented software and technology;01/01/2020;3 692,38;-3 692,38;0;0;EUR;3;0,00;Cost model (i.e. value equals cost minus depreciation);30/06/2024;Internal
221500002417;Unpatented software and technology;01/01/2020;56 580,74;-56 580,74;0;0;EUR;3;0,00;Cost model (i.e. value equals cost minus depreciation);30/06/2024;Internal
221500000028;Unpatented software and technology;01/01/2020;12 902,21;-12 902,21;0;0;EUR;3;0,00;Cost model (i.e. value equals cost minus depreciation);30/06/2024;Internal
221500002753;Unpatented software and technology;01/01/2020;27 279,37;-27 279,37;0;0;EUR;3;0,00;Cost model (i.e. value equals cost minus depreciation);30/06/2024;Internal
221500002751;Unpatented software and technology;01/01/2020;23 599,28;-23 599,28;0;0;EUR;3;0,00;Cost model (i.e. value equals cost minus depreciation);30/06/2024;Internal
221500000529;Unpatented software and technology;01/01/2020;69 323,40;-69 323,40;0;0;EUR;3;0,00;Cost model (i.e. value equals cost minus depreciation);30/06/2024;Internal
221500002869;Unpatented software and technology;01/01/2020;116,45;-116,45;0;0;EUR;3;0,00;Cost model (i.e. value equals cost minus depreciation);30/06/2024;Internal
221500002763;Unpatented software and technology;01/01/2020;2 811,85;-2 811,85;0;0;EUR;3;0,00;Cost model (i.e. value equals cost minus depreciation);30/06/2024;Internal
221500002851;Unpatented software and technology;01/01/2020;8 056,11;-8 056,11;0;0;EUR;3;0,00;Cost model (i.e. value equals cost minus depreciation);30/06/2024;Internal
221500002762;Unpatented software and technology;01/01/2020;7 209,63;-7 209,63;0;0;EUR;3;0,00;Cost model (i.e. value equals cost minus depreciation);30/06/2024;Internal
221500002856;Unpatented software and technology;01/01/2020;7 676,56;-7 676,56;0;0;EUR;3;0,00;Cost model (i.e. value equals cost minus depreciation);30/06/2024;Internal
221500000058;Unpatented software and technology;01/01/2020;4 345,55;-4 345,55;0;0;EUR;3;0,00;Cost model (i.e. value equals cost minus depreciation);30/06/2024;Internal
221500002859;Unpatented software and technology;01/01/2020;26 149,03;-26 149,03;0;0;EUR;3;0,00;Cost model (i.e. value equals cost minus depreciation);30/06/2024;Internal
221500002862;Unpatented software and technology;01/01/2020;66 682,00;-66 682,00;0;0;EUR;3;0,00;Cost model (i.e. value equals cost minus depreciation);30/06/2024;Internal
221500000515;Unpatented software and technology;01/01/2020;2 537,88;-2 537,88;0;0;EUR;3;0,00;Cost model (i.e. value equals cost minus depreciation);30/06/2024;Internal
221500000073;Unpatented software and technology;01/01/2020;4 991,28;-4 991,28;0;0;EUR;3;0,00;Cost model (i.e. value equals cost minus depreciation);30/06/2024;Internal
221500002761;Unpatented software and technology;01/01/2020;6 725,68;-6 725,68;0;0;EUR;3;0,00;Cost model (i.e. value equals cost minus depreciation);30/06/2024;Internal
221500002873;Unpatented software and technology;01/01/2020;2 754,27;-2 754,27;0;0;EUR;3;0,00;Cost model (i.e. value equals cost minus depreciation);30/06/2024;Internal
221500000067;Unpatented software and technology;01/01/2020;27 974,51;-27 974,51;0;0;EUR;3;0,00;Cost model (i.e. value equals cost minus depreciation);30/06/2024;Internal
221500002876;Unpatented software and technology;01/01/2020;3 021,22;-3 021,22;0;0;EUR;3;0,00;Cost model (i.e. value equals cost minus depreciation);30/06/2024;Internal
221500002878;Unpatented software and technology;01/01/2020;134,40;-134,40;0;0;EUR;3;0,00;Cost model (i.e. value equals cost minus depreciation);30/06/2024;Internal
221500000322;Unpatented software and technology;01/01/2020;33 001,58;-33 001,58;0;0;EUR;3;0,00;Cost model (i.e. value equals cost minus depreciation);30/06/2024;Internal
221500002853;Unpatented software and technology;01/01/2020;4 013,36;-4 013,36;0;0;EUR;3;0,00;Cost model (i.e. value equals cost minus depreciation);30/06/2024;Internal
221500000518;Unpatented software and technology;01/01/2020;1 094,97;-1 094,97;0;0;EUR;3;0,00;Cost model (i.e. value equals cost minus depreciation);30/06/2024;Internal
221500002989;Unpatented software and technology;01/02/2020;15 702,84;-15 702,84;0;0;EUR;3;0,00;Cost model (i.e. value equals cost minus depreciation);30/06/2024;Internal
221500003095;Unpatented software and technology;01/02/2020;11 349,64;-11 349,64;0;0;EUR;3;0,00;Cost model (i.e. value equals cost minus depreciation);30/06/2024;Internal
221500002985;Unpatented software and technology;01/02/2020;3 341,74;-3 341,74;0;0;EUR;3;0,00;Cost model (i.e. value equals cost minus depreciation);30/06/2024;Internal
221500002982;Unpatented software and technology;01/02/2020;30 771,43;-30 771,43;0;0;EUR;3;0,00;Cost model (i.e. value equals cost minus depreciation);30/06/2024;Internal
221500002992;Unpatented software and technology;01/02/2020;363,88;-363,88;0;0;EUR;3;0,00;Cost model (i.e. value equals cost minus depreciation);30/06/2024;Internal
221500002987;Unpatented software and technology;01/02/2020;41 908,05;-41 908,05;0;0;EUR;3;0,00;Cost model (i.e. value equals cost minus depreciation);30/06/2024;Internal
221500002995;Unpatented software and technology;01/02/2020;6 797,11;-6 797,11;0;0;EUR;3;0,00;Cost model (i.e. value equals cost minus depreciation);30/06/2024;Internal
221500003091;Unpatented software and technology;01/02/2020;36 403,05;-36 403,05;0;0;EUR;3;0,00;Cost model (i.e. value equals cost minus depreciation);30/06/2024;Internal
221500003097;Unpatented software and technology;01/02/2020;76 628,25;-76 628,25;0;0;EUR;3;0,00;Cost model (i.e. value equals cost minus depreciation);30/06/2024;Internal
221500002966;Unpatented software and technology;01/02/2020;32 488,35;-32 488,35;0;0;EUR;3;0,00;Cost model (i.e. value equals cost minus depreciation);30/06/2024;Internal
221500002999;Unpatented software and technology;01/02/2020;988,78;-988,78;0;0;EUR;3;0,00;Cost model (i.e. value equals cost minus depreciation);30/06/2024;Internal
221500002970;Unpatented software and technology;01/02/2020;2 320,51;-2 320,51;0;0;EUR;3;0,00;Cost model (i.e. value equals cost minus depreciation);30/06/2024;Internal
221500002961;Unpatented software and technology;01/02/2020;3 882,11;-3 882,11;0;0;EUR;3;0,00;Cost model (i.e. value equals cost minus depreciation);30/06/2024;Internal
221500002972;Unpatented software and technology;01/02/2020;76 418,33;-76 418,33;0;0;EUR;3;0,00;Cost model (i.e. value equals cost minus depreciation);30/06/2024;Internal
221500002044;Unpatented software and technology;01/02/2020;3 101,31;-3 101,31;0;0;EUR;3;0,00;Cost model (i.e. value equals cost minus depreciation);30/06/2024;Internal
221500002974;Unpatented software and technology;01/02/2020;3 603,07;-3 603,07;0;0;EUR;3;0,00;Cost model (i.e. value equals cost minus depreciation);30/06/2024;Internal
221500002977;Unpatented software and technology;01/02/2020;59 498,52;-59 498,52;0;0;EUR;3;0,00;Cost model (i.e. value equals cost minus depreciation);30/06/2024;Internal
221500003103;Unpatented software and technology;01/02/2020;5 614,61;-5 614,61;0;0;EUR;3;0,00;Cost model (i.e. value equals cost minus depreciation);30/06/2024;Internal
221500002980;Unpatented software and technology;01/02/2020;38 190,03;-38 190,03;0;0;EUR;3;0,00;Cost model (i.e. value equals cost minus depreciation);30/06/2024;Internal
221500003151;Unpatented software and technology;01/02/2020;7 170,72;-7 170,72;0;0;EUR;3;0,00;Cost model (i.e. value equals cost minus depreciation);30/06/2024;Internal
221500003015;Unpatented software and technology;01/02/2020;15 034,94;-15 034,94;0;0;EUR;3;0,00;Cost model (i.e. value equals cost minus depreciation);30/06/2024;Internal
221500003018;Unpatented software and technology;01/02/2020;2 966,34;-2 966,34;0;0;EUR;3;0,00;Cost model (i.e. value equals cost minus depreciation);30/06/2024;Internal
221500003021;Unpatented software and technology;01/02/2020;3 955,12;-3 955,12;0;0;EUR;3;0,00;Cost model (i.e. value equals cost minus depreciation);30/06/2024;Internal
221500002965;Unpatented software and technology;01/02/2020;33 571,98;-33 571,98;0;0;EUR;3;0,00;Cost model (i.e. value equals cost minus depreciation);30/06/2024;Internal
221500003023;Unpatented software and technology;01/02/2020;937,74;-937,74;0;0;EUR;3;0,00;Cost model (i.e. value equals cost minus depreciation);30/06/2024;Internal
221500003024;Unpatented software and technology;01/02/2020;587,37;-587,37;0;0;EUR;3;0,00;Cost model (i.e. value equals cost minus depreciation);30/06/2024;Internal
221500000504;Unpatented software and technology;01/02/2020;14 337,32;-14 337,32;0;0;EUR;3;0,00;Cost model (i.e. value equals cost minus depreciation);30/06/2024;Internal
221500000507;Unpatented software and technology;01/02/2020;1 885,82;-1 885,82;0;0;EUR;3;0,00;Cost model (i.e. value equals cost minus depreciation);30/06/2024;Internal
221500002950;Unpatented software and technology;01/02/2020;6 559,79;-6 559,79;0;0;EUR;3;0,00;Cost model (i.e. value equals cost minus depreciation);30/06/2024;Internal
221500003010;Unpatented software and technology;01/02/2020;29 406,28;-29 406,28;0;0;EUR;3;0,00;Cost model (i.e. value equals cost minus depreciation);30/06/2024;Internal
221500003129;Unpatented software and technology;01/02/2020;49 620,96;-49 620,96;0;0;EUR;3;0,00;Cost model (i.e. value equals cost minus depreciation);30/06/2024;Internal
221500003001;Unpatented software and technology;01/02/2020;31 424,15;-31 424,15;0;0;EUR;3;0,00;Cost model (i.e. value equals cost minus depreciation);30/06/2024;Internal
221500002959;Unpatented software and technology;01/02/2020;2 218,35;-2 218,35;0;0;EUR;3;0,00;Cost model (i.e. value equals cost minus depreciation);30/06/2024;Internal
221500003013;Unpatented software and technology;01/02/2020;31 619,64;-31 619,64;0;0;EUR;3;0,00;Cost model (i.e. value equals cost minus depreciation);30/06/2024;Internal
221500002963;Unpatented software and technology;01/02/2020;37 575,72;-37 575,72;0;0;EUR;3;0,00;Cost model (i.e. value equals cost minus depreciation);30/06/2024;Internal
221500002938;Unpatented software and technology;01/02/2020;66 615,51;-66 615,51;0;0;EUR;3;0,00;Cost model (i.e. value equals cost minus depreciation);30/06/2024;Internal
221500001846;Unpatented software and technology;01/02/2020;193,38;-193,38;0;0;EUR;3;0,00;Cost model (i.e. value equals cost minus depreciation);30/06/2024;Internal
221500003083;Unpatented software and technology;01/02/2020;70 006,70;-70 006,70;0;0;EUR;3;0,00;Cost model (i.e. value equals cost minus depreciation);30/06/2024;Internal
221500003008;Unpatented software and technology;01/02/2020;82 516,54;-82 516,54;0;0;EUR;3;0,00;Cost model (i.e. value equals cost minus depreciation);30/06/2024;Internal
221500003087;Unpatented software and technology;01/02/2020;9 303,93;-9 303,93;0;0;EUR;3;0,00;Cost model (i.e. value equals cost minus depreciation);30/06/2024;Internal
221500003005;Unpatented software and technology;01/02/2020;988,79;-988,79;0;0;EUR;3;0,00;Cost model (i.e. value equals cost minus depreciation);30/06/2024;Internal
221500002954;Unpatented software and technology;01/02/2020;1 656,56;-1 656,56;0;0;EUR;3;0,00;Cost model (i.e. value equals cost minus depreciation);30/06/2024;Internal
221500002629;Unpatented software and technology;01/02/2020;23 771,00;-23 771,00;0;0;EUR;3;0,00;Cost model (i.e. value equals cost minus depreciation);30/06/2024;Internal
221500002437;Unpatented software and technology;01/02/2020;21 794,30;-21 794,30;0;0;EUR;3;0,00;Cost model (i.e. value equals cost minus depreciation);30/06/2024;Internal
221500002443;Unpatented software and technology;01/02/2020;40 472,10;-40 472,10;0;0;EUR;3;0,00;Cost model (i.e. value equals cost minus depreciation);30/06/2024;Internal
221500000052;Unpatented software and technology;01/02/2020;10 358,81;-10 358,81;0;0;EUR;3;0,00;Cost model (i.e. value equals cost minus depreciation);30/06/2024;Internal
221500002429;Unpatented software and technology;01/02/2020;20 494,92;-20 494,92;0;0;EUR;3;0,00;Cost model (i.e. value equals cost minus depreciation);30/06/2024;Internal
221500002448;Unpatented software and technology;01/02/2020;988,78;-988,78;0;0;EUR;3;0,00;Cost model (i.e. value equals cost minus depreciation);30/06/2024;Internal
221500002447;Unpatented software and technology;01/02/2020;4 788,18;-4 788,18;0;0;EUR;3;0,00;Cost model (i.e. value equals cost minus depreciation);30/06/2024;Internal
221500002450;Unpatented software and technology;01/02/2020;6 794,90;-6 794,90;0;0;EUR;3;0,00;Cost model (i.e. value equals cost minus depreciation);30/06/2024;Internal
221500002591;Unpatented software and technology;01/02/2020;5 052,09;-5 052,09;0;0;EUR;3;0,00;Cost model (i.e. value equals cost minus depreciation);30/06/2024;Internal
221500002589;Unpatented software and technology;01/02/2020;2 227,75;-2 227,75;0;0;EUR;3;0,00;Cost model (i.e. value equals cost minus depreciation);30/06/2024;Internal
221500002585;Unpatented software and technology;01/02/2020;14 831,71;-14 831,71;0;0;EUR;3;0,00;Cost model (i.e. value equals cost minus depreciation);30/06/2024;Internal
221500002581;Unpatented software and technology;01/02/2020;2 621,70;-2 621,70;0;0;EUR;3;0,00;Cost model (i.e. value equals cost minus depreciation);30/06/2024;Internal
221500002632;Unpatented software and technology;01/02/2020;7 173,00;-7 173,00;0;0;EUR;3;0,00;Cost model (i.e. value equals cost minus depreciation);30/06/2024;Internal
221500002626;Unpatented software and technology;01/02/2020;246 444,00;-246 444,00;0;0;EUR;3;0,00;Cost model (i.e. value equals cost minus depreciation);30/06/2024;Internal
221500002957;Unpatented software and technology;01/03/2020;8 888,96;-8 888,96;0;0;EUR;3;0,00;Cost model (i.e. value equals cost minus depreciation);30/06/2024;Internal
221500002256;Unpatented software and technology;01/03/2020;18 809,75;-18 809,75;0;0;EUR;3;0,00;Cost model (i.e. value equals cost minus depreciation);30/06/2024;Internal
221500002315;Unpatented software and technology;01/03/2020;5 541,01;-5 541,01;0;0;EUR;3;0,00;Cost model (i.e. value equals cost minus depreciation);30/06/2024;Internal
221500002743;Unpatented software and technology;01/03/2020;7 583,23;-7 583,23;0;0;EUR;3;0,00;Cost model (i.e. value equals cost minus depreciation);30/06/2024;Internal
221500002096;Unpatented software and technology;01/03/2020;5 648,03;-5 648,03;0;0;EUR;3;0,00;Cost model (i.e. value equals cost minus depreciation);30/06/2024;Internal
221500002168;Unpatented software and technology;01/03/2020;6 642,35;-6 642,35;0;0;EUR;3;0,00;Cost model (i.e. value equals cost minus depreciation);30/06/2024;Internal
221500002254;Unpatented software and technology;01/03/2020;9 303,93;-9 303,93;0;0;EUR;3;0,00;Cost model (i.e. value equals cost minus depreciation);30/06/2024;Internal
221500002175;Unpatented software and technology;01/03/2020;4 832,09;-4 832,09;0;0;EUR;3;0,00;Cost model (i.e. value equals cost minus depreciation);30/06/2024;Internal
221500002322;Unpatented software and technology;01/03/2020;34 694,54;-34 694,54;0;0;EUR;3;0,00;Cost model (i.e. value equals cost minus depreciation);30/06/2024;Internal
221500003070;Unpatented software and technology;01/03/2020;31 455,80;-31 455,80;0;0;EUR;3;0,00;Cost model (i.e. value equals cost minus depreciation);30/06/2024;Internal
221500002324;Unpatented software and technology;01/03/2020;14 696,56;-14 696,56;0;0;EUR;3;0,00;Cost model (i.e. value equals cost minus depreciation);30/06/2024;Internal
221500002331;Unpatented software and technology;01/03/2020;2 532,24;-2 532,24;0;0;EUR;3;0,00;Cost model (i.e. value equals cost minus depreciation);30/06/2024;Internal
221500002116;Unpatented software and technology;01/03/2020;4 819,99;-4 819,99;0;0;EUR;3;0,00;Cost model (i.e. value equals cost minus depreciation);30/06/2024;Internal
221500002715;Unpatented software and technology;01/03/2020;988,78;-988,78;0;0;EUR;3;0,00;Cost model (i.e. value equals cost minus depreciation);30/06/2024;Internal
221500002328;Unpatented software and technology;01/03/2020;19 213,00;-19 213,00;0;0;EUR;3;0,00;Cost model (i.e. value equals cost minus depreciation);30/06/2024;Internal
221500002098;Unpatented software and technology;01/03/2020;1 941,06;-1 941,06;0;0;EUR;3;0,00;Cost model (i.e. value equals cost minus depreciation);30/06/2024;Internal
221500002032;Unpatented software and technology;01/03/2020;3 111,74;-3 111,74;0;0;EUR;3;0,00;Cost model (i.e. value equals cost minus depreciation);30/06/2024;Internal
221500002313;Unpatented software and technology;01/03/2020;7 209,63;-7 209,63;0;0;EUR;3;0,00;Cost model (i.e. value equals cost minus depreciation);30/06/2024;Internal
221500002306;Unpatented software and technology;01/03/2020;99 983,00;-99 983,00;0;0;EUR;3;0,00;Cost model (i.e. value equals cost minus depreciation);30/06/2024;Internal
221500002710;Unpatented software and technology;01/03/2020;988,78;-988,78;0;0;EUR;3;0,00;Cost model (i.e. value equals cost minus depreciation);30/06/2024;Internal
221500002172;Unpatented software and technology;01/03/2020;56 154,97;-56 154,97;0;0;EUR;3;0,00;Cost model (i.e. value equals cost minus depreciation);30/06/2024;Internal
221500002712;Unpatented software and technology;01/03/2020;2 838,79;-2 838,79;0;0;EUR;3;0,00;Cost model (i.e. value equals cost minus depreciation);30/06/2024;Internal
221500002718;Unpatented software and technology;01/03/2020;118,90;-118,90;0;0;EUR;3;0,00;Cost model (i.e. value equals cost minus depreciation);30/06/2024;Internal
221500002249;Unpatented software and technology;01/03/2020;629,11;-629,11;0;0;EUR;3;0,00;Cost model (i.e. value equals cost minus depreciation);30/06/2024;Internal
221500002101;Unpatented software and technology;01/03/2020;3 887,17;-3 887,17;0;0;EUR;3;0,00;Cost model (i.e. value equals cost minus depreciation);30/06/2024;Internal
221500002104;Unpatented software and technology;01/03/2020;4 168,94;-4 168,94;0;0;EUR;3;0,00;Cost model (i.e. value equals cost minus depreciation);30/06/2024;Internal
221500002680;Unpatented software and technology;01/03/2020;28 276,65;-28 276,65;0;0;EUR;3;0,00;Cost model (i.e. value equals cost minus depreciation);30/06/2024;Internal
221500002295;Unpatented software and technology;01/03/2020;11 558,12;-11 558,12;0;0;EUR;3;0,00;Cost model (i.e. value equals cost minus depreciation);30/06/2024;Internal
221500002706;Unpatented software and technology;01/03/2020;8 503,67;-8 503,67;0;0;EUR;3;0,00;Cost model (i.e. value equals cost minus depreciation);30/06/2024;Internal
221500002702;Unpatented software and technology;01/03/2020;54 138,40;-54 138,40;0;0;EUR;3;0,00;Cost model (i.e. value equals cost minus depreciation);30/06/2024;Internal
221500002156;Unpatented software and technology;01/03/2020;5 573,15;-5 573,15;0;0;EUR;3;0,00;Cost model (i.e. value equals cost minus depreciation);30/06/2024;Internal
221500002276;Unpatented software and technology;01/03/2020;6 725,68;-6 725,68;0;0;EUR;3;0,00;Cost model (i.e. value equals cost minus depreciation);30/06/2024;Internal
221500003076;Unpatented software and technology;01/03/2020;9 128,80;-9 128,80;0;0;EUR;3;0,00;Cost model (i.e. value equals cost minus depreciation);30/06/2024;Internal
221500002267;Unpatented software and technology;01/03/2020;15 808,65;-15 808,65;0;0;EUR;3;0,00;Cost model (i.e. value equals cost minus depreciation);30/06/2024;Internal
221500002280;Unpatented software and technology;01/03/2020;9 025,88;-9 025,88;0;0;EUR;3;0,00;Cost model (i.e. value equals cost minus depreciation);30/06/2024;Internal
221500002158;Unpatented software and technology;01/03/2020;5 932,69;-5 932,69;0;0;EUR;3;0,00;Cost model (i.e. value equals cost minus depreciation);30/06/2024;Internal
221500002477;Unpatented software and technology;01/03/2020;4 380,15;-4 380,15;0;0;EUR;3;0,00;Cost model (i.e. value equals cost minus depreciation);30/06/2024;Internal
221500002112;Unpatented software and technology;01/03/2020;788,16;-788,16;0;0;EUR;3;0,00;Cost model (i.e. value equals cost minus depreciation);30/06/2024;Internal
221500002289;Unpatented software and technology;01/03/2020;6 725,68;-6 725,68;0;0;EUR;3;0,00;Cost model (i.e. value equals cost minus depreciation);30/06/2024;Internal
221500002161;Unpatented software and technology;01/03/2020;27 982,49;-27 982,49;0;0;EUR;3;0,00;Cost model (i.e. value equals cost minus depreciation);30/06/2024;Internal
221500002291;Unpatented software and technology;01/03/2020;885,28;-885,28;0;0;EUR;3;0,00;Cost model (i.e. value equals cost minus depreciation);30/06/2024;Internal
221500002308;Unpatented software and technology;01/03/2020;9 607,98;-9 607,98;0;0;EUR;3;0,00;Cost model (i.e. value equals cost minus depreciation);30/06/2024;Internal
221500002165;Unpatented software and technology;01/03/2020;44 495,12;-44 495,12;0;0;EUR;3;0,00;Cost model (i.e. value equals cost minus depreciation);30/06/2024;Internal
221500002310;Unpatented software and technology;01/03/2020;7 355,58;-7 355,58;0;0;EUR;3;0,00;Cost model (i.e. value equals cost minus depreciation);30/06/2024;Internal
221500002309;Unpatented software and technology;01/03/2020;57 935,39;-57 935,39;0;0;EUR;3;0,00;Cost model (i.e. value equals cost minus depreciation);30/06/2024;Internal
221500002445;Unpatented software and technology;01/03/2020;13 214,01;-13 214,01;0;0;EUR;3;0,00;Cost model (i.e. value equals cost minus depreciation);30/06/2024;Internal
221500002307;Unpatented software and technology;01/03/2020;15 713,00;-15 713,00;0;0;EUR;3;0,00;Cost model (i.e. value equals cost minus depreciation);30/06/2024;Internal
221500002305;Unpatented software and technology;01/03/2020;518 690,00;-518 690,00;0;0;EUR;3;0,00;Cost model (i.e. value equals cost minus depreciation);30/06/2024;Internal
221500002293;Unpatented software and technology;01/03/2020;14 831,71;-14 831,71;0;0;EUR;3;0,00;Cost model (i.e. value equals cost minus depreciation);30/06/2024;Internal
221500002303;Unpatented software and technology;01/03/2020;3 967,86;-3 967,86;0;0;EUR;3;0,00;Cost model (i.e. value equals cost minus depreciation);30/06/2024;Internal
221500002262;Unpatented software and technology;01/03/2020;8 087,73;-8 087,73;0;0;EUR;3;0,00;Cost model (i.e. value equals cost minus depreciation);30/06/2024;Internal
221500002259;Unpatented software and technology;01/03/2020;11 067,42;-11 067,42;0;0;EUR;3;0,00;Cost model (i.e. value equals cost minus depreciation);30/06/2024;Internal
221500003073;Unpatented software and technology;01/03/2020;103 937,55;-103 937,55;0;0;EUR;3;0,00;Cost model (i.e. value equals cost minus depreciation);30/06/2024;Internal
221500002298;Unpatented software and technology;01/03/2020;22 626,18;-22 626,18;0;0;EUR;3;0,00;Cost model (i.e. value equals cost minus depreciation);30/06/2024;Internal
221500002741;Unpatented software and technology;01/03/2020;16 277,93;-16 277,93;0;0;EUR;3;0,00;Cost model (i.e. value equals cost minus depreciation);30/06/2024;Internal
221500002296;Unpatented software and technology;01/03/2020;346,62;-346,62;0;0;EUR;3;0,00;Cost model (i.e. value equals cost minus depreciation);30/06/2024;Internal
221500002311;Unpatented software and technology;01/03/2020;41 295,51;-41 295,51;0;0;EUR;3;0,00;Cost model (i.e. value equals cost minus depreciation);30/06/2024;Internal
221500003080;Unpatented software and technology;01/03/2020;25 508,58;-25 508,58;0;0;EUR;3;0,00;Cost model (i.e. value equals cost minus depreciation);30/06/2024;Internal
221500002726;Unpatented software and technology;01/03/2020;5 645,94;-5 645,94;0;0;EUR;3;0,00;Cost model (i.e. value equals cost minus depreciation);30/06/2024;Internal
221500002427;Unpatented software and technology;01/03/2020;4 334,24;-4 334,24;0;0;EUR;3;0,00;Cost model (i.e. value equals cost minus depreciation);30/06/2024;Internal
221500002194;Unpatented software and technology;01/03/2020;2 570,83;-2 570,83;0;0;EUR;3;0,00;Cost model (i.e. value equals cost minus depreciation);30/06/2024;Internal
221500002732;Unpatented software and technology;01/03/2020;11 192,66;-11 192,66;0;0;EUR;3;0,00;Cost model (i.e. value equals cost minus depreciation);30/06/2024;Internal
221500002641;Unpatented software and technology;01/03/2020;14 155,10;-14 155,10;0;0;EUR;3;0,00;Cost model (i.e. value equals cost minus depreciation);30/06/2024;Internal
221500002225;Unpatented software and technology;01/03/2020;4 943,90;-4 943,90;0;0;EUR;3;0,00;Cost model (i.e. value equals cost minus depreciation);30/06/2024;Internal
221500002730;Unpatented software and technology;01/03/2020;3 157,45;-3 157,45;0;0;EUR;3;0,00;Cost model (i.e. value equals cost minus depreciation);30/06/2024;Internal
221500002094;Unpatented software and technology;01/03/2020;3 192,52;-3 192,52;0;0;EUR;3;0,00;Cost model (i.e. value equals cost minus depreciation);30/06/2024;Internal
221500002728;Unpatented software and technology;01/03/2020;3 418,01;-3 418,01;0;0;EUR;3;0,00;Cost model (i.e. value equals cost minus depreciation);30/06/2024;Internal
221500002734;Unpatented software and technology;01/03/2020;3 058,09;-3 058,09;0;0;EUR;3;0,00;Cost model (i.e. value equals cost minus depreciation);30/06/2024;Internal
221500002724;Unpatented software and technology;01/03/2020;2 137,74;-2 137,74;0;0;EUR;3;0,00;Cost model (i.e. value equals cost minus depreciation);30/06/2024;Internal
221500002431;Unpatented software and technology;01/03/2020;74 629,15;-74 629,15;0;0;EUR;3;0,00;Cost model (i.e. value equals cost minus depreciation);30/06/2024;Internal
221500002230;Unpatented software and technology;01/03/2020;5 693,27;-5 693,27;0;0;EUR;3;0,00;Cost model (i.e. value equals cost minus depreciation);30/06/2024;Internal
221500001841;Unpatented software and technology;01/03/2020;6 859,70;-6 859,70;0;0;EUR;3;0,00;Cost model (i.e. value equals cost minus depreciation);30/06/2024;Internal
221500000514;Unpatented software and technology;01/03/2020;8 386,92;-8 386,92;0;0;EUR;3;0,00;Cost model (i.e. value equals cost minus depreciation);30/06/2024;Internal
221500001840;Unpatented software and technology;01/03/2020;1 250,82;-1 250,82;0;0;EUR;3;0,00;Cost model (i.e. value equals cost minus depreciation);30/06/2024;Internal
221500002744;Unpatented software and technology;01/03/2020;715,39;-715,39;0;0;EUR;3;0,00;Cost model (i.e. value equals cost minus depreciation);30/06/2024;Internal
221500002637;Unpatented software and technology;01/03/2020;16 066,00;-16 066,00;0;0;EUR;3;0,00;Cost model (i.e. value equals cost minus depreciation);30/06/2024;Internal
221500002203;Unpatented software and technology;01/03/2020;6 427,07;-6 427,07;0;0;EUR;3;0,00;Cost model (i.e. value equals cost minus depreciation);30/06/2024;Internal
221500002207;Unpatented software and technology;01/03/2020;5 932,69;-5 932,69;0;0;EUR;3;0,00;Cost model (i.e. value equals cost minus depreciation);30/06/2024;Internal
221500002947;Unpatented software and technology;01/03/2020;1 252,20;-1 252,20;0;0;EUR;3;0,00;Cost model (i.e. value equals cost minus depreciation);30/06/2024;Internal
221500002742;Unpatented software and technology;01/03/2020;2 369,56;-2 369,56;0;0;EUR;3;0,00;Cost model (i.e. value equals cost minus depreciation);30/06/2024;Internal
221500002211;Unpatented software and technology;01/03/2020;6 768,30;-6 768,30;0;0;EUR;3;0,00;Cost model (i.e. value equals cost minus depreciation);30/06/2024;Internal
221500002200;Unpatented software and technology;01/03/2020;8 345,32;-8 345,32;0;0;EUR;3;0,00;Cost model (i.e. value equals cost minus depreciation);30/06/2024;Internal
221500002639;Unpatented software and technology;01/03/2020;76 539,28;-76 539,28;0;0;EUR;3;0,00;Cost model (i.e. value equals cost minus depreciation);30/06/2024;Internal
221500003147;Unpatented software and technology;01/03/2020;27 310,99;-27 310,99;0;0;EUR;3;0,00;Cost model (i.e. value equals cost minus depreciation);30/06/2024;Internal
221500002220;Unpatented software and technology;01/03/2020;13 241,10;-13 241,10;0;0;EUR;3;0,00;Cost model (i.e. value equals cost minus depreciation);30/06/2024;Internal
221500001235;Unpatented software and technology;01/03/2020;3 161,78;-3 161,78;0;0;EUR;3;0,00;Cost model (i.e. value equals cost minus depreciation);30/06/2024;Internal
221500002196;Unpatented software and technology;01/03/2020;46 211,34;-46 211,34;0;0;EUR;3;0,00;Cost model (i.e. value equals cost minus depreciation);30/06/2024;Internal
221500002738;Unpatented software and technology;01/03/2020;18 837,76;-18 837,76;0;0;EUR;3;0,00;Cost model (i.e. value equals cost minus depreciation);30/06/2024;Internal
221500002941;Unpatented software and technology;01/03/2020;2 871,96;-2 871,96;0;0;EUR;3;0,00;Cost model (i.e. value equals cost minus depreciation);30/06/2024;Internal
221500002217;Unpatented software and technology;01/03/2020;2 833,62;-2 833,62;0;0;EUR;3;0,00;Cost model (i.e. value equals cost minus depreciation);30/06/2024;Internal
221500002736;Unpatented software and technology;01/03/2020;33 999,80;-33 999,80;0;0;EUR;3;0,00;Cost model (i.e. value equals cost minus depreciation);30/06/2024;Internal
221500002434;Unpatented software and technology;01/03/2020;14 960,64;-14 960,64;0;0;EUR;3;0,00;Cost model (i.e. value equals cost minus depreciation);30/06/2024;Internal
221500002944;Unpatented software and technology;01/03/2020;1 654,03;-1 654,03;0;0;EUR;3;0,00;Cost model (i.e. value equals cost minus depreciation);30/06/2024;Internal
221500002363;Unpatented software and technology;01/03/2020;2 966,33;-2 966,33;0;0;EUR;3;0,00;Cost model (i.e. value equals cost minus depreciation);30/06/2024;Internal
221500000026;Unpatented software and technology;01/03/2020;7 931,58;-7 931,58;0;0;EUR;3;0,00;Cost model (i.e. value equals cost minus depreciation);30/06/2024;Internal
221500000050;Unpatented software and technology;01/03/2020;21 053,72;-21 053,72;0;0;EUR;3;0,00;Cost model (i.e. value equals cost minus depreciation);30/06/2024;Internal
221500002092;Unpatented software and technology;01/03/2020;2 477,13;-2 477,13;0;0;EUR;3;0,00;Cost model (i.e. value equals cost minus depreciation);30/06/2024;Internal
221500002179;Unpatented software and technology;01/03/2020;3 262,98;-3 262,98;0;0;EUR;3;0,00;Cost model (i.e. value equals cost minus depreciation);30/06/2024;Internal
221500003143;Unpatented software and technology;01/03/2020;10 245,27;-10 245,27;0;0;EUR;3;0,00;Cost model (i.e. value equals cost minus depreciation);30/06/2024;Internal
221500003149;Unpatented software and technology;01/03/2020;49 149,69;-49 149,69;0;0;EUR;3;0,00;Cost model (i.e. value equals cost minus depreciation);30/06/2024;Internal
221500001837;Unpatented software and technology;01/03/2020;943,67;-943,67;0;0;EUR;3;0,00;Cost model (i.e. value equals cost minus depreciation);30/06/2024;Internal
221500002236;Unpatented software and technology;01/03/2020;9 607,98;-9 607,98;0;0;EUR;3;0,00;Cost model (i.e. value equals cost minus depreciation);30/06/2024;Internal
221500001838;Unpatented software and technology;01/03/2020;1 526,67;-1 526,67;0;0;EUR;3;0,00;Cost model (i.e. value equals cost minus depreciation);30/06/2024;Internal
221500002188;Unpatented software and technology;01/03/2020;2 768,58;-2 768,58;0;0;EUR;3;0,00;Cost model (i.e. value equals cost minus depreciation);30/06/2024;Internal
221500002362;Unpatented software and technology;01/03/2020;23 599,28;-23 599,28;0;0;EUR;3;0,00;Cost model (i.e. value equals cost minus depreciation);30/06/2024;Internal
221500002722;Unpatented software and technology;01/03/2020;10 790,56;-10 790,56;0;0;EUR;3;0,00;Cost model (i.e. value equals cost minus depreciation);30/06/2024;Internal
221500002364;Unpatented software and technology;01/03/2020;226,19;-226,19;0;0;EUR;3;0,00;Cost model (i.e. value equals cost minus depreciation);30/06/2024;Internal
221500002365;Unpatented software and technology;01/03/2020;3 604,82;-3 604,82;0;0;EUR;3;0,00;Cost model (i.e. value equals cost minus depreciation);30/06/2024;Internal
221500002720;Unpatented software and technology;01/03/2020;775,59;-775,59;0;0;EUR;3;0,00;Cost model (i.e. value equals cost minus depreciation);30/06/2024;Internal
221500002643;Unpatented software and technology;01/03/2020;6 353,04;-6 353,04;0;0;EUR;3;0,00;Cost model (i.e. value equals cost minus depreciation);30/06/2024;Internal
221500002376;Unpatented software and technology;01/03/2020;1 889,97;-1 889,97;0;0;EUR;3;0,00;Cost model (i.e. value equals cost minus depreciation);30/06/2024;Internal
221500002375;Unpatented software and technology;01/03/2020;152,75;-152,75;0;0;EUR;3;0,00;Cost model (i.e. value equals cost minus depreciation);30/06/2024;Internal
221500001839;Unpatented software and technology;01/03/2020;4 617,01;-4 617,01;0;0;EUR;3;0,00;Cost model (i.e. value equals cost minus depreciation);30/06/2024;Internal
221500002374;Unpatented software and technology;01/03/2020;16 833,38;-16 833,38;0;0;EUR;3;0,00;Cost model (i.e. value equals cost minus depreciation);30/06/2024;Internal
221500002366;Unpatented software and technology;01/03/2020;3 300,16;-3 300,16;0;0;EUR;3;0,00;Cost model (i.e. value equals cost minus depreciation);30/06/2024;Internal
221500002644;Unpatented software and technology;01/03/2020;81 728,64;-81 728,64;0;0;EUR;3;0,00;Cost model (i.e. value equals cost minus depreciation);30/06/2024;Internal
221500002441;Unpatented software and technology;01/03/2020;39 426,04;-39 426,04;0;0;EUR;3;0,00;Cost model (i.e. value equals cost minus depreciation);30/06/2024;Internal
221500002370;Unpatented software and technology;01/03/2020;2 797,26;-2 797,26;0;0;EUR;3;0,00;Cost model (i.e. value equals cost minus depreciation);30/06/2024;Internal
221500003145;Unpatented software and technology;01/03/2020;7 778,82;-7 778,82;0;0;EUR;3;0,00;Cost model (i.e. value equals cost minus depreciation);30/06/2024;Internal
221500002368;Unpatented software and technology;01/03/2020;2 853,21;-2 853,21;0;0;EUR;3;0,00;Cost model (i.e. value equals cost minus depreciation);30/06/2024;Internal
221500002183;Unpatented software and technology;01/03/2020;4 251,75;-4 251,75;0;0;EUR;3;0,00;Cost model (i.e. value equals cost minus depreciation);30/06/2024;Internal
221500003068;Unpatented software and technology;01/04/2020;37 702,20;-37 702,20;0;0;EUR;3;0,00;Cost model (i.e. value equals cost minus depreciation);30/06/2024;Internal
221500002008;Unpatented software and technology;01/04/2020;7 170,72;-7 170,72;0;0;EUR;3;0,00;Cost model (i.e. value equals cost minus depreciation);30/06/2024;Internal
221500001851;Unpatented software and technology;01/04/2020;45 676,82;-45 676,82;0;0;EUR;3;0,00;Cost model (i.e. value equals cost minus depreciation);30/06/2024;Internal
221500001304;Unpatented software and technology;01/04/2020;8 348,00;-8 348,00;0;0;EUR;3;0,00;Cost model (i.e. value equals cost minus depreciation);30/06/2024;Internal
221500001849;Unpatented software and technology;01/04/2020;28 276,65;-28 276,65;0;0;EUR;3;0,00;Cost model (i.e. value equals cost minus depreciation);30/06/2024;Internal
221500002010;Unpatented software and technology;01/04/2020;2 403,21;-2 403,21;0;0;EUR;3;0,00;Cost model (i.e. value equals cost minus depreciation);30/06/2024;Internal
221500002635;Unpatented software and technology;01/04/2020;195 808,20;-195 808,20;0;0;EUR;3;0,00;Cost model (i.e. value equals cost minus depreciation);30/06/2024;Internal
221500001339;Unpatented software and technology;01/04/2020;19 547,98;-19 547,98;0;0;EUR;3;0,00;Cost model (i.e. value equals cost minus depreciation);30/06/2024;Internal
221500001305;Unpatented software and technology;01/04/2020;2 772,94;-2 772,94;0;0;EUR;3;0,00;Cost model (i.e. value equals cost minus depreciation);30/06/2024;Internal
221500002006;Unpatented software and technology;01/04/2020;87,57;-87,57;0;0;EUR;3;0,00;Cost model (i.e. value equals cost minus depreciation);30/06/2024;Internal
221500001844;Unpatented software and technology;01/04/2020;36 764,14;-36 764,14;0;0;EUR;3;0,00;Cost model (i.e. value equals cost minus depreciation);30/06/2024;Internal
221500001334;Unpatented software and technology;01/04/2020;5 230,05;-5 230,05;0;0;EUR;3;0,00;Cost model (i.e. value equals cost minus depreciation);30/06/2024;Internal
221500002079;Unpatented software and technology;01/04/2020;11 324,11;-11 324,11;0;0;EUR;3;0,00;Cost model (i.e. value equals cost minus depreciation);30/06/2024;Internal
221500002661;Unpatented software and technology;01/04/2020;16 288,29;-16 288,29;0;0;EUR;3;0,00;Cost model (i.e. value equals cost minus depreciation);30/06/2024;Internal
221500002657;Unpatented software and technology;01/04/2020;6 100,46;-6 100,46;0;0;EUR;3;0,00;Cost model (i.e. value equals cost minus depreciation);30/06/2024;Internal
221500002075;Unpatented software and technology;01/04/2020;6 804,00;-6 804,00;0;0;EUR;3;0,00;Cost model (i.e. value equals cost minus depreciation);30/06/2024;Internal
221500001842;Unpatented software and technology;01/04/2020;1 459,44;-1 459,44;0;0;EUR;3;0,00;Cost model (i.e. value equals cost minus depreciation);30/06/2024;Internal
221500002072;Unpatented software and technology;01/04/2020;34 007,00;-34 007,00;0;0;EUR;3;0,00;Cost model (i.e. value equals cost minus depreciation);30/06/2024;Internal
221500001843;Unpatented software and technology;01/04/2020;27 378,90;-27 378,90;0;0;EUR;3;0,00;Cost model (i.e. value equals cost minus depreciation);30/06/2024;Internal
221500002651;Unpatented software and technology;01/04/2020;5 353,23;-5 353,23;0;0;EUR;3;0,00;Cost model (i.e. value equals cost minus depreciation);30/06/2024;Internal
221500002069;Unpatented software and technology;01/04/2020;267 214,00;-267 214,00;0;0;EUR;3;0,00;Cost model (i.e. value equals cost minus depreciation);30/06/2024;Internal
221500001457;Unpatented software and technology;01/04/2020;40 677,51;-40 677,51;0;0;EUR;3;0,00;Cost model (i.e. value equals cost minus depreciation);30/06/2024;Internal
221500002083;Unpatented software and technology;01/04/2020;1 617,55;-1 617,55;0;0;EUR;3;0,00;Cost model (i.e. value equals cost minus depreciation);30/06/2024;Internal
221500002066;Unpatented software and technology;01/04/2020;24 300,64;-24 300,64;0;0;EUR;3;0,00;Cost model (i.e. value equals cost minus depreciation);30/06/2024;Internal
221500001401;Unpatented software and technology;01/04/2020;11 063,04;-11 063,04;0;0;EUR;3;0,00;Cost model (i.e. value equals cost minus depreciation);30/06/2024;Internal
221500002064;Unpatented software and technology;01/04/2020;14 280,62;-14 280,62;0;0;EUR;3;0,00;Cost model (i.e. value equals cost minus depreciation);30/06/2024;Internal
221500002061;Unpatented software and technology;01/04/2020;3 626,01;-3 626,01;0;0;EUR;3;0,00;Cost model (i.e. value equals cost minus depreciation);30/06/2024;Internal
221500002059;Unpatented software and technology;01/04/2020;4 670,21;-4 670,21;0;0;EUR;3;0,00;Cost model (i.e. value equals cost minus depreciation);30/06/2024;Internal
221500002057;Unpatented software and technology;01/04/2020;8 722,59;-8 722,59;0;0;EUR;3;0,00;Cost model (i.e. value equals cost minus depreciation);30/06/2024;Internal
221500002054;Unpatented software and technology;01/04/2020;1 996,40;-1 996,40;0;0;EUR;3;0,00;Cost model (i.e. value equals cost minus depreciation);30/06/2024;Internal
221500002052;Unpatented software and technology;01/04/2020;4 263,39;-4 263,39;0;0;EUR;3;0,00;Cost model (i.e. value equals cost minus depreciation);30/06/2024;Internal
221500002050;Unpatented software and technology;01/04/2020;20 790,94;-20 790,94;0;0;EUR;3;0,00;Cost model (i.e. value equals cost minus depreciation);30/06/2024;Internal
221500002047;Unpatented software and technology;01/04/2020;4 436,70;-4 436,70;0;0;EUR;3;0,00;Cost model (i.e. value equals cost minus depreciation);30/06/2024;Internal
221500002046;Unpatented software and technology;01/04/2020;1 027,81;-1 027,81;0;0;EUR;3;0,00;Cost model (i.e. value equals cost minus depreciation);30/06/2024;Internal
221500001845;Unpatented software and technology;01/04/2020;65,38;-65,38;0;0;EUR;3;0,00;Cost model (i.e. value equals cost minus depreciation);30/06/2024;Internal
221500002042;Unpatented software and technology;01/04/2020;2 903,65;-2 903,65;0;0;EUR;3;0,00;Cost model (i.e. value equals cost minus depreciation);30/06/2024;Internal
221500002038;Unpatented software and technology;01/04/2020;2 297,17;-2 297,17;0;0;EUR;3;0,00;Cost model (i.e. value equals cost minus depreciation);30/06/2024;Internal
221500002649;Unpatented software and technology;01/04/2020;11 805,17;-11 805,17;0;0;EUR;3;0,00;Cost model (i.e. value equals cost minus depreciation);30/06/2024;Internal
221500001331;Unpatented software and technology;01/04/2020;74 251,03;-74 251,03;0;0;EUR;3;0,00;Cost model (i.e. value equals cost minus depreciation);30/06/2024;Internal
221500001307;Unpatented software and technology;01/04/2020;22 312,45;-22 312,45;0;0;EUR;3;0,00;Cost model (i.e. value equals cost minus depreciation);30/06/2024;Internal
221500001309;Unpatented software and technology;01/04/2020;42 039,43;-42 039,43;0;0;EUR;3;0,00;Cost model (i.e. value equals cost minus depreciation);30/06/2024;Internal
221500001311;Unpatented software and technology;01/04/2020;33 532,10;-33 532,10;0;0;EUR;3;0,00;Cost model (i.e. value equals cost minus depreciation);30/06/2024;Internal
221500002022;Unpatented software and technology;01/04/2020;49 458,09;-49 458,09;0;0;EUR;3;0,00;Cost model (i.e. value equals cost minus depreciation);30/06/2024;Internal
221500001314;Unpatented software and technology;01/04/2020;1 167,55;-1 167,55;0;0;EUR;3;0,00;Cost model (i.e. value equals cost minus depreciation);30/06/2024;Internal
221500002024;Unpatented software and technology;01/04/2020;18 149,69;-18 149,69;0;0;EUR;3;0,00;Cost model (i.e. value equals cost minus depreciation);30/06/2024;Internal
221500001874;Unpatented software and technology;01/04/2020;20 171,13;-20 171,13;0;0;EUR;3;0,00;Cost model (i.e. value equals cost minus depreciation);30/06/2024;Internal
221500001319;Unpatented software and technology;01/04/2020;25 481,82;-25 481,82;0;0;EUR;3;0,00;Cost model (i.e. value equals cost minus depreciation);30/06/2024;Internal
221500001323;Unpatented software and technology;01/04/2020;18 834,07;-18 834,07;0;0;EUR;3;0,00;Cost model (i.e. value equals cost minus depreciation);30/06/2024;Internal
221500001325;Unpatented software and technology;01/04/2020;91 926,21;-91 926,21;0;0;EUR;3;0,00;Cost model (i.e. value equals cost minus depreciation);30/06/2024;Internal
221500002026;Unpatented software and technology;01/04/2020;2 112,29;-2 112,29;0;0;EUR;3;0,00;Cost model (i.e. value equals cost minus depreciation);30/06/2024;Internal
221500002080;Unpatented software and technology;01/04/2020;2 037,13;-2 037,13;0;0;EUR;3;0,00;Cost model (i.e. value equals cost minus depreciation);30/06/2024;Internal
221500002028;Unpatented software and technology;01/04/2020;7 776,26;-7 776,26;0;0;EUR;3;0,00;Cost model (i.e. value equals cost minus depreciation);30/06/2024;Internal
221500001306;Unpatented software and technology;01/04/2020;4 705,63;-4 705,63;0;0;EUR;3;0,00;Cost model (i.e. value equals cost minus depreciation);30/06/2024;Internal
221500001337;Unpatented software and technology;01/04/2020;5 999,18;-5 999,18;0;0;EUR;3;0,00;Cost model (i.e. value equals cost minus depreciation);30/06/2024;Internal
221500001974;Unpatented software and technology;01/04/2020;102 259,93;-102 259,93;0;0;EUR;3;0,00;Cost model (i.e. value equals cost minus depreciation);30/06/2024;Internal
221500001341;Unpatented software and technology;01/04/2020;189,22;-189,22;0;0;EUR;3;0,00;Cost model (i.e. value equals cost minus depreciation);30/06/2024;Internal
221500001344;Unpatented software and technology;01/04/2020;1 977,56;-1 977,56;0;0;EUR;3;0,00;Cost model (i.e. value equals cost minus depreciation);30/06/2024;Internal
221500002675;Unpatented software and technology;01/04/2020;48 714,36;-48 714,36;0;0;EUR;3;0,00;Cost model (i.e. value equals cost minus depreciation);30/06/2024;Internal
221500001372;Unpatented software and technology;01/04/2020;42 748,95;-42 748,95;0;0;EUR;3;0,00;Cost model (i.e. value equals cost minus depreciation);30/06/2024;Internal
221500002670;Unpatented software and technology;01/04/2020;17 227,03;-17 227,03;0;0;EUR;3;0,00;Cost model (i.e. value equals cost minus depreciation);30/06/2024;Internal
221500001376;Unpatented software and technology;01/04/2020;875,66;-875,66;0;0;EUR;3;0,00;Cost model (i.e. value equals cost minus depreciation);30/06/2024;Internal
221500002035;Unpatented software and technology;01/04/2020;31 174,70;-31 174,70;0;0;EUR;3;0,00;Cost model (i.e. value equals cost minus depreciation);30/06/2024;Internal
221500001395;Unpatented software and technology;01/04/2020;23 402,32;-23 402,32;0;0;EUR;3;0,00;Cost model (i.e. value equals cost minus depreciation);30/06/2024;Internal
221500001398;Unpatented software and technology;01/04/2020;19 087,66;-19 087,66;0;0;EUR;3;0,00;Cost model (i.e. value equals cost minus depreciation);30/06/2024;Internal
221500001399;Unpatented software and technology;01/04/2020;712 910,73;-712 910,73;0;0;EUR;3;0,00;Cost model (i.e. value equals cost minus depreciation);30/06/2024;Internal
221500001327;Unpatented software and technology;01/04/2020;5 268,58;-5 268,58;0;0;EUR;3;0,00;Cost model (i.e. value equals cost minus depreciation);30/06/2024;Internal
221500001947;Unpatented software and technology;01/04/2020;6 353,04;-6 353,04;0;0;EUR;3;0,00;Cost model (i.e. value equals cost minus depreciation);30/06/2024;Internal
221500002696;Unpatented software and technology;01/04/2020;1 751,33;-1 751,33;0;0;EUR;3;0,00;Cost model (i.e. value equals cost minus depreciation);30/06/2024;Internal
221500001938;Unpatented software and technology;01/04/2020;525,08;-525,08;0;0;EUR;3;0,00;Cost model (i.e. value equals cost minus depreciation);30/06/2024;Internal
221500001939;Unpatented software and technology;01/04/2020;30 184,22;-30 184,22;0;0;EUR;3;0,00;Cost model (i.e. value equals cost minus depreciation);30/06/2024;Internal
221500001940;Unpatented software and technology;01/04/2020;3 455,43;-3 455,43;0;0;EUR;3;0,00;Cost model (i.e. value equals cost minus depreciation);30/06/2024;Internal
221500001886;Unpatented software and technology;01/04/2020;15 033,45;-15 033,45;0;0;EUR;3;0,00;Cost model (i.e. value equals cost minus depreciation);30/06/2024;Internal
221500001945;Unpatented software and technology;01/04/2020;15 060,16;-15 060,16;0;0;EUR;3;0,00;Cost model (i.e. value equals cost minus depreciation);30/06/2024;Internal
221500001932;Unpatented software and technology;01/04/2020;32 749,83;-32 749,83;0;0;EUR;3;0,00;Cost model (i.e. value equals cost minus depreciation);30/06/2024;Internal
221500002283;Unpatented software and technology;01/04/2020;3 344,55;-3 344,55;0;0;EUR;3;0,00;Cost model (i.e. value equals cost minus depreciation);30/06/2024;Internal
221500001930;Unpatented software and technology;01/04/2020;55 855,20;-55 855,20;0;0;EUR;3;0,00;Cost model (i.e. value equals cost minus depreciation);30/06/2024;Internal
221500001951;Unpatented software and technology;01/04/2020;18 413,85;-18 413,85;0;0;EUR;3;0,00;Cost model (i.e. value equals cost minus depreciation);30/06/2024;Internal
221500001926;Unpatented software and technology;01/04/2020;42 222,21;-42 222,21;0;0;EUR;3;0,00;Cost model (i.e. value equals cost minus depreciation);30/06/2024;Internal
221500001955;Unpatented software and technology;01/04/2020;5 869,58;-5 869,58;0;0;EUR;3;0,00;Cost model (i.e. value equals cost minus depreciation);30/06/2024;Internal
221500002543;Unpatented software and technology;01/04/2020;34 771,16;-34 771,16;0;0;EUR;3;0,00;Cost model (i.e. value equals cost minus depreciation);30/06/2024;Internal
221500002704;Unpatented software and technology;01/04/2020;2 634,29;-2 634,29;0;0;EUR;3;0,00;Cost model (i.e. value equals cost minus depreciation);30/06/2024;Internal
221500001958;Unpatented software and technology;01/04/2020;7 252,08;-7 252,08;0;0;EUR;3;0,00;Cost model (i.e. value equals cost minus depreciation);30/06/2024;Internal
221500000125;Unpatented software and technology;01/04/2020;16 849,98;-16 849,98;0;0;EUR;3;0,00;Cost model (i.e. value equals cost minus depreciation);30/06/2024;Internal
221500001856;Unpatented software and technology;01/04/2020;18 675,72;-18 675,72;0;0;EUR;3;0,00;Cost model (i.e. value equals cost minus depreciation);30/06/2024;Internal
221500001870;Unpatented software and technology;01/04/2020;4 909,17;-4 909,17;0;0;EUR;3;0,00;Cost model (i.e. value equals cost minus depreciation);30/06/2024;Internal
221500001868;Unpatented software and technology;01/04/2020;6 030,89;-6 030,89;0;0;EUR;3;0,00;Cost model (i.e. value equals cost minus depreciation);30/06/2024;Internal
221500001866;Unpatented software and technology;01/04/2020;35 989,65;-35 989,65;0;0;EUR;3;0,00;Cost model (i.e. value equals cost minus depreciation);30/06/2024;Internal
221500001915;Unpatented software and technology;01/04/2020;9 790,41;-9 790,41;0;0;EUR;3;0,00;Cost model (i.e. value equals cost minus depreciation);30/06/2024;Internal
221500001864;Unpatented software and technology;01/04/2020;5 869,38;-5 869,38;0;0;EUR;3;0,00;Cost model (i.e. value equals cost minus depreciation);30/06/2024;Internal
221500001691;Unpatented software and technology;01/04/2020;5 775,49;-5 775,49;0;0;EUR;3;0,00;Cost model (i.e. value equals cost minus depreciation);30/06/2024;Internal
221500001847;Unpatented software and technology;01/04/2020;1 934,05;-1 934,05;0;0;EUR;3;0,00;Cost model (i.e. value equals cost minus depreciation);30/06/2024;Internal
221500001936;Unpatented software and technology;01/04/2020;23 555,36;-23 555,36;0;0;EUR;3;0,00;Cost model (i.e. value equals cost minus depreciation);30/06/2024;Internal
221500001904;Unpatented software and technology;01/04/2020;28 276,65;-28 276,65;0;0;EUR;3;0,00;Cost model (i.e. value equals cost minus depreciation);30/06/2024;Internal
221500001953;Unpatented software and technology;01/04/2020;4 462,98;-4 462,98;0;0;EUR;3;0,00;Cost model (i.e. value equals cost minus depreciation);30/06/2024;Internal
221500001901;Unpatented software and technology;01/04/2020;42 478,10;-42 478,10;0;0;EUR;3;0,00;Cost model (i.e. value equals cost minus depreciation);30/06/2024;Internal
221500001924;Unpatented software and technology;01/04/2020;86 822,70;-86 822,70;0;0;EUR;3;0,00;Cost model (i.e. value equals cost minus depreciation);30/06/2024;Internal
221500001898;Unpatented software and technology;01/04/2020;10 840,36;-10 840,36;0;0;EUR;3;0,00;Cost model (i.e. value equals cost minus depreciation);30/06/2024;Internal
221500001895;Unpatented software and technology;01/04/2020;6 646,29;-6 646,29;0;0;EUR;3;0,00;Cost model (i.e. value equals cost minus depreciation);30/06/2024;Internal
221500001872;Unpatented software and technology;01/04/2020;1 285,40;-1 285,40;0;0;EUR;3;0,00;Cost model (i.e. value equals cost minus depreciation);30/06/2024;Internal
221500001928;Unpatented software and technology;01/04/2020;20 913,78;-20 913,78;0;0;EUR;3;0,00;Cost model (i.e. value equals cost minus depreciation);30/06/2024;Internal
221500001892;Unpatented software and technology;01/04/2020;10 216,08;-10 216,08;0;0;EUR;3;0,00;Cost model (i.e. value equals cost minus depreciation);30/06/2024;Internal
221500001921;Unpatented software and technology;01/04/2020;9 846,36;-9 846,36;0;0;EUR;3;0,00;Cost model (i.e. value equals cost minus depreciation);30/06/2024;Internal
221500001968;Unpatented software and technology;01/04/2020;7 170,72;-7 170,72;0;0;EUR;3;0,00;Cost model (i.e. value equals cost minus depreciation);30/06/2024;Internal
221500000770;Unpatented software and technology;01/04/2020;76 763,99;-76 763,99;0;0;EUR;3;0,00;Cost model (i.e. value equals cost minus depreciation);30/06/2024;Internal
221500001976;Unpatented software and technology;01/04/2020;135 794,35;-135 794,35;0;0;EUR;3;0,00;Cost model (i.e. value equals cost minus depreciation);30/06/2024;Internal
221500001878;Unpatented software and technology;01/04/2020;1 408,89;-1 408,89;0;0;EUR;3;0,00;Cost model (i.e. value equals cost minus depreciation);30/06/2024;Internal
221500001979;Unpatented software and technology;01/04/2020;2 564,97;-2 564,97;0;0;EUR;3;0,00;Cost model (i.e. value equals cost minus depreciation);30/06/2024;Internal
221500001970;Unpatented software and technology;01/04/2020;4 816,15;-4 816,15;0;0;EUR;3;0,00;Cost model (i.e. value equals cost minus depreciation);30/06/2024;Internal
221500002479;Unpatented software and technology;01/04/2020;39 752,66;-39 752,66;0;0;EUR;3;0,00;Cost model (i.e. value equals cost minus depreciation);30/06/2024;Internal
221500001981;Unpatented software and technology;01/04/2020;9 303,93;-9 303,93;0;0;EUR;3;0,00;Cost model (i.e. value equals cost minus depreciation);30/06/2024;Internal
221500001966;Unpatented software and technology;01/04/2020;110 654,73;-110 654,73;0;0;EUR;3;0,00;Cost model (i.e. value equals cost minus depreciation);30/06/2024;Internal
221500001983;Unpatented software and technology;01/04/2020;15 622,67;-15 622,67;0;0;EUR;3;0,00;Cost model (i.e. value equals cost minus depreciation);30/06/2024;Internal
221500001964;Unpatented software and technology;01/04/2020;79 976,61;-79 976,61;0;0;EUR;3;0,00;Cost model (i.e. value equals cost minus depreciation);30/06/2024;Internal
221500001880;Unpatented software and technology;01/04/2020;813,97;-813,97;0;0;EUR;3;0,00;Cost model (i.e. value equals cost minus depreciation);30/06/2024;Internal
221500001876;Unpatented software and technology;01/04/2020;1 977,57;-1 977,57;0;0;EUR;3;0,00;Cost model (i.e. value equals cost minus depreciation);30/06/2024;Internal
221500001989;Unpatented software and technology;01/04/2020;69 727,51;-69 727,51;0;0;EUR;3;0,00;Cost model (i.e. value equals cost minus depreciation);30/06/2024;Internal
221500001985;Unpatented software and technology;01/04/2020;19 225,69;-19 225,69;0;0;EUR;3;0,00;Cost model (i.e. value equals cost minus depreciation);30/06/2024;Internal
221500000963;Unpatented software and technology;01/04/2020;134 789,11;-134 789,11;0;0;EUR;3;0,00;Cost model (i.e. value equals cost minus depreciation);30/06/2024;Internal
221500003148;Unpatented software and technology;01/04/2020;1 021,61;-1 021,61;0;0;EUR;3;0,00;Cost model (i.e. value equals cost minus depreciation);30/06/2024;Internal
221500001963;Unpatented software and technology;01/04/2020;40 749,00;-40 749,00;0;0;EUR;3;0,00;Cost model (i.e. value equals cost minus depreciation);30/06/2024;Internal
221500001987;Unpatented software and technology;01/04/2020;27 719,63;-27 719,63;0;0;EUR;3;0,00;Cost model (i.e. value equals cost minus depreciation);30/06/2024;Internal
221500001524;Unpatented software and technology;01/05/2020;68 840,37;-68 840,37;0;0;EUR;3;0,00;Cost model (i.e. value equals cost minus depreciation);30/06/2024;Internal
221500001721;Unpatented software and technology;01/05/2020;2 471,95;-2 471,95;0;0;EUR;3;0,00;Cost model (i.e. value equals cost minus depreciation);30/06/2024;Internal
221500000024;Unpatented software and technology;01/05/2020;21 949,98;-21 949,98;0;0;EUR;3;0,00;Cost model (i.e. value equals cost minus depreciation);30/06/2024;Internal
221500000991;Unpatented software and technology;01/05/2020;12 422,75;-12 422,75;0;0;EUR;3;0,00;Cost model (i.e. value equals cost minus depreciation);30/06/2024;Internal
221500001715;Unpatented software and technology;01/05/2020;80 086,20;-80 086,20;0;0;EUR;3;0,00;Cost model (i.e. value equals cost minus depreciation);30/06/2024;Internal
221500001521;Unpatented software and technology;01/05/2020;420 805,20;-420 805,20;0;0;EUR;3;0,00;Cost model (i.e. value equals cost minus depreciation);30/06/2024;Internal
221500000956;Unpatented software and technology;01/05/2020;26 896,00;-26 896,00;0;0;EUR;3;0,00;Cost model (i.e. value equals cost minus depreciation);30/06/2024;Internal
221500001072;Unpatented software and technology;01/05/2020;36 826,23;-36 826,23;0;0;EUR;3;0,00;Cost model (i.e. value equals cost minus depreciation);30/06/2024;Internal
221500001523;Unpatented software and technology;01/05/2020;212 835,00;-212 835,00;0;0;EUR;3;0,00;Cost model (i.e. value equals cost minus depreciation);30/06/2024;Internal
221500001068;Unpatented software and technology;01/05/2020;3 253,33;-3 253,33;0;0;EUR;3;0,00;Cost model (i.e. value equals cost minus depreciation);30/06/2024;Internal
221500001070;Unpatented software and technology;01/05/2020;46 463,40;-46 463,40;0;0;EUR;3;0,00;Cost model (i.e. value equals cost minus depreciation);30/06/2024;Internal
221500001707;Unpatented software and technology;01/05/2020;11 165,18;-11 165,18;0;0;EUR;3;0,00;Cost model (i.e. value equals cost minus depreciation);30/06/2024;Internal
221500001015;Unpatented software and technology;01/05/2020;59,44;-59,44;0;0;EUR;3;0,00;Cost model (i.e. value equals cost minus depreciation);30/06/2024;Internal
221500001710;Unpatented software and technology;01/05/2020;23 198,02;-23 198,02;0;0;EUR;3;0,00;Cost model (i.e. value equals cost minus depreciation);30/06/2024;Internal
221500001064;Unpatented software and technology;01/05/2020;5 148,17;-5 148,17;0;0;EUR;3;0,00;Cost model (i.e. value equals cost minus depreciation);30/06/2024;Internal
221500000995;Unpatented software and technology;01/05/2020;23 747,14;-23 747,14;0;0;EUR;3;0,00;Cost model (i.e. value equals cost minus depreciation);30/06/2024;Internal
221500000997;Unpatented software and technology;01/05/2020;3 952,65;-3 952,65;0;0;EUR;3;0,00;Cost model (i.e. value equals cost minus depreciation);30/06/2024;Internal
221500001495;Unpatented software and technology;01/05/2020;58 819,33;-58 819,33;0;0;EUR;3;0,00;Cost model (i.e. value equals cost minus depreciation);30/06/2024;Internal
221500001502;Unpatented software and technology;01/05/2020;28 276,65;-28 276,65;0;0;EUR;3;0,00;Cost model (i.e. value equals cost minus depreciation);30/06/2024;Internal
221500000996;Unpatented software and technology;01/05/2020;3 083,22;-3 083,22;0;0;EUR;3;0,00;Cost model (i.e. value equals cost minus depreciation);30/06/2024;Internal
221500001493;Unpatented software and technology;01/05/2020;9 607,98;-9 607,98;0;0;EUR;3;0,00;Cost model (i.e. value equals cost minus depreciation);30/06/2024;Internal
221500001504;Unpatented software and technology;01/05/2020;8 377,19;-8 377,19;0;0;EUR;3;0,00;Cost model (i.e. value equals cost minus depreciation);30/06/2024;Internal
221500001740;Unpatented software and technology;01/05/2020;20 738,64;-20 738,64;0;0;EUR;3;0,00;Cost model (i.e. value equals cost minus depreciation);30/06/2024;Internal
221500001743;Unpatented software and technology;01/05/2020;48 049,63;-48 049,63;0;0;EUR;3;0,00;Cost model (i.e. value equals cost minus depreciation);30/06/2024;Internal
221500001506;Unpatented software and technology;01/05/2020;8 990,15;-8 990,15;0;0;EUR;3;0,00;Cost model (i.e. value equals cost minus depreciation);30/06/2024;Internal
221500002667;Unpatented software and technology;01/05/2020;14 849,80;-14 849,80;0;0;EUR;3;0,00;Cost model (i.e. value equals cost minus depreciation);30/06/2024;Internal
221500001508;Unpatented software and technology;01/05/2020;9 175,01;-9 175,01;0;0;EUR;3;0,00;Cost model (i.e. value equals cost minus depreciation);30/06/2024;Internal
221500001724;Unpatented software and technology;01/05/2020;407,43;-407,43;0;0;EUR;3;0,00;Cost model (i.e. value equals cost minus depreciation);30/06/2024;Internal
221500001511;Unpatented software and technology;01/05/2020;6 681,80;-6 681,80;0;0;EUR;3;0,00;Cost model (i.e. value equals cost minus depreciation);30/06/2024;Internal
221500001518;Unpatented software and technology;01/05/2020;44 999,40;-44 999,40;0;0;EUR;3;0,00;Cost model (i.e. value equals cost minus depreciation);30/06/2024;Internal
221500000993;Unpatented software and technology;01/05/2020;4 718,86;-4 718,86;0;0;EUR;3;0,00;Cost model (i.e. value equals cost minus depreciation);30/06/2024;Internal
221500001007;Unpatented software and technology;01/05/2020;738,48;-738,48;0;0;EUR;3;0,00;Cost model (i.e. value equals cost minus depreciation);30/06/2024;Internal
221500001515;Unpatented software and technology;01/05/2020;9 303,93;-9 303,93;0;0;EUR;3;0,00;Cost model (i.e. value equals cost minus depreciation);30/06/2024;Internal
221500001010;Unpatented software and technology;01/05/2020;1 160,25;-1 160,25;0;0;EUR;3;0,00;Cost model (i.e. value equals cost minus depreciation);30/06/2024;Internal
221500001736;Unpatented software and technology;01/05/2020;182,43;-182,43;0;0;EUR;3;0,00;Cost model (i.e. value equals cost minus depreciation);30/06/2024;Internal
221500001012;Unpatented software and technology;01/05/2020;386,75;-386,75;0;0;EUR;3;0,00;Cost model (i.e. value equals cost minus depreciation);30/06/2024;Internal
221500001732;Unpatented software and technology;01/05/2020;18 532,46;-18 532,46;0;0;EUR;3;0,00;Cost model (i.e. value equals cost minus depreciation);30/06/2024;Internal
221500001497;Unpatented software and technology;01/05/2020;32 118,87;-32 118,87;0;0;EUR;3;0,00;Cost model (i.e. value equals cost minus depreciation);30/06/2024;Internal
221500001728;Unpatented software and technology;01/05/2020;24 311,84;-24 311,84;0;0;EUR;3;0,00;Cost model (i.e. value equals cost minus depreciation);30/06/2024;Internal
221500002647;Unpatented software and technology;01/05/2020;36,49;-36,49;0;0;EUR;3;0,00;Cost model (i.e. value equals cost minus depreciation);30/06/2024;Internal
221500001031;Unpatented software and technology;01/05/2020;9 607,98;-9 607,98;0;0;EUR;3;0,00;Cost model (i.e. value equals cost minus depreciation);30/06/2024;Internal
221500001490;Unpatented software and technology;01/05/2020;36 149,55;-36 149,55;0;0;EUR;3;0,00;Cost model (i.e. value equals cost minus depreciation);30/06/2024;Internal
221500001635;Unpatented software and technology;01/05/2020;4 305,35;-4 305,35;0;0;EUR;3;0,00;Cost model (i.e. value equals cost minus depreciation);30/06/2024;Internal
221500001861;Unpatented software and technology;01/05/2020;494,39;-494,39;0;0;EUR;3;0,00;Cost model (i.e. value equals cost minus depreciation);30/06/2024;Internal
221500001643;Unpatented software and technology;01/05/2020;4 298,05;-4 298,05;0;0;EUR;3;0,00;Cost model (i.e. value equals cost minus depreciation);30/06/2024;Internal
221500002700;Unpatented software and technology;01/05/2020;510 804,00;-510 804,00;0;0;EUR;3;0,00;Cost model (i.e. value equals cost minus depreciation);30/06/2024;Internal
221500001640;Unpatented software and technology;01/05/2020;7 907,68;-7 907,68;0;0;EUR;3;0,00;Cost model (i.e. value equals cost minus depreciation);30/06/2024;Internal
221500001543;Unpatented software and technology;01/05/2020;11 896,85;-11 896,85;0;0;EUR;3;0,00;Cost model (i.e. value equals cost minus depreciation);30/06/2024;Internal
221500002694;Unpatented software and technology;01/05/2020;760 125,00;-760 125,00;0;0;EUR;3;0,00;Cost model (i.e. value equals cost minus depreciation);30/06/2024;Internal
221500001548;Unpatented software and technology;01/05/2020;5 225,76;-5 225,76;0;0;EUR;3;0,00;Cost model (i.e. value equals cost minus depreciation);30/06/2024;Internal
221500002690;Unpatented software and technology;01/05/2020;1 422 954,00;-1 422 954,00;0;0;EUR;3;0,00;Cost model (i.e. value equals cost minus depreciation);30/06/2024;Internal
221500001551;Unpatented software and technology;01/05/2020;13 582,52;-13 582,52;0;0;EUR;3;0,00;Cost model (i.e. value equals cost minus depreciation);30/06/2024;Internal
221500001638;Unpatented software and technology;01/05/2020;1 689,84;-1 689,84;0;0;EUR;3;0,00;Cost model (i.e. value equals cost minus depreciation);30/06/2024;Internal
221500001553;Unpatented software and technology;01/05/2020;9 482,41;-9 482,41;0;0;EUR;3;0,00;Cost model (i.e. value equals cost minus depreciation);30/06/2024;Internal
221500001538;Unpatented software and technology;01/05/2020;7 778,82;-7 778,82;0;0;EUR;3;0,00;Cost model (i.e. value equals cost minus depreciation);30/06/2024;Internal
221500000989;Unpatented software and technology;01/05/2020;12 436,02;-12 436,02;0;0;EUR;3;0,00;Cost model (i.e. value equals cost minus depreciation);30/06/2024;Internal
221500002286;Unpatented software and technology;01/05/2020;27 628,83;-27 628,83;0;0;EUR;3;0,00;Cost model (i.e. value equals cost minus depreciation);30/06/2024;Internal
221500003140;Unpatented software and technology;01/05/2020;18 121,38;-18 121,38;0;0;EUR;3;0,00;Cost model (i.e. value equals cost minus depreciation);30/06/2024;Internal
221500001633;Unpatented software and technology;01/05/2020;1 754,98;-1 754,98;0;0;EUR;3;0,00;Cost model (i.e. value equals cost minus depreciation);30/06/2024;Internal
221500002645;Unpatented software and technology;01/05/2020;17 504,84;-17 504,84;0;0;EUR;3;0,00;Cost model (i.e. value equals cost minus depreciation);30/06/2024;Internal
221500001631;Unpatented software and technology;01/05/2020;25 913,27;-25 913,27;0;0;EUR;3;0,00;Cost model (i.e. value equals cost minus depreciation);30/06/2024;Internal
221500001629;Unpatented software and technology;01/05/2020;1 335,02;-1 335,02;0;0;EUR;3;0,00;Cost model (i.e. value equals cost minus depreciation);30/06/2024;Internal
221500001626;Unpatented software and technology;01/05/2020;25 963,22;-25 963,22;0;0;EUR;3;0,00;Cost model (i.e. value equals cost minus depreciation);30/06/2024;Internal
221500001526;Unpatented software and technology;01/05/2020;3 104,33;-3 104,33;0;0;EUR;3;0,00;Cost model (i.e. value equals cost minus depreciation);30/06/2024;Internal
221500000988;Unpatented software and technology;01/05/2020;3 967,86;-3 967,86;0;0;EUR;3;0,00;Cost model (i.e. value equals cost minus depreciation);30/06/2024;Internal
221500001580;Unpatented software and technology;01/05/2020;1 031,82;-1 031,82;0;0;EUR;3;0,00;Cost model (i.e. value equals cost minus depreciation);30/06/2024;Internal
221500001610;Unpatented software and technology;01/05/2020;4 075,49;-4 075,49;0;0;EUR;3;0,00;Cost model (i.e. value equals cost minus depreciation);30/06/2024;Internal
221500001607;Unpatented software and technology;01/05/2020;15 673,78;-15 673,78;0;0;EUR;3;0,00;Cost model (i.e. value equals cost minus depreciation);30/06/2024;Internal
221500001604;Unpatented software and technology;01/05/2020;23 353,47;-23 353,47;0;0;EUR;3;0,00;Cost model (i.e. value equals cost minus depreciation);30/06/2024;Internal
221500002688;Unpatented software and technology;01/05/2020;58 844,14;-58 844,14;0;0;EUR;3;0,00;Cost model (i.e. value equals cost minus depreciation);30/06/2024;Internal
221500001991;Unpatented software and technology;01/05/2020;121 620,00;-121 620,00;0;0;EUR;3;0,00;Cost model (i.e. value equals cost minus depreciation);30/06/2024;Internal
221500000983;Unpatented software and technology;01/05/2020;21 726,20;-21 726,20;0;0;EUR;3;0,00;Cost model (i.e. value equals cost minus depreciation);30/06/2024;Internal
221500001698;Unpatented software and technology;01/05/2020;48 378,22;-48 378,22;0;0;EUR;3;0,00;Cost model (i.e. value equals cost minus depreciation);30/06/2024;Internal
221500001693;Unpatented software and technology;01/05/2020;42 547,70;-42 547,70;0;0;EUR;3;0,00;Cost model (i.e. value equals cost minus depreciation);30/06/2024;Internal
221500001529;Unpatented software and technology;01/05/2020;112 450,60;-112 450,60;0;0;EUR;3;0,00;Cost model (i.e. value equals cost minus depreciation);30/06/2024;Internal
221500001687;Unpatented software and technology;01/05/2020;6 681,80;-6 681,80;0;0;EUR;3;0,00;Cost model (i.e. value equals cost minus depreciation);30/06/2024;Internal
221500001862;Unpatented software and technology;01/05/2020;112,27;-112,27;0;0;EUR;3;0,00;Cost model (i.e. value equals cost minus depreciation);30/06/2024;Internal
221500000980;Unpatented software and technology;01/05/2020;1 629,71;-1 629,71;0;0;EUR;3;0,00;Cost model (i.e. value equals cost minus depreciation);30/06/2024;Internal
221500001531;Unpatented software and technology;01/05/2020;26 561,58;-26 561,58;0;0;EUR;3;0,00;Cost model (i.e. value equals cost minus depreciation);30/06/2024;Internal
221500000976;Unpatented software and technology;01/05/2020;2 471,95;-2 471,95;0;0;EUR;3;0,00;Cost model (i.e. value equals cost minus depreciation);30/06/2024;Internal
221500000959;Unpatented software and technology;01/05/2020;6 518,00;-6 518,00;0;0;EUR;3;0,00;Cost model (i.e. value equals cost minus depreciation);30/06/2024;Internal
221500001690;Unpatented software and technology;01/05/2020;6 330,48;-6 330,48;0;0;EUR;3;0,00;Cost model (i.e. value equals cost minus depreciation);30/06/2024;Internal
221500001540;Unpatented software and technology;01/05/2020;2 491,02;-2 491,02;0;0;EUR;3;0,00;Cost model (i.e. value equals cost minus depreciation);30/06/2024;Internal
221500000978;Unpatented software and technology;01/05/2020;901,45;-901,45;0;0;EUR;3;0,00;Cost model (i.e. value equals cost minus depreciation);30/06/2024;Internal
221500001083;Unpatented software and technology;01/05/2020;23 661,90;-23 661,90;0;0;EUR;3;0,00;Cost model (i.e. value equals cost minus depreciation);30/06/2024;Internal
221500001683;Unpatented software and technology;01/05/2020;54 961,56;-54 961,56;0;0;EUR;3;0,00;Cost model (i.e. value equals cost minus depreciation);30/06/2024;Internal
221500001532;Unpatented software and technology;01/05/2020;16 158,55;-16 158,55;0;0;EUR;3;0,00;Cost model (i.e. value equals cost minus depreciation);30/06/2024;Internal
221500000953;Unpatented software and technology;01/05/2020;271 780,00;-271 780,00;0;0;EUR;3;0,00;Cost model (i.e. value equals cost minus depreciation);30/06/2024;Internal
221500001533;Unpatented software and technology;01/05/2020;40 607,70;-40 607,70;0;0;EUR;3;0,00;Cost model (i.e. value equals cost minus depreciation);30/06/2024;Internal
221500001534;Unpatented software and technology;01/05/2020;437,83;-437,83;0;0;EUR;3;0,00;Cost model (i.e. value equals cost minus depreciation);30/06/2024;Internal
221500001680;Unpatented software and technology;01/05/2020;943,67;-943,67;0;0;EUR;3;0,00;Cost model (i.e. value equals cost minus depreciation);30/06/2024;Internal
221500001934;Unpatented software and technology;01/05/2020;30 716,92;-30 716,92;0;0;EUR;3;0,00;Cost model (i.e. value equals cost minus depreciation);30/06/2024;Internal
221500002304;Unpatented software and technology;01/05/2020;9 243,12;-9 243,12;0;0;EUR;3;0,00;Cost model (i.e. value equals cost minus depreciation);30/06/2024;Internal
221500001328;Unpatented software and technology;01/05/2020;4 991,28;-4 991,28;0;0;EUR;3;0,00;Cost model (i.e. value equals cost minus depreciation);30/06/2024;Internal
221500001859;Unpatented software and technology;01/05/2020;1 483,16;-1 483,16;0;0;EUR;3;0,00;Cost model (i.e. value equals cost minus depreciation);30/06/2024;Internal
221500001678;Unpatented software and technology;01/05/2020;66 571,84;-66 571,84;0;0;EUR;3;0,00;Cost model (i.e. value equals cost minus depreciation);30/06/2024;Internal
221500001536;Unpatented software and technology;01/05/2020;2 502,34;-2 502,34;0;0;EUR;3;0,00;Cost model (i.e. value equals cost minus depreciation);30/06/2024;Internal
221500001625;Unpatented software and technology;01/05/2020;10 490,67;-10 490,67;0;0;EUR;3;0,00;Cost model (i.e. value equals cost minus depreciation);30/06/2024;Internal
221500001216;Unpatented software and technology;01/06/2020;118 610,00;-118 610,00;0;0;EUR;3;0,00;Cost model (i.e. value equals cost minus depreciation);30/06/2024;Internal
221500001204;Unpatented software and technology;01/06/2020;2 507,69;-2 507,69;0;0;EUR;3;0,00;Cost model (i.e. value equals cost minus depreciation);30/06/2024;Internal
221500001127;Unpatented software and technology;01/06/2020;15 697,49;-15 697,49;0;0;EUR;3;0,00;Cost model (i.e. value equals cost minus depreciation);30/06/2024;Internal
221500001120;Unpatented software and technology;01/06/2020;47 917,06;-47 917,06;0;0;EUR;3;0,00;Cost model (i.e. value equals cost minus depreciation);30/06/2024;Internal
221500001206;Unpatented software and technology;01/06/2020;59 797,64;-59 797,64;0;0;EUR;3;0,00;Cost model (i.e. value equals cost minus depreciation);30/06/2024;Internal
221500001208;Unpatented software and technology;01/06/2020;35 391,42;-35 391,42;0;0;EUR;3;0,00;Cost model (i.e. value equals cost minus depreciation);30/06/2024;Internal
221500001210;Unpatented software and technology;01/06/2020;106 174,26;-106 174,26;0;0;EUR;3;0,00;Cost model (i.e. value equals cost minus depreciation);30/06/2024;Internal
221500000830;Unpatented software and technology;01/06/2020;10 890,34;-10 890,34;0;0;EUR;3;0,00;Cost model (i.e. value equals cost minus depreciation);30/06/2024;Internal
221500000838;Unpatented software and technology;01/06/2020;53 588,61;-53 588,61;0;0;EUR;3;0,00;Cost model (i.e. value equals cost minus depreciation);30/06/2024;Internal
221500001199;Unpatented software and technology;01/06/2020;27 902,81;-27 902,81;0;0;EUR;3;0,00;Cost model (i.e. value equals cost minus depreciation);30/06/2024;Internal
221500001218;Unpatented software and technology;01/06/2020;4 544,41;-4 544,41;0;0;EUR;3;0,00;Cost model (i.e. value equals cost minus depreciation);30/06/2024;Internal
221500001220;Unpatented software and technology;01/06/2020;54 094,73;-54 094,73;0;0;EUR;3;0,00;Cost model (i.e. value equals cost minus depreciation);30/06/2024;Internal
221500001222;Unpatented software and technology;01/06/2020;20 897,72;-20 897,72;0;0;EUR;3;0,00;Cost model (i.e. value equals cost minus depreciation);30/06/2024;Internal
221500000794;Unpatented software and technology;01/06/2020;2 122,05;-2 122,05;0;0;EUR;3;0,00;Cost model (i.e. value equals cost minus depreciation);30/06/2024;Internal
221500001224;Unpatented software and technology;01/06/2020;72,97;-72,97;0;0;EUR;3;0,00;Cost model (i.e. value equals cost minus depreciation);30/06/2024;Internal
221500001227;Unpatented software and technology;01/06/2020;8 910,83;-8 910,83;0;0;EUR;3;0,00;Cost model (i.e. value equals cost minus depreciation);30/06/2024;Internal
221500001234;Unpatented software and technology;01/06/2020;2 369,16;-2 369,16;0;0;EUR;3;0,00;Cost model (i.e. value equals cost minus depreciation);30/06/2024;Internal
221500001213;Unpatented software and technology;01/06/2020;35 391,42;-35 391,42;0;0;EUR;3;0,00;Cost model (i.e. value equals cost minus depreciation);30/06/2024;Internal
221500001181;Unpatented software and technology;01/06/2020;7 306,93;-7 306,93;0;0;EUR;3;0,00;Cost model (i.e. value equals cost minus depreciation);30/06/2024;Internal
221500001128;Unpatented software and technology;01/06/2020;42 392,65;-42 392,65;0;0;EUR;3;0,00;Cost model (i.e. value equals cost minus depreciation);30/06/2024;Internal
221500001126;Unpatented software and technology;01/06/2020;4 487,78;-4 487,78;0;0;EUR;3;0,00;Cost model (i.e. value equals cost minus depreciation);30/06/2024;Internal
221500001125;Unpatented software and technology;01/06/2020;12 064,70;-12 064,70;0;0;EUR;3;0,00;Cost model (i.e. value equals cost minus depreciation);30/06/2024;Internal
221500000850;Unpatented software and technology;01/06/2020;21 765,36;-21 765,36;0;0;EUR;3;0,00;Cost model (i.e. value equals cost minus depreciation);30/06/2024;Internal
221500001171;Unpatented software and technology;01/06/2020;5 253,98;-5 253,98;0;0;EUR;3;0,00;Cost model (i.e. value equals cost minus depreciation);30/06/2024;Internal
221500000848;Unpatented software and technology;01/06/2020;20 354,08;-20 354,08;0;0;EUR;3;0,00;Cost model (i.e. value equals cost minus depreciation);30/06/2024;Internal
221500000841;Unpatented software and technology;01/06/2020;6 841,64;-6 841,64;0;0;EUR;3;0,00;Cost model (i.e. value equals cost minus depreciation);30/06/2024;Internal
221500001178;Unpatented software and technology;01/06/2020;8 951,23;-8 951,23;0;0;EUR;3;0,00;Cost model (i.e. value equals cost minus depreciation);30/06/2024;Internal
221500001241;Unpatented software and technology;01/06/2020;33 226,58;-33 226,58;0;0;EUR;3;0,00;Cost model (i.e. value equals cost minus depreciation);30/06/2024;Internal
221500001123;Unpatented software and technology;01/06/2020;7 589,09;-7 589,09;0;0;EUR;3;0,00;Cost model (i.e. value equals cost minus depreciation);30/06/2024;Internal
221500001186;Unpatented software and technology;01/06/2020;1 924,03;-1 924,03;0;0;EUR;3;0,00;Cost model (i.e. value equals cost minus depreciation);30/06/2024;Internal
221500001122;Unpatented software and technology;01/06/2020;7 389,63;-7 389,63;0;0;EUR;3;0,00;Cost model (i.e. value equals cost minus depreciation);30/06/2024;Internal
221500001121;Unpatented software and technology;01/06/2020;9 666,36;-9 666,36;0;0;EUR;3;0,00;Cost model (i.e. value equals cost minus depreciation);30/06/2024;Internal
221500001189;Unpatented software and technology;01/06/2020;422,46;-422,46;0;0;EUR;3;0,00;Cost model (i.e. value equals cost minus depreciation);30/06/2024;Internal
221500001193;Unpatented software and technology;01/06/2020;19 927,87;-19 927,87;0;0;EUR;3;0,00;Cost model (i.e. value equals cost minus depreciation);30/06/2024;Internal
221500001197;Unpatented software and technology;01/06/2020;10 902,99;-10 902,99;0;0;EUR;3;0,00;Cost model (i.e. value equals cost minus depreciation);30/06/2024;Internal
221500001174;Unpatented software and technology;01/06/2020;41 161,85;-41 161,85;0;0;EUR;3;0,00;Cost model (i.e. value equals cost minus depreciation);30/06/2024;Internal
221500000549;Unpatented software and technology;01/06/2020;726,31;-726,31;0;0;EUR;3;0,00;Cost model (i.e. value equals cost minus depreciation);30/06/2024;Internal
221500000556;Unpatented software and technology;01/06/2020;2 952,84;-2 952,84;0;0;EUR;3;0,00;Cost model (i.e. value equals cost minus depreciation);30/06/2024;Internal
221500001230;Unpatented software and technology;01/06/2020;5 545,87;-5 545,87;0;0;EUR;3;0,00;Cost model (i.e. value equals cost minus depreciation);30/06/2024;Internal
221500000555;Unpatented software and technology;01/06/2020;4 992,14;-4 992,14;0;0;EUR;3;0,00;Cost model (i.e. value equals cost minus depreciation);30/06/2024;Internal
221500001110;Unpatented software and technology;01/06/2020;9 303,93;-9 303,93;0;0;EUR;3;0,00;Cost model (i.e. value equals cost minus depreciation);30/06/2024;Internal
221500000554;Unpatented software and technology;01/06/2020;11 021,39;-11 021,39;0;0;EUR;3;0,00;Cost model (i.e. value equals cost minus depreciation);30/06/2024;Internal
221500000553;Unpatented software and technology;01/06/2020;2 347,13;-2 347,13;0;0;EUR;3;0,00;Cost model (i.e. value equals cost minus depreciation);30/06/2024;Internal
221500000552;Unpatented software and technology;01/06/2020;405,38;-405,38;0;0;EUR;3;0,00;Cost model (i.e. value equals cost minus depreciation);30/06/2024;Internal
221500001244;Unpatented software and technology;01/06/2020;16 709,37;-16 709,37;0;0;EUR;3;0,00;Cost model (i.e. value equals cost minus depreciation);30/06/2024;Internal
221500000550;Unpatented software and technology;01/06/2020;5 792,52;-5 792,52;0;0;EUR;3;0,00;Cost model (i.e. value equals cost minus depreciation);30/06/2024;Internal
221500001111;Unpatented software and technology;01/06/2020;3 466,17;-3 466,17;0;0;EUR;3;0,00;Cost model (i.e. value equals cost minus depreciation);30/06/2024;Internal
221500000548;Unpatented software and technology;01/06/2020;41 501,22;-41 501,22;0;0;EUR;3;0,00;Cost model (i.e. value equals cost minus depreciation);30/06/2024;Internal
221500000547;Unpatented software and technology;01/06/2020;7 131,80;-7 131,80;0;0;EUR;3;0,00;Cost model (i.e. value equals cost minus depreciation);30/06/2024;Internal
221500000973;Unpatented software and technology;01/06/2020;18 741,64;-18 741,64;0;0;EUR;3;0,00;Cost model (i.e. value equals cost minus depreciation);30/06/2024;Internal
221500000800;Unpatented software and technology;01/06/2020;11 909,03;-11 909,03;0;0;EUR;3;0,00;Cost model (i.e. value equals cost minus depreciation);30/06/2024;Internal
221500000802;Unpatented software and technology;01/06/2020;5 098,31;-5 098,31;0;0;EUR;3;0,00;Cost model (i.e. value equals cost minus depreciation);30/06/2024;Internal
221500000803;Unpatented software and technology;01/06/2020;5 579,44;-5 579,44;0;0;EUR;3;0,00;Cost model (i.e. value equals cost minus depreciation);30/06/2024;Internal
221500000806;Unpatented software and technology;01/06/2020;4 698,97;-4 698,97;0;0;EUR;3;0,00;Cost model (i.e. value equals cost minus depreciation);30/06/2024;Internal
221500000551;Unpatented software and technology;01/06/2020;1 370,89;-1 370,89;0;0;EUR;3;0,00;Cost model (i.e. value equals cost minus depreciation);30/06/2024;Internal
221500000798;Unpatented software and technology;01/06/2020;13 586,05;-13 586,05;0;0;EUR;3;0,00;Cost model (i.e. value equals cost minus depreciation);30/06/2024;Internal
221500001246;Unpatented software and technology;01/06/2020;1 204,04;-1 204,04;0;0;EUR;3;0,00;Cost model (i.e. value equals cost minus depreciation);30/06/2024;Internal
221500001118;Unpatented software and technology;01/06/2020;4 378,32;-4 378,32;0;0;EUR;3;0,00;Cost model (i.e. value equals cost minus depreciation);30/06/2024;Internal
221500001250;Unpatented software and technology;01/06/2020;6 635,79;-6 635,79;0;0;EUR;3;0,00;Cost model (i.e. value equals cost minus depreciation);30/06/2024;Internal
221500001116;Unpatented software and technology;01/06/2020;36 894,10;-36 894,10;0;0;EUR;3;0,00;Cost model (i.e. value equals cost minus depreciation);30/06/2024;Internal
221500001254;Unpatented software and technology;01/06/2020;13 273,40;-13 273,40;0;0;EUR;3;0,00;Cost model (i.e. value equals cost minus depreciation);30/06/2024;Internal
221500001261;Unpatented software and technology;01/06/2020;1 443,88;-1 443,88;0;0;EUR;3;0,00;Cost model (i.e. value equals cost minus depreciation);30/06/2024;Internal
221500001303;Unpatented software and technology;01/06/2020;105 287,85;-105 287,85;0;0;EUR;3;0,00;Cost model (i.e. value equals cost minus depreciation);30/06/2024;Internal
221500000796;Unpatented software and technology;01/06/2020;1 915,85;-1 915,85;0;0;EUR;3;0,00;Cost model (i.e. value equals cost minus depreciation);30/06/2024;Internal
221500001301;Unpatented software and technology;01/06/2020;8 034,07;-8 034,07;0;0;EUR;3;0,00;Cost model (i.e. value equals cost minus depreciation);30/06/2024;Internal
221500001289;Unpatented software and technology;01/06/2020;282 566,00;-282 566,00;0;0;EUR;3;0,00;Cost model (i.e. value equals cost minus depreciation);30/06/2024;Internal
221500001291;Unpatented software and technology;01/06/2020;17 314,00;-17 314,00;0;0;EUR;3;0,00;Cost model (i.e. value equals cost minus depreciation);30/06/2024;Internal
221500001293;Unpatented software and technology;01/06/2020;9 888,00;-9 888,00;0;0;EUR;3;0,00;Cost model (i.e. value equals cost minus depreciation);30/06/2024;Internal
221500001296;Unpatented software and technology;01/06/2020;437,83;-437,83;0;0;EUR;3;0,00;Cost model (i.e. value equals cost minus depreciation);30/06/2024;Internal
221500001299;Unpatented software and technology;01/06/2020;13 177,53;-13 177,53;0;0;EUR;3;0,00;Cost model (i.e. value equals cost minus depreciation);30/06/2024;Internal
221500001113;Unpatented software and technology;01/06/2020;6 220,86;-6 220,86;0;0;EUR;3;0,00;Cost model (i.e. value equals cost minus depreciation);30/06/2024;Internal
221500000559;Unpatented software and technology;01/06/2020;4 962,10;-4 962,10;0;0;EUR;3;0,00;Cost model (i.e. value equals cost minus depreciation);30/06/2024;Internal
221500000154;Unpatented software and technology;01/07/2020;17 130,05;-17 130,05;0;0;EUR;3;0,00;Cost model (i.e. value equals cost minus depreciation);30/06/2024;Internal
221500000846;Unpatented software and technology;01/07/2020;6 274,13;-6 274,13;0;0;EUR;3;0,00;Cost model (i.e. value equals cost minus depreciation);30/06/2024;Internal
221500000843;Unpatented software and technology;01/07/2020;35 573,85;-35 573,85;0;0;EUR;3;0,00;Cost model (i.e. value equals cost minus depreciation);30/06/2024;Internal
221500000051;Unpatented software and technology;01/07/2020;35 525,20;-35 525,20;0;0;EUR;3;0,00;Cost model (i.e. value equals cost minus depreciation);30/06/2024;Internal
221500000145;Unpatented software and technology;01/07/2020;2 435,45;-2 435,45;0;0;EUR;3;0,00;Cost model (i.e. value equals cost minus depreciation);30/06/2024;Internal
221500000152;Unpatented software and technology;01/07/2020;19 656,10;-19 656,10;0;0;EUR;3;0,00;Cost model (i.e. value equals cost minus depreciation);30/06/2024;Internal
221500000148;Unpatented software and technology;01/07/2020;2 483,54;-2 483,54;0;0;EUR;3;0,00;Cost model (i.e. value equals cost minus depreciation);30/06/2024;Internal
221500000131;Unpatented software and technology;01/07/2020;16 901,06;-16 901,06;0;0;EUR;3;0,00;Cost model (i.e. value equals cost minus depreciation);30/06/2024;Internal
221500000037;Unpatented software and technology;01/07/2020;13 587,39;-13 587,39;0;0;EUR;3;0,00;Cost model (i.e. value equals cost minus depreciation);30/06/2024;Internal
221500000116;Unpatented software and technology;01/07/2020;5 983,41;-5 983,41;0;0;EUR;3;0,00;Cost model (i.e. value equals cost minus depreciation);30/06/2024;Internal
221500000113;Unpatented software and technology;01/07/2020;15 810,60;-15 810,60;0;0;EUR;3;0,00;Cost model (i.e. value equals cost minus depreciation);30/06/2024;Internal
221500000919;Unpatented software and technology;01/07/2020;3 152,39;-3 152,39;0;0;EUR;3;0,00;Cost model (i.e. value equals cost minus depreciation);30/06/2024;Internal
221500000118;Unpatented software and technology;01/07/2020;10 542,02;-10 542,02;0;0;EUR;3;0,00;Cost model (i.e. value equals cost minus depreciation);30/06/2024;Internal
221500000121;Unpatented software and technology;01/07/2020;5 098,31;-5 098,31;0;0;EUR;3;0,00;Cost model (i.e. value equals cost minus depreciation);30/06/2024;Internal
221500000109;Unpatented software and technology;01/07/2020;152 025,00;-152 025,00;0;0;EUR;3;0,00;Cost model (i.e. value equals cost minus depreciation);30/06/2024;Internal
221500000123;Unpatented software and technology;01/07/2020;16 388,29;-16 388,29;0;0;EUR;3;0,00;Cost model (i.e. value equals cost minus depreciation);30/06/2024;Internal
221500000916;Unpatented software and technology;01/07/2020;41 314,31;-41 314,31;0;0;EUR;3;0,00;Cost model (i.e. value equals cost minus depreciation);30/06/2024;Internal
221500000913;Unpatented software and technology;01/07/2020;422,46;-422,46;0;0;EUR;3;0,00;Cost model (i.e. value equals cost minus depreciation);30/06/2024;Internal
221500000910;Unpatented software and technology;01/07/2020;814,85;-814,85;0;0;EUR;3;0,00;Cost model (i.e. value equals cost minus depreciation);30/06/2024;Internal
221500000902;Unpatented software and technology;01/07/2020;5 505,74;-5 505,74;0;0;EUR;3;0,00;Cost model (i.e. value equals cost minus depreciation);30/06/2024;Internal
221500000041;Unpatented software and technology;01/07/2020;27 000,25;-27 000,25;0;0;EUR;3;0,00;Cost model (i.e. value equals cost minus depreciation);30/06/2024;Internal
221500000889;Unpatented software and technology;01/07/2020;13 250,88;-13 250,88;0;0;EUR;3;0,00;Cost model (i.e. value equals cost minus depreciation);30/06/2024;Internal
221500000045;Unpatented software and technology;01/07/2020;58 739,69;-58 739,69;0;0;EUR;3;0,00;Cost model (i.e. value equals cost minus depreciation);30/06/2024;Internal
221500000854;Unpatented software and technology;01/07/2020;5 533,71;-5 533,71;0;0;EUR;3;0,00;Cost model (i.e. value equals cost minus depreciation);30/06/2024;Internal
221500000139;Unpatented software and technology;01/07/2020;5 648,03;-5 648,03;0;0;EUR;3;0,00;Cost model (i.e. value equals cost minus depreciation);30/06/2024;Internal
221500000022;Unpatented software and technology;01/07/2020;8 951,23;-8 951,23;0;0;EUR;3;0,00;Cost model (i.e. value equals cost minus depreciation);30/06/2024;Internal
221500000856;Unpatented software and technology;01/07/2020;2 408,08;-2 408,08;0;0;EUR;3;0,00;Cost model (i.e. value equals cost minus depreciation);30/06/2024;Internal
221500000859;Unpatented software and technology;01/07/2020;41 648,92;-41 648,92;0;0;EUR;3;0,00;Cost model (i.e. value equals cost minus depreciation);30/06/2024;Internal
221500000900;Unpatented software and technology;01/07/2020;6 179,82;-6 179,82;0;0;EUR;3;0,00;Cost model (i.e. value equals cost minus depreciation);30/06/2024;Internal
221500000867;Unpatented software and technology;01/07/2020;28 818,40;-28 818,40;0;0;EUR;3;0,00;Cost model (i.e. value equals cost minus depreciation);30/06/2024;Internal
221500000898;Unpatented software and technology;01/07/2020;1 732,65;-1 732,65;0;0;EUR;3;0,00;Cost model (i.e. value equals cost minus depreciation);30/06/2024;Internal
221500000871;Unpatented software and technology;01/07/2020;1 720,92;-1 720,92;0;0;EUR;3;0,00;Cost model (i.e. value equals cost minus depreciation);30/06/2024;Internal
221500000875;Unpatented software and technology;01/07/2020;22 319,34;-22 319,34;0;0;EUR;3;0,00;Cost model (i.e. value equals cost minus depreciation);30/06/2024;Internal
221500000879;Unpatented software and technology;01/07/2020;36 742,62;-36 742,62;0;0;EUR;3;0,00;Cost model (i.e. value equals cost minus depreciation);30/06/2024;Internal
221500000887;Unpatented software and technology;01/07/2020;9 607,98;-9 607,98;0;0;EUR;3;0,00;Cost model (i.e. value equals cost minus depreciation);30/06/2024;Internal
221500000135;Unpatented software and technology;01/07/2020;2 990,39;-2 990,39;0;0;EUR;3;0,00;Cost model (i.e. value equals cost minus depreciation);30/06/2024;Internal
221500000141;Unpatented software and technology;01/07/2020;33 551,06;-33 551,06;0;0;EUR;3;0,00;Cost model (i.e. value equals cost minus depreciation);30/06/2024;Internal
221500000863;Unpatented software and technology;01/07/2020;41 197,07;-41 197,07;0;0;EUR;3;0,00;Cost model (i.e. value equals cost minus depreciation);30/06/2024;Internal
221500000212;Unpatented software and technology;01/07/2020;6 178,39;-6 178,39;0;0;EUR;3;0,00;Cost model (i.e. value equals cost minus depreciation);30/06/2024;Internal
221500000157;Unpatented software and technology;01/07/2020;1 109,17;-1 109,17;0;0;EUR;3;0,00;Cost model (i.e. value equals cost minus depreciation);30/06/2024;Internal
221500000187;Unpatented software and technology;01/07/2020;4 574,35;-4 574,35;0;0;EUR;3;0,00;Cost model (i.e. value equals cost minus depreciation);30/06/2024;Internal
221500000176;Unpatented software and technology;01/07/2020;988,77;-988,77;0;0;EUR;3;0,00;Cost model (i.e. value equals cost minus depreciation);30/06/2024;Internal
221500000189;Unpatented software and technology;01/07/2020;11 667,61;-11 667,61;0;0;EUR;3;0,00;Cost model (i.e. value equals cost minus depreciation);30/06/2024;Internal
221500000191;Unpatented software and technology;01/07/2020;988,77;-988,77;0;0;EUR;3;0,00;Cost model (i.e. value equals cost minus depreciation);30/06/2024;Internal
221500000194;Unpatented software and technology;01/07/2020;593,26;-593,26;0;0;EUR;3;0,00;Cost model (i.e. value equals cost minus depreciation);30/06/2024;Internal
221500000090;Unpatented software and technology;01/07/2020;15 384,93;-15 384,93;0;0;EUR;3;0,00;Cost model (i.e. value equals cost minus depreciation);30/06/2024;Internal
221500000197;Unpatented software and technology;01/07/2020;889,91;-889,91;0;0;EUR;3;0,00;Cost model (i.e. value equals cost minus depreciation);30/06/2024;Internal
221500000059;Unpatented software and technology;01/07/2020;20 984,02;-20 984,02;0;0;EUR;3;0,00;Cost model (i.e. value equals cost minus depreciation);30/06/2024;Internal
221500000207;Unpatented software and technology;01/07/2020;1 914,20;-1 914,20;0;0;EUR;3;0,00;Cost model (i.e. value equals cost minus depreciation);30/06/2024;Internal
221500000186;Unpatented software and technology;01/07/2020;21,08;-21,08;0;0;EUR;3;0,00;Cost model (i.e. value equals cost minus depreciation);30/06/2024;Internal
221500000215;Unpatented software and technology;01/07/2020;5 720,26;-5 720,26;0;0;EUR;3;0,00;Cost model (i.e. value equals cost minus depreciation);30/06/2024;Internal
221500000921;Unpatented software and technology;01/07/2020;9 303,93;-9 303,93;0;0;EUR;3;0,00;Cost model (i.e. value equals cost minus depreciation);30/06/2024;Internal
221500000931;Unpatented software and technology;01/07/2020;7 399,36;-7 399,36;0;0;EUR;3;0,00;Cost model (i.e. value equals cost minus depreciation);30/06/2024;Internal
221500000030;Unpatented software and technology;01/07/2020;95 721,52;-95 721,52;0;0;EUR;3;0,00;Cost model (i.e. value equals cost minus depreciation);30/06/2024;Internal
221500000068;Unpatented software and technology;01/07/2020;9 268,81;-9 268,81;0;0;EUR;3;0,00;Cost model (i.e. value equals cost minus depreciation);30/06/2024;Internal
221500000071;Unpatented software and technology;01/07/2020;5 703,98;-5 703,98;0;0;EUR;3;0,00;Cost model (i.e. value equals cost minus depreciation);30/06/2024;Internal
221500000086;Unpatented software and technology;01/07/2020;1 422,95;-1 422,95;0;0;EUR;3;0,00;Cost model (i.e. value equals cost minus depreciation);30/06/2024;Internal
221500000937;Unpatented software and technology;01/07/2020;22 986,76;-22 986,76;0;0;EUR;3;0,00;Cost model (i.e. value equals cost minus depreciation);30/06/2024;Internal
221500000927;Unpatented software and technology;01/07/2020;35 391,42;-35 391,42;0;0;EUR;3;0,00;Cost model (i.e. value equals cost minus depreciation);30/06/2024;Internal
221500000200;Unpatented software and technology;01/07/2020;461,97;-461,97;0;0;EUR;3;0,00;Cost model (i.e. value equals cost minus depreciation);30/06/2024;Internal
221500000172;Unpatented software and technology;01/07/2020;9 690,05;-9 690,05;0;0;EUR;3;0,00;Cost model (i.e. value equals cost minus depreciation);30/06/2024;Internal
221500000160;Unpatented software and technology;01/07/2020;1 506,14;-1 506,14;0;0;EUR;3;0,00;Cost model (i.e. value equals cost minus depreciation);30/06/2024;Internal
221500000164;Unpatented software and technology;01/07/2020;2 998,55;-2 998,55;0;0;EUR;3;0,00;Cost model (i.e. value equals cost minus depreciation);30/06/2024;Internal
221500000167;Unpatented software and technology;01/07/2020;10 401,33;-10 401,33;0;0;EUR;3;0,00;Cost model (i.e. value equals cost minus depreciation);30/06/2024;Internal
221500000170;Unpatented software and technology;01/07/2020;21 266,31;-21 266,31;0;0;EUR;3;0,00;Cost model (i.e. value equals cost minus depreciation);30/06/2024;Internal
221500000343;Unpatented software and technology;01/07/2020;19 767,00;-19 767,00;0;0;EUR;3;0,00;Cost model (i.e. value equals cost minus depreciation);30/06/2024;Internal
221500002684;Unpatented software and technology;01/07/2020;881,74;-881,74;0;0;EUR;3;0,00;Cost model (i.e. value equals cost minus depreciation);30/06/2024;Internal
221500000174;Unpatented software and technology;01/07/2020;2 373,07;-2 373,07;0;0;EUR;3;0,00;Cost model (i.e. value equals cost minus depreciation);30/06/2024;Internal
221500000785;Unpatented software and technology;01/07/2020;20 042,98;-20 042,98;0;0;EUR;3;0,00;Cost model (i.e. value equals cost minus depreciation);30/06/2024;Internal
221500000057;Unpatented software and technology;01/07/2020;20 046,62;-20 046,62;0;0;EUR;3;0,00;Cost model (i.e. value equals cost minus depreciation);30/06/2024;Internal
221500000183;Unpatented software and technology;01/07/2020;373,50;-373,50;0;0;EUR;3;0,00;Cost model (i.e. value equals cost minus depreciation);30/06/2024;Internal
221500000344;Unpatented software and technology;01/07/2020;6 896,00;-6 896,00;0;0;EUR;3;0,00;Cost model (i.e. value equals cost minus depreciation);30/06/2024;Internal
221500000181;Unpatented software and technology;01/07/2020;6 822,59;-6 822,59;0;0;EUR;3;0,00;Cost model (i.e. value equals cost minus depreciation);30/06/2024;Internal
221500000251;Unpatented software and technology;01/07/2020;1 568,90;-1 568,90;0;0;EUR;3;0,00;Cost model (i.e. value equals cost minus depreciation);30/06/2024;Internal
221500000179;Unpatented software and technology;01/07/2020;5 339,41;-5 339,41;0;0;EUR;3;0,00;Cost model (i.e. value equals cost minus depreciation);30/06/2024;Internal
221500000924;Unpatented software and technology;01/07/2020;1 958,08;-1 958,08;0;0;EUR;3;0,00;Cost model (i.e. value equals cost minus depreciation);30/06/2024;Internal
221500000340;Unpatented software and technology;01/07/2020;266 809,00;-266 809,00;0;0;EUR;3;0,00;Cost model (i.e. value equals cost minus depreciation);30/06/2024;Internal
221500000374;Unpatented software and technology;01/08/2020;3 774,70;-3 774,70;0;0;EUR;3;0,00;Cost model (i.e. value equals cost minus depreciation);30/06/2024;Internal
221500000375;Unpatented software and technology;01/08/2020;15 001,00;-15 001,00;0;0;EUR;3;0,00;Cost model (i.e. value equals cost minus depreciation);30/06/2024;Internal
221500002752;Unpatented software and technology;01/08/2020;4 538,87;-4 538,87;0;0;EUR;3;0,00;Cost model (i.e. value equals cost minus depreciation);30/06/2024;Internal
221500002750;Unpatented software and technology;01/08/2020;1 510,51;-1 510,51;0;0;EUR;3;0,00;Cost model (i.e. value equals cost minus depreciation);30/06/2024;Internal
221500002754;Unpatented software and technology;01/08/2020;2 162,89;-2 162,89;0;0;EUR;3;0,00;Cost model (i.e. value equals cost minus depreciation);30/06/2024;Internal
221500000372;Unpatented software and technology;01/08/2020;9 366,07;-9 366,07;0;0;EUR;3;0,00;Cost model (i.e. value equals cost minus depreciation);30/06/2024;Internal
221500000358;Unpatented software and technology;01/08/2020;14 294,00;-14 294,00;0;0;EUR;3;0,00;Cost model (i.e. value equals cost minus depreciation);30/06/2024;Internal
221500002969;Unpatented software and technology;01/08/2020;4 716,42;-4 716,42;0;0;EUR;3;0,00;Cost model (i.e. value equals cost minus depreciation);30/06/2024;Internal
221500000354;Unpatented software and technology;01/08/2020;50 234,89;-50 234,89;0;0;EUR;3;0,00;Cost model (i.e. value equals cost minus depreciation);30/06/2024;Internal
221500000506;Unpatented software and technology;01/08/2020;21 570,52;-21 570,52;0;0;EUR;3;0,00;Cost model (i.e. value equals cost minus depreciation);30/06/2024;Internal
221500000432;Unpatented software and technology;01/08/2020;1 117,81;-1 117,81;0;0;EUR;3;0,00;Cost model (i.e. value equals cost minus depreciation);30/06/2024;Internal
221500000433;Unpatented software and technology;01/08/2020;1 183,37;-1 183,37;0;0;EUR;3;0,00;Cost model (i.e. value equals cost minus depreciation);30/06/2024;Internal
221500000441;Unpatented software and technology;01/08/2020;6 718,35;-6 718,35;0;0;EUR;3;0,00;Cost model (i.e. value equals cost minus depreciation);30/06/2024;Internal
221500000469;Unpatented software and technology;01/08/2020;5 571,66;-5 571,66;0;0;EUR;3;0,00;Cost model (i.e. value equals cost minus depreciation);30/06/2024;Internal
221500000471;Unpatented software and technology;01/08/2020;1 751,33;-1 751,33;0;0;EUR;3;0,00;Cost model (i.e. value equals cost minus depreciation);30/06/2024;Internal
221500002654;Unpatented software and technology;01/08/2020;494,40;-494,40;0;0;EUR;3;0,00;Cost model (i.e. value equals cost minus depreciation);30/06/2024;Internal
221500000475;Unpatented software and technology;01/08/2020;811,42;-811,42;0;0;EUR;3;0,00;Cost model (i.e. value equals cost minus depreciation);30/06/2024;Internal
221500000489;Unpatented software and technology;01/08/2020;2 335,10;-2 335,10;0;0;EUR;3;0,00;Cost model (i.e. value equals cost minus depreciation);30/06/2024;Internal
221500000492;Unpatented software and technology;01/08/2020;26 888,11;-26 888,11;0;0;EUR;3;0,00;Cost model (i.e. value equals cost minus depreciation);30/06/2024;Internal
221500000495;Unpatented software and technology;01/08/2020;3 405,36;-3 405,36;0;0;EUR;3;0,00;Cost model (i.e. value equals cost minus depreciation);30/06/2024;Internal
221500000532;Unpatented software and technology;01/08/2020;25 690,10;-25 690,10;0;0;EUR;3;0,00;Cost model (i.e. value equals cost minus depreciation);30/06/2024;Internal
221500000502;Unpatented software and technology;01/08/2020;6 081,00;-6 081,00;0;0;EUR;3;0,00;Cost model (i.e. value equals cost minus depreciation);30/06/2024;Internal
221500000420;Unpatented software and technology;01/08/2020;6 641,82;-6 641,82;0;0;EUR;3;0,00;Cost model (i.e. value equals cost minus depreciation);30/06/2024;Internal
221500000524;Unpatented software and technology;01/08/2020;8 602,93;-8 602,93;0;0;EUR;3;0,00;Cost model (i.e. value equals cost minus depreciation);30/06/2024;Internal
221500000527;Unpatented software and technology;01/08/2020;2 144,16;-2 144,16;0;0;EUR;3;0,00;Cost model (i.e. value equals cost minus depreciation);30/06/2024;Internal
221500000530;Unpatented software and technology;01/08/2020;8 617,99;-8 617,99;0;0;EUR;3;0,00;Cost model (i.e. value equals cost minus depreciation);30/06/2024;Internal
221500000533;Unpatented software and technology;01/08/2020;107 691,18;-107 691,18;0;0;EUR;3;0,00;Cost model (i.e. value equals cost minus depreciation);30/06/2024;Internal
221500000536;Unpatented software and technology;01/08/2020;45 133,38;-45 133,38;0;0;EUR;3;0,00;Cost model (i.e. value equals cost minus depreciation);30/06/2024;Internal
221500000539;Unpatented software and technology;01/08/2020;1 833,43;-1 833,43;0;0;EUR;3;0,00;Cost model (i.e. value equals cost minus depreciation);30/06/2024;Internal
221500000542;Unpatented software and technology;01/08/2020;1 848,62;-1 848,62;0;0;EUR;3;0,00;Cost model (i.e. value equals cost minus depreciation);30/06/2024;Internal
221500000544;Unpatented software and technology;01/08/2020;15 813,31;-15 813,31;0;0;EUR;3;0,00;Cost model (i.e. value equals cost minus depreciation);30/06/2024;Internal
221500003138;Unpatented software and technology;01/08/2020;1 678,36;-1 678,36;0;0;EUR;3;0,00;Cost model (i.e. value equals cost minus depreciation);30/06/2024;Internal
221500001265;Unpatented software and technology;01/08/2020;8 026,92;-8 026,92;0;0;EUR;3;0,00;Cost model (i.e. value equals cost minus depreciation);30/06/2024;Internal
221500000498;Unpatented software and technology;01/08/2020;1 430,25;-1 430,25;0;0;EUR;3;0,00;Cost model (i.e. value equals cost minus depreciation);30/06/2024;Internal
221500000397;Unpatented software and technology;01/08/2020;21 345,07;-21 345,07;0;0;EUR;3;0,00;Cost model (i.e. value equals cost minus depreciation);30/06/2024;Internal
221500003016;Unpatented software and technology;01/08/2020;235 376,00;-235 376,00;0;0;EUR;3;0,00;Cost model (i.e. value equals cost minus depreciation);30/06/2024;Internal
221500000387;Unpatented software and technology;01/08/2020;9 607,98;-9 607,98;0;0;EUR;3;0,00;Cost model (i.e. value equals cost minus depreciation);30/06/2024;Internal
221500000388;Unpatented software and technology;01/08/2020;122,40;-122,40;0;0;EUR;3;0,00;Cost model (i.e. value equals cost minus depreciation);30/06/2024;Internal
221500002749;Unpatented software and technology;01/08/2020;1 702,68;-1 702,68;0;0;EUR;3;0,00;Cost model (i.e. value equals cost minus depreciation);30/06/2024;Internal
221500002748;Unpatented software and technology;01/08/2020;68 369,81;-68 369,81;0;0;EUR;3;0,00;Cost model (i.e. value equals cost minus depreciation);30/06/2024;Internal
221500000390;Unpatented software and technology;01/08/2020;825,71;-825,71;0;0;EUR;3;0,00;Cost model (i.e. value equals cost minus depreciation);30/06/2024;Internal
221500000391;Unpatented software and technology;01/08/2020;5 714,32;-5 714,32;0;0;EUR;3;0,00;Cost model (i.e. value equals cost minus depreciation);30/06/2024;Internal
221500002747;Unpatented software and technology;01/08/2020;4 733,07;-4 733,07;0;0;EUR;3;0,00;Cost model (i.e. value equals cost minus depreciation);30/06/2024;Internal
221500000393;Unpatented software and technology;01/08/2020;36 547,20;-36 547,20;0;0;EUR;3;0,00;Cost model (i.e. value equals cost minus depreciation);30/06/2024;Internal
221500000395;Unpatented software and technology;01/08/2020;15 061,42;-15 061,42;0;0;EUR;3;0,00;Cost model (i.e. value equals cost minus depreciation);30/06/2024;Internal
221500000428;Unpatented software and technology;01/08/2020;4 959,66;-4 959,66;0;0;EUR;3;0,00;Cost model (i.e. value equals cost minus depreciation);30/06/2024;Internal
221500003019;Unpatented software and technology;01/08/2020;29 424,00;-29 424,00;0;0;EUR;3;0,00;Cost model (i.e. value equals cost minus depreciation);30/06/2024;Internal
221500000425;Unpatented software and technology;01/08/2020;7 608,55;-7 608,55;0;0;EUR;3;0,00;Cost model (i.e. value equals cost minus depreciation);30/06/2024;Internal
221500000398;Unpatented software and technology;01/08/2020;6 089,51;-6 089,51;0;0;EUR;3;0,00;Cost model (i.e. value equals cost minus depreciation);30/06/2024;Internal
221500000400;Unpatented software and technology;01/08/2020;33 628,60;-33 628,60;0;0;EUR;3;0,00;Cost model (i.e. value equals cost minus depreciation);30/06/2024;Internal
221500002746;Unpatented software and technology;01/08/2020;992,42;-992,42;0;0;EUR;3;0,00;Cost model (i.e. value equals cost minus depreciation);30/06/2024;Internal
221500003022;Unpatented software and technology;01/08/2020;6 889,00;-6 889,00;0;0;EUR;3;0,00;Cost model (i.e. value equals cost minus depreciation);30/06/2024;Internal
221500002745;Unpatented software and technology;01/08/2020;38 059,87;-38 059,87;0;0;EUR;3;0,00;Cost model (i.e. value equals cost minus depreciation);30/06/2024;Internal
221500000406;Unpatented software and technology;01/08/2020;23 794,66;-23 794,66;0;0;EUR;3;0,00;Cost model (i.e. value equals cost minus depreciation);30/06/2024;Internal
221500000409;Unpatented software and technology;01/08/2020;5 100,74;-5 100,74;0;0;EUR;3;0,00;Cost model (i.e. value equals cost minus depreciation);30/06/2024;Internal
221500000412;Unpatented software and technology;01/08/2020;55 534,12;-55 534,12;0;0;EUR;3;0,00;Cost model (i.e. value equals cost minus depreciation);30/06/2024;Internal
221500000413;Unpatented software and technology;01/08/2020;17 895,17;-17 895,17;0;0;EUR;3;0,00;Cost model (i.e. value equals cost minus depreciation);30/06/2024;Internal
221500000416;Unpatented software and technology;01/08/2020;19 578,39;-19 578,39;0;0;EUR;3;0,00;Cost model (i.e. value equals cost minus depreciation);30/06/2024;Internal
221500000376;Unpatented software and technology;01/08/2020;27 260,28;-27 260,28;0;0;EUR;3;0,00;Cost model (i.e. value equals cost minus depreciation);30/06/2024;Internal
221500000396;Unpatented software and technology;01/08/2020;1 634,57;-1 634,57;0;0;EUR;3;0,00;Cost model (i.e. value equals cost minus depreciation);30/06/2024;Internal
221500002887;Unpatented software and technology;01/08/2020;49 269,64;-49 269,64;0;0;EUR;3;0,00;Cost model (i.e. value equals cost minus depreciation);30/06/2024;Internal
221500000105;Unpatented software and technology;01/08/2020;54 457,54;-54 457,54;0;0;EUR;3;0,00;Cost model (i.e. value equals cost minus depreciation);30/06/2024;Internal
221500002810;Unpatented software and technology;01/08/2020;7 086,46;-7 086,46;0;0;EUR;3;0,00;Cost model (i.e. value equals cost minus depreciation);30/06/2024;Internal
221500002879;Unpatented software and technology;01/08/2020;106 055,34;-106 055,34;0;0;EUR;3;0,00;Cost model (i.e. value equals cost minus depreciation);30/06/2024;Internal
221500002756;Unpatented software and technology;01/08/2020;6 564,56;-6 564,56;0;0;EUR;3;0,00;Cost model (i.e. value equals cost minus depreciation);30/06/2024;Internal
221500000348;Unpatented software and technology;01/08/2020;36 485,88;-36 485,88;0;0;EUR;3;0,00;Cost model (i.e. value equals cost minus depreciation);30/06/2024;Internal
221500002807;Unpatented software and technology;01/08/2020;17 999,67;-17 999,67;0;0;EUR;3;0,00;Cost model (i.e. value equals cost minus depreciation);30/06/2024;Internal
221500002904;Unpatented software and technology;01/08/2020;122,40;-122,40;0;0;EUR;3;0,00;Cost model (i.e. value equals cost minus depreciation);30/06/2024;Internal
221500002882;Unpatented software and technology;01/08/2020;3 826,39;-3 826,39;0;0;EUR;3;0,00;Cost model (i.e. value equals cost minus depreciation);30/06/2024;Internal
221500002908;Unpatented software and technology;01/08/2020;3 196,17;-3 196,17;0;0;EUR;3;0,00;Cost model (i.e. value equals cost minus depreciation);30/06/2024;Internal
221500002804;Unpatented software and technology;01/08/2020;11 202,76;-11 202,76;0;0;EUR;3;0,00;Cost model (i.e. value equals cost minus depreciation);30/06/2024;Internal
221500000048;Unpatented software and technology;01/08/2020;30 216,37;-30 216,37;0;0;EUR;3;0,00;Cost model (i.e. value equals cost minus depreciation);30/06/2024;Internal
221500002837;Unpatented software and technology;01/08/2020;6 635,02;-6 635,02;0;0;EUR;3;0,00;Cost model (i.e. value equals cost minus depreciation);30/06/2024;Internal
221500002958;Unpatented software and technology;01/08/2020;9 303,93;-9 303,93;0;0;EUR;3;0,00;Cost model (i.e. value equals cost minus depreciation);30/06/2024;Internal
221500002812;Unpatented software and technology;01/08/2020;6 087,42;-6 087,42;0;0;EUR;3;0,00;Cost model (i.e. value equals cost minus depreciation);30/06/2024;Internal
221500002897;Unpatented software and technology;01/08/2020;5 183,93;-5 183,93;0;0;EUR;3;0,00;Cost model (i.e. value equals cost minus depreciation);30/06/2024;Internal
221500000220;Unpatented software and technology;01/08/2020;103 985,10;-103 985,10;0;0;EUR;3;0,00;Cost model (i.e. value equals cost minus depreciation);30/06/2024;Internal
221500002911;Unpatented software and technology;01/08/2020;9 764,27;-9 764,27;0;0;EUR;3;0,00;Cost model (i.e. value equals cost minus depreciation);30/06/2024;Internal
221500002829;Unpatented software and technology;01/08/2020;1 272,76;-1 272,76;0;0;EUR;3;0,00;Cost model (i.e. value equals cost minus depreciation);30/06/2024;Internal
221500002831;Unpatented software and technology;01/08/2020;35 221,56;-35 221,56;0;0;EUR;3;0,00;Cost model (i.e. value equals cost minus depreciation);30/06/2024;Internal
221500002900;Unpatented software and technology;01/08/2020;348,37;-348,37;0;0;EUR;3;0,00;Cost model (i.e. value equals cost minus depreciation);30/06/2024;Internal
221500002885;Unpatented software and technology;01/08/2020;4 670,94;-4 670,94;0;0;EUR;3;0,00;Cost model (i.e. value equals cost minus depreciation);30/06/2024;Internal
221500002833;Unpatented software and technology;01/08/2020;4 377,22;-4 377,22;0;0;EUR;3;0,00;Cost model (i.e. value equals cost minus depreciation);30/06/2024;Internal
221500002826;Unpatented software and technology;01/08/2020;9 449,81;-9 449,81;0;0;EUR;3;0,00;Cost model (i.e. value equals cost minus depreciation);30/06/2024;Internal
221500002895;Unpatented software and technology;01/08/2020;6 336,89;-6 336,89;0;0;EUR;3;0,00;Cost model (i.e. value equals cost minus depreciation);30/06/2024;Internal
221500002835;Unpatented software and technology;01/08/2020;2 776,95;-2 776,95;0;0;EUR;3;0,00;Cost model (i.e. value equals cost minus depreciation);30/06/2024;Internal
221500002827;Unpatented software and technology;01/08/2020;482,22;-482,22;0;0;EUR;3;0,00;Cost model (i.e. value equals cost minus depreciation);30/06/2024;Internal
221500002892;Unpatented software and technology;01/08/2020;7 289,57;-7 289,57;0;0;EUR;3;0,00;Cost model (i.e. value equals cost minus depreciation);30/06/2024;Internal
221500002889;Unpatented software and technology;01/08/2020;1 022,31;-1 022,31;0;0;EUR;3;0,00;Cost model (i.e. value equals cost minus depreciation);30/06/2024;Internal
221500000061;Unpatented software and technology;01/08/2020;116 413,12;-116 413,12;0;0;EUR;3;0,00;Cost model (i.e. value equals cost minus depreciation);30/06/2024;Internal
221500002772;Unpatented software and technology;01/08/2020;126 687,50;-126 687,50;0;0;EUR;3;0,00;Cost model (i.e. value equals cost minus depreciation);30/06/2024;Internal
221500002823;Unpatented software and technology;01/08/2020;4 471,05;-4 471,05;0;0;EUR;3;0,00;Cost model (i.e. value equals cost minus depreciation);30/06/2024;Internal
221500002818;Unpatented software and technology;01/08/2020;1 454,83;-1 454,83;0;0;EUR;3;0,00;Cost model (i.e. value equals cost minus depreciation);30/06/2024;Internal
221500002813;Unpatented software and technology;01/08/2020;4 878,97;-4 878,97;0;0;EUR;3;0,00;Cost model (i.e. value equals cost minus depreciation);30/06/2024;Internal
221500002843;Unpatented software and technology;01/08/2020;20 658,14;-20 658,14;0;0;EUR;3;0,00;Cost model (i.e. value equals cost minus depreciation);30/06/2024;Internal
221500000054;Unpatented software and technology;01/08/2020;4 288,41;-4 288,41;0;0;EUR;3;0,00;Cost model (i.e. value equals cost minus depreciation);30/06/2024;Internal
221500002841;Unpatented software and technology;01/08/2020;2 576,14;-2 576,14;0;0;EUR;3;0,00;Cost model (i.e. value equals cost minus depreciation);30/06/2024;Internal
221500002821;Unpatented software and technology;01/08/2020;6 923,22;-6 923,22;0;0;EUR;3;0,00;Cost model (i.e. value equals cost minus depreciation);30/06/2024;Internal
221500002815;Unpatented software and technology;01/08/2020;11 819,66;-11 819,66;0;0;EUR;3;0,00;Cost model (i.e. value equals cost minus depreciation);30/06/2024;Internal
221500002795;Unpatented software and technology;01/08/2020;7 170,72;-7 170,72;0;0;EUR;3;0,00;Cost model (i.e. value equals cost minus depreciation);30/06/2024;Internal
221500002798;Unpatented software and technology;01/08/2020;2 237,03;-2 237,03;0;0;EUR;3;0,00;Cost model (i.e. value equals cost minus depreciation);30/06/2024;Internal
221500002814;Unpatented software and technology;01/08/2020;45 742,92;-45 742,92;0;0;EUR;3;0,00;Cost model (i.e. value equals cost minus depreciation);30/06/2024;Internal
221500002839;Unpatented software and technology;01/08/2020;10 489,72;-10 489,72;0;0;EUR;3;0,00;Cost model (i.e. value equals cost minus depreciation);30/06/2024;Internal
221500002875;Unpatented software and technology;01/08/2020;21 817,85;-21 817,85;0;0;EUR;3;0,00;Cost model (i.e. value equals cost minus depreciation);30/06/2024;Internal
221500000076;Unpatented software and technology;01/08/2020;46 288,88;-46 288,88;0;0;EUR;3;0,00;Cost model (i.e. value equals cost minus depreciation);30/06/2024;Internal
221500002791;Unpatented software and technology;01/08/2020;325,94;-325,94;0;0;EUR;3;0,00;Cost model (i.e. value equals cost minus depreciation);30/06/2024;Internal
221500003044;Unpatented software and technology;01/09/2020;3 308,06;-3 308,06;0;0;EUR;3;0,00;Cost model (i.e. value equals cost minus depreciation);30/06/2024;Internal
221500003133;Unpatented software and technology;01/09/2020;3 969,68;-3 969,68;0;0;EUR;3;0,00;Cost model (i.e. value equals cost minus depreciation);30/06/2024;Internal
221500003115;Unpatented software and technology;01/09/2020;26 780,97;-26 780,97;0;0;EUR;3;0,00;Cost model (i.e. value equals cost minus depreciation);30/06/2024;Internal
221500003045;Unpatented software and technology;01/09/2020;40 830,27;-40 830,27;0;0;EUR;3;0,00;Cost model (i.e. value equals cost minus depreciation);30/06/2024;Internal
221500003029;Unpatented software and technology;01/09/2020;2 820,99;-2 820,99;0;0;EUR;3;0,00;Cost model (i.e. value equals cost minus depreciation);30/06/2024;Internal
221500003118;Unpatented software and technology;01/09/2020;1 712,41;-1 712,41;0;0;EUR;3;0,00;Cost model (i.e. value equals cost minus depreciation);30/06/2024;Internal
221500003119;Unpatented software and technology;01/09/2020;6 492,76;-6 492,76;0;0;EUR;3;0,00;Cost model (i.e. value equals cost minus depreciation);30/06/2024;Internal
221500003028;Unpatented software and technology;01/09/2020;44 599,71;-44 599,71;0;0;EUR;3;0,00;Cost model (i.e. value equals cost minus depreciation);30/06/2024;Internal
221500003046;Unpatented software and technology;01/09/2020;3 399,29;-3 399,29;0;0;EUR;3;0,00;Cost model (i.e. value equals cost minus depreciation);30/06/2024;Internal
221500003027;Unpatented software and technology;01/09/2020;22 627,15;-22 627,15;0;0;EUR;3;0,00;Cost model (i.e. value equals cost minus depreciation);30/06/2024;Internal
221500003014;Unpatented software and technology;01/09/2020;19 335,17;-19 335,17;0;0;EUR;3;0,00;Cost model (i.e. value equals cost minus depreciation);30/06/2024;Internal
221500002493;Unpatented software and technology;01/09/2020;1 629,71;-1 629,71;0;0;EUR;3;0,00;Cost model (i.e. value equals cost minus depreciation);30/06/2024;Internal
221500003053;Unpatented software and technology;01/09/2020;7 102,61;-7 102,61;0;0;EUR;3;0,00;Cost model (i.e. value equals cost minus depreciation);30/06/2024;Internal
221500003011;Unpatented software and technology;01/09/2020;2 633,80;-2 633,80;0;0;EUR;3;0,00;Cost model (i.e. value equals cost minus depreciation);30/06/2024;Internal
221500002935;Unpatented software and technology;01/09/2020;1 641,87;-1 641,87;0;0;EUR;3;0,00;Cost model (i.e. value equals cost minus depreciation);30/06/2024;Internal
221500002500;Unpatented software and technology;01/09/2020;4 032,12;-4 032,12;0;0;EUR;3;0,00;Cost model (i.e. value equals cost minus depreciation);30/06/2024;Internal
221500003051;Unpatented software and technology;01/09/2020;417,83;-417,83;0;0;EUR;3;0,00;Cost model (i.e. value equals cost minus depreciation);30/06/2024;Internal
221500002491;Unpatented software and technology;01/09/2020;3 731,30;-3 731,30;0;0;EUR;3;0,00;Cost model (i.e. value equals cost minus depreciation);30/06/2024;Internal
221500003039;Unpatented software and technology;01/09/2020;44 995,70;-44 995,70;0;0;EUR;3;0,00;Cost model (i.e. value equals cost minus depreciation);30/06/2024;Internal
221500003111;Unpatented software and technology;01/09/2020;2 128,35;-2 128,35;0;0;EUR;3;0,00;Cost model (i.e. value equals cost minus depreciation);30/06/2024;Internal
221500003040;Unpatented software and technology;01/09/2020;11 552,30;-11 552,30;0;0;EUR;3;0,00;Cost model (i.e. value equals cost minus depreciation);30/06/2024;Internal
221500003038;Unpatented software and technology;01/09/2020;4 974,26;-4 974,26;0;0;EUR;3;0,00;Cost model (i.e. value equals cost minus depreciation);30/06/2024;Internal
221500002484;Unpatented software and technology;01/09/2020;84 623,56;-84 623,56;0;0;EUR;3;0,00;Cost model (i.e. value equals cost minus depreciation);30/06/2024;Internal
221500002482;Unpatented software and technology;01/09/2020;5 235,01;-5 235,01;0;0;EUR;3;0,00;Cost model (i.e. value equals cost minus depreciation);30/06/2024;Internal
221500002495;Unpatented software and technology;01/09/2020;15 217,09;-15 217,09;0;0;EUR;3;0,00;Cost model (i.e. value equals cost minus depreciation);30/06/2024;Internal
221500003030;Unpatented software and technology;01/09/2020;1 615,44;-1 615,44;0;0;EUR;3;0,00;Cost model (i.e. value equals cost minus depreciation);30/06/2024;Internal
221500003121;Unpatented software and technology;01/09/2020;3 473,47;-3 473,47;0;0;EUR;3;0,00;Cost model (i.e. value equals cost minus depreciation);30/06/2024;Internal
221500003043;Unpatented software and technology;01/09/2020;1 435,12;-1 435,12;0;0;EUR;3;0,00;Cost model (i.e. value equals cost minus depreciation);30/06/2024;Internal
221500003035;Unpatented software and technology;01/09/2020;48 950,57;-48 950,57;0;0;EUR;3;0,00;Cost model (i.e. value equals cost minus depreciation);30/06/2024;Internal
221500003122;Unpatented software and technology;01/09/2020;189,73;-189,73;0;0;EUR;3;0,00;Cost model (i.e. value equals cost minus depreciation);30/06/2024;Internal
221500003041;Unpatented software and technology;01/09/2020;9 303,93;-9 303,93;0;0;EUR;3;0,00;Cost model (i.e. value equals cost minus depreciation);30/06/2024;Internal
221500003114;Unpatented software and technology;01/09/2020;7 061,55;-7 061,55;0;0;EUR;3;0,00;Cost model (i.e. value equals cost minus depreciation);30/06/2024;Internal
221500002486;Unpatented software and technology;01/09/2020;24 628,90;-24 628,90;0;0;EUR;3;0,00;Cost model (i.e. value equals cost minus depreciation);30/06/2024;Internal
221500003123;Unpatented software and technology;01/09/2020;3 488,06;-3 488,06;0;0;EUR;3;0,00;Cost model (i.e. value equals cost minus depreciation);30/06/2024;Internal
221500003042;Unpatented software and technology;01/09/2020;25 337,50;-25 337,50;0;0;EUR;3;0,00;Cost model (i.e. value equals cost minus depreciation);30/06/2024;Internal
221500003125;Unpatented software and technology;01/09/2020;460,31;-460,31;0;0;EUR;3;0,00;Cost model (i.e. value equals cost minus depreciation);30/06/2024;Internal
221500003113;Unpatented software and technology;01/09/2020;1 167,55;-1 167,55;0;0;EUR;3;0,00;Cost model (i.e. value equals cost minus depreciation);30/06/2024;Internal
221500002583;Unpatented software and technology;01/09/2020;4 928,53;-4 928,53;0;0;EUR;3;0,00;Cost model (i.e. value equals cost minus depreciation);30/06/2024;Internal
221500003099;Unpatented software and technology;01/09/2020;12 485,05;-12 485,05;0;0;EUR;3;0,00;Cost model (i.e. value equals cost minus depreciation);30/06/2024;Internal
221500003057;Unpatented software and technology;01/09/2020;4 159,40;-4 159,40;0;0;EUR;3;0,00;Cost model (i.e. value equals cost minus depreciation);30/06/2024;Internal
221500002569;Unpatented software and technology;01/09/2020;13 334,42;-13 334,42;0;0;EUR;3;0,00;Cost model (i.e. value equals cost minus depreciation);30/06/2024;Internal
221500002570;Unpatented software and technology;01/09/2020;3 338,47;-3 338,47;0;0;EUR;3;0,00;Cost model (i.e. value equals cost minus depreciation);30/06/2024;Internal
221500003096;Unpatented software and technology;01/09/2020;2 043,22;-2 043,22;0;0;EUR;3;0,00;Cost model (i.e. value equals cost minus depreciation);30/06/2024;Internal
221500000448;Unpatented software and technology;01/09/2020;1 937,16;-1 937,16;0;0;EUR;3;0,00;Cost model (i.e. value equals cost minus depreciation);30/06/2024;Internal
221500002506;Unpatented software and technology;01/09/2020;1 571,33;-1 571,33;0;0;EUR;3;0,00;Cost model (i.e. value equals cost minus depreciation);30/06/2024;Internal
221500003075;Unpatented software and technology;01/09/2020;2 044,63;-2 044,63;0;0;EUR;3;0,00;Cost model (i.e. value equals cost minus depreciation);30/06/2024;Internal
221500002571;Unpatented software and technology;01/09/2020;8 302,03;-8 302,03;0;0;EUR;3;0,00;Cost model (i.e. value equals cost minus depreciation);30/06/2024;Internal
221500002508;Unpatented software and technology;01/09/2020;67 047,01;-67 047,01;0;0;EUR;3;0,00;Cost model (i.e. value equals cost minus depreciation);30/06/2024;Internal
221500000851;Unpatented software and technology;01/09/2020;1 277,01;-1 277,01;0;0;EUR;3;0,00;Cost model (i.e. value equals cost minus depreciation);30/06/2024;Internal
221500002453;Unpatented software and technology;01/09/2020;9 607,98;-9 607,98;0;0;EUR;3;0,00;Cost model (i.e. value equals cost minus depreciation);30/06/2024;Internal
221500002509;Unpatented software and technology;01/09/2020;14 003,71;-14 003,71;0;0;EUR;3;0,00;Cost model (i.e. value equals cost minus depreciation);30/06/2024;Internal
221500003069;Unpatented software and technology;01/09/2020;36 520,74;-36 520,74;0;0;EUR;3;0,00;Cost model (i.e. value equals cost minus depreciation);30/06/2024;Internal
221500000852;Unpatented software and technology;01/09/2020;851,34;-851,34;0;0;EUR;3;0,00;Cost model (i.e. value equals cost minus depreciation);30/06/2024;Internal
221500002580;Unpatented software and technology;01/09/2020;13 738,00;-13 738,00;0;0;EUR;3;0,00;Cost model (i.e. value equals cost minus depreciation);30/06/2024;Internal
221500002510;Unpatented software and technology;01/09/2020;26 666,01;-26 666,01;0;0;EUR;3;0,00;Cost model (i.e. value equals cost minus depreciation);30/06/2024;Internal
221500002512;Unpatented software and technology;01/09/2020;14 859,82;-14 859,82;0;0;EUR;3;0,00;Cost model (i.e. value equals cost minus depreciation);30/06/2024;Internal
221500002578;Unpatented software and technology;01/09/2020;3 176,52;-3 176,52;0;0;EUR;3;0,00;Cost model (i.e. value equals cost minus depreciation);30/06/2024;Internal
221500003120;Unpatented software and technology;01/09/2020;2 037,13;-2 037,13;0;0;EUR;3;0,00;Cost model (i.e. value equals cost minus depreciation);30/06/2024;Internal
221500002519;Unpatented software and technology;01/09/2020;1 222,28;-1 222,28;0;0;EUR;3;0,00;Cost model (i.e. value equals cost minus depreciation);30/06/2024;Internal
221500002513;Unpatented software and technology;01/09/2020;17 775,98;-17 775,98;0;0;EUR;3;0,00;Cost model (i.e. value equals cost minus depreciation);30/06/2024;Internal
221500002515;Unpatented software and technology;01/09/2020;12 634,19;-12 634,19;0;0;EUR;3;0,00;Cost model (i.e. value equals cost minus depreciation);30/06/2024;Internal
221500002574;Unpatented software and technology;01/09/2020;1 094 580,00;-1 094 580,00;0;0;EUR;3;0,00;Cost model (i.e. value equals cost minus depreciation);30/06/2024;Internal
221500002517;Unpatented software and technology;01/09/2020;15 571,32;-15 571,32;0;0;EUR;3;0,00;Cost model (i.e. value equals cost minus depreciation);30/06/2024;Internal
221500002586;Unpatented software and technology;01/09/2020;386,50;-386,50;0;0;EUR;3;0,00;Cost model (i.e. value equals cost minus depreciation);30/06/2024;Internal
221500002458;Unpatented software and technology;01/09/2020;2 075,08;-2 075,08;0;0;EUR;3;0,00;Cost model (i.e. value equals cost minus depreciation);30/06/2024;Internal
221500003109;Unpatented software and technology;01/09/2020;369,66;-369,66;0;0;EUR;3;0,00;Cost model (i.e. value equals cost minus depreciation);30/06/2024;Internal
221500003061;Unpatented software and technology;01/09/2020;4 923,18;-4 923,18;0;0;EUR;3;0,00;Cost model (i.e. value equals cost minus depreciation);30/06/2024;Internal
221500003064;Unpatented software and technology;01/09/2020;3 096,45;-3 096,45;0;0;EUR;3;0,00;Cost model (i.e. value equals cost minus depreciation);30/06/2024;Internal
221500003116;Unpatented software and technology;01/09/2020;2 460,99;-2 460,99;0;0;EUR;3;0,00;Cost model (i.e. value equals cost minus depreciation);30/06/2024;Internal
221500003065;Unpatented software and technology;01/09/2020;3 096,45;-3 096,45;0;0;EUR;3;0,00;Cost model (i.e. value equals cost minus depreciation);30/06/2024;Internal
221500003026;Unpatented software and technology;01/09/2020;37 546,23;-37 546,23;0;0;EUR;3;0,00;Cost model (i.e. value equals cost minus depreciation);30/06/2024;Internal
221500003106;Unpatented software and technology;01/09/2020;5 117,77;-5 117,77;0;0;EUR;3;0,00;Cost model (i.e. value equals cost minus depreciation);30/06/2024;Internal
221500002502;Unpatented software and technology;01/09/2020;93 316,19;-93 316,19;0;0;EUR;3;0,00;Cost model (i.e. value equals cost minus depreciation);30/06/2024;Internal
221500002454;Unpatented software and technology;01/09/2020;14 724,58;-14 724,58;0;0;EUR;3;0,00;Cost model (i.e. value equals cost minus depreciation);30/06/2024;Internal
221500002564;Unpatented software and technology;01/09/2020;166 988,00;-166 988,00;0;0;EUR;3;0,00;Cost model (i.e. value equals cost minus depreciation);30/06/2024;Internal
221500002504;Unpatented software and technology;01/09/2020;46,22;-46,22;0;0;EUR;3;0,00;Cost model (i.e. value equals cost minus depreciation);30/06/2024;Internal
221500002455;Unpatented software and technology;01/09/2020;4 679,94;-4 679,94;0;0;EUR;3;0,00;Cost model (i.e. value equals cost minus depreciation);30/06/2024;Internal
221500002568;Unpatented software and technology;01/09/2020;3 144,00;-3 144,00;0;0;EUR;3;0,00;Cost model (i.e. value equals cost minus depreciation);30/06/2024;Internal
221500000082;Unpatented software and technology;01/09/2020;7 968,54;-7 968,54;0;0;EUR;3;0,00;Cost model (i.e. value equals cost minus depreciation);30/06/2024;Internal
221500002457;Unpatented software and technology;01/09/2020;6 153,00;-6 153,00;0;0;EUR;3;0,00;Cost model (i.e. value equals cost minus depreciation);30/06/2024;Internal
221500003100;Unpatented software and technology;01/09/2020;3 012,28;-3 012,28;0;0;EUR;3;0,00;Cost model (i.e. value equals cost minus depreciation);30/06/2024;Internal
221500003066;Unpatented software and technology;01/09/2020;1 548,22;-1 548,22;0;0;EUR;3;0,00;Cost model (i.e. value equals cost minus depreciation);30/06/2024;Internal
221500003102;Unpatented software and technology;01/09/2020;6 200,19;-6 200,19;0;0;EUR;3;0,00;Cost model (i.e. value equals cost minus depreciation);30/06/2024;Internal
221500003078;Unpatented software and technology;01/10/2020;221,65;-221,65;0;0;EUR;3;0,00;Cost model (i.e. value equals cost minus depreciation);30/06/2024;Internal
221500002660;Unpatented software and technology;01/10/2020;6 502,87;-6 502,87;0;0;EUR;3;0,00;Cost model (i.e. value equals cost minus depreciation);30/06/2024;Internal
221500000079;Unpatented software and technology;01/10/2020;5 108,04;-5 108,04;0;0;EUR;3;0,00;Cost model (i.e. value equals cost minus depreciation);30/06/2024;Internal
221500002733;Unpatented software and technology;01/10/2020;17 184,91;-17 184,91;0;0;EUR;3;0,00;Cost model (i.e. value equals cost minus depreciation);30/06/2024;Internal
221500002659;Unpatented software and technology;01/10/2020;19 420,58;-19 420,58;0;0;EUR;3;0,00;Cost model (i.e. value equals cost minus depreciation);30/06/2024;Internal
221500003107;Unpatented software and technology;01/10/2020;3 259,42;-3 259,42;0;0;EUR;3;0,00;Cost model (i.e. value equals cost minus depreciation);30/06/2024;Internal
221500002618;Unpatented software and technology;01/10/2020;5 631,87;-5 631,87;0;0;EUR;3;0,00;Cost model (i.e. value equals cost minus depreciation);30/06/2024;Internal
221500003105;Unpatented software and technology;01/10/2020;30 988,78;-30 988,78;0;0;EUR;3;0,00;Cost model (i.e. value equals cost minus depreciation);30/06/2024;Internal
221500000065;Unpatented software and technology;01/10/2020;44 197,68;-44 197,68;0;0;EUR;3;0,00;Cost model (i.e. value equals cost minus depreciation);30/06/2024;Internal
221500000403;Unpatented software and technology;01/10/2020;27 043,42;-27 043,42;0;0;EUR;3;0,00;Cost model (i.e. value equals cost minus depreciation);30/06/2024;Internal
221500003085;Unpatented software and technology;01/10/2020;561,88;-561,88;0;0;EUR;3;0,00;Cost model (i.e. value equals cost minus depreciation);30/06/2024;Internal
221500002656;Unpatented software and technology;01/10/2020;11 422,55;-11 422,55;0;0;EUR;3;0,00;Cost model (i.e. value equals cost minus depreciation);30/06/2024;Internal
221500002735;Unpatented software and technology;01/10/2020;276,61;-276,61;0;0;EUR;3;0,00;Cost model (i.e. value equals cost minus depreciation);30/06/2024;Internal
221500002665;Unpatented software and technology;01/10/2020;4 071,29;-4 071,29;0;0;EUR;3;0,00;Cost model (i.e. value equals cost minus depreciation);30/06/2024;Internal
221500002737;Unpatented software and technology;01/10/2020;2 632,82;-2 632,82;0;0;EUR;3;0,00;Cost model (i.e. value equals cost minus depreciation);30/06/2024;Internal
221500002664;Unpatented software and technology;01/10/2020;42 260,42;-42 260,42;0;0;EUR;3;0,00;Cost model (i.e. value equals cost minus depreciation);30/06/2024;Internal
221500002652;Unpatented software and technology;01/10/2020;6 517,23;-6 517,23;0;0;EUR;3;0,00;Cost model (i.e. value equals cost minus depreciation);30/06/2024;Internal
221500000444;Unpatented software and technology;01/10/2020;973,85;-973,85;0;0;EUR;3;0,00;Cost model (i.e. value equals cost minus depreciation);30/06/2024;Internal
221500002739;Unpatented software and technology;01/10/2020;2 538,11;-2 538,11;0;0;EUR;3;0,00;Cost model (i.e. value equals cost minus depreciation);30/06/2024;Internal
221500002716;Unpatented software and technology;01/10/2020;9 607,98;-9 607,98;0;0;EUR;3;0,00;Cost model (i.e. value equals cost minus depreciation);30/06/2024;Internal
221500000092;Unpatented software and technology;01/10/2020;6 099,24;-6 099,24;0;0;EUR;3;0,00;Cost model (i.e. value equals cost minus depreciation);30/06/2024;Internal
221500002232;Unpatented software and technology;01/10/2020;174 904,77;-174 904,77;0;0;EUR;3;0,00;Cost model (i.e. value equals cost minus depreciation);30/06/2024;Internal
221500002709;Unpatented software and technology;01/10/2020;2 200,11;-2 200,11;0;0;EUR;3;0,00;Cost model (i.e. value equals cost minus depreciation);30/06/2024;Internal
221500002721;Unpatented software and technology;01/10/2020;6 314,51;-6 314,51;0;0;EUR;3;0,00;Cost model (i.e. value equals cost minus depreciation);30/06/2024;Internal
221500002602;Unpatented software and technology;01/10/2020;9 564,20;-9 564,20;0;0;EUR;3;0,00;Cost model (i.e. value equals cost minus depreciation);30/06/2024;Internal
221500002723;Unpatented software and technology;01/10/2020;2 495,64;-2 495,64;0;0;EUR;3;0,00;Cost model (i.e. value equals cost minus depreciation);30/06/2024;Internal
221500002683;Unpatented software and technology;01/10/2020;1 763,49;-1 763,49;0;0;EUR;3;0,00;Cost model (i.e. value equals cost minus depreciation);30/06/2024;Internal
221500002714;Unpatented software and technology;01/10/2020;8 128,48;-8 128,48;0;0;EUR;3;0,00;Cost model (i.e. value equals cost minus depreciation);30/06/2024;Internal
221500002252;Unpatented software and technology;01/10/2020;4 478,50;-4 478,50;0;0;EUR;3;0,00;Cost model (i.e. value equals cost minus depreciation);30/06/2024;Internal
221500002178;Unpatented software and technology;01/10/2020;3 676,00;-3 676,00;0;0;EUR;3;0,00;Cost model (i.e. value equals cost minus depreciation);30/06/2024;Internal
221500002604;Unpatented software and technology;01/10/2020;3 419,95;-3 419,95;0;0;EUR;3;0,00;Cost model (i.e. value equals cost minus depreciation);30/06/2024;Internal
221500002692;Unpatented software and technology;01/10/2020;8 721,08;-8 721,08;0;0;EUR;3;0,00;Cost model (i.e. value equals cost minus depreciation);30/06/2024;Internal
221500002170;Unpatented software and technology;01/10/2020;218 650,00;-218 650,00;0;0;EUR;3;0,00;Cost model (i.e. value equals cost minus depreciation);30/06/2024;Internal
221500002163;Unpatented software and technology;01/10/2020;2 324,74;-2 324,74;0;0;EUR;3;0,00;Cost model (i.e. value equals cost minus depreciation);30/06/2024;Internal
221500002160;Unpatented software and technology;01/10/2020;37 908,95;-37 908,95;0;0;EUR;3;0,00;Cost model (i.e. value equals cost minus depreciation);30/06/2024;Internal
221500002711;Unpatented software and technology;01/10/2020;5 637,70;-5 637,70;0;0;EUR;3;0,00;Cost model (i.e. value equals cost minus depreciation);30/06/2024;Internal
221500002668;Unpatented software and technology;01/10/2020;33 807,77;-33 807,77;0;0;EUR;3;0,00;Cost model (i.e. value equals cost minus depreciation);30/06/2024;Internal
221500002596;Unpatented software and technology;01/10/2020;2 128,35;-2 128,35;0;0;EUR;3;0,00;Cost model (i.e. value equals cost minus depreciation);30/06/2024;Internal
221500002697;Unpatented software and technology;01/10/2020;3 969,68;-3 969,68;0;0;EUR;3;0,00;Cost model (i.e. value equals cost minus depreciation);30/06/2024;Internal
221500002701;Unpatented software and technology;01/10/2020;7 209,63;-7 209,63;0;0;EUR;3;0,00;Cost model (i.e. value equals cost minus depreciation);30/06/2024;Internal
221500002695;Unpatented software and technology;01/10/2020;12 132,34;-12 132,34;0;0;EUR;3;0,00;Cost model (i.e. value equals cost minus depreciation);30/06/2024;Internal
221500002261;Unpatented software and technology;01/10/2020;3 757,35;-3 757,35;0;0;EUR;3;0,00;Cost model (i.e. value equals cost minus depreciation);30/06/2024;Internal
221500002594;Unpatented software and technology;01/10/2020;46 483,16;-46 483,16;0;0;EUR;3;0,00;Cost model (i.e. value equals cost minus depreciation);30/06/2024;Internal
221500002248;Unpatented software and technology;01/10/2020;1 498,10;-1 498,10;0;0;EUR;3;0,00;Cost model (i.e. value equals cost minus depreciation);30/06/2024;Internal
221500002703;Unpatented software and technology;01/10/2020;21 091,34;-21 091,34;0;0;EUR;3;0,00;Cost model (i.e. value equals cost minus depreciation);30/06/2024;Internal
221500002174;Unpatented software and technology;01/10/2020;13 271,00;-13 271,00;0;0;EUR;3;0,00;Cost model (i.e. value equals cost minus depreciation);30/06/2024;Internal
221500002689;Unpatented software and technology;01/10/2020;45 373,50;-45 373,50;0;0;EUR;3;0,00;Cost model (i.e. value equals cost minus depreciation);30/06/2024;Internal
221500002592;Unpatented software and technology;01/10/2020;3 080,33;-3 080,33;0;0;EUR;3;0,00;Cost model (i.e. value equals cost minus depreciation);30/06/2024;Internal
221500002707;Unpatented software and technology;01/10/2020;3 340,90;-3 340,90;0;0;EUR;3;0,00;Cost model (i.e. value equals cost minus depreciation);30/06/2024;Internal
221500002599;Unpatented software and technology;01/10/2020;17 793,49;-17 793,49;0;0;EUR;3;0,00;Cost model (i.e. value equals cost minus depreciation);30/06/2024;Internal
221500002257;Unpatented software and technology;01/10/2020;15 130,24;-15 130,24;0;0;EUR;3;0,00;Cost model (i.e. value equals cost minus depreciation);30/06/2024;Internal
221500002687;Unpatented software and technology;01/10/2020;2 746,18;-2 746,18;0;0;EUR;3;0,00;Cost model (i.e. value equals cost minus depreciation);30/06/2024;Internal
221500002566;Unpatented software and technology;01/10/2020;18 526,00;-18 526,00;0;0;EUR;3;0,00;Cost model (i.e. value equals cost minus depreciation);30/06/2024;Internal
221500002144;Unpatented software and technology;01/10/2020;4 718,37;-4 718,37;0;0;EUR;3;0,00;Cost model (i.e. value equals cost minus depreciation);30/06/2024;Internal
221500002729;Unpatented software and technology;01/10/2020;1 970,24;-1 970,24;0;0;EUR;3;0,00;Cost model (i.e. value equals cost minus depreciation);30/06/2024;Internal
221500002679;Unpatented software and technology;01/10/2020;4 174,00;-4 174,00;0;0;EUR;3;0,00;Cost model (i.e. value equals cost minus depreciation);30/06/2024;Internal
221500002677;Unpatented software and technology;01/10/2020;910,80;-910,80;0;0;EUR;3;0,00;Cost model (i.e. value equals cost minus depreciation);30/06/2024;Internal
221500002155;Unpatented software and technology;01/10/2020;2 944,42;-2 944,42;0;0;EUR;3;0,00;Cost model (i.e. value equals cost minus depreciation);30/06/2024;Internal
221500002727;Unpatented software and technology;01/10/2020;1 702,68;-1 702,68;0;0;EUR;3;0,00;Cost model (i.e. value equals cost minus depreciation);30/06/2024;Internal
221500002579;Unpatented software and technology;01/10/2020;48 748,08;-48 748,08;0;0;EUR;3;0,00;Cost model (i.e. value equals cost minus depreciation);30/06/2024;Internal
221500002573;Unpatented software and technology;01/10/2020;270 001,51;-270 001,51;0;0;EUR;3;0,00;Cost model (i.e. value equals cost minus depreciation);30/06/2024;Internal
221500002489;Unpatented software and technology;01/10/2020;43 929,14;-43 929,14;0;0;EUR;3;0,00;Cost model (i.e. value equals cost minus depreciation);30/06/2024;Internal
221500002725;Unpatented software and technology;01/10/2020;81 112,75;-81 112,75;0;0;EUR;3;0,00;Cost model (i.e. value equals cost minus depreciation);30/06/2024;Internal
221500002740;Unpatented software and technology;01/10/2020;109 837,25;-109 837,25;0;0;EUR;3;0,00;Cost model (i.e. value equals cost minus depreciation);30/06/2024;Internal
221500002671;Unpatented software and technology;01/10/2020;19 438,64;-19 438,64;0;0;EUR;3;0,00;Cost model (i.e. value equals cost minus depreciation);30/06/2024;Internal
221500002149;Unpatented software and technology;01/10/2020;2 369,24;-2 369,24;0;0;EUR;3;0,00;Cost model (i.e. value equals cost minus depreciation);30/06/2024;Internal
221500002146;Unpatented software and technology;01/10/2020;7 512,20;-7 512,20;0;0;EUR;3;0,00;Cost model (i.e. value equals cost minus depreciation);30/06/2024;Internal
221500002147;Unpatented software and technology;01/10/2020;2 787,45;-2 787,45;0;0;EUR;3;0,00;Cost model (i.e. value equals cost minus depreciation);30/06/2024;Internal
221500002719;Unpatented software and technology;01/10/2020;49 774,88;-49 774,88;0;0;EUR;3;0,00;Cost model (i.e. value equals cost minus depreciation);30/06/2024;Internal
221500002731;Unpatented software and technology;01/10/2020;19 512,86;-19 512,86;0;0;EUR;3;0,00;Cost model (i.e. value equals cost minus depreciation);30/06/2024;Internal
221500002608;Unpatented software and technology;01/10/2020;184,86;-184,86;0;0;EUR;3;0,00;Cost model (i.e. value equals cost minus depreciation);30/06/2024;Internal
221500002674;Unpatented software and technology;01/10/2020;7 145,31;-7 145,31;0;0;EUR;3;0,00;Cost model (i.e. value equals cost minus depreciation);30/06/2024;Internal
221500002152;Unpatented software and technology;01/10/2020;10 247,39;-10 247,39;0;0;EUR;3;0,00;Cost model (i.e. value equals cost minus depreciation);30/06/2024;Internal
221500002361;Unpatented software and technology;01/11/2020;47 030,02;-47 030,02;0;0;EUR;3;0,00;Cost model (i.e. value equals cost minus depreciation);30/06/2024;Internal
221500002357;Unpatented software and technology;01/11/2020;2 451,86;-2 451,86;0;0;EUR;3;0,00;Cost model (i.e. value equals cost minus depreciation);30/06/2024;Internal
221500002360;Unpatented software and technology;01/11/2020;1 593,10;-1 593,10;0;0;EUR;3;0,00;Cost model (i.e. value equals cost minus depreciation);30/06/2024;Internal
221500000789;Unpatented software and technology;01/11/2020;205 819,96;-205 819,96;0;0;EUR;3;0,00;Cost model (i.e. value equals cost minus depreciation);30/06/2024;Internal
221500002359;Unpatented software and technology;01/11/2020;2 918,88;-2 918,88;0;0;EUR;3;0,00;Cost model (i.e. value equals cost minus depreciation);30/06/2024;Internal
221500002358;Unpatented software and technology;01/11/2020;4 202,99;-4 202,99;0;0;EUR;3;0,00;Cost model (i.e. value equals cost minus depreciation);30/06/2024;Internal
221500003082;Unpatented software and technology;01/11/2020;314,56;-314,56;0;0;EUR;3;0,00;Cost model (i.e. value equals cost minus depreciation);30/06/2024;Internal
221500002356;Unpatented software and technology;01/11/2020;802,33;-802,33;0;0;EUR;3;0,00;Cost model (i.e. value equals cost minus depreciation);30/06/2024;Internal
221500002403;Unpatented software and technology;01/11/2020;122,40;-122,40;0;0;EUR;3;0,00;Cost model (i.e. value equals cost minus depreciation);30/06/2024;Internal
221500002330;Unpatented software and technology;01/11/2020;28 992,85;-28 992,85;0;0;EUR;3;0,00;Cost model (i.e. value equals cost minus depreciation);30/06/2024;Internal
221500001791;Unpatented software and technology;01/11/2020;4 236,69;-4 236,69;0;0;EUR;3;0,00;Cost model (i.e. value equals cost minus depreciation);30/06/2024;Internal
221500003088;Unpatented software and technology;01/11/2020;4 590,89;-4 590,89;0;0;EUR;3;0,00;Cost model (i.e. value equals cost minus depreciation);30/06/2024;Internal
221500002402;Unpatented software and technology;01/11/2020;16 017,06;-16 017,06;0;0;EUR;3;0,00;Cost model (i.e. value equals cost minus depreciation);30/06/2024;Internal
221500001793;Unpatented software and technology;01/11/2020;8 267,79;-8 267,79;0;0;EUR;3;0,00;Cost model (i.e. value equals cost minus depreciation);30/06/2024;Internal
221500002264;Unpatented software and technology;01/11/2020;608,10;-608,10;0;0;EUR;3;0,00;Cost model (i.e. value equals cost minus depreciation);30/06/2024;Internal
221500002340;Unpatented software and technology;01/11/2020;23 545,83;-23 545,83;0;0;EUR;3;0,00;Cost model (i.e. value equals cost minus depreciation);30/06/2024;Internal
221500001109;Unpatented software and technology;01/11/2020;16 053,84;-16 053,84;0;0;EUR;3;0,00;Cost model (i.e. value equals cost minus depreciation);30/06/2024;Internal
221500002332;Unpatented software and technology;01/11/2020;18 729,48;-18 729,48;0;0;EUR;3;0,00;Cost model (i.e. value equals cost minus depreciation);30/06/2024;Internal
221500002355;Unpatented software and technology;01/11/2020;8 785,83;-8 785,83;0;0;EUR;3;0,00;Cost model (i.e. value equals cost minus depreciation);30/06/2024;Internal
221500002327;Unpatented software and technology;01/11/2020;18 254,47;-18 254,47;0;0;EUR;3;0,00;Cost model (i.e. value equals cost minus depreciation);30/06/2024;Internal
221500002325;Unpatented software and technology;01/11/2020;36 841,13;-36 841,13;0;0;EUR;3;0,00;Cost model (i.e. value equals cost minus depreciation);30/06/2024;Internal
221500002323;Unpatented software and technology;01/11/2020;2 013,42;-2 013,42;0;0;EUR;3;0,00;Cost model (i.e. value equals cost minus depreciation);30/06/2024;Internal
221500000437;Unpatented software and technology;01/11/2020;901,20;-901,20;0;0;EUR;3;0,00;Cost model (i.e. value equals cost minus depreciation);30/06/2024;Internal
221500002442;Unpatented software and technology;01/11/2020;17 490,48;-17 490,48;0;0;EUR;3;0,00;Cost model (i.e. value equals cost minus depreciation);30/06/2024;Internal
221500002321;Unpatented software and technology;01/11/2020;46 855,02;-46 855,02;0;0;EUR;3;0,00;Cost model (i.e. value equals cost minus depreciation);30/06/2024;Internal
221500003092;Unpatented software and technology;01/11/2020;8 330,85;-8 330,85;0;0;EUR;3;0,00;Cost model (i.e. value equals cost minus depreciation);30/06/2024;Internal
221500002406;Unpatented software and technology;01/11/2020;9 607,98;-9 607,98;0;0;EUR;3;0,00;Cost model (i.e. value equals cost minus depreciation);30/06/2024;Internal
221500002384;Unpatented software and technology;01/11/2020;10 223,13;-10 223,13;0;0;EUR;3;0,00;Cost model (i.e. value equals cost minus depreciation);30/06/2024;Internal
221500002404;Unpatented software and technology;01/11/2020;1 615,16;-1 615,16;0;0;EUR;3;0,00;Cost model (i.e. value equals cost minus depreciation);30/06/2024;Internal
221500003108;Unpatented software and technology;01/11/2020;1 264,85;-1 264,85;0;0;EUR;3;0,00;Cost model (i.e. value equals cost minus depreciation);30/06/2024;Internal
221500002416;Unpatented software and technology;01/11/2020;50 900,40;-50 900,40;0;0;EUR;3;0,00;Cost model (i.e. value equals cost minus depreciation);30/06/2024;Internal
221500002379;Unpatented software and technology;01/11/2020;2 772,94;-2 772,94;0;0;EUR;3;0,00;Cost model (i.e. value equals cost minus depreciation);30/06/2024;Internal
221500002387;Unpatented software and technology;01/11/2020;1 471,66;-1 471,66;0;0;EUR;3;0,00;Cost model (i.e. value equals cost minus depreciation);30/06/2024;Internal
221500002435;Unpatented software and technology;01/11/2020;894,27;-894,27;0;0;EUR;3;0,00;Cost model (i.e. value equals cost minus depreciation);30/06/2024;Internal
221500002438;Unpatented software and technology;01/11/2020;25 438,15;-25 438,15;0;0;EUR;3;0,00;Cost model (i.e. value equals cost minus depreciation);30/06/2024;Internal
221500002439;Unpatented software and technology;01/11/2020;224,71;-224,71;0;0;EUR;3;0,00;Cost model (i.e. value equals cost minus depreciation);30/06/2024;Internal
221500002381;Unpatented software and technology;01/11/2020;2 403,21;-2 403,21;0;0;EUR;3;0,00;Cost model (i.e. value equals cost minus depreciation);30/06/2024;Internal
221500002392;Unpatented software and technology;01/11/2020;261 065,00;-261 065,00;0;0;EUR;3;0,00;Cost model (i.e. value equals cost minus depreciation);30/06/2024;Internal
221500003117;Unpatented software and technology;01/11/2020;3 651,03;-3 651,03;0;0;EUR;3;0,00;Cost model (i.e. value equals cost minus depreciation);30/06/2024;Internal
221500002394;Unpatented software and technology;01/11/2020;2 391,00;-2 391,00;0;0;EUR;3;0,00;Cost model (i.e. value equals cost minus depreciation);30/06/2024;Internal
221500002391;Unpatented software and technology;01/11/2020;17 490,48;-17 490,48;0;0;EUR;3;0,00;Cost model (i.e. value equals cost minus depreciation);30/06/2024;Internal
221500002401;Unpatented software and technology;01/11/2020;6 208,99;-6 208,99;0;0;EUR;3;0,00;Cost model (i.e. value equals cost minus depreciation);30/06/2024;Internal
221500002393;Unpatented software and technology;01/11/2020;12 980,00;-12 980,00;0;0;EUR;3;0,00;Cost model (i.e. value equals cost minus depreciation);30/06/2024;Internal
221500002398;Unpatented software and technology;01/11/2020;5 830,22;-5 830,22;0;0;EUR;3;0,00;Cost model (i.e. value equals cost minus depreciation);30/06/2024;Internal
221500002432;Unpatented software and technology;01/12/2020;23 053,32;-23 053,32;0;0;EUR;3;0,00;Cost model (i.e. value equals cost minus depreciation);30/06/2024;Internal
221500002396;Unpatented software and technology;01/12/2020;1 455,79;-1 455,79;0;0;EUR;3;0,00;Cost model (i.e. value equals cost minus depreciation);30/06/2024;Internal
221500001411;Unpatented software and technology;01/12/2020;2 254,35;-2 254,35;0;0;EUR;3;0,00;Cost model (i.e. value equals cost minus depreciation);30/06/2024;Internal
221500001409;Unpatented software and technology;01/12/2020;881,02;-881,02;0;0;EUR;3;0,00;Cost model (i.e. value equals cost minus depreciation);30/06/2024;Internal
221500001439;Unpatented software and technology;01/12/2020;4 691,00;-4 691,00;0;0;EUR;3;0,00;Cost model (i.e. value equals cost minus depreciation);30/06/2024;Internal
221500000892;Unpatented software and technology;01/12/2020;563 430,75;-563 430,75;0;0;EUR;3;0,00;Cost model (i.e. value equals cost minus depreciation);30/06/2024;Internal
221500001405;Unpatented software and technology;01/12/2020;4 610,40;-4 610,40;0;0;EUR;3;0,00;Cost model (i.e. value equals cost minus depreciation);30/06/2024;Internal
221500001356;Unpatented software and technology;01/12/2020;2 481,05;-2 481,05;0;0;EUR;3;0,00;Cost model (i.e. value equals cost minus depreciation);30/06/2024;Internal
221500001505;Unpatented software and technology;01/12/2020;5 769,00;-5 769,00;0;0;EUR;3;0,00;Cost model (i.e. value equals cost minus depreciation);30/06/2024;Internal
221500001353;Unpatented software and technology;01/12/2020;12 530,61;-12 530,61;0;0;EUR;3;0,00;Cost model (i.e. value equals cost minus depreciation);30/06/2024;Internal
221500001485;Unpatented software and technology;01/12/2020;6 945,96;-6 945,96;0;0;EUR;3;0,00;Cost model (i.e. value equals cost minus depreciation);30/06/2024;Internal
221500001503;Unpatented software and technology;01/12/2020;5 125,00;-5 125,00;0;0;EUR;3;0,00;Cost model (i.e. value equals cost minus depreciation);30/06/2024;Internal
221500001359;Unpatented software and technology;01/12/2020;6 442,51;-6 442,51;0;0;EUR;3;0,00;Cost model (i.e. value equals cost minus depreciation);30/06/2024;Internal
221500001498;Unpatented software and technology;01/12/2020;1 225,93;-1 225,93;0;0;EUR;3;0,00;Cost model (i.e. value equals cost minus depreciation);30/06/2024;Internal
221500002399;Unpatented software and technology;01/12/2020;13 411,04;-13 411,04;0;0;EUR;3;0,00;Cost model (i.e. value equals cost minus depreciation);30/06/2024;Internal
221500001500;Unpatented software and technology;01/12/2020;159 610,00;-159 610,00;0;0;EUR;3;0,00;Cost model (i.e. value equals cost minus depreciation);30/06/2024;Internal
221500001501;Unpatented software and technology;01/12/2020;9 098,00;-9 098,00;0;0;EUR;3;0,00;Cost model (i.e. value equals cost minus depreciation);30/06/2024;Internal
221500001350;Unpatented software and technology;01/12/2020;2 096,73;-2 096,73;0;0;EUR;3;0,00;Cost model (i.e. value equals cost minus depreciation);30/06/2024;Internal
221500001461;Unpatented software and technology;01/12/2020;9 697,00;-9 697,00;0;0;EUR;3;0,00;Cost model (i.e. value equals cost minus depreciation);30/06/2024;Internal
221500001448;Unpatented software and technology;01/12/2020;76 271,21;-76 271,21;0;0;EUR;3;0,00;Cost model (i.e. value equals cost minus depreciation);30/06/2024;Internal
221500001450;Unpatented software and technology;01/12/2020;1 756,96;-1 756,96;0;0;EUR;3;0,00;Cost model (i.e. value equals cost minus depreciation);30/06/2024;Internal
221500001447;Unpatented software and technology;01/12/2020;15 154,24;-15 154,24;0;0;EUR;3;0,00;Cost model (i.e. value equals cost minus depreciation);30/06/2024;Internal
221500001451;Unpatented software and technology;01/12/2020;6 569,66;-6 569,66;0;0;EUR;3;0,00;Cost model (i.e. value equals cost minus depreciation);30/06/2024;Internal
221500001453;Unpatented software and technology;01/12/2020;11 682,00;-11 682,00;0;0;EUR;3;0,00;Cost model (i.e. value equals cost minus depreciation);30/06/2024;Internal
221500001454;Unpatented software and technology;01/12/2020;10 344,00;-10 344,00;0;0;EUR;3;0,00;Cost model (i.e. value equals cost minus depreciation);30/06/2024;Internal
221500001446;Unpatented software and technology;01/12/2020;2 680,21;-2 680,21;0;0;EUR;3;0,00;Cost model (i.e. value equals cost minus depreciation);30/06/2024;Internal
221500001455;Unpatented software and technology;01/12/2020;9 147,00;-9 147,00;0;0;EUR;3;0,00;Cost model (i.e. value equals cost minus depreciation);30/06/2024;Internal
221500001443;Unpatented software and technology;01/12/2020;5 164,95;-5 164,95;0;0;EUR;3;0,00;Cost model (i.e. value equals cost minus depreciation);30/06/2024;Internal
221500001407;Unpatented software and technology;01/12/2020;1 098,35;-1 098,35;0;0;EUR;3;0,00;Cost model (i.e. value equals cost minus depreciation);30/06/2024;Internal
221500001417;Unpatented software and technology;01/12/2020;567,26;-567,26;0;0;EUR;3;0,00;Cost model (i.e. value equals cost minus depreciation);30/06/2024;Internal
221500001458;Unpatented software and technology;01/12/2020;14 349,00;-14 349,00;0;0;EUR;3;0,00;Cost model (i.e. value equals cost minus depreciation);30/06/2024;Internal
221500001414;Unpatented software and technology;01/12/2020;3 874,81;-3 874,81;0;0;EUR;3;0,00;Cost model (i.e. value equals cost minus depreciation);30/06/2024;Internal
221500001436;Unpatented software and technology;01/12/2020;213 279,00;-213 279,00;0;0;EUR;3;0,00;Cost model (i.e. value equals cost minus depreciation);30/06/2024;Internal
221500002400;Unpatented software and technology;01/12/2020;9 398,79;-9 398,79;0;0;EUR;3;0,00;Cost model (i.e. value equals cost minus depreciation);30/06/2024;Internal
221500001425;Unpatented software and technology;01/12/2020;2 824,02;-2 824,02;0;0;EUR;3;0,00;Cost model (i.e. value equals cost minus depreciation);30/06/2024;Internal
221500001469;Unpatented software and technology;01/12/2020;3 780,92;-3 780,92;0;0;EUR;3;0,00;Cost model (i.e. value equals cost minus depreciation);30/06/2024;Internal
221500001422;Unpatented software and technology;01/12/2020;33 823,09;-33 823,09;0;0;EUR;3;0,00;Cost model (i.e. value equals cost minus depreciation);30/06/2024;Internal
221500001475;Unpatented software and technology;01/12/2020;7 462,60;-7 462,60;0;0;EUR;3;0,00;Cost model (i.e. value equals cost minus depreciation);30/06/2024;Internal
221500001477;Unpatented software and technology;01/12/2020;16 418,70;-16 418,70;0;0;EUR;3;0,00;Cost model (i.e. value equals cost minus depreciation);30/06/2024;Internal
221500001478;Unpatented software and technology;01/12/2020;2 241,11;-2 241,11;0;0;EUR;3;0,00;Cost model (i.e. value equals cost minus depreciation);30/06/2024;Internal
221500001442;Unpatented software and technology;01/12/2020;2 977,26;-2 977,26;0;0;EUR;3;0,00;Cost model (i.e. value equals cost minus depreciation);30/06/2024;Internal
221500002337;Unpatented software and technology;01/12/2020;77 366,72;-77 366,72;0;0;EUR;3;0,00;Cost model (i.e. value equals cost minus depreciation);30/06/2024;Internal
221500001480;Unpatented software and technology;01/12/2020;4 603,66;-4 603,66;0;0;EUR;3;0,00;Cost model (i.e. value equals cost minus depreciation);30/06/2024;Internal
221500001438;Unpatented software and technology;01/12/2020;9 827,00;-9 827,00;0;0;EUR;3;0,00;Cost model (i.e. value equals cost minus depreciation);30/06/2024;Internal
221500001916;Unpatented software and technology;01/12/2020;3 580,98;-3 580,98;0;0;EUR;3;0,00;Cost model (i.e. value equals cost minus depreciation);30/06/2024;Internal
221500001946;Unpatented software and technology;01/12/2020;12 861,31;-12 861,31;0;0;EUR;3;0,00;Cost model (i.e. value equals cost minus depreciation);30/06/2024;Internal
221500001903;Unpatented software and technology;01/12/2020;3 096,45;-3 096,45;0;0;EUR;3;0,00;Cost model (i.e. value equals cost minus depreciation);30/06/2024;Internal
221500001920;Unpatented software and technology;01/12/2020;37 961,31;-37 961,31;0;0;EUR;3;0,00;Cost model (i.e. value equals cost minus depreciation);30/06/2024;Internal
221500001944;Unpatented software and technology;01/12/2020;7 151,26;-7 151,26;0;0;EUR;3;0,00;Cost model (i.e. value equals cost minus depreciation);30/06/2024;Internal
221500001894;Unpatented software and technology;01/12/2020;970,53;-970,53;0;0;EUR;3;0,00;Cost model (i.e. value equals cost minus depreciation);30/06/2024;Internal
221500001918;Unpatented software and technology;01/12/2020;6 511,53;-6 511,53;0;0;EUR;3;0,00;Cost model (i.e. value equals cost minus depreciation);30/06/2024;Internal
221500001943;Unpatented software and technology;01/12/2020;57 120,15;-57 120,15;0;0;EUR;3;0,00;Cost model (i.e. value equals cost minus depreciation);30/06/2024;Internal
221500001913;Unpatented software and technology;01/12/2020;36 078,41;-36 078,41;0;0;EUR;3;0,00;Cost model (i.e. value equals cost minus depreciation);30/06/2024;Internal
221500001922;Unpatented software and technology;01/12/2020;70 805,06;-70 805,06;0;0;EUR;3;0,00;Cost model (i.e. value equals cost minus depreciation);30/06/2024;Internal
221500001933;Unpatented software and technology;01/12/2020;3 009,49;-3 009,49;0;0;EUR;3;0,00;Cost model (i.e. value equals cost minus depreciation);30/06/2024;Internal
221500001961;Unpatented software and technology;01/12/2020;2 218,35;-2 218,35;0;0;EUR;3;0,00;Cost model (i.e. value equals cost minus depreciation);30/06/2024;Internal
221500002424;Unpatented software and technology;01/12/2020;42 380,67;-42 380,67;0;0;EUR;3;0,00;Cost model (i.e. value equals cost minus depreciation);30/06/2024;Internal
221500001899;Unpatented software and technology;01/12/2020;32 349,88;-32 349,88;0;0;EUR;3;0,00;Cost model (i.e. value equals cost minus depreciation);30/06/2024;Internal
221500001902;Unpatented software and technology;01/12/2020;40 864,32;-40 864,32;0;0;EUR;3;0,00;Cost model (i.e. value equals cost minus depreciation);30/06/2024;Internal
221500001906;Unpatented software and technology;01/12/2020;4 074,27;-4 074,27;0;0;EUR;3;0,00;Cost model (i.e. value equals cost minus depreciation);30/06/2024;Internal
221500001937;Unpatented software and technology;01/12/2020;1 937,41;-1 937,41;0;0;EUR;3;0,00;Cost model (i.e. value equals cost minus depreciation);30/06/2024;Internal
221500001891;Unpatented software and technology;01/12/2020;41 808,39;-41 808,39;0;0;EUR;3;0,00;Cost model (i.e. value equals cost minus depreciation);30/06/2024;Internal
221500003072;Unpatented software and technology;01/12/2020;4 086,43;-4 086,43;0;0;EUR;3;0,00;Cost model (i.e. value equals cost minus depreciation);30/06/2024;Internal
221500001935;Unpatented software and technology;01/12/2020;1 572,79;-1 572,79;0;0;EUR;3;0,00;Cost model (i.e. value equals cost minus depreciation);30/06/2024;Internal
221500001925;Unpatented software and technology;01/12/2020;25 958,57;-25 958,57;0;0;EUR;3;0,00;Cost model (i.e. value equals cost minus depreciation);30/06/2024;Internal
221500001959;Unpatented software and technology;01/12/2020;18 913,98;-18 913,98;0;0;EUR;3;0,00;Cost model (i.e. value equals cost minus depreciation);30/06/2024;Internal
221500001950;Unpatented software and technology;01/12/2020;3 984,27;-3 984,27;0;0;EUR;3;0,00;Cost model (i.e. value equals cost minus depreciation);30/06/2024;Internal
221500000401;Unpatented software and technology;01/12/2020;229,86;-229,86;0;0;EUR;3;0,00;Cost model (i.e. value equals cost minus depreciation);30/06/2024;Internal
221500001927;Unpatented software and technology;01/12/2020;587,42;-587,42;0;0;EUR;3;0,00;Cost model (i.e. value equals cost minus depreciation);30/06/2024;Internal
221500001960;Unpatented software and technology;01/12/2020;44 995,70;-44 995,70;0;0;EUR;3;0,00;Cost model (i.e. value equals cost minus depreciation);30/06/2024;Internal
221500001923;Unpatented software and technology;01/12/2020;32 905,51;-32 905,51;0;0;EUR;3;0,00;Cost model (i.e. value equals cost minus depreciation);30/06/2024;Internal
221500001948;Unpatented software and technology;01/12/2020;7 968,54;-7 968,54;0;0;EUR;3;0,00;Cost model (i.e. value equals cost minus depreciation);30/06/2024;Internal
221500001931;Unpatented software and technology;01/12/2020;3 969,68;-3 969,68;0;0;EUR;3;0,00;Cost model (i.e. value equals cost minus depreciation);30/06/2024;Internal
221500001908;Unpatented software and technology;01/12/2020;27 000,15;-27 000,15;0;0;EUR;3;0,00;Cost model (i.e. value equals cost minus depreciation);30/06/2024;Internal
221500001833;Unpatented software and technology;01/12/2020;45 101,56;-45 101,56;0;0;EUR;3;0,00;Cost model (i.e. value equals cost minus depreciation);30/06/2024;Internal
221500001834;Unpatented software and technology;01/12/2020;125 551,97;-125 551,97;0;0;EUR;3;0,00;Cost model (i.e. value equals cost minus depreciation);30/06/2024;Internal
221500001835;Unpatented software and technology;01/12/2020;16 216,81;-16 216,81;0;0;EUR;3;0,00;Cost model (i.e. value equals cost minus depreciation);30/06/2024;Internal
221500001910;Unpatented software and technology;01/12/2020;23 915,08;-23 915,08;0;0;EUR;3;0,00;Cost model (i.e. value equals cost minus depreciation);30/06/2024;Internal
221500001836;Unpatented software and technology;01/12/2020;18 965,42;-18 965,42;0;0;EUR;3;0,00;Cost model (i.e. value equals cost minus depreciation);30/06/2024;Internal
221500001957;Unpatented software and technology;01/12/2020;16 270,93;-16 270,93;0;0;EUR;3;0,00;Cost model (i.e. value equals cost minus depreciation);30/06/2024;Internal
221500001598;Unpatented software and technology;01/01/2022;3 748,33;-3 123,61;0;624,72;EUR;3;0,50;Cost model (i.e. value equals cost minus depreciation);30/06/2024;Internal
221500001584;Unpatented software and technology;01/01/2022;6 495,24;-5 412,70;0;1082,54;EUR;3;0,50;Cost model (i.e. value equals cost minus depreciation);30/06/2024;Internal
221500001586;Unpatented software and technology;01/01/2022;45 705,43;-38 087,86;0;7617,57;EUR;3;0,50;Cost model (i.e. value equals cost minus depreciation);30/06/2024;Internal
221500001602;Unpatented software and technology;01/01/2022;8 517,30;-7 097,75;0;1419,55;EUR;3;0,50;Cost model (i.e. value equals cost minus depreciation);30/06/2024;Internal
221500001588;Unpatented software and technology;01/01/2022;1 652,57;-1 377,15;0;275,42;EUR;3;0,50;Cost model (i.e. value equals cost minus depreciation);30/06/2024;Internal
221500001590;Unpatented software and technology;01/01/2022;317,86;-264,89;0;52,97;EUR;3;0,50;Cost model (i.e. value equals cost minus depreciation);30/06/2024;Internal
221500001594;Unpatented software and technology;01/01/2022;82 470,20;-68 725,17;0;13745,03;EUR;3;0,50;Cost model (i.e. value equals cost minus depreciation);30/06/2024;Internal
221500001682;Unpatented software and technology;01/01/2022;2 588,07;-2 156,73;0;431,34;EUR;3;0,50;Cost model (i.e. value equals cost minus depreciation);30/06/2024;Internal
221500001592;Unpatented software and technology;01/01/2022;88 444,43;-73 703,70;0;14740,73;EUR;3;0,50;Cost model (i.e. value equals cost minus depreciation);30/06/2024;Internal
221500002601;Unpatented software and technology;01/01/2022;6 713,42;-5 594,52;0;1118,9;EUR;3;0,50;Cost model (i.e. value equals cost minus depreciation);30/06/2024;Internal
221500001596;Unpatented software and technology;01/01/2022;2 533,23;-2 111,03;0;422,2;EUR;3;0,50;Cost model (i.e. value equals cost minus depreciation);30/06/2024;Internal
221500001617;Unpatented software and technology;01/01/2022;9 549,60;-7 958,00;0;1591,6;EUR;3;0,50;Cost model (i.e. value equals cost minus depreciation);30/06/2024;Internal
221500001600;Unpatented software and technology;01/01/2022;29 086,64;-24 238,87;0;4847,77;EUR;3;0,50;Cost model (i.e. value equals cost minus depreciation);30/06/2024;Internal
221500002202;Unpatented software and technology;01/01/2022;83 917,80;-69 931,50;0;13986,3;EUR;3;0,50;Cost model (i.e. value equals cost minus depreciation);30/06/2024;Internal
221500001666;Unpatented software and technology;01/01/2022;5 140,24;-4 283,54;0;856,7;EUR;3;0,50;Cost model (i.e. value equals cost minus depreciation);30/06/2024;Internal
221500001664;Unpatented software and technology;01/01/2022;51 202,01;-42 668,35;0;8533,66;EUR;3;0,50;Cost model (i.e. value equals cost minus depreciation);30/06/2024;Internal
221500001661;Unpatented software and technology;01/01/2022;2 234,89;-1 862,41;0;372,48;EUR;3;0,50;Cost model (i.e. value equals cost minus depreciation);30/06/2024;Internal
221500001658;Unpatented software and technology;01/01/2022;4 979,85;-4 149,88;0;829,97;EUR;3;0,50;Cost model (i.e. value equals cost minus depreciation);30/06/2024;Internal
221500001652;Unpatented software and technology;01/01/2022;15 414,21;-12 845,18;0;2569,03;EUR;3;0,50;Cost model (i.e. value equals cost minus depreciation);30/06/2024;Internal
221500001649;Unpatented software and technology;01/01/2022;16 884,41;-14 070,35;0;2814,06;EUR;3;0,50;Cost model (i.e. value equals cost minus depreciation);30/06/2024;Internal
221500001647;Unpatented software and technology;01/01/2022;1 306,00;-1 088,34;0;217,66;EUR;3;0,50;Cost model (i.e. value equals cost minus depreciation);30/06/2024;Internal
221500001645;Unpatented software and technology;01/01/2022;7 191,00;-5 992,50;0;1198,5;EUR;3;0,50;Cost model (i.e. value equals cost minus depreciation);30/06/2024;Internal
221500001642;Unpatented software and technology;01/01/2022;166 792,00;-138 993,34;0;27798,66;EUR;3;0,50;Cost model (i.e. value equals cost minus depreciation);30/06/2024;Internal
221500001612;Unpatented software and technology;01/01/2022;8 637,94;-7 198,29;0;1439,65;EUR;3;0,50;Cost model (i.e. value equals cost minus depreciation);30/06/2024;Internal
221500002198;Unpatented software and technology;01/01/2022;395 728,19;-329 773,50;0;65954,69;EUR;3;0,50;Cost model (i.e. value equals cost minus depreciation);30/06/2024;Internal
221500001522;Unpatented software and technology;01/01/2022;50 846,90;-42 372,42;0;8474,48;EUR;3;0,50;Cost model (i.e. value equals cost minus depreciation);30/06/2024;Internal
221500001674;Unpatented software and technology;01/01/2022;364,64;-303,87;0;60,77;EUR;3;0,50;Cost model (i.e. value equals cost minus depreciation);30/06/2024;Internal
221500002206;Unpatented software and technology;01/01/2022;6 899,94;-5 749,95;0;1149,99;EUR;3;0,50;Cost model (i.e. value equals cost minus depreciation);30/06/2024;Internal
221500001623;Unpatented software and technology;01/01/2022;9 782,19;-8 151,83;0;1630,36;EUR;3;0,50;Cost model (i.e. value equals cost minus depreciation);30/06/2024;Internal
221500001621;Unpatented software and technology;01/01/2022;22 375,65;-18 646,38;0;3729,27;EUR;3;0,50;Cost model (i.e. value equals cost minus depreciation);30/06/2024;Internal
221500001619;Unpatented software and technology;01/01/2022;5 215,07;-4 345,90;0;869,17;EUR;3;0,50;Cost model (i.e. value equals cost minus depreciation);30/06/2024;Internal
221500001615;Unpatented software and technology;01/01/2022;4 403,81;-3 669,85;0;733,96;EUR;3;0,50;Cost model (i.e. value equals cost minus depreciation);30/06/2024;Internal
221500001582;Unpatented software and technology;01/01/2022;518,00;-431,67;0;86,33;EUR;3;0,50;Cost model (i.e. value equals cost minus depreciation);30/06/2024;Internal
221500001677;Unpatented software and technology;01/01/2022;8 748,13;-7 290,11;0;1458,02;EUR;3;0,50;Cost model (i.e. value equals cost minus depreciation);30/06/2024;Internal
221500001609;Unpatented software and technology;01/01/2022;16 692,74;-13 910,62;0;2782,12;EUR;3;0,50;Cost model (i.e. value equals cost minus depreciation);30/06/2024;Internal
221500001671;Unpatented software and technology;01/01/2022;4 965,43;-4 137,86;0;827,57;EUR;3;0,50;Cost model (i.e. value equals cost minus depreciation);30/06/2024;Internal
221500001513;Unpatented software and technology;01/01/2022;41 723,37;-34 769,48;0;6953,89;EUR;3;0,50;Cost model (i.e. value equals cost minus depreciation);30/06/2024;Internal
221500001527;Unpatented software and technology;01/01/2022;6 248,17;-5 206,81;0;1041,36;EUR;3;0,50;Cost model (i.e. value equals cost minus depreciation);30/06/2024;Internal
221500001507;Unpatented software and technology;01/01/2022;74 731,78;-62 276,49;0;12455,29;EUR;3;0,50;Cost model (i.e. value equals cost minus depreciation);30/06/2024;Internal
221500001547;Unpatented software and technology;01/01/2022;22 329,43;-18 607,86;0;3721,57;EUR;3;0,50;Cost model (i.e. value equals cost minus depreciation);30/06/2024;Internal
221500001509;Unpatented software and technology;01/01/2022;48 039,90;-40 033,25;0;8006,65;EUR;3;0,50;Cost model (i.e. value equals cost minus depreciation);30/06/2024;Internal
221500001483;Unpatented software and technology;01/01/2022;61 941,07;-51 617,56;0;10323,51;EUR;3;0,50;Cost model (i.e. value equals cost minus depreciation);30/06/2024;Internal
221500001695;Unpatented software and technology;01/01/2022;2 851,99;-2 376,66;0;475,33;EUR;3;0,50;Cost model (i.e. value equals cost minus depreciation);30/06/2024;Internal
221500001481;Unpatented software and technology;01/01/2022;19 461,63;-16 218,03;0;3243,6;EUR;3;0,50;Cost model (i.e. value equals cost minus depreciation);30/06/2024;Internal
221500001510;Unpatented software and technology;01/01/2022;512,64;-427,20;0;85,44;EUR;3;0,50;Cost model (i.e. value equals cost minus depreciation);30/06/2024;Internal
221500001550;Unpatented software and technology;01/01/2022;1 050,80;-875,67;0;175,13;EUR;3;0,50;Cost model (i.e. value equals cost minus depreciation);30/06/2024;Internal
221500001512;Unpatented software and technology;01/01/2022;457,89;-381,58;0;76,31;EUR;3;0,50;Cost model (i.e. value equals cost minus depreciation);30/06/2024;Internal
221500001544;Unpatented software and technology;01/01/2022;16 004,12;-13 336,77;0;2667,35;EUR;3;0,50;Cost model (i.e. value equals cost minus depreciation);30/06/2024;Internal
221500001557;Unpatented software and technology;01/01/2022;2 485,31;-2 071,10;0;414,21;EUR;3;0,50;Cost model (i.e. value equals cost minus depreciation);30/06/2024;Internal
221500001558;Unpatented software and technology;01/01/2022;705,40;-587,84;0;117,56;EUR;3;0,50;Cost model (i.e. value equals cost minus depreciation);30/06/2024;Internal
221500001655;Unpatented software and technology;01/01/2022;15 134,39;-12 612,00;0;2522,39;EUR;3;0,50;Cost model (i.e. value equals cost minus depreciation);30/06/2024;Internal
221500001520;Unpatented software and technology;01/01/2022;10 694,96;-8 912,47;0;1782,49;EUR;3;0,50;Cost model (i.e. value equals cost minus depreciation);30/06/2024;Internal
221500001579;Unpatented software and technology;01/01/2022;4 181,40;-3 484,50;0;696,9;EUR;3;0,50;Cost model (i.e. value equals cost minus depreciation);30/06/2024;Internal
221500001606;Unpatented software and technology;01/01/2022;20 474,85;-17 062,38;0;3412,47;EUR;3;0,50;Cost model (i.e. value equals cost minus depreciation);30/06/2024;Internal
221500001576;Unpatented software and technology;01/01/2022;10 535,94;-8 779,95;0;1755,99;EUR;3;0,50;Cost model (i.e. value equals cost minus depreciation);30/06/2024;Internal
221500001561;Unpatented software and technology;01/01/2022;458,51;-382,10;0;76,41;EUR;3;0,50;Cost model (i.e. value equals cost minus depreciation);30/06/2024;Internal
221500001574;Unpatented software and technology;01/01/2022;7 589,09;-6 324,25;0;1264,84;EUR;3;0,50;Cost model (i.e. value equals cost minus depreciation);30/06/2024;Internal
221500001571;Unpatented software and technology;01/01/2022;6 436,13;-5 363,45;0;1072,68;EUR;3;0,50;Cost model (i.e. value equals cost minus depreciation);30/06/2024;Internal
221500002136;Unpatented software and technology;01/01/2022;2 962,66;-2 468,89;0;493,77;EUR;3;0,50;Cost model (i.e. value equals cost minus depreciation);30/06/2024;Internal
221500001514;Unpatented software and technology;01/01/2022;1 887,35;-1 572,80;0;314,55;EUR;3;0,50;Cost model (i.e. value equals cost minus depreciation);30/06/2024;Internal
221500001568;Unpatented software and technology;01/01/2022;246,89;-205,75;0;41,14;EUR;3;0,50;Cost model (i.e. value equals cost minus depreciation);30/06/2024;Internal
221500001565;Unpatented software and technology;01/01/2022;119 271,88;-99 393,24;0;19878,64;EUR;3;0,50;Cost model (i.e. value equals cost minus depreciation);30/06/2024;Internal
221500001516;Unpatented software and technology;01/01/2022;13 664,02;-11 386,69;0;2277,33;EUR;3;0,50;Cost model (i.e. value equals cost minus depreciation);30/06/2024;Internal
221500001525;Unpatented software and technology;01/01/2022;30 257,29;-25 214,41;0;5042,88;EUR;3;0,50;Cost model (i.e. value equals cost minus depreciation);30/06/2024;Internal
221500001780;Unpatented software and technology;01/02/2022;18 033,81;-14 527,24;0;3506,57;EUR;3;0,59;Cost model (i.e. value equals cost minus depreciation);30/06/2024;Internal
221500000904;Unpatented software and technology;01/02/2022;8 148,56;-6 564,12;0;1584,44;EUR;3;0,59;Cost model (i.e. value equals cost minus depreciation);30/06/2024;Internal
221500001781;Unpatented software and technology;01/02/2022;26 938,83;-21 700,72;0;5238,11;EUR;3;0,59;Cost model (i.e. value equals cost minus depreciation);30/06/2024;Internal
221500001784;Unpatented software and technology;01/02/2022;345 537,11;-278 349,34;0;67187,77;EUR;3;0,59;Cost model (i.e. value equals cost minus depreciation);30/06/2024;Internal
221500001786;Unpatented software and technology;01/02/2022;2 581,45;-2 079,50;0;501,95;EUR;3;0,59;Cost model (i.e. value equals cost minus depreciation);30/06/2024;Internal
221500001788;Unpatented software and technology;01/02/2022;7 815,30;-6 295,66;0;1519,64;EUR;3;0,59;Cost model (i.e. value equals cost minus depreciation);30/06/2024;Internal
221500001668;Unpatented software and technology;01/02/2022;2 341,18;-1 885,95;0;455,23;EUR;3;0,59;Cost model (i.e. value equals cost minus depreciation);30/06/2024;Internal
221500000971;Unpatented software and technology;01/02/2022;2 043,22;-1 645,93;0;397,29;EUR;3;0,59;Cost model (i.e. value equals cost minus depreciation);30/06/2024;Internal
221500001733;Unpatented software and technology;01/02/2022;8 318,81;-6 701,27;0;1617,54;EUR;3;0,59;Cost model (i.e. value equals cost minus depreciation);30/06/2024;Internal
221500001729;Unpatented software and technology;01/02/2022;16 004,12;-12 892,21;0;3111,91;EUR;3;0,59;Cost model (i.e. value equals cost minus depreciation);30/06/2024;Internal
221500001778;Unpatented software and technology;01/02/2022;123 532,66;-99 512,42;0;24020,24;EUR;3;0,59;Cost model (i.e. value equals cost minus depreciation);30/06/2024;Internal
221500000974;Unpatented software and technology;01/02/2022;5 419,60;-4 365,79;0;1053,81;EUR;3;0,59;Cost model (i.e. value equals cost minus depreciation);30/06/2024;Internal
221500001704;Unpatented software and technology;01/02/2022;352,70;-284,12;0;68,58;EUR;3;0,59;Cost model (i.e. value equals cost minus depreciation);30/06/2024;Internal
221500001701;Unpatented software and technology;01/02/2022;2 140,51;-1 724,30;0;416,21;EUR;3;0,59;Cost model (i.e. value equals cost minus depreciation);30/06/2024;Internal
221500001751;Unpatented software and technology;01/02/2022;36 117,13;-29 094,35;0;7022,78;EUR;3;0,59;Cost model (i.e. value equals cost minus depreciation);30/06/2024;Internal
221500001000;Unpatented software and technology;01/02/2022;79 428,81;-63 984,32;0;15444,49;EUR;3;0,59;Cost model (i.e. value equals cost minus depreciation);30/06/2024;Internal
221500001686;Unpatented software and technology;01/02/2022;25 686,14;-20 691,61;0;4994,53;EUR;3;0,59;Cost model (i.e. value equals cost minus depreciation);30/06/2024;Internal
221500001720;Unpatented software and technology;01/02/2022;27 608,08;-22 239,84;0;5368,24;EUR;3;0,59;Cost model (i.e. value equals cost minus depreciation);30/06/2024;Internal
221500001714;Unpatented software and technology;01/02/2022;2 839,22;-2 287,15;0;552,07;EUR;3;0,59;Cost model (i.e. value equals cost minus depreciation);30/06/2024;Internal
221500001709;Unpatented software and technology;01/02/2022;99 244,35;-79 946,84;0;19297,51;EUR;3;0,59;Cost model (i.e. value equals cost minus depreciation);30/06/2024;Internal
221500002139;Unpatented software and technology;01/02/2022;4 743,18;-3 820,90;0;922,28;EUR;3;0,59;Cost model (i.e. value equals cost minus depreciation);30/06/2024;Internal
221500001771;Unpatented software and technology;01/02/2022;2 796,53;-2 252,76;0;543,77;EUR;3;0,59;Cost model (i.e. value equals cost minus depreciation);30/06/2024;Internal
221500001725;Unpatented software and technology;01/02/2022;4 110,76;-3 311,45;0;799,31;EUR;3;0,59;Cost model (i.e. value equals cost minus depreciation);30/06/2024;Internal
221500001776;Unpatented software and technology;01/02/2022;4 837,86;-3 897,17;0;940,69;EUR;3;0,59;Cost model (i.e. value equals cost minus depreciation);30/06/2024;Internal
221500001767;Unpatented software and technology;01/02/2022;4 469,53;-3 600,45;0;869,08;EUR;3;0,59;Cost model (i.e. value equals cost minus depreciation);30/06/2024;Internal
221500001706;Unpatented software and technology;01/02/2022;1 128,63;-909,17;0;219,46;EUR;3;0,59;Cost model (i.e. value equals cost minus depreciation);30/06/2024;Internal
221500001769;Unpatented software and technology;01/02/2022;564,32;-454,59;0;109,73;EUR;3;0,59;Cost model (i.e. value equals cost minus depreciation);30/06/2024;Internal
221500001739;Unpatented software and technology;01/02/2022;7 206,23;-5 805,02;0;1401,21;EUR;3;0,59;Cost model (i.e. value equals cost minus depreciation);30/06/2024;Internal
221500001774;Unpatented software and technology;01/02/2022;3 759,56;-3 028,53;0;731,03;EUR;3;0,59;Cost model (i.e. value equals cost minus depreciation);30/06/2024;Internal
221500001773;Unpatented software and technology;01/02/2022;4 784,24;-3 853,97;0;930,27;EUR;3;0,59;Cost model (i.e. value equals cost minus depreciation);30/06/2024;Internal
221500000968;Unpatented software and technology;01/02/2022;5 837,76;-4 702,64;0;1135,12;EUR;3;0,59;Cost model (i.e. value equals cost minus depreciation);30/06/2024;Internal
221500001742;Unpatented software and technology;01/02/2022;893,66;-719,89;0;173,77;EUR;3;0,59;Cost model (i.e. value equals cost minus depreciation);30/06/2024;Internal
221500000585;Unpatented software and technology;01/03/2022;1 235,66;-961,07;0;274,59;EUR;3;0,67;Cost model (i.e. value equals cost minus depreciation);30/06/2024;Internal
221500000583;Unpatented software and technology;01/03/2022;316,21;-245,94;0;70,27;EUR;3;0,67;Cost model (i.e. value equals cost minus depreciation);30/06/2024;Internal
221500000571;Unpatented software and technology;01/03/2022;699,62;-544,15;0;155,47;EUR;3;0,67;Cost model (i.e. value equals cost minus depreciation);30/06/2024;Internal
221500000576;Unpatented software and technology;01/03/2022;60 974,92;-47 424,94;0;13549,98;EUR;3;0,67;Cost model (i.e. value equals cost minus depreciation);30/06/2024;Internal
221500000579;Unpatented software and technology;01/03/2022;84 297,25;-65 564,52;0;18732,73;EUR;3;0,67;Cost model (i.e. value equals cost minus depreciation);30/06/2024;Internal
221500000586;Unpatented software and technology;01/03/2022;1 929,20;-1 500,49;0;428,71;EUR;3;0,67;Cost model (i.e. value equals cost minus depreciation);30/06/2024;Internal
221500000574;Unpatented software and technology;01/03/2022;36,79;-28,61;0;8,18;EUR;3;0,67;Cost model (i.e. value equals cost minus depreciation);30/06/2024;Internal
221500000590;Unpatented software and technology;01/03/2022;4 305,35;-3 348,61;0;956,74;EUR;3;0,67;Cost model (i.e. value equals cost minus depreciation);30/06/2024;Internal
221500000588;Unpatented software and technology;01/03/2022;35,58;-27,67;0;7,91;EUR;3;0,67;Cost model (i.e. value equals cost minus depreciation);30/06/2024;Internal
221500001145;Unpatented software and technology;01/03/2022;7 589,09;-5 902,63;0;1686,46;EUR;3;0,67;Cost model (i.e. value equals cost minus depreciation);30/06/2024;Internal
221500001162;Unpatented software and technology;01/03/2022;60 402,57;-46 979,78;0;13422,79;EUR;3;0,67;Cost model (i.e. value equals cost minus depreciation);30/06/2024;Internal
221500001161;Unpatented software and technology;01/03/2022;1 455,79;-1 132,28;0;323,51;EUR;3;0,67;Cost model (i.e. value equals cost minus depreciation);30/06/2024;Internal
221500001754;Unpatented software and technology;01/03/2022;27 583,42;-21 453,77;0;6129,65;EUR;3;0,67;Cost model (i.e. value equals cost minus depreciation);30/06/2024;Internal
221500001159;Unpatented software and technology;01/03/2022;8 172,86;-6 356,67;0;1816,19;EUR;3;0,67;Cost model (i.e. value equals cost minus depreciation);30/06/2024;Internal
221500001158;Unpatented software and technology;01/03/2022;306,48;-238,37;0;68,11;EUR;3;0,67;Cost model (i.e. value equals cost minus depreciation);30/06/2024;Internal
221500001156;Unpatented software and technology;01/03/2022;14 941,02;-11 620,79;0;3320,23;EUR;3;0,67;Cost model (i.e. value equals cost minus depreciation);30/06/2024;Internal
221500001154;Unpatented software and technology;01/03/2022;49 349,49;-38 382,94;0;10966,55;EUR;3;0,67;Cost model (i.e. value equals cost minus depreciation);30/06/2024;Internal
221500001152;Unpatented software and technology;01/03/2022;78 346,30;-60 936,01;0;17410,29;EUR;3;0,67;Cost model (i.e. value equals cost minus depreciation);30/06/2024;Internal
221500001151;Unpatented software and technology;01/03/2022;7 549,39;-5 871,74;0;1677,65;EUR;3;0,67;Cost model (i.e. value equals cost minus depreciation);30/06/2024;Internal
221500001205;Unpatented software and technology;01/03/2022;128 238,65;-99 741,18;0;28497,47;EUR;3;0,67;Cost model (i.e. value equals cost minus depreciation);30/06/2024;Internal
221500001147;Unpatented software and technology;01/03/2022;115 736,41;-90 017,20;0;25719,21;EUR;3;0,67;Cost model (i.e. value equals cost minus depreciation);30/06/2024;Internal
221500001168;Unpatented software and technology;01/03/2022;16 004,07;-12 447,61;0;3556,46;EUR;3;0,67;Cost model (i.e. value equals cost minus depreciation);30/06/2024;Internal
221500001144;Unpatented software and technology;01/03/2022;64 624,31;-50 263,36;0;14360,95;EUR;3;0,67;Cost model (i.e. value equals cost minus depreciation);30/06/2024;Internal
221500001051;Unpatented software and technology;01/03/2022;11 016,03;-8 568,02;0;2448,01;EUR;3;0,67;Cost model (i.e. value equals cost minus depreciation);30/06/2024;Internal
221500001053;Unpatented software and technology;01/03/2022;32 884,78;-25 577,05;0;7307,73;EUR;3;0,67;Cost model (i.e. value equals cost minus depreciation);30/06/2024;Internal
221500001054;Unpatented software and technology;01/03/2022;2 451,86;-1 907,00;0;544,86;EUR;3;0,67;Cost model (i.e. value equals cost minus depreciation);30/06/2024;Internal
221500001055;Unpatented software and technology;01/03/2022;63 990,61;-49 770,47;0;14220,14;EUR;3;0,67;Cost model (i.e. value equals cost minus depreciation);30/06/2024;Internal
221500001056;Unpatented software and technology;01/03/2022;8 581,51;-6 674,50;0;1907,01;EUR;3;0,67;Cost model (i.e. value equals cost minus depreciation);30/06/2024;Internal
221500001063;Unpatented software and technology;01/03/2022;340,54;-264,87;0;75,67;EUR;3;0,67;Cost model (i.e. value equals cost minus depreciation);30/06/2024;Internal
221500001061;Unpatented software and technology;01/03/2022;9 533,79;-7 415,17;0;2118,62;EUR;3;0,67;Cost model (i.e. value equals cost minus depreciation);30/06/2024;Internal
221500001059;Unpatented software and technology;01/03/2022;4 767,50;-3 708,05;0;1059,45;EUR;3;0,67;Cost model (i.e. value equals cost minus depreciation);30/06/2024;Internal
221500001058;Unpatented software and technology;01/03/2022;5 976,41;-4 648,32;0;1328,09;EUR;3;0,67;Cost model (i.e. value equals cost minus depreciation);30/06/2024;Internal
221500001149;Unpatented software and technology;01/03/2022;11 202,07;-8 712,72;0;2489,35;EUR;3;0,67;Cost model (i.e. value equals cost minus depreciation);30/06/2024;Internal
221500001202;Unpatented software and technology;01/03/2022;715,19;-556,26;0;158,93;EUR;3;0,67;Cost model (i.e. value equals cost minus depreciation);30/06/2024;Internal
221500000594;Unpatented software and technology;01/03/2022;106 631,98;-82 935,99;0;23695,99;EUR;3;0,67;Cost model (i.e. value equals cost minus depreciation);30/06/2024;Internal
221500000597;Unpatented software and technology;01/03/2022;1 342,68;-1 044,31;0;298,37;EUR;3;0,67;Cost model (i.e. value equals cost minus depreciation);30/06/2024;Internal
221500000599;Unpatented software and technology;01/03/2022;82 618,90;-64 259,15;0;18359,75;EUR;3;0,67;Cost model (i.e. value equals cost minus depreciation);30/06/2024;Internal
221500001035;Unpatented software and technology;01/03/2022;14 325,64;-11 142,17;0;3183,47;EUR;3;0,67;Cost model (i.e. value equals cost minus depreciation);30/06/2024;Internal
221500000739;Unpatented software and technology;01/03/2022;35,27;-27,44;0;7,83;EUR;3;0,67;Cost model (i.e. value equals cost minus depreciation);30/06/2024;Internal
221500001039;Unpatented software and technology;01/03/2022;5 176,15;-4 025,89;0;1150,26;EUR;3;0,67;Cost model (i.e. value equals cost minus depreciation);30/06/2024;Internal
221500001226;Unpatented software and technology;01/03/2022;2 226,38;-1 731,63;0;494,75;EUR;3;0,67;Cost model (i.e. value equals cost minus depreciation);30/06/2024;Internal
221500001223;Unpatented software and technology;01/03/2022;3 513,60;-2 732,80;0;780,8;EUR;3;0,67;Cost model (i.e. value equals cost minus depreciation);30/06/2024;Internal
221500001221;Unpatented software and technology;01/03/2022;4 843,52;-3 767,18;0;1076,34;EUR;3;0,67;Cost model (i.e. value equals cost minus depreciation);30/06/2024;Internal
221500001211;Unpatented software and technology;01/03/2022;9 761,22;-7 592,06;0;2169,16;EUR;3;0,67;Cost model (i.e. value equals cost minus depreciation);30/06/2024;Internal
221500001164;Unpatented software and technology;01/03/2022;4 086,43;-3 178,33;0;908,1;EUR;3;0,67;Cost model (i.e. value equals cost minus depreciation);30/06/2024;Internal
221500001207;Unpatented software and technology;01/03/2022;2 319,05;-1 803,71;0;515,34;EUR;3;0,67;Cost model (i.e. value equals cost minus depreciation);30/06/2024;Internal
221500001165;Unpatented software and technology;01/03/2022;8 172,86;-6 356,67;0;1816,19;EUR;3;0,67;Cost model (i.e. value equals cost minus depreciation);30/06/2024;Internal
221500001196;Unpatented software and technology;01/03/2022;93,04;-72,37;0;20,67;EUR;3;0,67;Cost model (i.e. value equals cost minus depreciation);30/06/2024;Internal
221500001192;Unpatented software and technology;01/03/2022;2 018,89;-1 570,24;0;448,65;EUR;3;0,67;Cost model (i.e. value equals cost minus depreciation);30/06/2024;Internal
221500001046;Unpatented software and technology;01/03/2022;36 828,90;-28 644,70;0;8184,2;EUR;3;0,67;Cost model (i.e. value equals cost minus depreciation);30/06/2024;Internal
221500001188;Unpatented software and technology;01/03/2022;119 449,39;-92 905,08;0;26544,31;EUR;3;0,67;Cost model (i.e. value equals cost minus depreciation);30/06/2024;Internal
221500001185;Unpatented software and technology;01/03/2022;14 267,49;-11 096,94;0;3170,55;EUR;3;0,67;Cost model (i.e. value equals cost minus depreciation);30/06/2024;Internal
221500001175;Unpatented software and technology;01/03/2022;1 769,37;-1 376,18;0;393,19;EUR;3;0,67;Cost model (i.e. value equals cost minus depreciation);30/06/2024;Internal
221500001048;Unpatented software and technology;01/03/2022;24 676,70;-19 192,99;0;5483,71;EUR;3;0,67;Cost model (i.e. value equals cost minus depreciation);30/06/2024;Internal
221500001172;Unpatented software and technology;01/03/2022;781 554,90;-607 876,03;0;173678,87;EUR;3;0,67;Cost model (i.e. value equals cost minus depreciation);30/06/2024;Internal
221500001170;Unpatented software and technology;01/03/2022;16 004,12;-12 447,65;0;3556,47;EUR;3;0,67;Cost model (i.e. value equals cost minus depreciation);30/06/2024;Internal
221500000592;Unpatented software and technology;01/03/2022;5 407,23;-4 205,62;0;1201,61;EUR;3;0,67;Cost model (i.e. value equals cost minus depreciation);30/06/2024;Internal
221500001209;Unpatented software and technology;01/03/2022;90 981,69;-70 763,54;0;20218,15;EUR;3;0,67;Cost model (i.e. value equals cost minus depreciation);30/06/2024;Internal
221500001023;Unpatented software and technology;01/03/2022;25 686,14;-19 978,11;0;5708,03;EUR;3;0,67;Cost model (i.e. value equals cost minus depreciation);30/06/2024;Internal
221500001057;Unpatented software and technology;01/03/2022;844,92;-657,16;0;187,76;EUR;3;0,67;Cost model (i.e. value equals cost minus depreciation);30/06/2024;Internal
221500001024;Unpatented software and technology;01/03/2022;83 917,80;-65 269,40;0;18648,4;EUR;3;0,67;Cost model (i.e. value equals cost minus depreciation);30/06/2024;Internal
221500000653;Unpatented software and technology;01/04/2022;1 043,35;-782,51;0;260,84;EUR;3;0,75;Cost model (i.e. value equals cost minus depreciation);30/06/2024;Internal
221500000678;Unpatented software and technology;01/04/2022;19 051,77;-14 288,83;0;4762,94;EUR;3;0,75;Cost model (i.e. value equals cost minus depreciation);30/06/2024;Internal
221500000775;Unpatented software and technology;01/04/2022;452 695,24;-339 521,43;0;113173,81;EUR;3;0,75;Cost model (i.e. value equals cost minus depreciation);30/06/2024;Internal
221500000676;Unpatented software and technology;01/04/2022;29 941,74;-22 456,31;0;7485,43;EUR;3;0,75;Cost model (i.e. value equals cost minus depreciation);30/06/2024;Internal
221500000674;Unpatented software and technology;01/04/2022;22 965,39;-17 224,04;0;5741,35;EUR;3;0,75;Cost model (i.e. value equals cost minus depreciation);30/06/2024;Internal
221500000671;Unpatented software and technology;01/04/2022;39 198,24;-29 398,68;0;9799,56;EUR;3;0,75;Cost model (i.e. value equals cost minus depreciation);30/06/2024;Internal
221500000668;Unpatented software and technology;01/04/2022;3 405,36;-2 554,02;0;851,34;EUR;3;0,75;Cost model (i.e. value equals cost minus depreciation);30/06/2024;Internal
221500000663;Unpatented software and technology;01/04/2022;9 352,99;-7 014,74;0;2338,25;EUR;3;0,75;Cost model (i.e. value equals cost minus depreciation);30/06/2024;Internal
221500000778;Unpatented software and technology;01/04/2022;616,03;-462,02;0;154,01;EUR;3;0,75;Cost model (i.e. value equals cost minus depreciation);30/06/2024;Internal
221500000660;Unpatented software and technology;01/04/2022;106 285,68;-79 714,26;0;26571,42;EUR;3;0,75;Cost model (i.e. value equals cost minus depreciation);30/06/2024;Internal
221500000681;Unpatented software and technology;01/04/2022;5 277,82;-3 958,37;0;1319,45;EUR;3;0,75;Cost model (i.e. value equals cost minus depreciation);30/06/2024;Internal
221500000655;Unpatented software and technology;01/04/2022;32 701,45;-24 526,08;0;8175,37;EUR;3;0,75;Cost model (i.e. value equals cost minus depreciation);30/06/2024;Internal
221500000688;Unpatented software and technology;01/04/2022;35 978,24;-26 983,68;0;8994,56;EUR;3;0,75;Cost model (i.e. value equals cost minus depreciation);30/06/2024;Internal
221500000651;Unpatented software and technology;01/04/2022;243,24;-182,43;0;60,81;EUR;3;0,75;Cost model (i.e. value equals cost minus depreciation);30/06/2024;Internal
221500000649;Unpatented software and technology;01/04/2022;13 791,71;-10 343,79;0;3447,92;EUR;3;0,75;Cost model (i.e. value equals cost minus depreciation);30/06/2024;Internal
221500000647;Unpatented software and technology;01/04/2022;12 843,07;-9 632,30;0;3210,77;EUR;3;0,75;Cost model (i.e. value equals cost minus depreciation);30/06/2024;Internal
221500000760;Unpatented software and technology;01/04/2022;24 299,68;-18 224,76;0;6074,92;EUR;3;0,75;Cost model (i.e. value equals cost minus depreciation);30/06/2024;Internal
221500000633;Unpatented software and technology;01/04/2022;3 188,29;-2 391,21;0;797,08;EUR;3;0,75;Cost model (i.e. value equals cost minus depreciation);30/06/2024;Internal
221500000629;Unpatented software and technology;01/04/2022;105 613,94;-79 210,45;0;26403,49;EUR;3;0,75;Cost model (i.e. value equals cost minus depreciation);30/06/2024;Internal
221500000627;Unpatented software and technology;01/04/2022;9 469,89;-7 102,42;0;2367,47;EUR;3;0,75;Cost model (i.e. value equals cost minus depreciation);30/06/2024;Internal
221500000625;Unpatented software and technology;01/04/2022;20 002,26;-15 001,70;0;5000,56;EUR;3;0,75;Cost model (i.e. value equals cost minus depreciation);30/06/2024;Internal
221500000607;Unpatented software and technology;01/04/2022;4 606,36;-3 454,77;0;1151,59;EUR;3;0,75;Cost model (i.e. value equals cost minus depreciation);30/06/2024;Internal
221500000657;Unpatented software and technology;01/04/2022;7 024,77;-5 268,58;0;1756,19;EUR;3;0,75;Cost model (i.e. value equals cost minus depreciation);30/06/2024;Internal
221500000750;Unpatented software and technology;01/04/2022;29 711,77;-22 283,82;0;7427,95;EUR;3;0,75;Cost model (i.e. value equals cost minus depreciation);30/06/2024;Internal
221500000757;Unpatented software and technology;01/04/2022;8 348,00;-6 261,00;0;2087;EUR;3;0,75;Cost model (i.e. value equals cost minus depreciation);30/06/2024;Internal
221500000762;Unpatented software and technology;01/04/2022;7 764,22;-5 823,17;0;1941,05;EUR;3;0,75;Cost model (i.e. value equals cost minus depreciation);30/06/2024;Internal
221500001041;Unpatented software and technology;01/04/2022;35 026,56;-26 269,92;0;8756,64;EUR;3;0,75;Cost model (i.e. value equals cost minus depreciation);30/06/2024;Internal
221500000764;Unpatented software and technology;01/04/2022;4 749,14;-3 561,85;0;1187,29;EUR;3;0,75;Cost model (i.e. value equals cost minus depreciation);30/06/2024;Internal
221500000766;Unpatented software and technology;01/04/2022;15 135,61;-11 351,70;0;3783,91;EUR;3;0,75;Cost model (i.e. value equals cost minus depreciation);30/06/2024;Internal
221500000755;Unpatented software and technology;01/04/2022;1 799,98;-1 349,99;0;449,99;EUR;3;0,75;Cost model (i.e. value equals cost minus depreciation);30/06/2024;Internal
221500000768;Unpatented software and technology;01/04/2022;8 990,15;-6 742,62;0;2247,53;EUR;3;0,75;Cost model (i.e. value equals cost minus depreciation);30/06/2024;Internal
221500000754;Unpatented software and technology;01/04/2022;1 709,98;-1 282,49;0;427,49;EUR;3;0,75;Cost model (i.e. value equals cost minus depreciation);30/06/2024;Internal
221500000753;Unpatented software and technology;01/04/2022;89 085,47;-66 814,11;0;22271,36;EUR;3;0,75;Cost model (i.e. value equals cost minus depreciation);30/06/2024;Internal
221500000683;Unpatented software and technology;01/04/2022;19 897,52;-14 923,14;0;4974,38;EUR;3;0,75;Cost model (i.e. value equals cost minus depreciation);30/06/2024;Internal
221500000751;Unpatented software and technology;01/04/2022;54,73;-41,04;0;13,69;EUR;3;0,75;Cost model (i.e. value equals cost minus depreciation);30/06/2024;Internal
221500001049;Unpatented software and technology;01/04/2022;1 222,28;-916,71;0;305,57;EUR;3;0,75;Cost model (i.e. value equals cost minus depreciation);30/06/2024;Internal
221500000748;Unpatented software and technology;01/04/2022;2 607,53;-1 955,65;0;651,88;EUR;3;0,75;Cost model (i.e. value equals cost minus depreciation);30/06/2024;Internal
221500000772;Unpatented software and technology;01/04/2022;4 621,56;-3 466,17;0;1155,39;EUR;3;0,75;Cost model (i.e. value equals cost minus depreciation);30/06/2024;Internal
221500000708;Unpatented software and technology;01/04/2022;2 736,45;-2 052,34;0;684,11;EUR;3;0,75;Cost model (i.e. value equals cost minus depreciation);30/06/2024;Internal
221500000700;Unpatented software and technology;01/04/2022;2 851,99;-2 138,99;0;713;EUR;3;0,75;Cost model (i.e. value equals cost minus depreciation);30/06/2024;Internal
221500000697;Unpatented software and technology;01/04/2022;1 167,55;-875,66;0;291,89;EUR;3;0,75;Cost model (i.e. value equals cost minus depreciation);30/06/2024;Internal
221500002663;Unpatented software and technology;01/04/2022;401,35;-301,01;0;100,34;EUR;3;0,75;Cost model (i.e. value equals cost minus depreciation);30/06/2024;Internal
221500000693;Unpatented software and technology;01/04/2022;583,78;-437,84;0;145,94;EUR;3;0,75;Cost model (i.e. value equals cost minus depreciation);30/06/2024;Internal
221500000631;Unpatented software and technology;01/04/2022;3 617,60;-2 713,20;0;904,4;EUR;3;0,75;Cost model (i.e. value equals cost minus depreciation);30/06/2024;Internal
221500000686;Unpatented software and technology;01/04/2022;1 610,25;-1 207,69;0;402,56;EUR;3;0,75;Cost model (i.e. value equals cost minus depreciation);30/06/2024;Internal
221500000752;Unpatented software and technology;01/04/2022;12 760,45;-9 570,33;0;3190,12;EUR;3;0,75;Cost model (i.e. value equals cost minus depreciation);30/06/2024;Internal
221500001133;Unpatented software and technology;01/04/2022;118 141,67;-88 606,26;0;29535,41;EUR;3;0,75;Cost model (i.e. value equals cost minus depreciation);30/06/2024;Internal
221500002708;Unpatented software and technology;01/04/2022;61 296,48;-45 972,36;0;15324,12;EUR;3;0,75;Cost model (i.e. value equals cost minus depreciation);30/06/2024;Internal
221500000805;Unpatented software and technology;01/04/2022;5 541,01;-4 155,75;0;1385,26;EUR;3;0,75;Cost model (i.e. value equals cost minus depreciation);30/06/2024;Internal
221500000810;Unpatented software and technology;01/04/2022;13 060,29;-9 795,22;0;3265,07;EUR;3;0,75;Cost model (i.e. value equals cost minus depreciation);30/06/2024;Internal
221500002606;Unpatented software and technology;01/04/2022;737,83;-553,37;0;184,46;EUR;3;0,75;Cost model (i.e. value equals cost minus depreciation);30/06/2024;Internal
221500000793;Unpatented software and technology;01/04/2022;6 863,16;-5 147,37;0;1715,79;EUR;3;0,75;Cost model (i.e. value equals cost minus depreciation);30/06/2024;Internal
221500000795;Unpatented software and technology;01/04/2022;1 105,38;-829,04;0;276,34;EUR;3;0,75;Cost model (i.e. value equals cost minus depreciation);30/06/2024;Internal
221500000156;Unpatented software and technology;01/04/2022;389,18;-291,88;0;97,3;EUR;3;0,75;Cost model (i.e. value equals cost minus depreciation);30/06/2024;Internal
221500001027;Unpatented software and technology;01/04/2022;18 090,97;-13 568,22;0;4522,75;EUR;3;0,75;Cost model (i.e. value equals cost minus depreciation);30/06/2024;Internal
221500000787;Unpatented software and technology;01/04/2022;15 324,12;-11 493,09;0;3831,03;EUR;3;0,75;Cost model (i.e. value equals cost minus depreciation);30/06/2024;Internal
221500001025;Unpatented software and technology;01/04/2022;197 146,02;-147 859,52;0;49286,5;EUR;3;0,75;Cost model (i.e. value equals cost minus depreciation);30/06/2024;Internal
221500000644;Unpatented software and technology;01/04/2022;794,66;-595,99;0;198,67;EUR;3;0,75;Cost model (i.e. value equals cost minus depreciation);30/06/2024;Internal
221500000792;Unpatented software and technology;01/04/2022;29 095,15;-21 821,36;0;7273,79;EUR;3;0,75;Cost model (i.e. value equals cost minus depreciation);30/06/2024;Internal
221500000938;Unpatented software and technology;01/05/2022;753,08;-543,89;0;209,19;EUR;3;0,83;Cost model (i.e. value equals cost minus depreciation);30/06/2024;Internal
221500000861;Unpatented software and technology;01/05/2022;6 261,00;-4 521,83;0;1739,17;EUR;3;0,83;Cost model (i.e. value equals cost minus depreciation);30/06/2024;Internal
221500000319;Unpatented software and technology;01/05/2022;7 241,09;-5 229,68;0;2011,41;EUR;3;0,83;Cost model (i.e. value equals cost minus depreciation);30/06/2024;Internal
221500000858;Unpatented software and technology;01/05/2022;11 578,22;-8 362,05;0;3216,17;EUR;3;0,83;Cost model (i.e. value equals cost minus depreciation);30/06/2024;Internal
221500000222;Unpatented software and technology;01/05/2022;13 510,01;-9 757,23;0;3752,78;EUR;3;0,83;Cost model (i.e. value equals cost minus depreciation);30/06/2024;Internal
221500000188;Unpatented software and technology;01/05/2022;15 737,67;-11 366,10;0;4371,57;EUR;3;0,83;Cost model (i.e. value equals cost minus depreciation);30/06/2024;Internal
221500000864;Unpatented software and technology;01/05/2022;2 052,34;-1 482,25;0;570,09;EUR;3;0,83;Cost model (i.e. value equals cost minus depreciation);30/06/2024;Internal
221500000857;Unpatented software and technology;01/05/2022;1 348,16;-973,67;0;374,49;EUR;3;0,83;Cost model (i.e. value equals cost minus depreciation);30/06/2024;Internal
221500000107;Unpatented software and technology;01/05/2022;11 520,80;-8 320,58;0;3200,22;EUR;3;0,83;Cost model (i.e. value equals cost minus depreciation);30/06/2024;Internal
221500000930;Unpatented software and technology;01/05/2022;912,15;-658,78;0;253,37;EUR;3;0,83;Cost model (i.e. value equals cost minus depreciation);30/06/2024;Internal
221500000855;Unpatented software and technology;01/05/2022;25 043,99;-18 087,33;0;6956,66;EUR;3;0,83;Cost model (i.e. value equals cost minus depreciation);30/06/2024;Internal
221500000866;Unpatented software and technology;01/05/2022;113 491,34;-81 965,97;0;31525,37;EUR;3;0,83;Cost model (i.e. value equals cost minus depreciation);30/06/2024;Internal
221500000869;Unpatented software and technology;01/05/2022;5 505,74;-3 976,37;0;1529,37;EUR;3;0,83;Cost model (i.e. value equals cost minus depreciation);30/06/2024;Internal
221500000192;Unpatented software and technology;01/05/2022;34 724,19;-25 078,58;0;9645,61;EUR;3;0,83;Cost model (i.e. value equals cost minus depreciation);30/06/2024;Internal
221500000870;Unpatented software and technology;01/05/2022;129 093,55;-93 234,23;0;35859,32;EUR;3;0,83;Cost model (i.e. value equals cost minus depreciation);30/06/2024;Internal
221500000314;Unpatented software and technology;01/05/2022;2 583,21;-1 865,65;0;717,56;EUR;3;0,83;Cost model (i.e. value equals cost minus depreciation);30/06/2024;Internal
221500000138;Unpatented software and technology;01/05/2022;1 117,44;-807,04;0;310,4;EUR;3;0,83;Cost model (i.e. value equals cost minus depreciation);30/06/2024;Internal
221500000196;Unpatented software and technology;01/05/2022;16 525,36;-11 934,98;0;4590,38;EUR;3;0,83;Cost model (i.e. value equals cost minus depreciation);30/06/2024;Internal
221500000199;Unpatented software and technology;01/05/2022;16 506,27;-11 921,20;0;4585,07;EUR;3;0,83;Cost model (i.e. value equals cost minus depreciation);30/06/2024;Internal
221500000029;Unpatented software and technology;01/05/2022;67 733,79;-48 918,85;0;18814,94;EUR;3;0,83;Cost model (i.e. value equals cost minus depreciation);30/06/2024;Internal
221500000878;Unpatented software and technology;01/05/2022;137 167,90;-99 065,71;0;38102,19;EUR;3;0,83;Cost model (i.e. value equals cost minus depreciation);30/06/2024;Internal
221500000316;Unpatented software and technology;01/05/2022;27 733,85;-20 030,01;0;7703,84;EUR;3;0,83;Cost model (i.e. value equals cost minus depreciation);30/06/2024;Internal
221500000317;Unpatented software and technology;01/05/2022;48 659,99;-35 143,33;0;13516,66;EUR;3;0,83;Cost model (i.e. value equals cost minus depreciation);30/06/2024;Internal
221500000013;Unpatented software and technology;01/05/2022;21 677,55;-15 656,01;0;6021,54;EUR;3;0,83;Cost model (i.e. value equals cost minus depreciation);30/06/2024;Internal
221500000330;Unpatented software and technology;01/05/2022;4 134,55;-2 986,06;0;1148,49;EUR;3;0,83;Cost model (i.e. value equals cost minus depreciation);30/06/2024;Internal
221500000025;Unpatented software and technology;01/05/2022;116 229,80;-83 943,74;0;32286,06;EUR;3;0,83;Cost model (i.e. value equals cost minus depreciation);30/06/2024;Internal
221500000064;Unpatented software and technology;01/05/2022;55 684,93;-40 216,89;0;15468,04;EUR;3;0,83;Cost model (i.e. value equals cost minus depreciation);30/06/2024;Internal
221500000003;Unpatented software and technology;01/05/2022;20 371,51;-14 712,75;0;5658,76;EUR;3;0,83;Cost model (i.e. value equals cost minus depreciation);30/06/2024;Internal
221500000324;Unpatented software and technology;01/05/2022;8 712,10;-6 292,07;0;2420,03;EUR;3;0,83;Cost model (i.e. value equals cost minus depreciation);30/06/2024;Internal
221500000178;Unpatented software and technology;01/05/2022;1 227,81;-886,75;0;341,06;EUR;3;0,83;Cost model (i.e. value equals cost minus depreciation);30/06/2024;Internal
221500000190;Unpatented software and technology;01/05/2022;45 299,12;-32 716,03;0;12583,09;EUR;3;0,83;Cost model (i.e. value equals cost minus depreciation);30/06/2024;Internal
221500000000;Unpatented software and technology;01/05/2022;7 753,27;-5 599,58;0;2153,69;EUR;3;0,83;Cost model (i.e. value equals cost minus depreciation);30/06/2024;Internal
221500000326;Unpatented software and technology;01/05/2022;92 714,82;-66 960,70;0;25754,12;EUR;3;0,83;Cost model (i.e. value equals cost minus depreciation);30/06/2024;Internal
221500000790;Unpatented software and technology;01/05/2022;65 674,80;-47 431,80;0;18243;EUR;3;0,83;Cost model (i.e. value equals cost minus depreciation);30/06/2024;Internal
221500000035;Unpatented software and technology;01/05/2022;6 295,66;-4 546,87;0;1748,79;EUR;3;0,83;Cost model (i.e. value equals cost minus depreciation);30/06/2024;Internal
221500000173;Unpatented software and technology;01/05/2022;479 029,32;-345 965,62;0;133063,7;EUR;3;0,83;Cost model (i.e. value equals cost minus depreciation);30/06/2024;Internal
221500000874;Unpatented software and technology;01/05/2022;8 187,46;-5 913,17;0;2274,29;EUR;3;0,83;Cost model (i.e. value equals cost minus depreciation);30/06/2024;Internal
221500000168;Unpatented software and technology;01/05/2022;4 763,71;-3 440,45;0;1323,26;EUR;3;0,83;Cost model (i.e. value equals cost minus depreciation);30/06/2024;Internal
221500000853;Unpatented software and technology;01/05/2022;26 356,44;-19 035,21;0;7321,23;EUR;3;0,83;Cost model (i.e. value equals cost minus depreciation);30/06/2024;Internal
221500000165;Unpatented software and technology;01/05/2022;1 891,34;-1 365,97;0;525,37;EUR;3;0,83;Cost model (i.e. value equals cost minus depreciation);30/06/2024;Internal
221500000163;Unpatented software and technology;01/05/2022;2 893,34;-2 089,63;0;803,71;EUR;3;0,83;Cost model (i.e. value equals cost minus depreciation);30/06/2024;Internal
221500000005;Unpatented software and technology;01/05/2022;12 843,07;-9 275,55;0;3567,52;EUR;3;0,83;Cost model (i.e. value equals cost minus depreciation);30/06/2024;Internal
221500000813;Unpatented software and technology;01/05/2022;3 379,67;-2 440,88;0;938,79;EUR;3;0,83;Cost model (i.e. value equals cost minus depreciation);30/06/2024;Internal
221500000159;Unpatented software and technology;01/05/2022;7 873,96;-5 686,75;0;2187,21;EUR;3;0,83;Cost model (i.e. value equals cost minus depreciation);30/06/2024;Internal
221500000008;Unpatented software and technology;01/05/2022;3 593,44;-2 595,26;0;998,18;EUR;3;0,83;Cost model (i.e. value equals cost minus depreciation);30/06/2024;Internal
221500000027;Unpatented software and technology;01/05/2022;148,10;-106,96;0;41,14;EUR;3;0,83;Cost model (i.e. value equals cost minus depreciation);30/06/2024;Internal
221500000321;Unpatented software and technology;01/05/2022;89 275,17;-64 476,51;0;24798,66;EUR;3;0,83;Cost model (i.e. value equals cost minus depreciation);30/06/2024;Internal
221500000151;Unpatented software and technology;01/05/2022;4 268,86;-3 083,07;0;1185,79;EUR;3;0,83;Cost model (i.e. value equals cost minus depreciation);30/06/2024;Internal
221500000147;Unpatented software and technology;01/05/2022;2 488,42;-1 797,19;0;691,23;EUR;3;0,83;Cost model (i.e. value equals cost minus depreciation);30/06/2024;Internal
221500000143;Unpatented software and technology;01/05/2022;19 322,99;-13 955,50;0;5367,49;EUR;3;0,83;Cost model (i.e. value equals cost minus depreciation);30/06/2024;Internal
221500000941;Unpatented software and technology;01/05/2022;19 704,87;-14 231,30;0;5473,57;EUR;3;0,83;Cost model (i.e. value equals cost minus depreciation);30/06/2024;Internal
221500000111;Unpatented software and technology;01/05/2022;111 777,46;-80 728,17;0;31049,29;EUR;3;0,83;Cost model (i.e. value equals cost minus depreciation);30/06/2024;Internal
221500000124;Unpatented software and technology;01/05/2022;24 972,32;-18 035,56;0;6936,76;EUR;3;0,83;Cost model (i.e. value equals cost minus depreciation);30/06/2024;Internal
221500000213;Unpatented software and technology;01/05/2022;84 595,53;-61 096,77;0;23498,76;EUR;3;0,83;Cost model (i.e. value equals cost minus depreciation);30/06/2024;Internal
221500000120;Unpatented software and technology;01/05/2022;34 901,05;-25 206,31;0;9694,74;EUR;3;0,83;Cost model (i.e. value equals cost minus depreciation);30/06/2024;Internal
221500000216;Unpatented software and technology;01/05/2022;87 734,24;-63 363,62;0;24370,62;EUR;3;0,83;Cost model (i.e. value equals cost minus depreciation);30/06/2024;Internal
221500000704;Unpatented software and technology;01/05/2022;29 535,42;-21 331,14;0;8204,28;EUR;3;0,83;Cost model (i.e. value equals cost minus depreciation);30/06/2024;Internal
221500000134;Unpatented software and technology;01/05/2022;5 284,06;-3 816,27;0;1467,79;EUR;3;0,83;Cost model (i.e. value equals cost minus depreciation);30/06/2024;Internal
221500000229;Unpatented software and technology;01/05/2022;19 616,75;-14 167,66;0;5449,09;EUR;3;0,83;Cost model (i.e. value equals cost minus depreciation);30/06/2024;Internal
221500000219;Unpatented software and technology;01/05/2022;3 269,15;-2 361,06;0;908,09;EUR;3;0,83;Cost model (i.e. value equals cost minus depreciation);30/06/2024;Internal
221500000115;Unpatented software and technology;01/05/2022;45 561,22;-32 905,33;0;12655,89;EUR;3;0,83;Cost model (i.e. value equals cost minus depreciation);30/06/2024;Internal
221500000226;Unpatented software and technology;01/05/2022;212,84;-153,72;0;59,12;EUR;3;0,83;Cost model (i.e. value equals cost minus depreciation);30/06/2024;Internal
221500000208;Unpatented software and technology;01/05/2022;16 129,72;-11 649,24;0;4480,48;EUR;3;0,83;Cost model (i.e. value equals cost minus depreciation);30/06/2024;Internal
221500000311;Unpatented software and technology;01/05/2022;4 126,57;-2 980,30;0;1146,27;EUR;3;0,83;Cost model (i.e. value equals cost minus depreciation);30/06/2024;Internal
221500000227;Unpatented software and technology;01/05/2022;2 882,32;-2 081,68;0;800,64;EUR;3;0,83;Cost model (i.e. value equals cost minus depreciation);30/06/2024;Internal
221500000042;Unpatented software and technology;01/05/2022;5 280,74;-3 813,87;0;1466,87;EUR;3;0,83;Cost model (i.e. value equals cost minus depreciation);30/06/2024;Internal
221500000016;Unpatented software and technology;01/05/2022;9 218,91;-6 658,10;0;2560,81;EUR;3;0,83;Cost model (i.e. value equals cost minus depreciation);30/06/2024;Internal
221500000231;Unpatented software and technology;01/05/2022;956,49;-690,80;0;265,69;EUR;3;0,83;Cost model (i.e. value equals cost minus depreciation);30/06/2024;Internal
221500000039;Unpatented software and technology;01/05/2022;2 152,67;-1 554,71;0;597,96;EUR;3;0,83;Cost model (i.e. value equals cost minus depreciation);30/06/2024;Internal
221500000023;Unpatented software and technology;01/05/2022;67 145,19;-48 493,75;0;18651,44;EUR;3;0,83;Cost model (i.e. value equals cost minus depreciation);30/06/2024;Internal
221500000333;Unpatented software and technology;01/05/2022;8 269,09;-5 972,12;0;2296,97;EUR;3;0,83;Cost model (i.e. value equals cost minus depreciation);30/06/2024;Internal
221500000129;Unpatented software and technology;01/05/2022;76 922,86;-55 555,40;0;21367,46;EUR;3;0,83;Cost model (i.e. value equals cost minus depreciation);30/06/2024;Internal
221500000202;Unpatented software and technology;01/05/2022;10 267,16;-7 415,17;0;2851,99;EUR;3;0,83;Cost model (i.e. value equals cost minus depreciation);30/06/2024;Internal
221500000881;Unpatented software and technology;01/05/2022;3 272,79;-2 363,68;0;909,11;EUR;3;0,83;Cost model (i.e. value equals cost minus depreciation);30/06/2024;Internal
221500000204;Unpatented software and technology;01/05/2022;3 798,50;-2 743,36;0;1055,14;EUR;3;0,83;Cost model (i.e. value equals cost minus depreciation);30/06/2024;Internal
221500000009;Unpatented software and technology;01/05/2022;3 649,33;-2 635,62;0;1013,71;EUR;3;0,83;Cost model (i.e. value equals cost minus depreciation);30/06/2024;Internal
221500000020;Unpatented software and technology;01/05/2022;1 753,16;-1 266,17;0;486,99;EUR;3;0,83;Cost model (i.e. value equals cost minus depreciation);30/06/2024;Internal
221500000224;Unpatented software and technology;01/05/2022;19 670,63;-14 206,57;0;5464,06;EUR;3;0,83;Cost model (i.e. value equals cost minus depreciation);30/06/2024;Internal
221500001029;Unpatented software and technology;01/05/2022;302 233,19;-218 279,53;0;83953,66;EUR;3;0,83;Cost model (i.e. value equals cost minus depreciation);30/06/2024;Internal
221500000461;Unpatented software and technology;01/06/2022;10 168,75;-7 061,63;0;3107,12;EUR;3;0,92;Cost model (i.e. value equals cost minus depreciation);30/06/2024;Internal
221500000463;Unpatented software and technology;01/06/2022;4 864,80;-3 378,33;0;1486,47;EUR;3;0,92;Cost model (i.e. value equals cost minus depreciation);30/06/2024;Internal
221500000417;Unpatented software and technology;01/06/2022;483 806,37;-335 976,65;0;147829,72;EUR;3;0,92;Cost model (i.e. value equals cost minus depreciation);30/06/2024;Internal
221500000464;Unpatented software and technology;01/06/2022;117 298,48;-81 457,28;0;35841,2;EUR;3;0,92;Cost model (i.e. value equals cost minus depreciation);30/06/2024;Internal
221500000347;Unpatented software and technology;01/06/2022;11 578,22;-8 040,43;0;3537,79;EUR;3;0,92;Cost model (i.e. value equals cost minus depreciation);30/06/2024;Internal
221500000365;Unpatented software and technology;01/06/2022;1 398,63;-971,27;0;427,36;EUR;3;0,92;Cost model (i.e. value equals cost minus depreciation);30/06/2024;Internal
221500000367;Unpatented software and technology;01/06/2022;15 484,66;-10 753,24;0;4731,42;EUR;3;0,92;Cost model (i.e. value equals cost minus depreciation);30/06/2024;Internal
221500000447;Unpatented software and technology;01/06/2022;1 167,55;-810,79;0;356,76;EUR;3;0,92;Cost model (i.e. value equals cost minus depreciation);30/06/2024;Internal
221500000423;Unpatented software and technology;01/06/2022;12 843,07;-8 918,79;0;3924,28;EUR;3;0,92;Cost model (i.e. value equals cost minus depreciation);30/06/2024;Internal
221500000950;Unpatented software and technology;01/06/2022;106 346,05;-73 851,42;0;32494,63;EUR;3;0,92;Cost model (i.e. value equals cost minus depreciation);30/06/2024;Internal
221500000426;Unpatented software and technology;01/06/2022;11 018,77;-7 651,92;0;3366,85;EUR;3;0,92;Cost model (i.e. value equals cost minus depreciation);30/06/2024;Internal
221500000350;Unpatented software and technology;01/06/2022;3 590,22;-2 493,21;0;1097,01;EUR;3;0,92;Cost model (i.e. value equals cost minus depreciation);30/06/2024;Internal
221500000478;Unpatented software and technology;01/06/2022;869,73;-603,98;0;265,75;EUR;3;0,92;Cost model (i.e. value equals cost minus depreciation);30/06/2024;Internal
221500000440;Unpatented software and technology;01/06/2022;2 918,88;-2 027,00;0;891,88;EUR;3;0,92;Cost model (i.e. value equals cost minus depreciation);30/06/2024;Internal
221500000472;Unpatented software and technology;01/06/2022;7 431,00;-5 160,42;0;2270,58;EUR;3;0,92;Cost model (i.e. value equals cost minus depreciation);30/06/2024;Internal
221500000436;Unpatented software and technology;01/06/2022;21 891,60;-15 202,50;0;6689,1;EUR;3;0,92;Cost model (i.e. value equals cost minus depreciation);30/06/2024;Internal
221500000421;Unpatented software and technology;01/06/2022;2 487,51;-1 727,44;0;760,07;EUR;3;0,92;Cost model (i.e. value equals cost minus depreciation);30/06/2024;Internal
221500000493;Unpatented software and technology;01/06/2022;150 141,81;-104 265,15;0;45876,66;EUR;3;0,92;Cost model (i.e. value equals cost minus depreciation);30/06/2024;Internal
221500000292;Unpatented software and technology;01/06/2022;27 432,61;-19 050,42;0;8382,19;EUR;3;0,92;Cost model (i.e. value equals cost minus depreciation);30/06/2024;Internal
221500000481;Unpatented software and technology;01/06/2022;13 975,88;-9 705,47;0;4270,41;EUR;3;0,92;Cost model (i.e. value equals cost minus depreciation);30/06/2024;Internal
221500000467;Unpatented software and technology;01/06/2022;85 698,32;-59 512,72;0;26185,6;EUR;3;0,92;Cost model (i.e. value equals cost minus depreciation);30/06/2024;Internal
221500000383;Unpatented software and technology;01/06/2022;27 431,39;-19 049,58;0;8381,81;EUR;3;0,92;Cost model (i.e. value equals cost minus depreciation);30/06/2024;Internal
221500000483;Unpatented software and technology;01/06/2022;4 499,94;-3 124,96;0;1374,98;EUR;3;0,92;Cost model (i.e. value equals cost minus depreciation);30/06/2024;Internal
221500000353;Unpatented software and technology;01/06/2022;4 956,01;-3 441,67;0;1514,34;EUR;3;0,92;Cost model (i.e. value equals cost minus depreciation);30/06/2024;Internal
221500000357;Unpatented software and technology;01/06/2022;7 141,22;-4 959,18;0;2182,04;EUR;3;0,92;Cost model (i.e. value equals cost minus depreciation);30/06/2024;Internal
221500000046;Unpatented software and technology;01/06/2022;16 598,70;-11 526,88;0;5071,82;EUR;3;0,92;Cost model (i.e. value equals cost minus depreciation);30/06/2024;Internal
221500000490;Unpatented software and technology;01/06/2022;13 172,83;-9 147,79;0;4025,04;EUR;3;0,92;Cost model (i.e. value equals cost minus depreciation);30/06/2024;Internal
221500000018;Unpatented software and technology;01/06/2022;6 972,47;-4 842,00;0;2130,47;EUR;3;0,92;Cost model (i.e. value equals cost minus depreciation);30/06/2024;Internal
221500000385;Unpatented software and technology;01/06/2022;27 432,61;-19 050,42;0;8382,19;EUR;3;0,92;Cost model (i.e. value equals cost minus depreciation);30/06/2024;Internal
221500000485;Unpatented software and technology;01/06/2022;7 559,90;-5 249,93;0;2309,97;EUR;3;0,92;Cost model (i.e. value equals cost minus depreciation);30/06/2024;Internal
221500000430;Unpatented software and technology;01/06/2022;26 497,35;-18 400,94;0;8096,41;EUR;3;0,92;Cost model (i.e. value equals cost minus depreciation);30/06/2024;Internal
221500000487;Unpatented software and technology;01/06/2022;9 931,97;-6 897,21;0;3034,76;EUR;3;0,92;Cost model (i.e. value equals cost minus depreciation);30/06/2024;Internal
221500000361;Unpatented software and technology;01/06/2022;5 500,27;-3 819,63;0;1680,64;EUR;3;0,92;Cost model (i.e. value equals cost minus depreciation);30/06/2024;Internal
221500001183;Unpatented software and technology;01/06/2022;47 179,42;-32 763,49;0;14415,93;EUR;3;0,92;Cost model (i.e. value equals cost minus depreciation);30/06/2024;Internal
221500002852;Unpatented software and technology;01/07/2022;165 679,03;-110 452,68;0;55226,35;EUR;3;1,00;Cost model (i.e. value equals cost minus depreciation);30/06/2024;Internal
221500000546;Unpatented software and technology;01/07/2022;9 106,91;-6 071,28;0;3035,63;EUR;3;1,00;Cost model (i.e. value equals cost minus depreciation);30/06/2024;Internal
221500000543;Unpatented software and technology;01/07/2022;6 135,73;-4 090,48;0;2045,25;EUR;3;1,00;Cost model (i.e. value equals cost minus depreciation);30/06/2024;Internal
221500002849;Unpatented software and technology;01/07/2022;1 873,92;-1 249,28;0;624,64;EUR;3;1,00;Cost model (i.e. value equals cost minus depreciation);30/06/2024;Internal
221500000531;Unpatented software and technology;01/07/2022;31 753,52;-21 169,01;0;10584,51;EUR;3;1,00;Cost model (i.e. value equals cost minus depreciation);30/06/2024;Internal
221500002868;Unpatented software and technology;01/07/2022;12 843,07;-8 562,04;0;4281,03;EUR;3;1,00;Cost model (i.e. value equals cost minus depreciation);30/06/2024;Internal
221500000545;Unpatented software and technology;01/07/2022;4 966,65;-3 311,10;0;1655,55;EUR;3;1,00;Cost model (i.e. value equals cost minus depreciation);30/06/2024;Internal
221500000528;Unpatented software and technology;01/07/2022;94 978,40;-63 318,93;0;31659,47;EUR;3;1,00;Cost model (i.e. value equals cost minus depreciation);30/06/2024;Internal
221500000944;Unpatented software and technology;01/07/2022;28 128,27;-18 752,18;0;9376,09;EUR;3;1,00;Cost model (i.e. value equals cost minus depreciation);30/06/2024;Internal
221500000290;Unpatented software and technology;01/07/2022;26 381,81;-17 587,88;0;8793,93;EUR;3;1,00;Cost model (i.e. value equals cost minus depreciation);30/06/2024;Internal
221500002866;Unpatented software and technology;01/07/2022;61 691,93;-41 127,96;0;20563,97;EUR;3;1,00;Cost model (i.e. value equals cost minus depreciation);30/06/2024;Internal
221500000947;Unpatented software and technology;01/07/2022;227,43;-151,62;0;75,81;EUR;3;1,00;Cost model (i.e. value equals cost minus depreciation);30/06/2024;Internal
221500000541;Unpatented software and technology;01/07/2022;119 889,10;-79 926,07;0;39963,03;EUR;3;1,00;Cost model (i.e. value equals cost minus depreciation);30/06/2024;Internal
221500000954;Unpatented software and technology;01/07/2022;15 209,23;-10 139,48;0;5069,75;EUR;3;1,00;Cost model (i.e. value equals cost minus depreciation);30/06/2024;Internal
221500000011;Unpatented software and technology;01/07/2022;351,36;-234,24;0;117,12;EUR;3;1,00;Cost model (i.e. value equals cost minus depreciation);30/06/2024;Internal
221500002861;Unpatented software and technology;01/07/2022;47 179,42;-31 452,95;0;15726,47;EUR;3;1,00;Cost model (i.e. value equals cost minus depreciation);30/06/2024;Internal
221500002847;Unpatented software and technology;01/07/2022;351,36;-234,24;0;117,12;EUR;3;1,00;Cost model (i.e. value equals cost minus depreciation);30/06/2024;Internal
221500000540;Unpatented software and technology;01/07/2022;1 138,36;-758,91;0;379,45;EUR;3;1,00;Cost model (i.e. value equals cost minus depreciation);30/06/2024;Internal
221500002922;Unpatented software and technology;01/07/2022;3 064,82;-2 043,21;0;1021,61;EUR;3;1,00;Cost model (i.e. value equals cost minus depreciation);30/06/2024;Internal
221500000538;Unpatented software and technology;01/07/2022;25 330,41;-16 886,94;0;8443,47;EUR;3;1,00;Cost model (i.e. value equals cost minus depreciation);30/06/2024;Internal
221500002854;Unpatented software and technology;01/07/2022;111 700,67;-74 467,12;0;37233,55;EUR;3;1,00;Cost model (i.e. value equals cost minus depreciation);30/06/2024;Internal
221500002845;Unpatented software and technology;01/07/2022;2 508,05;-1 672,04;0;836,01;EUR;3;1,00;Cost model (i.e. value equals cost minus depreciation);30/06/2024;Internal
221500002799;Unpatented software and technology;01/07/2022;2 724,29;-1 816,20;0;908,09;EUR;3;1,00;Cost model (i.e. value equals cost minus depreciation);30/06/2024;Internal
221500000525;Unpatented software and technology;01/07/2022;1 930,11;-1 286,74;0;643,37;EUR;3;1,00;Cost model (i.e. value equals cost minus depreciation);30/06/2024;Internal
221500000534;Unpatented software and technology;01/07/2022;82 647,57;-55 098,38;0;27549,19;EUR;3;1,00;Cost model (i.e. value equals cost minus depreciation);30/06/2024;Internal
221500002903;Unpatented software and technology;01/07/2022;4 224,48;-2 816,32;0;1408,16;EUR;3;1,00;Cost model (i.e. value equals cost minus depreciation);30/06/2024;Internal
221500000459;Unpatented software and technology;01/07/2022;594 378,68;-396 252,45;0;198126,23;EUR;3;1,00;Cost model (i.e. value equals cost minus depreciation);30/06/2024;Internal
221500000503;Unpatented software and technology;01/07/2022;7 491,79;-4 994,52;0;2497,27;EUR;3;1,00;Cost model (i.e. value equals cost minus depreciation);30/06/2024;Internal
221500002698;Unpatented software and technology;01/07/2022;21 891,60;-14 594,40;0;7297,2;EUR;3;1,00;Cost model (i.e. value equals cost minus depreciation);30/06/2024;Internal
221500000499;Unpatented software and technology;01/07/2022;21 403,15;-14 268,76;0;7134,39;EUR;3;1,00;Cost model (i.e. value equals cost minus depreciation);30/06/2024;Internal
221500000522;Unpatented software and technology;01/07/2022;125 110,19;-83 406,80;0;41703,39;EUR;3;1,00;Cost model (i.e. value equals cost minus depreciation);30/06/2024;Internal
221500002891;Unpatented software and technology;01/07/2022;20 219,98;-13 479,99;0;6739,99;EUR;3;1,00;Cost model (i.e. value equals cost minus depreciation);30/06/2024;Internal
221500000091;Unpatented software and technology;01/07/2022;12 967,74;-8 645,16;0;4322,58;EUR;3;1,00;Cost model (i.e. value equals cost minus depreciation);30/06/2024;Internal
221500002894;Unpatented software and technology;01/07/2022;20 109,26;-13 406,17;0;6703,09;EUR;3;1,00;Cost model (i.e. value equals cost minus depreciation);30/06/2024;Internal
221500001146;Unpatented software and technology;01/07/2022;848,91;-565,94;0;282,97;EUR;3;1,00;Cost model (i.e. value equals cost minus depreciation);30/06/2024;Internal
221500002899;Unpatented software and technology;01/07/2022;7 209,63;-4 806,42;0;2403,21;EUR;3;1,00;Cost model (i.e. value equals cost minus depreciation);30/06/2024;Internal
221500000509;Unpatented software and technology;01/07/2022;13 799,01;-9 199,34;0;4599,67;EUR;3;1,00;Cost model (i.e. value equals cost minus depreciation);30/06/2024;Internal
221500002872;Unpatented software and technology;01/07/2022;880,08;-586,72;0;293,36;EUR;3;1,00;Cost model (i.e. value equals cost minus depreciation);30/06/2024;Internal
221500000511;Unpatented software and technology;01/07/2022;15 732,76;-10 488,51;0;5244,25;EUR;3;1,00;Cost model (i.e. value equals cost minus depreciation);30/06/2024;Internal
221500000516;Unpatented software and technology;01/07/2022;596,55;-397,70;0;198,85;EUR;3;1,00;Cost model (i.e. value equals cost minus depreciation);30/06/2024;Internal
221500002871;Unpatented software and technology;01/07/2022;500 113,61;-333 409,08;0;166704,53;EUR;3;1,00;Cost model (i.e. value equals cost minus depreciation);30/06/2024;Internal
221500000519;Unpatented software and technology;01/07/2022;14 731,23;-9 820,82;0;4910,41;EUR;3;1,00;Cost model (i.e. value equals cost minus depreciation);30/06/2024;Internal
221500002916;Unpatented software and technology;01/07/2022;1 576,98;-1 051,32;0;525,66;EUR;3;1,00;Cost model (i.e. value equals cost minus depreciation);30/06/2024;Internal
221500002906;Unpatented software and technology;01/07/2022;9 853,65;-6 569,10;0;3284,55;EUR;3;1,00;Cost model (i.e. value equals cost minus depreciation);30/06/2024;Internal
221500002909;Unpatented software and technology;01/07/2022;1 167,55;-778,36;0;389,19;EUR;3;1,00;Cost model (i.e. value equals cost minus depreciation);30/06/2024;Internal
221500002902;Unpatented software and technology;01/07/2022;346,62;-231,08;0;115,54;EUR;3;1,00;Cost model (i.e. value equals cost minus depreciation);30/06/2024;Internal
221500002953;Unpatented software and technology;01/08/2022;21 341,88;-13 635,09;0;7706,79;EUR;3;1,08;Cost model (i.e. value equals cost minus depreciation);30/06/2024;Internal
221500002994;Unpatented software and technology;01/08/2022;6 351,77;-4 058,08;0;2293,69;EUR;3;1,08;Cost model (i.e. value equals cost minus depreciation);30/06/2024;Internal
221500000184;Unpatented software and technology;01/08/2022;4 317,03;-2 758,10;0;1558,93;EUR;3;1,08;Cost model (i.e. value equals cost minus depreciation);30/06/2024;Internal
221500003009;Unpatented software and technology;01/08/2022;10 073,05;-6 435,56;0;3637,49;EUR;3;1,08;Cost model (i.e. value equals cost minus depreciation);30/06/2024;Internal
221500002936;Unpatented software and technology;01/08/2022;11 579,06;-7 397,73;0;4181,33;EUR;3;1,08;Cost model (i.e. value equals cost minus depreciation);30/06/2024;Internal
221500000394;Unpatented software and technology;01/08/2022;11 249,85;-7 187,40;0;4062,45;EUR;3;1,08;Cost model (i.e. value equals cost minus depreciation);30/06/2024;Internal
221500002998;Unpatented software and technology;01/08/2022;120 375,04;-76 906,28;0;43468,76;EUR;3;1,08;Cost model (i.e. value equals cost minus depreciation);30/06/2024;Internal
221500003006;Unpatented software and technology;01/08/2022;22 124,81;-14 135,30;0;7989,51;EUR;3;1,08;Cost model (i.e. value equals cost minus depreciation);30/06/2024;Internal
221500002948;Unpatented software and technology;01/08/2022;117,12;-74,83;0;42,29;EUR;3;1,08;Cost model (i.e. value equals cost minus depreciation);30/06/2024;Internal
221500002939;Unpatented software and technology;01/08/2022;1 689,84;-1 079,62;0;610,22;EUR;3;1,08;Cost model (i.e. value equals cost minus depreciation);30/06/2024;Internal
221500002967;Unpatented software and technology;01/08/2022;67 446,20;-43 090,63;0;24355,57;EUR;3;1,08;Cost model (i.e. value equals cost minus depreciation);30/06/2024;Internal
221500002920;Unpatented software and technology;01/08/2022;49 438,53;-31 585,73;0;17852,8;EUR;3;1,08;Cost model (i.e. value equals cost minus depreciation);30/06/2024;Internal
221500002857;Unpatented software and technology;01/08/2022;46 125,91;-29 469,33;0;16656,58;EUR;3;1,08;Cost model (i.e. value equals cost minus depreciation);30/06/2024;Internal
221500002918;Unpatented software and technology;01/08/2022;417 980,97;-267 043,40;0;150937,57;EUR;3;1,08;Cost model (i.e. value equals cost minus depreciation);30/06/2024;Internal
221500003104;Unpatented software and technology;01/08/2022;10 185,76;-6 507,57;0;3678,19;EUR;3;1,08;Cost model (i.e. value equals cost minus depreciation);30/06/2024;Internal
221500003002;Unpatented software and technology;01/08/2022;9 776,57;-6 246,15;0;3530,42;EUR;3;1,08;Cost model (i.e. value equals cost minus depreciation);30/06/2024;Internal
221500002942;Unpatented software and technology;01/08/2022;7 683,95;-4 909,19;0;2774,76;EUR;3;1,08;Cost model (i.e. value equals cost minus depreciation);30/06/2024;Internal
221500002945;Unpatented software and technology;01/08/2022;5 048,75;-3 225,59;0;1823,16;EUR;3;1,08;Cost model (i.e. value equals cost minus depreciation);30/06/2024;Internal
221500002986;Unpatented software and technology;01/08/2022;21 891,60;-13 986,30;0;7905,3;EUR;3;1,08;Cost model (i.e. value equals cost minus depreciation);30/06/2024;Internal
221500002973;Unpatented software and technology;01/08/2022;5 587,22;-3 569,61;0;2017,61;EUR;3;1,08;Cost model (i.e. value equals cost minus depreciation);30/06/2024;Internal
221500003090;Unpatented software and technology;01/08/2022;8 766,49;-5 600,81;0;3165,68;EUR;3;1,08;Cost model (i.e. value equals cost minus depreciation);30/06/2024;Internal
221500003074;Unpatented software and technology;01/08/2022;2 851,99;-1 822,10;0;1029,89;EUR;3;1,08;Cost model (i.e. value equals cost minus depreciation);30/06/2024;Internal
221500002979;Unpatented software and technology;01/08/2022;373,37;-238,55;0;134,82;EUR;3;1,08;Cost model (i.e. value equals cost minus depreciation);30/06/2024;Internal
221500002983;Unpatented software and technology;01/08/2022;284,59;-181,82;0;102,77;EUR;3;1,08;Cost model (i.e. value equals cost minus depreciation);30/06/2024;Internal
221500003025;Unpatented software and technology;01/08/2022;3 000,37;-1 916,90;0;1083,47;EUR;3;1,08;Cost model (i.e. value equals cost minus depreciation);30/06/2024;Internal
221500002960;Unpatented software and technology;01/08/2022;81 904,87;-52 328,11;0;29576,76;EUR;3;1,08;Cost model (i.e. value equals cost minus depreciation);30/06/2024;Internal
221500002527;Unpatented software and technology;01/08/2022;3 078,51;-1 966,83;0;1111,68;EUR;3;1,08;Cost model (i.e. value equals cost minus depreciation);30/06/2024;Internal
221500002864;Unpatented software and technology;01/08/2022;39 613,46;-25 308,60;0;14304,86;EUR;3;1,08;Cost model (i.e. value equals cost minus depreciation);30/06/2024;Internal
221500002971;Unpatented software and technology;01/08/2022;14 047,11;-8 974,54;0;5072,57;EUR;3;1,08;Cost model (i.e. value equals cost minus depreciation);30/06/2024;Internal
221500002525;Unpatented software and technology;01/08/2022;21 891,60;-13 986,30;0;7905,3;EUR;3;1,08;Cost model (i.e. value equals cost minus depreciation);30/06/2024;Internal
221500003084;Unpatented software and technology;01/08/2022;25 123,07;-16 050,85;0;9072,22;EUR;3;1,08;Cost model (i.e. value equals cost minus depreciation);30/06/2024;Internal
221500002962;Unpatented software and technology;01/08/2022;155,67;-99,46;0;56,21;EUR;3;1,08;Cost model (i.e. value equals cost minus depreciation);30/06/2024;Internal
221500003079;Unpatented software and technology;01/08/2022;7 320,28;-4 676,85;0;2643,43;EUR;3;1,08;Cost model (i.e. value equals cost minus depreciation);30/06/2024;Internal
221500003067;Unpatented software and technology;01/08/2022;2 037,13;-1 301,50;0;735,63;EUR;3;1,08;Cost model (i.e. value equals cost minus depreciation);30/06/2024;Internal
221500003071;Unpatented software and technology;01/08/2022;30 364,87;-19 399,77;0;10965,1;EUR;3;1,08;Cost model (i.e. value equals cost minus depreciation);30/06/2024;Internal
221500002931;Unpatented software and technology;01/08/2022;106 711,82;-68 177,00;0;38534,82;EUR;3;1,08;Cost model (i.e. value equals cost minus depreciation);30/06/2024;Internal
221500002988;Unpatented software and technology;01/08/2022;2 868,29;-1 832,52;0;1035,77;EUR;3;1,08;Cost model (i.e. value equals cost minus depreciation);30/06/2024;Internal
221500002713;Unpatented software and technology;01/08/2022;399 266,36;-255 086,84;0;144179,52;EUR;3;1,08;Cost model (i.e. value equals cost minus depreciation);30/06/2024;Internal
221500002524;Unpatented software and technology;01/08/2022;1 563,39;-998,83;0;564,56;EUR;3;1,08;Cost model (i.e. value equals cost minus depreciation);30/06/2024;Internal
221500002717;Unpatented software and technology;01/08/2022;139 923,81;-89 395,77;0;50528,04;EUR;3;1,08;Cost model (i.e. value equals cost minus depreciation);30/06/2024;Internal
221500003098;Unpatented software and technology;01/08/2022;4 317,03;-2 758,10;0;1558,93;EUR;3;1,08;Cost model (i.e. value equals cost minus depreciation);30/06/2024;Internal
221500002991;Unpatented software and technology;01/08/2022;5 705,15;-3 644,96;0;2060,19;EUR;3;1,08;Cost model (i.e. value equals cost minus depreciation);30/06/2024;Internal
221500002976;Unpatented software and technology;01/08/2022;8 269,09;-5 283,03;0;2986,06;EUR;3;1,08;Cost model (i.e. value equals cost minus depreciation);30/06/2024;Internal
221500002522;Unpatented software and technology;01/08/2022;502 666,96;-321 148,34;0;181518,62;EUR;3;1,08;Cost model (i.e. value equals cost minus depreciation);30/06/2024;Internal
221500003101;Unpatented software and technology;01/08/2022;2 158,51;-1 379,04;0;779,47;EUR;3;1,08;Cost model (i.e. value equals cost minus depreciation);30/06/2024;Internal
221500002964;Unpatented software and technology;01/08/2022;311,35;-198,91;0;112,44;EUR;3;1,08;Cost model (i.e. value equals cost minus depreciation);30/06/2024;Internal
221500003094;Unpatented software and technology;01/08/2022;105 344,33;-67 303,33;0;38041;EUR;3;1,08;Cost model (i.e. value equals cost minus depreciation);30/06/2024;Internal
221500002650;Unpatented software and technology;01/09/2022;2 256,59;-1 379,03;0;877,56;EUR;3;1,17;Cost model (i.e. value equals cost minus depreciation);30/06/2024;Internal
221500002120;Unpatented software and technology;01/09/2022;2 699,96;-1 649,98;0;1049,98;EUR;3;1,17;Cost model (i.e. value equals cost minus depreciation);30/06/2024;Internal
221500002109;Unpatented software and technology;01/09/2022;1 692,03;-1 034,02;0;658,01;EUR;3;1,17;Cost model (i.e. value equals cost minus depreciation);30/06/2024;Internal
221500002107;Unpatented software and technology;01/09/2022;167,84;-102,57;0;65,27;EUR;3;1,17;Cost model (i.e. value equals cost minus depreciation);30/06/2024;Internal
221500002492;Unpatented software and technology;01/09/2022;4 469,78;-2 731,53;0;1738,25;EUR;3;1,17;Cost model (i.e. value equals cost minus depreciation);30/06/2024;Internal
221500002102;Unpatented software and technology;01/09/2022;60 018,54;-36 678,00;0;23340,54;EUR;3;1,17;Cost model (i.e. value equals cost minus depreciation);30/06/2024;Internal
221500002097;Unpatented software and technology;01/09/2022;4 943,90;-3 021,27;0;1922,63;EUR;3;1,17;Cost model (i.e. value equals cost minus depreciation);30/06/2024;Internal
221500002095;Unpatented software and technology;01/09/2022;31 066,87;-18 985,31;0;12081,56;EUR;3;1,17;Cost model (i.e. value equals cost minus depreciation);30/06/2024;Internal
221500002669;Unpatented software and technology;01/09/2022;75 224,99;-45 970,83;0;29254,16;EUR;3;1,17;Cost model (i.e. value equals cost minus depreciation);30/06/2024;Internal
221500002093;Unpatented software and technology;01/09/2022;1 433,95;-876,30;0;557,65;EUR;3;1,17;Cost model (i.e. value equals cost minus depreciation);30/06/2024;Internal
221500002494;Unpatented software and technology;01/09/2022;59 576,77;-36 408,02;0;23168,75;EUR;3;1,17;Cost model (i.e. value equals cost minus depreciation);30/06/2024;Internal
221500002666;Unpatented software and technology;01/09/2022;13 683,49;-8 362,13;0;5321,36;EUR;3;1,17;Cost model (i.e. value equals cost minus depreciation);30/06/2024;Internal
221500002496;Unpatented software and technology;01/09/2022;4 916,76;-3 004,69;0;1912,07;EUR;3;1,17;Cost model (i.e. value equals cost minus depreciation);30/06/2024;Internal
221500002662;Unpatented software and technology;01/09/2022;5 798,84;-3 543,74;0;2255,1;EUR;3;1,17;Cost model (i.e. value equals cost minus depreciation);30/06/2024;Internal
221500002497;Unpatented software and technology;01/09/2022;3 943,04;-2 409,64;0;1533,4;EUR;3;1,17;Cost model (i.e. value equals cost minus depreciation);30/06/2024;Internal
221500002634;Unpatented software and technology;01/09/2022;37 508,22;-22 921,69;0;14586,53;EUR;3;1,17;Cost model (i.e. value equals cost minus depreciation);30/06/2024;Internal
221500002603;Unpatented software and technology;01/09/2022;6 470,18;-3 954,00;0;2516,18;EUR;3;1,17;Cost model (i.e. value equals cost minus depreciation);30/06/2024;Internal
221500002607;Unpatented software and technology;01/09/2022;3 356,71;-2 051,32;0;1305,39;EUR;3;1,17;Cost model (i.e. value equals cost minus depreciation);30/06/2024;Internal
221500003032;Unpatented software and technology;01/09/2022;5 448,58;-3 329,69;0;2118,89;EUR;3;1,17;Cost model (i.e. value equals cost minus depreciation);30/06/2024;Internal
221500003033;Unpatented software and technology;01/09/2022;80 269,20;-49 053,40;0;31215,8;EUR;3;1,17;Cost model (i.e. value equals cost minus depreciation);30/06/2024;Internal
221500002625;Unpatented software and technology;01/09/2022;15 844,65;-9 682,84;0;6161,81;EUR;3;1,17;Cost model (i.e. value equals cost minus depreciation);30/06/2024;Internal
221500002658;Unpatented software and technology;01/09/2022;8 253,13;-5 043,58;0;3209,55;EUR;3;1,17;Cost model (i.e. value equals cost minus depreciation);30/06/2024;Internal
221500002631;Unpatented software and technology;01/09/2022;1 556,74;-951,34;0;605,4;EUR;3;1,17;Cost model (i.e. value equals cost minus depreciation);30/06/2024;Internal
221500002653;Unpatented software and technology;01/09/2022;2 895,30;-1 769,35;0;1125,95;EUR;3;1,17;Cost model (i.e. value equals cost minus depreciation);30/06/2024;Internal
221500002638;Unpatented software and technology;01/09/2022;63 162,13;-38 599,08;0;24563,05;EUR;3;1,17;Cost model (i.e. value equals cost minus depreciation);30/06/2024;Internal
221500002640;Unpatented software and technology;01/09/2022;22 633,48;-13 831,57;0;8801,91;EUR;3;1,17;Cost model (i.e. value equals cost minus depreciation);30/06/2024;Internal
221500002642;Unpatented software and technology;01/09/2022;9 386,53;-5 736,21;0;3650,32;EUR;3;1,17;Cost model (i.e. value equals cost minus depreciation);30/06/2024;Internal
221500002646;Unpatented software and technology;01/09/2022;71 913,79;-43 947,31;0;27966,48;EUR;3;1,17;Cost model (i.e. value equals cost minus depreciation);30/06/2024;Internal
221500002648;Unpatented software and technology;01/09/2022;82 067,93;-50 152,63;0;31915,3;EUR;3;1,17;Cost model (i.e. value equals cost minus depreciation);30/06/2024;Internal
221500002126;Unpatented software and technology;01/09/2022;12 075,09;-7 379,22;0;4695,87;EUR;3;1,17;Cost model (i.e. value equals cost minus depreciation);30/06/2024;Internal
221500002628;Unpatented software and technology;01/09/2022;6 308,43;-3 855,15;0;2453,28;EUR;3;1,17;Cost model (i.e. value equals cost minus depreciation);30/06/2024;Internal
221500002250;Unpatented software and technology;01/09/2022;7 053,96;-4 310,75;0;2743,21;EUR;3;1,17;Cost model (i.e. value equals cost minus depreciation);30/06/2024;Internal
221500002122;Unpatented software and technology;01/09/2022;1 602,96;-979,59;0;623,37;EUR;3;1,17;Cost model (i.e. value equals cost minus depreciation);30/06/2024;Internal
221500002208;Unpatented software and technology;01/09/2022;17 490,48;-10 688,63;0;6801,85;EUR;3;1,17;Cost model (i.e. value equals cost minus depreciation);30/06/2024;Internal
221500002469;Unpatented software and technology;01/09/2022;15 545,47;-9 500,01;0;6045,46;EUR;3;1,17;Cost model (i.e. value equals cost minus depreciation);30/06/2024;Internal
221500002215;Unpatented software and technology;01/09/2022;75,70;-46,26;0;29,44;EUR;3;1,17;Cost model (i.e. value equals cost minus depreciation);30/06/2024;Internal
221500002465;Unpatented software and technology;01/09/2022;105 509,00;-64 477,72;0;41031,28;EUR;3;1,17;Cost model (i.e. value equals cost minus depreciation);30/06/2024;Internal
221500002199;Unpatented software and technology;01/09/2022;15 209,22;-9 294,52;0;5914,7;EUR;3;1,17;Cost model (i.e. value equals cost minus depreciation);30/06/2024;Internal
221500002239;Unpatented software and technology;01/09/2022;5 915,60;-3 615,09;0;2300,51;EUR;3;1,17;Cost model (i.e. value equals cost minus depreciation);30/06/2024;Internal
221500002470;Unpatented software and technology;01/09/2022;933,44;-570,44;0;363;EUR;3;1,17;Cost model (i.e. value equals cost minus depreciation);30/06/2024;Internal
221500002253;Unpatented software and technology;01/09/2022;21 891,60;-13 378,20;0;8513,4;EUR;3;1,17;Cost model (i.e. value equals cost minus depreciation);30/06/2024;Internal
221500002263;Unpatented software and technology;01/09/2022;10 293,92;-6 290,73;0;4003,19;EUR;3;1,17;Cost model (i.e. value equals cost minus depreciation);30/06/2024;Internal
221500002266;Unpatented software and technology;01/09/2022;4 228,12;-2 583,85;0;1644,27;EUR;3;1,17;Cost model (i.e. value equals cost minus depreciation);30/06/2024;Internal
221500002269;Unpatented software and technology;01/09/2022;467 185,01;-285 501,96;0;181683,05;EUR;3;1,17;Cost model (i.e. value equals cost minus depreciation);30/06/2024;Internal
221500002273;Unpatented software and technology;01/09/2022;3 699,68;-2 260,92;0;1438,76;EUR;3;1,17;Cost model (i.e. value equals cost minus depreciation);30/06/2024;Internal
221500002274;Unpatented software and technology;01/09/2022;76 744,96;-46 899,70;0;29845,26;EUR;3;1,17;Cost model (i.e. value equals cost minus depreciation);30/06/2024;Internal
221500002221;Unpatented software and technology;01/09/2022;7 394,50;-4 518,86;0;2875,64;EUR;3;1,17;Cost model (i.e. value equals cost minus depreciation);30/06/2024;Internal
221500002162;Unpatented software and technology;01/09/2022;33 851,40;-20 686,97;0;13164,43;EUR;3;1,17;Cost model (i.e. value equals cost minus depreciation);30/06/2024;Internal
221500002278;Unpatented software and technology;01/09/2022;27 799,90;-16 988,83;0;10811,07;EUR;3;1,17;Cost model (i.e. value equals cost minus depreciation);30/06/2024;Internal
221500002128;Unpatented software and technology;01/09/2022;770,41;-470,80;0;299,61;EUR;3;1,17;Cost model (i.e. value equals cost minus depreciation);30/06/2024;Internal
221500002134;Unpatented software and technology;01/09/2022;6 235,70;-3 810,71;0;2424,99;EUR;3;1,17;Cost model (i.e. value equals cost minus depreciation);30/06/2024;Internal
221500002481;Unpatented software and technology;01/09/2022;5 073,99;-3 100,77;0;1973,22;EUR;3;1,17;Cost model (i.e. value equals cost minus depreciation);30/06/2024;Internal
221500002478;Unpatented software and technology;01/09/2022;64 900,30;-39 661,30;0;25239;EUR;3;1,17;Cost model (i.e. value equals cost minus depreciation);30/06/2024;Internal
221500002204;Unpatented software and technology;01/09/2022;15 209,23;-9 294,53;0;5914,7;EUR;3;1,17;Cost model (i.e. value equals cost minus depreciation);30/06/2024;Internal
221500002157;Unpatented software and technology;01/09/2022;3 128,85;-1 912,08;0;1216,77;EUR;3;1,17;Cost model (i.e. value equals cost minus depreciation);30/06/2024;Internal
221500002124;Unpatented software and technology;01/09/2022;75,40;-46,08;0;29,32;EUR;3;1,17;Cost model (i.e. value equals cost minus depreciation);30/06/2024;Internal
221500002166;Unpatented software and technology;01/09/2022;1 894,84;-1 157,96;0;736,88;EUR;3;1,17;Cost model (i.e. value equals cost minus depreciation);30/06/2024;Internal
221500002177;Unpatented software and technology;01/09/2022;671,34;-410,26;0;261,08;EUR;3;1,17;Cost model (i.e. value equals cost minus depreciation);30/06/2024;Internal
221500002180;Unpatented software and technology;01/09/2022;53 887,39;-32 931,18;0;20956,21;EUR;3;1,17;Cost model (i.e. value equals cost minus depreciation);30/06/2024;Internal
221500002185;Unpatented software and technology;01/09/2022;18 092,19;-11 056,34;0;7035,85;EUR;3;1,17;Cost model (i.e. value equals cost minus depreciation);30/06/2024;Internal
221500002192;Unpatented software and technology;01/09/2022;340,54;-208,11;0;132,43;EUR;3;1,17;Cost model (i.e. value equals cost minus depreciation);30/06/2024;Internal
221500002195;Unpatented software and technology;01/09/2022;9 194,47;-5 618,84;0;3575,63;EUR;3;1,17;Cost model (i.e. value equals cost minus depreciation);30/06/2024;Internal
221500002153;Unpatented software and technology;01/09/2022;8 683,96;-5 306,87;0;3377,09;EUR;3;1,17;Cost model (i.e. value equals cost minus depreciation);30/06/2024;Internal
221500002314;Unpatented software and technology;01/10/2022;3 405,36;-1 986,46;0;1418,9;EUR;3;1,25;Cost model (i.e. value equals cost minus depreciation);30/06/2024;Internal
221500001831;Unpatented software and technology;01/10/2022;116 982,85;-68 239,99;0;48742,86;EUR;3;1,25;Cost model (i.e. value equals cost minus depreciation);30/06/2024;Internal
221500001824;Unpatented software and technology;01/10/2022;72 265,34;-42 154,78;0;30110,56;EUR;3;1,25;Cost model (i.e. value equals cost minus depreciation);30/06/2024;Internal
221500001828;Unpatented software and technology;01/10/2022;2 043,22;-1 191,88;0;851,34;EUR;3;1,25;Cost model (i.e. value equals cost minus depreciation);30/06/2024;Internal
221500001829;Unpatented software and technology;01/10/2022;6 527,56;-3 807,74;0;2719,82;EUR;3;1,25;Cost model (i.e. value equals cost minus depreciation);30/06/2024;Internal
221500001832;Unpatented software and technology;01/10/2022;24 624,93;-14 364,54;0;10260,39;EUR;3;1,25;Cost model (i.e. value equals cost minus depreciation);30/06/2024;Internal
221500001821;Unpatented software and technology;01/10/2022;11 621,42;-6 779,16;0;4842,26;EUR;3;1,25;Cost model (i.e. value equals cost minus depreciation);30/06/2024;Internal
221500002312;Unpatented software and technology;01/10/2022;1 520,25;-886,81;0;633,44;EUR;3;1,25;Cost model (i.e. value equals cost minus depreciation);30/06/2024;Internal
221500001820;Unpatented software and technology;01/10/2022;14 686,15;-8 566,92;0;6119,23;EUR;3;1,25;Cost model (i.e. value equals cost minus depreciation);30/06/2024;Internal
221500002316;Unpatented software and technology;01/10/2022;9 113,72;-5 316,34;0;3797,38;EUR;3;1,25;Cost model (i.e. value equals cost minus depreciation);30/06/2024;Internal
221500002317;Unpatented software and technology;01/10/2022;1 691,52;-986,72;0;704,8;EUR;3;1,25;Cost model (i.e. value equals cost minus depreciation);30/06/2024;Internal
221500002318;Unpatented software and technology;01/10/2022;8 469,96;-4 940,81;0;3529,15;EUR;3;1,25;Cost model (i.e. value equals cost minus depreciation);30/06/2024;Internal
221500002319;Unpatented software and technology;01/10/2022;5 619,35;-3 277,96;0;2341,39;EUR;3;1,25;Cost model (i.e. value equals cost minus depreciation);30/06/2024;Internal
221500002468;Unpatented software and technology;01/10/2022;5 404,60;-3 152,68;0;2251,92;EUR;3;1,25;Cost model (i.e. value equals cost minus depreciation);30/06/2024;Internal
221500002598;Unpatented software and technology;01/10/2022;11 918,76;-6 952,61;0;4966,15;EUR;3;1,25;Cost model (i.e. value equals cost minus depreciation);30/06/2024;Internal
221500002287;Unpatented software and technology;01/10/2022;11 280,79;-6 580,46;0;4700,33;EUR;3;1,25;Cost model (i.e. value equals cost minus depreciation);30/06/2024;Internal
221500001805;Unpatented software and technology;01/10/2022;972,96;-567,56;0;405,4;EUR;3;1,25;Cost model (i.e. value equals cost minus depreciation);30/06/2024;Internal
221500001787;Unpatented software and technology;01/10/2022;29 312,85;-17 099,16;0;12213,69;EUR;3;1,25;Cost model (i.e. value equals cost minus depreciation);30/06/2024;Internal
221500001789;Unpatented software and technology;01/10/2022;17 490,48;-10 202,78;0;7287,7;EUR;3;1,25;Cost model (i.e. value equals cost minus depreciation);30/06/2024;Internal
221500001790;Unpatented software and technology;01/10/2022;475 554,70;-277 406,91;0;198147,79;EUR;3;1,25;Cost model (i.e. value equals cost minus depreciation);30/06/2024;Internal
221500001795;Unpatented software and technology;01/10/2022;40 435,00;-23 587,08;0;16847,92;EUR;3;1,25;Cost model (i.e. value equals cost minus depreciation);30/06/2024;Internal
221500001798;Unpatented software and technology;01/10/2022;1 094,58;-638,51;0;456,07;EUR;3;1,25;Cost model (i.e. value equals cost minus depreciation);30/06/2024;Internal
221500001823;Unpatented software and technology;01/10/2022;11 816,97;-6 893,23;0;4923,74;EUR;3;1,25;Cost model (i.e. value equals cost minus depreciation);30/06/2024;Internal
221500001802;Unpatented software and technology;01/10/2022;2 918,88;-1 702,68;0;1216,2;EUR;3;1,25;Cost model (i.e. value equals cost minus depreciation);30/06/2024;Internal
221500001785;Unpatented software and technology;01/10/2022;417 980,97;-243 822,23;0;174158,74;EUR;3;1,25;Cost model (i.e. value equals cost minus depreciation);30/06/2024;Internal
221500001806;Unpatented software and technology;01/10/2022;1 459,44;-851,34;0;608,1;EUR;3;1,25;Cost model (i.e. value equals cost minus depreciation);30/06/2024;Internal
221500001808;Unpatented software and technology;01/10/2022;4 378,32;-2 554,02;0;1824,3;EUR;3;1,25;Cost model (i.e. value equals cost minus depreciation);30/06/2024;Internal
221500001810;Unpatented software and technology;01/10/2022;1 094,58;-638,51;0;456,07;EUR;3;1,25;Cost model (i.e. value equals cost minus depreciation);30/06/2024;Internal
221500001812;Unpatented software and technology;01/10/2022;3 648,60;-2 128,35;0;1520,25;EUR;3;1,25;Cost model (i.e. value equals cost minus depreciation);30/06/2024;Internal
221500001817;Unpatented software and technology;01/10/2022;1 658,51;-967,47;0;691,04;EUR;3;1,25;Cost model (i.e. value equals cost minus depreciation);30/06/2024;Internal
221500001818;Unpatented software and technology;01/10/2022;94 358,82;-55 042,65;0;39316,17;EUR;3;1,25;Cost model (i.e. value equals cost minus depreciation);30/06/2024;Internal
221500001800;Unpatented software and technology;01/10/2022;103 418,42;-60 327,41;0;43091,01;EUR;3;1,25;Cost model (i.e. value equals cost minus depreciation);30/06/2024;Internal
221500001416;Unpatented software and technology;01/11/2022;11 500,39;-6 389,10;0;5111,29;EUR;3;1,34;Cost model (i.e. value equals cost minus depreciation);30/06/2024;Internal
221500001479;Unpatented software and technology;01/11/2022;521 795,14;-289 886,19;0;231908,95;EUR;3;1,34;Cost model (i.e. value equals cost minus depreciation);30/06/2024;Internal
221500001471;Unpatented software and technology;01/11/2022;17 513,28;-9 729,60;0;7783,68;EUR;3;1,34;Cost model (i.e. value equals cost minus depreciation);30/06/2024;Internal
221500001460;Unpatented software and technology;01/11/2022;130 493,40;-72 496,33;0;57997,07;EUR;3;1,34;Cost model (i.e. value equals cost minus depreciation);30/06/2024;Internal
221500001433;Unpatented software and technology;01/11/2022;77,84;-43,24;0;34,6;EUR;3;1,34;Cost model (i.e. value equals cost minus depreciation);30/06/2024;Internal
221500001430;Unpatented software and technology;01/11/2022;6 129,65;-3 405,37;0;2724,28;EUR;3;1,34;Cost model (i.e. value equals cost minus depreciation);30/06/2024;Internal
221500001427;Unpatented software and technology;01/11/2022;4 174,00;-2 318,89;0;1855,11;EUR;3;1,34;Cost model (i.e. value equals cost minus depreciation);30/06/2024;Internal
221500001400;Unpatented software and technology;01/11/2022;2 849,92;-1 583,29;0;1266,63;EUR;3;1,34;Cost model (i.e. value equals cost minus depreciation);30/06/2024;Internal
221500001421;Unpatented software and technology;01/11/2022;12 186,32;-6 770,18;0;5416,14;EUR;3;1,34;Cost model (i.e. value equals cost minus depreciation);30/06/2024;Internal
221500001486;Unpatented software and technology;01/11/2022;6 412,61;-3 562,57;0;2850,04;EUR;3;1,34;Cost model (i.e. value equals cost minus depreciation);30/06/2024;Internal
221500001413;Unpatented software and technology;01/11/2022;93,04;-51,69;0;41,35;EUR;3;1,34;Cost model (i.e. value equals cost minus depreciation);30/06/2024;Internal
221500001410;Unpatented software and technology;01/11/2022;4 512,41;-2 506,90;0;2005,51;EUR;3;1,34;Cost model (i.e. value equals cost minus depreciation);30/06/2024;Internal
221500001408;Unpatented software and technology;01/11/2022;69 398,20;-38 554,56;0;30843,64;EUR;3;1,34;Cost model (i.e. value equals cost minus depreciation);30/06/2024;Internal
221500001406;Unpatented software and technology;01/11/2022;90 271,84;-50 151,02;0;40120,82;EUR;3;1,34;Cost model (i.e. value equals cost minus depreciation);30/06/2024;Internal
221500001404;Unpatented software and technology;01/11/2022;93 188,10;-51 771,17;0;41416,93;EUR;3;1,34;Cost model (i.e. value equals cost minus depreciation);30/06/2024;Internal
221500001403;Unpatented software and technology;01/11/2022;73 333,46;-40 740,81;0;32592,65;EUR;3;1,34;Cost model (i.e. value equals cost minus depreciation);30/06/2024;Internal
221500001424;Unpatented software and technology;01/11/2022;583,78;-324,32;0;259,46;EUR;3;1,34;Cost model (i.e. value equals cost minus depreciation);30/06/2024;Internal
221500001566;Unpatented software and technology;01/11/2022;21 890,05;-12 161,13;0;9728,92;EUR;3;1,34;Cost model (i.e. value equals cost minus depreciation);30/06/2024;Internal
221500001330;Unpatented software and technology;01/11/2022;55 846,44;-31 025,80;0;24820,64;EUR;3;1,34;Cost model (i.e. value equals cost minus depreciation);30/06/2024;Internal
221500001999;Unpatented software and technology;01/11/2022;12 642,65;-7 023,70;0;5618,95;EUR;3;1,34;Cost model (i.e. value equals cost minus depreciation);30/06/2024;Internal
221500001956;Unpatented software and technology;01/11/2022;2 411,58;-1 339,77;0;1071,81;EUR;3;1,34;Cost model (i.e. value equals cost minus depreciation);30/06/2024;Internal
221500001954;Unpatented software and technology;01/11/2022;69 809,15;-38 782,87;0;31026,28;EUR;3;1,34;Cost model (i.e. value equals cost minus depreciation);30/06/2024;Internal
221500001952;Unpatented software and technology;01/11/2022;7 656,51;-4 253,62;0;3402,89;EUR;3;1,34;Cost model (i.e. value equals cost minus depreciation);30/06/2024;Internal
221500001575;Unpatented software and technology;01/11/2022;8 348,00;-4 637,78;0;3710,22;EUR;3;1,34;Cost model (i.e. value equals cost minus depreciation);30/06/2024;Internal
221500001482;Unpatented software and technology;01/11/2022;77 124,11;-42 846,73;0;34277,38;EUR;3;1,34;Cost model (i.e. value equals cost minus depreciation);30/06/2024;Internal
221500001569;Unpatented software and technology;01/11/2022;1 892,41;-1 051,33;0;841,08;EUR;3;1,34;Cost model (i.e. value equals cost minus depreciation);30/06/2024;Internal
221500001484;Unpatented software and technology;01/11/2022;72 414,66;-40 230,37;0;32184,29;EUR;3;1,34;Cost model (i.e. value equals cost minus depreciation);30/06/2024;Internal
221500001563;Unpatented software and technology;01/11/2022;3 379,67;-1 877,60;0;1502,07;EUR;3;1,34;Cost model (i.e. value equals cost minus depreciation);30/06/2024;Internal
221500001560;Unpatented software and technology;01/11/2022;241 903,15;-134 390,63;0;107512,52;EUR;3;1,34;Cost model (i.e. value equals cost minus depreciation);30/06/2024;Internal
221500001554;Unpatented software and technology;01/11/2022;901,37;-500,77;0;400,6;EUR;3;1,34;Cost model (i.e. value equals cost minus depreciation);30/06/2024;Internal
221500001552;Unpatented software and technology;01/11/2022;13 314,91;-7 397,17;0;5917,74;EUR;3;1,34;Cost model (i.e. value equals cost minus depreciation);30/06/2024;Internal
221500001542;Unpatented software and technology;01/11/2022;17 490,48;-9 716,93;0;7773,55;EUR;3;1,34;Cost model (i.e. value equals cost minus depreciation);30/06/2024;Internal
221500001488;Unpatented software and technology;01/11/2022;42 086,66;-23 381,48;0;18705,18;EUR;3;1,34;Cost model (i.e. value equals cost minus depreciation);30/06/2024;Internal
221500001555;Unpatented software and technology;01/11/2022;8 464,83;-4 702,68;0;3762,15;EUR;3;1,34;Cost model (i.e. value equals cost minus depreciation);30/06/2024;Internal
221500001573;Unpatented software and technology;01/11/2022;14 341,43;-7 967,47;0;6373,96;EUR;3;1,34;Cost model (i.e. value equals cost minus depreciation);30/06/2024;Internal
221500001336;Unpatented software and technology;01/11/2022;5 108,04;-2 837,80;0;2270,24;EUR;3;1,34;Cost model (i.e. value equals cost minus depreciation);30/06/2024;Internal
221500001361;Unpatented software and technology;01/11/2022;21 453,77;-11 918,77;0;9535;EUR;3;1,34;Cost model (i.e. value equals cost minus depreciation);30/06/2024;Internal
221500001360;Unpatented software and technology;01/11/2022;56 260,81;-31 256,00;0;25004,81;EUR;3;1,34;Cost model (i.e. value equals cost minus depreciation);30/06/2024;Internal
221500001357;Unpatented software and technology;01/11/2022;35 022,25;-19 456,80;0;15565,45;EUR;3;1,34;Cost model (i.e. value equals cost minus depreciation);30/06/2024;Internal
221500001354;Unpatented software and technology;01/11/2022;5 407,23;-3 004,02;0;2403,21;EUR;3;1,34;Cost model (i.e. value equals cost minus depreciation);30/06/2024;Internal
221500001351;Unpatented software and technology;01/11/2022;539,93;-299,97;0;239,96;EUR;3;1,34;Cost model (i.e. value equals cost minus depreciation);30/06/2024;Internal
221500001345;Unpatented software and technology;01/11/2022;3 162,12;-1 756,73;0;1405,39;EUR;3;1,34;Cost model (i.e. value equals cost minus depreciation);30/06/2024;Internal
221500001326;Unpatented software and technology;01/11/2022;147 510,47;-81 950,27;0;65560,2;EUR;3;1,34;Cost model (i.e. value equals cost minus depreciation);30/06/2024;Internal
221500001363;Unpatented software and technology;01/11/2022;32 529,70;-18 072,06;0;14457,64;EUR;3;1,34;Cost model (i.e. value equals cost minus depreciation);30/06/2024;Internal
221500001340;Unpatented software and technology;01/11/2022;17 980,30;-9 989,06;0;7991,24;EUR;3;1,34;Cost model (i.e. value equals cost minus depreciation);30/06/2024;Internal
221500001347;Unpatented software and technology;01/11/2022;17 493,82;-9 718,79;0;7775,03;EUR;3;1,34;Cost model (i.e. value equals cost minus depreciation);30/06/2024;Internal
221500000965;Unpatented software and technology;01/11/2022;127 701,00;-70 945,00;0;56756;EUR;3;1,34;Cost model (i.e. value equals cost minus depreciation);30/06/2024;Internal
221500001333;Unpatented software and technology;01/11/2022;21 891,60;-12 162,00;0;9729,6;EUR;3;1,34;Cost model (i.e. value equals cost minus depreciation);30/06/2024;Internal
221500001397;Unpatented software and technology;01/11/2022;6 350,51;-3 528,07;0;2822,44;EUR;3;1,34;Cost model (i.e. value equals cost minus depreciation);30/06/2024;Internal
221500001310;Unpatented software and technology;01/11/2022;10 424,62;-5 791,46;0;4633,16;EUR;3;1,34;Cost model (i.e. value equals cost minus depreciation);30/06/2024;Internal
221500001313;Unpatented software and technology;01/11/2022;2 248,75;-1 249,30;0;999,45;EUR;3;1,34;Cost model (i.e. value equals cost minus depreciation);30/06/2024;Internal
221500001316;Unpatented software and technology;01/11/2022;17 382,98;-9 657,21;0;7725,77;EUR;3;1,34;Cost model (i.e. value equals cost minus depreciation);30/06/2024;Internal
221500001318;Unpatented software and technology;01/11/2022;123 818,89;-68 788,27;0;55030,62;EUR;3;1,34;Cost model (i.e. value equals cost minus depreciation);30/06/2024;Internal
221500001343;Unpatented software and technology;01/11/2022;4 545,86;-2 525,48;0;2020,38;EUR;3;1,34;Cost model (i.e. value equals cost minus depreciation);30/06/2024;Internal
221500001383;Unpatented software and technology;01/11/2022;15 237,47;-8 465,27;0;6772,2;EUR;3;1,34;Cost model (i.e. value equals cost minus depreciation);30/06/2024;Internal
221500001394;Unpatented software and technology;01/11/2022;46 466,50;-25 814,72;0;20651,78;EUR;3;1,34;Cost model (i.e. value equals cost minus depreciation);30/06/2024;Internal
221500001391;Unpatented software and technology;01/11/2022;69 302,72;-38 501,51;0;30801,21;EUR;3;1,34;Cost model (i.e. value equals cost minus depreciation);30/06/2024;Internal
221500001388;Unpatented software and technology;01/11/2022;13 083,88;-7 268,82;0;5815,06;EUR;3;1,34;Cost model (i.e. value equals cost minus depreciation);30/06/2024;Internal
221500001385;Unpatented software and technology;01/11/2022;65 232,10;-36 240,06;0;28992,04;EUR;3;1,34;Cost model (i.e. value equals cost minus depreciation);30/06/2024;Internal
221500001365;Unpatented software and technology;01/11/2022;48 671,11;-27 039,50;0;21631,61;EUR;3;1,34;Cost model (i.e. value equals cost minus depreciation);30/06/2024;Internal
221500001380;Unpatented software and technology;01/11/2022;152 822,83;-84 901,57;0;67921,26;EUR;3;1,34;Cost model (i.e. value equals cost minus depreciation);30/06/2024;Internal
221500001377;Unpatented software and technology;01/11/2022;17 490,48;-9 716,93;0;7773,55;EUR;3;1,34;Cost model (i.e. value equals cost minus depreciation);30/06/2024;Internal
221500001374;Unpatented software and technology;01/11/2022;15 209,22;-8 449,57;0;6759,65;EUR;3;1,34;Cost model (i.e. value equals cost minus depreciation);30/06/2024;Internal
221500001371;Unpatented software and technology;01/11/2022;21 891,60;-12 162,00;0;9729,6;EUR;3;1,34;Cost model (i.e. value equals cost minus depreciation);30/06/2024;Internal
221500000745;Unpatented software and technology;01/12/2022;5 691,82;-3 004,02;0;2687,8;EUR;3;1,42;Cost model (i.e. value equals cost minus depreciation);30/06/2024;Internal
221500000744;Unpatented software and technology;01/12/2022;66 420,94;-35 055,50;0;31365,44;EUR;3;1,42;Cost model (i.e. value equals cost minus depreciation);30/06/2024;Internal
221500000743;Unpatented software and technology;01/12/2022;11 812,70;-6 234,48;0;5578,22;EUR;3;1,42;Cost model (i.e. value equals cost minus depreciation);30/06/2024;Internal
221500000742;Unpatented software and technology;01/12/2022;9 833,51;-5 189,91;0;4643,6;EUR;3;1,42;Cost model (i.e. value equals cost minus depreciation);30/06/2024;Internal
221500000740;Unpatented software and technology;01/12/2022;20 449,19;-10 792,63;0;9656,56;EUR;3;1,42;Cost model (i.e. value equals cost minus depreciation);30/06/2024;Internal
221500000746;Unpatented software and technology;01/12/2022;10 562,70;-5 574,76;0;4987,94;EUR;3;1,42;Cost model (i.e. value equals cost minus depreciation);30/06/2024;Internal
221500000736;Unpatented software and technology;01/12/2022;244 410,96;-128 994,67;0;115416,29;EUR;3;1,42;Cost model (i.e. value equals cost minus depreciation);30/06/2024;Internal
221500001228;Unpatented software and technology;01/12/2022;14 749,97;-7 784,71;0;6965,26;EUR;3;1,42;Cost model (i.e. value equals cost minus depreciation);30/06/2024;Internal
221500000730;Unpatented software and technology;01/12/2022;2 337,54;-1 233,70;0;1103,84;EUR;3;1,42;Cost model (i.e. value equals cost minus depreciation);30/06/2024;Internal
221500000728;Unpatented software and technology;01/12/2022;44 999,40;-23 749,68;0;21249,72;EUR;3;1,42;Cost model (i.e. value equals cost minus depreciation);30/06/2024;Internal
221500000725;Unpatented software and technology;01/12/2022;11 249,85;-5 937,42;0;5312,43;EUR;3;1,42;Cost model (i.e. value equals cost minus depreciation);30/06/2024;Internal
221500000724;Unpatented software and technology;01/12/2022;11 249,85;-5 937,42;0;5312,43;EUR;3;1,42;Cost model (i.e. value equals cost minus depreciation);30/06/2024;Internal
221500000721;Unpatented software and technology;01/12/2022;7 212,07;-3 806,37;0;3405,7;EUR;3;1,42;Cost model (i.e. value equals cost minus depreciation);30/06/2024;Internal
221500000719;Unpatented software and technology;01/12/2022;18 289,22;-9 652,64;0;8636,58;EUR;3;1,42;Cost model (i.e. value equals cost minus depreciation);30/06/2024;Internal
221500000717;Unpatented software and technology;01/12/2022;16 754,37;-8 842,58;0;7911,79;EUR;3;1,42;Cost model (i.e. value equals cost minus depreciation);30/06/2024;Internal
221500000738;Unpatented software and technology;01/12/2022;3 863,87;-2 039,27;0;1824,6;EUR;3;1,42;Cost model (i.e. value equals cost minus depreciation);30/06/2024;Internal
221500001101;Unpatented software and technology;01/12/2022;54 955,21;-29 004,13;0;25951,08;EUR;3;1,42;Cost model (i.e. value equals cost minus depreciation);30/06/2024;Internal
221500000786;Unpatented software and technology;01/12/2022;28 345,06;-14 959,89;0;13385,17;EUR;3;1,42;Cost model (i.e. value equals cost minus depreciation);30/06/2024;Internal
221500000783;Unpatented software and technology;01/12/2022;105 660,48;-55 765,25;0;49895,23;EUR;3;1,42;Cost model (i.e. value equals cost minus depreciation);30/06/2024;Internal
221500001105;Unpatented software and technology;01/12/2022;43 732,12;-23 080,84;0;20651,28;EUR;3;1,42;Cost model (i.e. value equals cost minus depreciation);30/06/2024;Internal
221500001104;Unpatented software and technology;01/12/2022;1 231,41;-649,91;0;581,5;EUR;3;1,42;Cost model (i.e. value equals cost minus depreciation);30/06/2024;Internal
221500001103;Unpatented software and technology;01/12/2022;47 869,63;-25 264,52;0;22605,11;EUR;3;1,42;Cost model (i.e. value equals cost minus depreciation);30/06/2024;Internal
221500001102;Unpatented software and technology;01/12/2022;159 424,36;-84 140,63;0;75283,73;EUR;3;1,42;Cost model (i.e. value equals cost minus depreciation);30/06/2024;Internal
221500000782;Unpatented software and technology;01/12/2022;12 668,97;-6 686,40;0;5982,57;EUR;3;1,42;Cost model (i.e. value equals cost minus depreciation);30/06/2024;Internal
221500000779;Unpatented software and technology;01/12/2022;6 320,59;-3 335,86;0;2984,73;EUR;3;1,42;Cost model (i.e. value equals cost minus depreciation);30/06/2024;Internal
221500001236;Unpatented software and technology;01/12/2022;1 860,79;-982,08;0;878,71;EUR;3;1,42;Cost model (i.e. value equals cost minus depreciation);30/06/2024;Internal
221500001214;Unpatented software and technology;01/12/2022;46 555,53;-24 570,97;0;21984,56;EUR;3;1,42;Cost model (i.e. value equals cost minus depreciation);30/06/2024;Internal
221500000747;Unpatented software and technology;01/12/2022;8 951,23;-4 724,26;0;4226,97;EUR;3;1,42;Cost model (i.e. value equals cost minus depreciation);30/06/2024;Internal
221500001100;Unpatented software and technology;01/12/2022;12 307,94;-6 495,86;0;5812,08;EUR;3;1,42;Cost model (i.e. value equals cost minus depreciation);30/06/2024;Internal
221500001248;Unpatented software and technology;01/12/2022;65 587,54;-34 615,65;0;30971,89;EUR;3;1,42;Cost model (i.e. value equals cost minus depreciation);30/06/2024;Internal
221500001099;Unpatented software and technology;01/12/2022;14 965,95;-7 898,70;0;7067,25;EUR;3;1,42;Cost model (i.e. value equals cost minus depreciation);30/06/2024;Internal
221500000714;Unpatented software and technology;01/12/2022;22 667,64;-11 963,48;0;10704,16;EUR;3;1,42;Cost model (i.e. value equals cost minus depreciation);30/06/2024;Internal
221500001098;Unpatented software and technology;01/12/2022;9 112,38;-4 809,31;0;4303,07;EUR;3;1,42;Cost model (i.e. value equals cost minus depreciation);30/06/2024;Internal
221500001097;Unpatented software and technology;01/12/2022;3 085,50;-1 628,46;0;1457,04;EUR;3;1,42;Cost model (i.e. value equals cost minus depreciation);30/06/2024;Internal
221500001233;Unpatented software and technology;01/12/2022;13 689,55;-7 225,04;0;6464,51;EUR;3;1,42;Cost model (i.e. value equals cost minus depreciation);30/06/2024;Internal
221500001225;Unpatented software and technology;01/12/2022;2 234,89;-1 179,52;0;1055,37;EUR;3;1,42;Cost model (i.e. value equals cost minus depreciation);30/06/2024;Internal
221500000777;Unpatented software and technology;01/12/2022;2 845,91;-1 502,01;0;1343,9;EUR;3;1,42;Cost model (i.e. value equals cost minus depreciation);30/06/2024;Internal
221500001465;Unpatented software and technology;01/12/2022;972,96;-513,51;0;459,45;EUR;3;1,42;Cost model (i.e. value equals cost minus depreciation);30/06/2024;Internal
221500000691;Unpatented software and technology;01/12/2022;15 119,80;-7 979,89;0;7139,91;EUR;3;1,42;Cost model (i.e. value equals cost minus depreciation);30/06/2024;Internal
221500001217;Unpatented software and technology;01/12/2022;8 282,32;-4 371,22;0;3911,1;EUR;3;1,42;Cost model (i.e. value equals cost minus depreciation);30/06/2024;Internal
221500001269;Unpatented software and technology;01/12/2022;1 087,28;-573,84;0;513,44;EUR;3;1,42;Cost model (i.e. value equals cost minus depreciation);30/06/2024;Internal
221500001530;Unpatented software and technology;01/12/2022;1 206,47;-636,75;0;569,72;EUR;3;1,42;Cost model (i.e. value equals cost minus depreciation);30/06/2024;Internal
221500001519;Unpatented software and technology;01/12/2022;2 918,88;-1 540,52;0;1378,36;EUR;3;1,42;Cost model (i.e. value equals cost minus depreciation);30/06/2024;Internal
221500001517;Unpatented software and technology;01/12/2022;1 216,20;-641,88;0;574,32;EUR;3;1,42;Cost model (i.e. value equals cost minus depreciation);30/06/2024;Internal
221500001287;Unpatented software and technology;01/12/2022;2 819,15;-1 487,89;0;1331,26;EUR;3;1,42;Cost model (i.e. value equals cost minus depreciation);30/06/2024;Internal
221500001262;Unpatented software and technology;01/12/2022;82,10;-43,33;0;38,77;EUR;3;1,42;Cost model (i.e. value equals cost minus depreciation);30/06/2024;Internal
221500001468;Unpatented software and technology;01/12/2022;668 080,02;-352 597,79;0;315482,23;EUR;3;1,42;Cost model (i.e. value equals cost minus depreciation);30/06/2024;Internal
221500001578;Unpatented software and technology;01/12/2022;134 205,18;-70 830,51;0;63374,67;EUR;3;1,42;Cost model (i.e. value equals cost minus depreciation);30/06/2024;Internal
221500001463;Unpatented software and technology;01/12/2022;486,48;-256,75;0;229,73;EUR;3;1,42;Cost model (i.e. value equals cost minus depreciation);30/06/2024;Internal
221500001285;Unpatented software and technology;01/12/2022;93 873,86;-49 544,54;0;44329,32;EUR;3;1,42;Cost model (i.e. value equals cost minus depreciation);30/06/2024;Internal
221500001273;Unpatented software and technology;01/12/2022;102 073,17;-53 871,95;0;48201,22;EUR;3;1,42;Cost model (i.e. value equals cost minus depreciation);30/06/2024;Internal
221500001276;Unpatented software and technology;01/12/2022;14 970,82;-7 901,27;0;7069,55;EUR;3;1,42;Cost model (i.e. value equals cost minus depreciation);30/06/2024;Internal
221500001283;Unpatented software and technology;01/12/2022;2 860,49;-1 509,71;0;1350,78;EUR;3;1,42;Cost model (i.e. value equals cost minus depreciation);30/06/2024;Internal
221500001281;Unpatented software and technology;01/12/2022;55 998,49;-29 554,75;0;26443,74;EUR;3;1,42;Cost model (i.e. value equals cost minus depreciation);30/06/2024;Internal
221500001279;Unpatented software and technology;01/12/2022;1 430,47;-754,97;0;675,5;EUR;3;1,42;Cost model (i.e. value equals cost minus depreciation);30/06/2024;Internal
221500001473;Unpatented software and technology;01/12/2022;44 494,68;-23 483,30;0;21011,38;EUR;3;1,42;Cost model (i.e. value equals cost minus depreciation);30/06/2024;Internal
221500000685;Unpatented software and technology;01/12/2022;3 773,87;-1 991,77;0;1782,1;EUR;3;1,42;Cost model (i.e. value equals cost minus depreciation);30/06/2024;Internal
221500001239;Unpatented software and technology;01/12/2022;5 596,95;-2 953,95;0;2643;EUR;3;1,42;Cost model (i.e. value equals cost minus depreciation);30/06/2024;Internal
221500000705;Unpatented software and technology;01/12/2022;4 964,59;-2 620,20;0;2344,39;EUR;3;1,42;Cost model (i.e. value equals cost minus depreciation);30/06/2024;Internal
221500000702;Unpatented software and technology;01/12/2022;11 056,72;-5 835,49;0;5221,23;EUR;3;1,42;Cost model (i.e. value equals cost minus depreciation);30/06/2024;Internal
221500001242;Unpatented software and technology;01/12/2022;20 099,22;-10 607,92;0;9491,3;EUR;3;1,42;Cost model (i.e. value equals cost minus depreciation);30/06/2024;Internal
221500000699;Unpatented software and technology;01/12/2022;78 472,58;-41 416,08;0;37056,5;EUR;3;1,42;Cost model (i.e. value equals cost minus depreciation);30/06/2024;Internal
221500000696;Unpatented software and technology;01/12/2022;8 163,19;-4 308,35;0;3854,84;EUR;3;1,42;Cost model (i.e. value equals cost minus depreciation);30/06/2024;Internal
221500001245;Unpatented software and technology;01/12/2022;27 588,28;-14 560,48;0;13027,8;EUR;3;1,42;Cost model (i.e. value equals cost minus depreciation);30/06/2024;Internal
221500001096;Unpatented software and technology;01/12/2022;1 243,88;-656,49;0;587,39;EUR;3;1,42;Cost model (i.e. value equals cost minus depreciation);30/06/2024;Internal
221500000687;Unpatented software and technology;01/12/2022;893,96;-471,81;0;422,15;EUR;3;1,42;Cost model (i.e. value equals cost minus depreciation);30/06/2024;Internal
221500000712;Unpatented software and technology;01/12/2022;31 459,34;-16 603,54;0;14855,8;EUR;3;1,42;Cost model (i.e. value equals cost minus depreciation);30/06/2024;Internal
221500000682;Unpatented software and technology;01/12/2022;1 711,81;-903,45;0;808,36;EUR;3;1,42;Cost model (i.e. value equals cost minus depreciation);30/06/2024;Internal
221500000680;Unpatented software and technology;01/12/2022;7 174,06;-3 786,31;0;3387,75;EUR;3;1,42;Cost model (i.e. value equals cost minus depreciation);30/06/2024;Internal
221500000679;Unpatented software and technology;01/12/2022;102 192,11;-53 934,73;0;48257,38;EUR;3;1,42;Cost model (i.e. value equals cost minus depreciation);30/06/2024;Internal
221500001252;Unpatented software and technology;01/12/2022;51 977,96;-27 432,81;0;24545,15;EUR;3;1,42;Cost model (i.e. value equals cost minus depreciation);30/06/2024;Internal
221500001256;Unpatented software and technology;01/12/2022;1 431,47;-755,50;0;675,97;EUR;3;1,42;Cost model (i.e. value equals cost minus depreciation);30/06/2024;Internal
221500001637;Unpatented software and technology;01/12/2022;108 353,69;-57 186,67;0;51167,02;EUR;3;1,42;Cost model (i.e. value equals cost minus depreciation);30/06/2024;Internal
221500001259;Unpatented software and technology;01/12/2022;63 277,07;-33 396,24;0;29880,83;EUR;3;1,42;Cost model (i.e. value equals cost minus depreciation);30/06/2024;Internal
221500001266;Unpatented software and technology;01/12/2022;5 407,23;-2 853,82;0;2553,41;EUR;3;1,42;Cost model (i.e. value equals cost minus depreciation);30/06/2024;Internal
221500000936;Unpatented software and technology;01/12/2022;23 613,89;-12 462,89;0;11151;EUR;3;1,42;Cost model (i.e. value equals cost minus depreciation);30/06/2024;Internal
221500001090;Unpatented software and technology;01/12/2022;7 322,05;-3 864,41;0;3457,64;EUR;3;1,42;Cost model (i.e. value equals cost minus depreciation);30/06/2024;Internal
221500001088;Unpatented software and technology;01/12/2022;55 826,66;-29 464,07;0;26362,59;EUR;3;1,42;Cost model (i.e. value equals cost minus depreciation);30/06/2024;Internal
221500001086;Unpatented software and technology;01/12/2022;2 497,31;-1 318,03;0;1179,28;EUR;3;1,42;Cost model (i.e. value equals cost minus depreciation);30/06/2024;Internal
221500001084;Unpatented software and technology;01/12/2022;20 432,89;-10 784,02;0;9648,87;EUR;3;1,42;Cost model (i.e. value equals cost minus depreciation);30/06/2024;Internal
221500001080;Unpatented software and technology;01/12/2022;598,37;-315,81;0;282,56;EUR;3;1,42;Cost model (i.e. value equals cost minus depreciation);30/06/2024;Internal
221500000955;Unpatented software and technology;01/12/2022;114 067,65;-60 202,37;0;53865,28;EUR;3;1,42;Cost model (i.e. value equals cost minus depreciation);30/06/2024;Internal
221500001074;Unpatented software and technology;01/12/2022;28 479,24;-15 030,71;0;13448,53;EUR;3;1,42;Cost model (i.e. value equals cost minus depreciation);30/06/2024;Internal
221500000951;Unpatented software and technology;01/12/2022;24 645,27;-13 007,23;0;11638,04;EUR;3;1,42;Cost model (i.e. value equals cost minus depreciation);30/06/2024;Internal
221500001067;Unpatented software and technology;01/12/2022;22 924,06;-12 098,81;0;10825,25;EUR;3;1,42;Cost model (i.e. value equals cost minus depreciation);30/06/2024;Internal
221500000948;Unpatented software and technology;01/12/2022;7 589,09;-4 005,36;0;3583,73;EUR;3;1,42;Cost model (i.e. value equals cost minus depreciation);30/06/2024;Internal
221500000958;Unpatented software and technology;01/12/2022;12 967,74;-6 844,09;0;6123,65;EUR;3;1,42;Cost model (i.e. value equals cost minus depreciation);30/06/2024;Internal
221500000942;Unpatented software and technology;01/12/2022;6 713,42;-3 543,19;0;3170,23;EUR;3;1,42;Cost model (i.e. value equals cost minus depreciation);30/06/2024;Internal
221500001077;Unpatented software and technology;01/12/2022;65 246,70;-34 435,76;0;30810,94;EUR;3;1,42;Cost model (i.e. value equals cost minus depreciation);30/06/2024;Internal
221500000934;Unpatented software and technology;01/12/2022;15 236,76;-8 041,62;0;7195,14;EUR;3;1,42;Cost model (i.e. value equals cost minus depreciation);30/06/2024;Internal
221500000932;Unpatented software and technology;01/12/2022;177 216,95;-93 531,17;0;83685,78;EUR;3;1,42;Cost model (i.e. value equals cost minus depreciation);30/06/2024;Internal
221500000928;Unpatented software and technology;01/12/2022;2 472,53;-1 304,95;0;1167,58;EUR;3;1,42;Cost model (i.e. value equals cost minus depreciation);30/06/2024;Internal
221500000925;Unpatented software and technology;01/12/2022;61 323,24;-32 365,04;0;28958,2;EUR;3;1,42;Cost model (i.e. value equals cost minus depreciation);30/06/2024;Internal
221500000922;Unpatented software and technology;01/12/2022;1 838,89;-970,52;0;868,37;EUR;3;1,42;Cost model (i.e. value equals cost minus depreciation);30/06/2024;Internal
221500000906;Unpatented software and technology;01/12/2022;5 738,37;-3 028,58;0;2709,79;EUR;3;1,42;Cost model (i.e. value equals cost minus depreciation);30/06/2024;Internal
221500000909;Unpatented software and technology;01/12/2022;21 407,55;-11 298,43;0;10109,12;EUR;3;1,42;Cost model (i.e. value equals cost minus depreciation);30/06/2024;Internal
221500000992;Unpatented software and technology;01/12/2022;3 595,09;-1 897,40;0;1697,69;EUR;3;1,42;Cost model (i.e. value equals cost minus depreciation);30/06/2024;Internal
221500000912;Unpatented software and technology;01/12/2022;21 870,92;-11 542,99;0;10327,93;EUR;3;1,42;Cost model (i.e. value equals cost minus depreciation);30/06/2024;Internal
221500000918;Unpatented software and technology;01/12/2022;8 925,39;-4 710,62;0;4214,77;EUR;3;1,42;Cost model (i.e. value equals cost minus depreciation);30/06/2024;Internal
221500000915;Unpatented software and technology;01/12/2022;33 026,82;-17 430,82;0;15596;EUR;3;1,42;Cost model (i.e. value equals cost minus depreciation);30/06/2024;Internal
221500000945;Unpatented software and technology;01/12/2022;3 466,17;-1 829,37;0;1636,8;EUR;3;1,42;Cost model (i.e. value equals cost minus depreciation);30/06/2024;Internal
221500001095;Unpatented software and technology;01/12/2022;8 351,47;-4 407,72;0;3943,75;EUR;3;1,42;Cost model (i.e. value equals cost minus depreciation);30/06/2024;Internal
221500000961;Unpatented software and technology;01/12/2022;10 177,16;-5 371,28;0;4805,88;EUR;3;1,42;Cost model (i.e. value equals cost minus depreciation);30/06/2024;Internal
221500001094;Unpatented software and technology;01/12/2022;15 994,94;-8 441,77;0;7553,17;EUR;3;1,42;Cost model (i.e. value equals cost minus depreciation);30/06/2024;Internal
221500000797;Unpatented software and technology;01/01/2023;13 485,23;-6 742,62;0;6742,61;EUR;3;1,50;Cost model (i.e. value equals cost minus depreciation);30/06/2024;Internal
221500000007;Unpatented software and technology;01/01/2023;17 586,25;-8 793,12;0;8793,13;EUR;3;1,50;Cost model (i.e. value equals cost minus depreciation);30/06/2024;Internal
221500001106;Unpatented software and technology;01/01/2023;1 382,09;-691,05;0;691,04;EUR;3;1,50;Cost model (i.e. value equals cost minus depreciation);30/06/2024;Internal
221500001929;Unpatented software and technology;01/01/2023;425,67;-212,84;0;212,83;EUR;3;1,50;Cost model (i.e. value equals cost minus depreciation);30/06/2024;Internal
221500000006;Unpatented software and technology;01/01/2023;39 539,82;-19 769,91;0;19769,91;EUR;3;1,50;Cost model (i.e. value equals cost minus depreciation);30/06/2024;Internal
221500001107;Unpatented software and technology;01/01/2023;69 293,48;-34 646,74;0;34646,74;EUR;3;1,50;Cost model (i.e. value equals cost minus depreciation);30/06/2024;Internal
221500000004;Unpatented software and technology;01/01/2023;4 507,72;-2 253,86;0;2253,86;EUR;3;1,50;Cost model (i.e. value equals cost minus depreciation);30/06/2024;Internal
221500002682;Unpatented software and technology;01/01/2023;1 897,27;-948,63;0;948,64;EUR;3;1,50;Cost model (i.e. value equals cost minus depreciation);30/06/2024;Internal
221500000860;Unpatented software and technology;01/01/2023;7 394,50;-3 697,25;0;3697,25;EUR;3;1,50;Cost model (i.e. value equals cost minus depreciation);30/06/2024;Internal
221500000012;Unpatented software and technology;01/01/2023;3 168,93;-1 584,47;0;1584,46;EUR;3;1,50;Cost model (i.e. value equals cost minus depreciation);30/06/2024;Internal
221500000002;Unpatented software and technology;01/01/2023;746,26;-373,13;0;373,13;EUR;3;1,50;Cost model (i.e. value equals cost minus depreciation);30/06/2024;Internal
221500000001;Unpatented software and technology;01/01/2023;28 417,75;-14 208,87;0;14208,88;EUR;3;1,50;Cost model (i.e. value equals cost minus depreciation);30/06/2024;Internal
221500000845;Unpatented software and technology;01/01/2023;49 439,03;-24 719,52;0;24719,51;EUR;3;1,50;Cost model (i.e. value equals cost minus depreciation);30/06/2024;Internal
221500000842;Unpatented software and technology;01/01/2023;5 907,30;-2 953,65;0;2953,65;EUR;3;1,50;Cost model (i.e. value equals cost minus depreciation);30/06/2024;Internal
221500000862;Unpatented software and technology;01/01/2023;55 287,80;-27 643,90;0;27643,9;EUR;3;1,50;Cost model (i.e. value equals cost minus depreciation);30/06/2024;Internal
221500000019;Unpatented software and technology;01/01/2023;3 185,53;-1 592,76;0;1592,77;EUR;3;1,50;Cost model (i.e. value equals cost minus depreciation);30/06/2024;Internal
221500000822;Unpatented software and technology;01/01/2023;2 256,00;-1 128,00;0;1128;EUR;3;1,50;Cost model (i.e. value equals cost minus depreciation);30/06/2024;Internal
221500000815;Unpatented software and technology;01/01/2023;65 246,70;-32 623,35;0;32623,35;EUR;3;1,50;Cost model (i.e. value equals cost minus depreciation);30/06/2024;Internal
221500000825;Unpatented software and technology;01/01/2023;18 989,75;-9 494,88;0;9494,87;EUR;3;1,50;Cost model (i.e. value equals cost minus depreciation);30/06/2024;Internal
221500000809;Unpatented software and technology;01/01/2023;1 206,47;-603,24;0;603,23;EUR;3;1,50;Cost model (i.e. value equals cost minus depreciation);30/06/2024;Internal
221500000890;Unpatented software and technology;01/01/2023;3 023,07;-1 511,54;0;1511,53;EUR;3;1,50;Cost model (i.e. value equals cost minus depreciation);30/06/2024;Internal
221500000010;Unpatented software and technology;01/01/2023;59 143,81;-29 571,90;0;29571,91;EUR;3;1,50;Cost model (i.e. value equals cost minus depreciation);30/06/2024;Internal
221500000888;Unpatented software and technology;01/01/2023;18 701,29;-9 350,64;0;9350,65;EUR;3;1,50;Cost model (i.e. value equals cost minus depreciation);30/06/2024;Internal
221500000839;Unpatented software and technology;01/01/2023;23 857,17;-11 928,59;0;11928,58;EUR;3;1,50;Cost model (i.e. value equals cost minus depreciation);30/06/2024;Internal
221500001369;Unpatented software and technology;01/01/2023;62 464,03;-31 232,01;0;31232,02;EUR;3;1,50;Cost model (i.e. value equals cost minus depreciation);30/06/2024;Internal
221500000015;Unpatented software and technology;01/01/2023;11 056,72;-5 528,36;0;5528,36;EUR;3;1,50;Cost model (i.e. value equals cost minus depreciation);30/06/2024;Internal
221500000014;Unpatented software and technology;01/01/2023;56 461,48;-28 230,74;0;28230,74;EUR;3;1,50;Cost model (i.e. value equals cost minus depreciation);30/06/2024;Internal
221500000829;Unpatented software and technology;01/01/2023;49 999,47;-24 999,74;0;24999,73;EUR;3;1,50;Cost model (i.e. value equals cost minus depreciation);30/06/2024;Internal
221500000865;Unpatented software and technology;01/01/2023;7 353,80;-3 676,90;0;3676,9;EUR;3;1,50;Cost model (i.e. value equals cost minus depreciation);30/06/2024;Internal
221500000804;Unpatented software and technology;01/01/2023;5 618,84;-2 809,42;0;2809,42;EUR;3;1,50;Cost model (i.e. value equals cost minus depreciation);30/06/2024;Internal
221500000021;Unpatented software and technology;01/01/2023;58 937,85;-29 468,93;0;29468,92;EUR;3;1,50;Cost model (i.e. value equals cost minus depreciation);30/06/2024;Internal
221500000837;Unpatented software and technology;01/01/2023;40 556,14;-20 278,07;0;20278,07;EUR;3;1,50;Cost model (i.e. value equals cost minus depreciation);30/06/2024;Internal
221500000833;Unpatented software and technology;01/01/2023;14 674,40;-7 337,20;0;7337,2;EUR;3;1,50;Cost model (i.e. value equals cost minus depreciation);30/06/2024;Internal
221500000835;Unpatented software and technology;01/01/2023;2 507,07;-1 253,54;0;1253,53;EUR;3;1,50;Cost model (i.e. value equals cost minus depreciation);30/06/2024;Internal
221500000255;Unpatented software and technology;01/02/2023;211,89;-100,06;0;111,83;EUR;3;1,59;Cost model (i.e. value equals cost minus depreciation);30/06/2024;Internal
221500000254;Unpatented software and technology;01/02/2023;3 984,27;-1 881,46;0;2102,81;EUR;3;1,59;Cost model (i.e. value equals cost minus depreciation);30/06/2024;Internal
221500000253;Unpatented software and technology;01/02/2023;2 288,58;-1 080,72;0;1207,86;EUR;3;1,59;Cost model (i.e. value equals cost minus depreciation);30/06/2024;Internal
221500000252;Unpatented software and technology;01/02/2023;81 926,81;-38 687,67;0;43239,14;EUR;3;1,59;Cost model (i.e. value equals cost minus depreciation);30/06/2024;Internal
221500002801;Unpatented software and technology;01/02/2023;224 879,49;-106 193,09;0;118686,4;EUR;3;1,59;Cost model (i.e. value equals cost minus depreciation);30/06/2024;Internal
221500000249;Unpatented software and technology;01/02/2023;276,41;-130,53;0;145,88;EUR;3;1,59;Cost model (i.e. value equals cost minus depreciation);30/06/2024;Internal
221500000868;Unpatented software and technology;01/02/2023;2 685,37;-1 268,09;0;1417,28;EUR;3;1,59;Cost model (i.e. value equals cost minus depreciation);30/06/2024;Internal
221500000248;Unpatented software and technology;01/02/2023;5 349,58;-2 526,19;0;2823,39;EUR;3;1,59;Cost model (i.e. value equals cost minus depreciation);30/06/2024;Internal
221500000247;Unpatented software and technology;01/02/2023;4 661,45;-2 201,25;0;2460,2;EUR;3;1,59;Cost model (i.e. value equals cost minus depreciation);30/06/2024;Internal
221500000245;Unpatented software and technology;01/02/2023;7 415,85;-3 501,93;0;3913,92;EUR;3;1,59;Cost model (i.e. value equals cost minus depreciation);30/06/2024;Internal
221500000243;Unpatented software and technology;01/02/2023;4 943,90;-2 334,62;0;2609,28;EUR;3;1,59;Cost model (i.e. value equals cost minus depreciation);30/06/2024;Internal
221500000236;Unpatented software and technology;01/02/2023;4 943,90;-2 334,62;0;2609,28;EUR;3;1,59;Cost model (i.e. value equals cost minus depreciation);30/06/2024;Internal
221500000256;Unpatented software and technology;01/02/2023;12 393,50;-5 852,49;0;6541,01;EUR;3;1,59;Cost model (i.e. value equals cost minus depreciation);30/06/2024;Internal
221500000939;Unpatented software and technology;01/02/2023;988,78;-466,92;0;521,86;EUR;3;1,59;Cost model (i.e. value equals cost minus depreciation);30/06/2024;Internal
221500000264;Unpatented software and technology;01/02/2023;32 754,57;-15 467,44;0;17287,13;EUR;3;1,59;Cost model (i.e. value equals cost minus depreciation);30/06/2024;Internal
221500000877;Unpatented software and technology;01/02/2023;5 396,28;-2 548,24;0;2848,04;EUR;3;1,59;Cost model (i.e. value equals cost minus depreciation);30/06/2024;Internal
221500000017;Unpatented software and technology;01/02/2023;8 939,55;-4 221,45;0;4718,1;EUR;3;1,59;Cost model (i.e. value equals cost minus depreciation);30/06/2024;Internal
221500000882;Unpatented software and technology;01/02/2023;13 353,88;-6 306,00;0;7047,88;EUR;3;1,59;Cost model (i.e. value equals cost minus depreciation);30/06/2024;Internal
221500000885;Unpatented software and technology;01/02/2023;2 675,64;-1 263,50;0;1412,14;EUR;3;1,59;Cost model (i.e. value equals cost minus depreciation);30/06/2024;Internal
221500002770;Unpatented software and technology;01/02/2023;1 097,02;-518,04;0;578,98;EUR;3;1,59;Cost model (i.e. value equals cost minus depreciation);30/06/2024;Internal
221500002768;Unpatented software and technology;01/02/2023;569,47;-268,91;0;300,56;EUR;3;1,59;Cost model (i.e. value equals cost minus depreciation);30/06/2024;Internal
221500002766;Unpatented software and technology;01/02/2023;8 499,97;-4 013,87;0;4486,1;EUR;3;1,59;Cost model (i.e. value equals cost minus depreciation);30/06/2024;Internal
221500002764;Unpatented software and technology;01/02/2023;3 707,95;-1 750,97;0;1956,98;EUR;3;1,59;Cost model (i.e. value equals cost minus depreciation);30/06/2024;Internal
221500002758;Unpatented software and technology;01/02/2023;183,95;-86,87;0;97,08;EUR;3;1,59;Cost model (i.e. value equals cost minus depreciation);30/06/2024;Internal
221500002760;Unpatented software and technology;01/02/2023;3 061,17;-1 445,55;0;1615,62;EUR;3;1,59;Cost model (i.e. value equals cost minus depreciation);30/06/2024;Internal
221500000873;Unpatented software and technology;01/02/2023;4 838,04;-2 284,63;0;2553,41;EUR;3;1,59;Cost model (i.e. value equals cost minus depreciation);30/06/2024;Internal
221500000274;Unpatented software and technology;01/02/2023;9 203,23;-4 345,97;0;4857,26;EUR;3;1,59;Cost model (i.e. value equals cost minus depreciation);30/06/2024;Internal
221500000293;Unpatented software and technology;01/02/2023;12 770,58;-6 030,55;0;6740,03;EUR;3;1,59;Cost model (i.e. value equals cost minus depreciation);30/06/2024;Internal
221500000270;Unpatented software and technology;01/02/2023;23 665,16;-11 175,21;0;12489,95;EUR;3;1,59;Cost model (i.e. value equals cost minus depreciation);30/06/2024;Internal
221500000295;Unpatented software and technology;01/02/2023;13 168,53;-6 218,47;0;6950,06;EUR;3;1,59;Cost model (i.e. value equals cost minus depreciation);30/06/2024;Internal
221500000267;Unpatented software and technology;01/02/2023;11 023,77;-5 205,67;0;5818,1;EUR;3;1,59;Cost model (i.e. value equals cost minus depreciation);30/06/2024;Internal
221500000286;Unpatented software and technology;01/02/2023;3 017,10;-1 424,74;0;1592,36;EUR;3;1,59;Cost model (i.e. value equals cost minus depreciation);30/06/2024;Internal
221500000280;Unpatented software and technology;01/02/2023;311,35;-147,02;0;164,33;EUR;3;1,59;Cost model (i.e. value equals cost minus depreciation);30/06/2024;Internal
221500000257;Unpatented software and technology;01/02/2023;4 943,90;-2 334,62;0;2609,28;EUR;3;1,59;Cost model (i.e. value equals cost minus depreciation);30/06/2024;Internal
221500000259;Unpatented software and technology;01/02/2023;12 326,01;-5 820,62;0;6505,39;EUR;3;1,59;Cost model (i.e. value equals cost minus depreciation);30/06/2024;Internal
221500000283;Unpatented software and technology;01/02/2023;4 864,80;-2 297,27;0;2567,53;EUR;3;1,59;Cost model (i.e. value equals cost minus depreciation);30/06/2024;Internal
221500000273;Unpatented software and technology;01/02/2023;18 656,00;-8 809,78;0;9846,22;EUR;3;1,59;Cost model (i.e. value equals cost minus depreciation);30/06/2024;Internal
221500000474;Unpatented software and technology;01/02/2023;6 192,77;-2 924,37;0;3268,4;EUR;3;1,59;Cost model (i.e. value equals cost minus depreciation);30/06/2024;Internal
221500000262;Unpatented software and technology;01/02/2023;436,96;-206,34;0;230,62;EUR;3;1,59;Cost model (i.e. value equals cost minus depreciation);30/06/2024;Internal
221500000260;Unpatented software and technology;01/02/2023;4 700,27;-2 219,58;0;2480,69;EUR;3;1,59;Cost model (i.e. value equals cost minus depreciation);30/06/2024;Internal
221500000277;Unpatented software and technology;01/02/2023;16 686,58;-7 879,77;0;8806,81;EUR;3;1,59;Cost model (i.e. value equals cost minus depreciation);30/06/2024;Internal
221500000749;Unpatented software and technology;01/03/2023;798 727,10;-354 989,82;0;443737,28;EUR;3;1,67;Cost model (i.e. value equals cost minus depreciation);30/06/2024;Internal
221500002951;Unpatented software and technology;01/03/2023;4 943,90;-2 197,29;0;2746,61;EUR;3;1,67;Cost model (i.e. value equals cost minus depreciation);30/06/2024;Internal
221500002777;Unpatented software and technology;01/03/2023;8 990,15;-3 995,63;0;4994,52;EUR;3;1,67;Cost model (i.e. value equals cost minus depreciation);30/06/2024;Internal
221500002968;Unpatented software and technology;01/03/2023;47 129,27;-20 946,35;0;26182,92;EUR;3;1,67;Cost model (i.e. value equals cost minus depreciation);30/06/2024;Internal
221500002811;Unpatented software and technology;01/03/2023;218,92;-97,30;0;121,62;EUR;3;1,67;Cost model (i.e. value equals cost minus depreciation);30/06/2024;Internal
221500002996;Unpatented software and technology;01/03/2023;1 293 102,62;-574 712,28;0;718390,34;EUR;3;1,67;Cost model (i.e. value equals cost minus depreciation);30/06/2024;Internal
221500002788;Unpatented software and technology;01/03/2023;39 085,63;-17 371,39;0;21714,24;EUR;3;1,67;Cost model (i.e. value equals cost minus depreciation);30/06/2024;Internal
221500002919;Unpatented software and technology;01/03/2023;3 208,41;-1 425,96;0;1782,45;EUR;3;1,67;Cost model (i.e. value equals cost minus depreciation);30/06/2024;Internal
221500002917;Unpatented software and technology;01/03/2023;1 227,41;-545,52;0;681,89;EUR;3;1,67;Cost model (i.e. value equals cost minus depreciation);30/06/2024;Internal
221500002820;Unpatented software and technology;01/03/2023;36 957,15;-16 425,40;0;20531,75;EUR;3;1,67;Cost model (i.e. value equals cost minus depreciation);30/06/2024;Internal
221500002824;Unpatented software and technology;01/03/2023;11 249,85;-4 999,93;0;6249,92;EUR;3;1,67;Cost model (i.e. value equals cost minus depreciation);30/06/2024;Internal
221500002955;Unpatented software and technology;01/03/2023;7 589,09;-3 372,93;0;4216,16;EUR;3;1,67;Cost model (i.e. value equals cost minus depreciation);30/06/2024;Internal
221500002516;Unpatented software and technology;01/04/2023;7 299,37;-3 041,40;0;4257,97;EUR;3;1,75;Cost model (i.e. value equals cost minus depreciation);30/06/2024;Internal
221500003110;Unpatented software and technology;01/04/2023;9 172,58;-3 821,91;0;5350,67;EUR;3;1,75;Cost model (i.e. value equals cost minus depreciation);30/06/2024;Internal
221500003058;Unpatented software and technology;01/04/2023;21 609,44;-9 003,93;0;12605,51;EUR;3;1,75;Cost model (i.e. value equals cost minus depreciation);30/06/2024;Internal
221500003055;Unpatented software and technology;01/04/2023;192 802,49;-80 334,38;0;112468,11;EUR;3;1,75;Cost model (i.e. value equals cost minus depreciation);30/06/2024;Internal
221500002617;Unpatented software and technology;01/04/2023;9 863,38;-4 109,74;0;5753,64;EUR;3;1,75;Cost model (i.e. value equals cost minus depreciation);30/06/2024;Internal
221500003037;Unpatented software and technology;01/04/2023;116 796,72;-48 665,30;0;68131,42;EUR;3;1,75;Cost model (i.e. value equals cost minus depreciation);30/06/2024;Internal
221500003142;Unpatented software and technology;01/04/2023;474,32;-197,63;0;276,69;EUR;3;1,75;Cost model (i.e. value equals cost minus depreciation);30/06/2024;Internal
221500003036;Unpatented software and technology;01/04/2023;380,15;-158,40;0;221,75;EUR;3;1,75;Cost model (i.e. value equals cost minus depreciation);30/06/2024;Internal
221500003034;Unpatented software and technology;01/04/2023;506,86;-211,19;0;295,67;EUR;3;1,75;Cost model (i.e. value equals cost minus depreciation);30/06/2024;Internal
221500002528;Unpatented software and technology;01/04/2023;1 357,32;-565,55;0;791,77;EUR;3;1,75;Cost model (i.e. value equals cost minus depreciation);30/06/2024;Internal
221500002518;Unpatented software and technology;01/04/2023;15 280,60;-6 366,92;0;8913,68;EUR;3;1,75;Cost model (i.e. value equals cost minus depreciation);30/06/2024;Internal
221500002560;Unpatented software and technology;01/04/2023;212 621,29;-88 592,20;0;124029,09;EUR;3;1,75;Cost model (i.e. value equals cost minus depreciation);30/06/2024;Internal
221500002597;Unpatented software and technology;01/04/2023;33 019,83;-13 758,26;0;19261,57;EUR;3;1,75;Cost model (i.e. value equals cost minus depreciation);30/06/2024;Internal
221500002609;Unpatented software and technology;01/04/2023;5 003,06;-2 084,61;0;2918,45;EUR;3;1,75;Cost model (i.e. value equals cost minus depreciation);30/06/2024;Internal
221500002505;Unpatented software and technology;01/04/2023;2 587,03;-1 077,93;0;1509,1;EUR;3;1,75;Cost model (i.e. value equals cost minus depreciation);30/06/2024;Internal
221500003112;Unpatented software and technology;01/04/2023;11 619,28;-4 841,37;0;6777,91;EUR;3;1,75;Cost model (i.e. value equals cost minus depreciation);30/06/2024;Internal
221500002503;Unpatented software and technology;01/04/2023;11 115,80;-4 631,58;0;6484,22;EUR;3;1,75;Cost model (i.e. value equals cost minus depreciation);30/06/2024;Internal
221500002605;Unpatented software and technology;01/04/2023;25 721,83;-10 717,43;0;15004,4;EUR;3;1,75;Cost model (i.e. value equals cost minus depreciation);30/06/2024;Internal
221500002600;Unpatented software and technology;01/04/2023;7 453,79;-3 105,75;0;4348,04;EUR;3;1,75;Cost model (i.e. value equals cost minus depreciation);30/06/2024;Internal
221500002498;Unpatented software and technology;01/04/2023;33 703,95;-14 043,31;0;19660,64;EUR;3;1,75;Cost model (i.e. value equals cost minus depreciation);30/06/2024;Internal
221500003017;Unpatented software and technology;01/04/2023;1 904,57;-793,58;0;1110,99;EUR;3;1,75;Cost model (i.e. value equals cost minus depreciation);30/06/2024;Internal
221500003012;Unpatented software and technology;01/04/2023;2 091,86;-871,61;0;1220,25;EUR;3;1,75;Cost model (i.e. value equals cost minus depreciation);30/06/2024;Internal
221500002595;Unpatented software and technology;01/04/2023;393 005,09;-163 752,13;0;229252,96;EUR;3;1,75;Cost model (i.e. value equals cost minus depreciation);30/06/2024;Internal
221500002613;Unpatented software and technology;01/04/2023;78 740,40;-32 808,50;0;45931,9;EUR;3;1,75;Cost model (i.e. value equals cost minus depreciation);30/06/2024;Internal
221500002686;Unpatented software and technology;01/04/2023;8 990,15;-3 745,90;0;5244,25;EUR;3;1,75;Cost model (i.e. value equals cost minus depreciation);30/06/2024;Internal
221500002817;Unpatented software and technology;01/04/2023;2 128,35;-886,81;0;1241,54;EUR;3;1,75;Cost model (i.e. value equals cost minus depreciation);30/06/2024;Internal
221500002621;Unpatented software and technology;01/04/2023;8 818,22;-3 674,26;0;5143,96;EUR;3;1,75;Cost model (i.e. value equals cost minus depreciation);30/06/2024;Internal
221500001108;Unpatented software and technology;01/04/2023;13 595,73;-5 664,89;0;7930,84;EUR;3;1,75;Cost model (i.e. value equals cost minus depreciation);30/06/2024;Internal
221500002630;Unpatented software and technology;01/04/2023;58 770,80;-24 487,83;0;34282,97;EUR;3;1,75;Cost model (i.e. value equals cost minus depreciation);30/06/2024;Internal
221500002529;Unpatented software and technology;01/04/2023;3 604,82;-1 502,01;0;2102,81;EUR;3;1,75;Cost model (i.e. value equals cost minus depreciation);30/06/2024;Internal
221500002234;Unpatented software and technology;01/05/2023;16 861,01;-6 557,06;0;10303,95;EUR;3;1,83;Cost model (i.e. value equals cost minus depreciation);30/06/2024;Internal
221500002301;Unpatented software and technology;01/05/2023;675,82;-262,82;0;413;EUR;3;1,83;Cost model (i.e. value equals cost minus depreciation);30/06/2024;Internal
221500002300;Unpatented software and technology;01/05/2023;8 727,45;-3 394,01;0;5333,44;EUR;3;1,83;Cost model (i.e. value equals cost minus depreciation);30/06/2024;Internal
221500002347;Unpatented software and technology;01/05/2023;34 730,59;-13 506,34;0;21224,25;EUR;3;1,83;Cost model (i.e. value equals cost minus depreciation);30/06/2024;Internal
221500002350;Unpatented software and technology;01/05/2023;116 691,11;-45 379,88;0;71311,23;EUR;3;1,83;Cost model (i.e. value equals cost minus depreciation);30/06/2024;Internal
221500003128;Unpatented software and technology;01/05/2023;9 565,17;-3 719,79;0;5845,38;EUR;3;1,83;Cost model (i.e. value equals cost minus depreciation);30/06/2024;Internal
221500002277;Unpatented software and technology;01/05/2023;6 655,05;-2 588,08;0;4066,97;EUR;3;1,83;Cost model (i.e. value equals cost minus depreciation);30/06/2024;Internal
221500002354;Unpatented software and technology;01/05/2023;107 114,82;-41 655,76;0;65459,06;EUR;3;1,83;Cost model (i.e. value equals cost minus depreciation);30/06/2024;Internal
221500003004;Unpatented software and technology;01/05/2023;243,24;-94,59;0;148,65;EUR;3;1,83;Cost model (i.e. value equals cost minus depreciation);30/06/2024;Internal
221500002238;Unpatented software and technology;01/05/2023;3 083,07;-1 198,97;0;1884,1;EUR;3;1,83;Cost model (i.e. value equals cost minus depreciation);30/06/2024;Internal
221500002292;Unpatented software and technology;01/05/2023;36 252,39;-14 098,15;0;22154,24;EUR;3;1,83;Cost model (i.e. value equals cost minus depreciation);30/06/2024;Internal
221500002514;Unpatented software and technology;01/05/2023;49 450,69;-19 230,82;0;30219,87;EUR;3;1,83;Cost model (i.e. value equals cost minus depreciation);30/06/2024;Internal
221500002272;Unpatented software and technology;01/05/2023;53 625,91;-20 854,52;0;32771,39;EUR;3;1,83;Cost model (i.e. value equals cost minus depreciation);30/06/2024;Internal
221500002244;Unpatented software and technology;01/05/2023;3 026,61;-1 177,02;0;1849,59;EUR;3;1,83;Cost model (i.e. value equals cost minus depreciation);30/06/2024;Internal
221500002247;Unpatented software and technology;01/05/2023;3 000,88;-1 167,01;0;1833,87;EUR;3;1,83;Cost model (i.e. value equals cost minus depreciation);30/06/2024;Internal
221500002351;Unpatented software and technology;01/05/2023;8 133,95;-3 163,21;0;4970,74;EUR;3;1,83;Cost model (i.e. value equals cost minus depreciation);30/06/2024;Internal
221500002251;Unpatented software and technology;01/05/2023;26 090,31;-10 146,23;0;15944,08;EUR;3;1,83;Cost model (i.e. value equals cost minus depreciation);30/06/2024;Internal
221500002260;Unpatented software and technology;01/05/2023;2 582,30;-1 004,23;0;1578,07;EUR;3;1,83;Cost model (i.e. value equals cost minus depreciation);30/06/2024;Internal
221500002279;Unpatented software and technology;01/05/2023;13 594,69;-5 286,82;0;8307,87;EUR;3;1,83;Cost model (i.e. value equals cost minus depreciation);30/06/2024;Internal
221500002511;Unpatented software and technology;01/05/2023;24 830,74;-9 656,40;0;15174,34;EUR;3;1,83;Cost model (i.e. value equals cost minus depreciation);30/06/2024;Internal
221500002297;Unpatented software and technology;01/05/2023;3 385,86;-1 316,72;0;2069,14;EUR;3;1,83;Cost model (i.e. value equals cost minus depreciation);30/06/2024;Internal
221500002258;Unpatented software and technology;01/05/2023;4 124,75;-1 604,07;0;2520,68;EUR;3;1,83;Cost model (i.e. value equals cost minus depreciation);30/06/2024;Internal
221500003020;Unpatented software and technology;01/05/2023;243,24;-94,59;0;148,65;EUR;3;1,83;Cost model (i.e. value equals cost minus depreciation);30/06/2024;Internal
221500002288;Unpatented software and technology;01/05/2023;46 371,08;-18 033,20;0;28337,88;EUR;3;1,83;Cost model (i.e. value equals cost minus depreciation);30/06/2024;Internal
221500002265;Unpatented software and technology;01/05/2023;87 085,77;-33 866,69;0;53219,08;EUR;3;1,83;Cost model (i.e. value equals cost minus depreciation);30/06/2024;Internal
221500002302;Unpatented software and technology;01/05/2023;8 999,88;-3 499,95;0;5499,93;EUR;3;1,83;Cost model (i.e. value equals cost minus depreciation);30/06/2024;Internal
221500002275;Unpatented software and technology;01/05/2023;81 005,00;-31 501,94;0;49503,06;EUR;3;1,83;Cost model (i.e. value equals cost minus depreciation);30/06/2024;Internal
221500002336;Unpatented software and technology;01/05/2023;395 496,03;-153 804,01;0;241692,02;EUR;3;1,83;Cost model (i.e. value equals cost minus depreciation);30/06/2024;Internal
221500002282;Unpatented software and technology;01/05/2023;19 177,04;-7 457,74;0;11719,3;EUR;3;1,83;Cost model (i.e. value equals cost minus depreciation);30/06/2024;Internal
221500002255;Unpatented software and technology;01/05/2023;78 540,52;-30 543,54;0;47996,98;EUR;3;1,83;Cost model (i.e. value equals cost minus depreciation);30/06/2024;Internal
221500002216;Unpatented software and technology;01/05/2023;856,20;-332,97;0;523,23;EUR;3;1,83;Cost model (i.e. value equals cost minus depreciation);30/06/2024;Internal
221500002352;Unpatented software and technology;01/05/2023;3 882,11;-1 509,71;0;2372,4;EUR;3;1,83;Cost model (i.e. value equals cost minus depreciation);30/06/2024;Internal
221500002285;Unpatented software and technology;01/05/2023;21 706,74;-8 441,51;0;13265,23;EUR;3;1,83;Cost model (i.e. value equals cost minus depreciation);30/06/2024;Internal
221500002299;Unpatented software and technology;01/05/2023;7 209,63;-2 803,75;0;4405,88;EUR;3;1,83;Cost model (i.e. value equals cost minus depreciation);30/06/2024;Internal
221500002268;Unpatented software and technology;01/05/2023;87 023,73;-33 842,56;0;53181,17;EUR;3;1,83;Cost model (i.e. value equals cost minus depreciation);30/06/2024;Internal
221500002294;Unpatented software and technology;01/05/2023;134 196,71;-52 187,61;0;82009,1;EUR;3;1,83;Cost model (i.e. value equals cost minus depreciation);30/06/2024;Internal
221500002222;Unpatented software and technology;01/05/2023;1 556,74;-605,40;0;951,34;EUR;3;1,83;Cost model (i.e. value equals cost minus depreciation);30/06/2024;Internal
221500002231;Unpatented software and technology;01/05/2023;2 783,30;-1 082,39;0;1700,91;EUR;3;1,83;Cost model (i.e. value equals cost minus depreciation);30/06/2024;Internal
221500003130;Unpatented software and technology;01/05/2023;6 081,00;-2 364,83;0;3716,17;EUR;3;1,83;Cost model (i.e. value equals cost minus depreciation);30/06/2024;Internal
221500002344;Unpatented software and technology;01/05/2023;6 987,68;-2 717,43;0;4270,25;EUR;3;1,83;Cost model (i.e. value equals cost minus depreciation);30/06/2024;Internal
221500002290;Unpatented software and technology;01/05/2023;32 243,65;-12 539,19;0;19704,46;EUR;3;1,83;Cost model (i.e. value equals cost minus depreciation);30/06/2024;Internal
221500002271;Unpatented software and technology;01/05/2023;90 812,39;-35 315,93;0;55496,46;EUR;3;1,83;Cost model (i.e. value equals cost minus depreciation);30/06/2024;Internal
221500001807;Unpatented software and technology;01/06/2023;79 990,94;-28 885,62;0;51105,32;EUR;3;1,92;Cost model (i.e. value equals cost minus depreciation);30/06/2024;Internal
221500001320;Unpatented software and technology;01/06/2023;790,53;-285,47;0;505,06;EUR;3;1,92;Cost model (i.e. value equals cost minus depreciation);30/06/2024;Internal
221500003126;Unpatented software and technology;01/06/2023;23 569,96;-8 511,38;0;15058,58;EUR;3;1,92;Cost model (i.e. value equals cost minus depreciation);30/06/2024;Internal
221500001830;Unpatented software and technology;01/06/2023;79 521,24;-28 716,00;0;50805,24;EUR;3;1,92;Cost model (i.e. value equals cost minus depreciation);30/06/2024;Internal
221500001796;Unpatented software and technology;01/06/2023;24 830,74;-8 966,66;0;15864,08;EUR;3;1,92;Cost model (i.e. value equals cost minus depreciation);30/06/2024;Internal
221500002412;Unpatented software and technology;01/06/2023;53 251,74;-19 229,80;0;34021,94;EUR;3;1,92;Cost model (i.e. value equals cost minus depreciation);30/06/2024;Internal
221500002410;Unpatented software and technology;01/06/2023;3 721,57;-1 343,90;0;2377,67;EUR;3;1,92;Cost model (i.e. value equals cost minus depreciation);30/06/2024;Internal
221500002409;Unpatented software and technology;01/06/2023;57 773,76;-20 862,75;0;36911,01;EUR;3;1,92;Cost model (i.e. value equals cost minus depreciation);30/06/2024;Internal
221500001797;Unpatented software and technology;01/06/2023;1 818,22;-656,58;0;1161,64;EUR;3;1,92;Cost model (i.e. value equals cost minus depreciation);30/06/2024;Internal
221500002407;Unpatented software and technology;01/06/2023;44 768,32;-16 166,34;0;28601,98;EUR;3;1,92;Cost model (i.e. value equals cost minus depreciation);30/06/2024;Internal
221500001811;Unpatented software and technology;01/06/2023;25 434,66;-9 184,74;0;16249,92;EUR;3;1,92;Cost model (i.e. value equals cost minus depreciation);30/06/2024;Internal
221500001813;Unpatented software and technology;01/06/2023;251 343,15;-90 762,80;0;160580,35;EUR;3;1,92;Cost model (i.e. value equals cost minus depreciation);30/06/2024;Internal
221500001815;Unpatented software and technology;01/06/2023;23 241,97;-8 392,93;0;14849,04;EUR;3;1,92;Cost model (i.e. value equals cost minus depreciation);30/06/2024;Internal
221500002405;Unpatented software and technology;01/06/2023;10 458,81;-3 776,79;0;6682,02;EUR;3;1,92;Cost model (i.e. value equals cost minus depreciation);30/06/2024;Internal
221500002414;Unpatented software and technology;01/06/2023;2 772,94;-1 001,34;0;1771,6;EUR;3;1,92;Cost model (i.e. value equals cost minus depreciation);30/06/2024;Internal
221500001819;Unpatented software and technology;01/06/2023;431 960,47;-155 985,72;0;275974,75;EUR;3;1,92;Cost model (i.e. value equals cost minus depreciation);30/06/2024;Internal
221500001809;Unpatented software and technology;01/06/2023;7 299,36;-2 635,88;0;4663,48;EUR;3;1,92;Cost model (i.e. value equals cost minus depreciation);30/06/2024;Internal
221500002390;Unpatented software and technology;01/06/2023;8 874,24;-3 204,59;0;5669,65;EUR;3;1,92;Cost model (i.e. value equals cost minus depreciation);30/06/2024;Internal
221500002389;Unpatented software and technology;01/06/2023;7 017,47;-2 534,09;0;4483,38;EUR;3;1,92;Cost model (i.e. value equals cost minus depreciation);30/06/2024;Internal
221500002386;Unpatented software and technology;01/06/2023;2 179,43;-787,02;0;1392,41;EUR;3;1,92;Cost model (i.e. value equals cost minus depreciation);30/06/2024;Internal
221500002383;Unpatented software and technology;01/06/2023;1 715,23;-619,39;0;1095,84;EUR;3;1,92;Cost model (i.e. value equals cost minus depreciation);30/06/2024;Internal
221500002045;Unpatented software and technology;01/06/2023;40 458,42;-14 609,99;0;25848,43;EUR;3;1,92;Cost model (i.e. value equals cost minus depreciation);30/06/2024;Internal
221500002339;Unpatented software and technology;01/06/2023;17 832,84;-6 439,64;0;11393,2;EUR;3;1,92;Cost model (i.e. value equals cost minus depreciation);30/06/2024;Internal
221500002338;Unpatented software and technology;01/06/2023;35 438,60;-12 797,27;0;22641,33;EUR;3;1,92;Cost model (i.e. value equals cost minus depreciation);30/06/2024;Internal
221500002210;Unpatented software and technology;01/06/2023;1 033,77;-373,31;0;660,46;EUR;3;1,92;Cost model (i.e. value equals cost minus depreciation);30/06/2024;Internal
221500002213;Unpatented software and technology;01/06/2023;243,24;-87,84;0;155,4;EUR;3;1,92;Cost model (i.e. value equals cost minus depreciation);30/06/2024;Internal
221500002284;Unpatented software and technology;01/06/2023;14 728,18;-5 318,51;0;9409,67;EUR;3;1,92;Cost model (i.e. value equals cost minus depreciation);30/06/2024;Internal
221500002395;Unpatented software and technology;01/06/2023;3 891,84;-1 405,39;0;2486,45;EUR;3;1,92;Cost model (i.e. value equals cost minus depreciation);30/06/2024;Internal
221500002426;Unpatented software and technology;01/06/2023;334,45;-120,77;0;213,68;EUR;3;1,92;Cost model (i.e. value equals cost minus depreciation);30/06/2024;Internal
221500002446;Unpatented software and technology;01/06/2023;29 356,62;-10 601,00;0;18755,62;EUR;3;1,92;Cost model (i.e. value equals cost minus depreciation);30/06/2024;Internal
221500002444;Unpatented software and technology;01/06/2023;112 756,25;-40 717,54;0;72038,71;EUR;3;1,92;Cost model (i.e. value equals cost minus depreciation);30/06/2024;Internal
221500002440;Unpatented software and technology;01/06/2023;74 518,91;-26 909,61;0;47609,3;EUR;3;1,92;Cost model (i.e. value equals cost minus depreciation);30/06/2024;Internal
221500002436;Unpatented software and technology;01/06/2023;111 780,94;-40 365,34;0;71415,6;EUR;3;1,92;Cost model (i.e. value equals cost minus depreciation);30/06/2024;Internal
221500002433;Unpatented software and technology;01/06/2023;198 163,98;-71 559,22;0;126604,76;EUR;3;1,92;Cost model (i.e. value equals cost minus depreciation);30/06/2024;Internal
221500002430;Unpatented software and technology;01/06/2023;137 440,33;-49 631,23;0;87809,1;EUR;3;1,92;Cost model (i.e. value equals cost minus depreciation);30/06/2024;Internal
221500002428;Unpatented software and technology;01/06/2023;201 111,52;-72 623,61;0;128487,91;EUR;3;1,92;Cost model (i.e. value equals cost minus depreciation);30/06/2024;Internal
221500002418;Unpatented software and technology;01/06/2023;4 133,03;-1 492,49;0;2640,54;EUR;3;1,92;Cost model (i.e. value equals cost minus depreciation);30/06/2024;Internal
221500002425;Unpatented software and technology;01/06/2023;6 640,45;-2 397,94;0;4242,51;EUR;3;1,92;Cost model (i.e. value equals cost minus depreciation);30/06/2024;Internal
221500002423;Unpatented software and technology;01/06/2023;84 392,85;-30 475,20;0;53917,65;EUR;3;1,92;Cost model (i.e. value equals cost minus depreciation);30/06/2024;Internal
221500002422;Unpatented software and technology;01/06/2023;26 112,43;-9 429,49;0;16682,94;EUR;3;1,92;Cost model (i.e. value equals cost minus depreciation);30/06/2024;Internal
221500002420;Unpatented software and technology;01/06/2023;199 712,20;-72 118,30;0;127593,9;EUR;3;1,92;Cost model (i.e. value equals cost minus depreciation);30/06/2024;Internal
221500002419;Unpatented software and technology;01/06/2023;89 232,66;-32 222,91;0;57009,75;EUR;3;1,92;Cost model (i.e. value equals cost minus depreciation);30/06/2024;Internal
221500002421;Unpatented software and technology;01/06/2023;11 043,10;-3 987,79;0;7055,31;EUR;3;1,92;Cost model (i.e. value equals cost minus depreciation);30/06/2024;Internal
221500001335;Unpatented software and technology;01/07/2023;57 449,64;-19 149,88;0;38299,76;EUR;3;2,00;Cost model (i.e. value equals cost minus depreciation);30/06/2024;Internal
221500001782;Unpatented software and technology;01/07/2023;145,94;-48,65;0;97,29;EUR;3;2,00;Cost model (i.e. value equals cost minus depreciation);30/06/2024;Internal
221500002037;Unpatented software and technology;01/07/2023;18 932,59;-6 310,86;0;12621,73;EUR;3;2,00;Cost model (i.e. value equals cost minus depreciation);30/06/2024;Internal
221500001332;Unpatented software and technology;01/07/2023;23 968,87;-7 989,62;0;15979,25;EUR;3;2,00;Cost model (i.e. value equals cost minus depreciation);30/06/2024;Internal
221500001338;Unpatented software and technology;01/07/2023;337,50;-112,50;0;225;EUR;3;2,00;Cost model (i.e. value equals cost minus depreciation);30/06/2024;Internal
221500001373;Unpatented software and technology;01/07/2023;4 816,15;-1 605,38;0;3210,77;EUR;3;2,00;Cost model (i.e. value equals cost minus depreciation);30/06/2024;Internal
221500001370;Unpatented software and technology;01/07/2023;29 444,20;-9 814,74;0;19629,46;EUR;3;2,00;Cost model (i.e. value equals cost minus depreciation);30/06/2024;Internal
221500001444;Unpatented software and technology;01/07/2023;25 462,75;-8 487,58;0;16975,17;EUR;3;2,00;Cost model (i.e. value equals cost minus depreciation);30/06/2024;Internal
221500001441;Unpatented software and technology;01/07/2023;22 247,56;-7 415,86;0;14831,7;EUR;3;2,00;Cost model (i.e. value equals cost minus depreciation);30/06/2024;Internal
221500001348;Unpatented software and technology;01/07/2023;36 802,21;-12 267,40;0;24534,81;EUR;3;2,00;Cost model (i.e. value equals cost minus depreciation);30/06/2024;Internal
221500001435;Unpatented software and technology;01/07/2023;42 851,59;-14 283,86;0;28567,73;EUR;3;2,00;Cost model (i.e. value equals cost minus depreciation);30/06/2024;Internal
221500001432;Unpatented software and technology;01/07/2023;24 830,74;-8 276,92;0;16553,82;EUR;3;2,00;Cost model (i.e. value equals cost minus depreciation);30/06/2024;Internal
221500002041;Unpatented software and technology;01/07/2023;9 635,95;-3 211,98;0;6423,97;EUR;3;2,00;Cost model (i.e. value equals cost minus depreciation);30/06/2024;Internal
221500001352;Unpatented software and technology;01/07/2023;20 641,35;-6 880,45;0;13760,9;EUR;3;2,00;Cost model (i.e. value equals cost minus depreciation);30/06/2024;Internal
221500001342;Unpatented software and technology;01/07/2023;25 929,54;-8 643,18;0;17286,36;EUR;3;2,00;Cost model (i.e. value equals cost minus depreciation);30/06/2024;Internal
221500001364;Unpatented software and technology;01/07/2023;739,45;-246,48;0;492,97;EUR;3;2,00;Cost model (i.e. value equals cost minus depreciation);30/06/2024;Internal
221500001378;Unpatented software and technology;01/07/2023;111 206,29;-37 068,76;0;74137,53;EUR;3;2,00;Cost model (i.e. value equals cost minus depreciation);30/06/2024;Internal
221500001346;Unpatented software and technology;01/07/2023;8 348,00;-2 782,67;0;5565,33;EUR;3;2,00;Cost model (i.e. value equals cost minus depreciation);30/06/2024;Internal
221500001368;Unpatented software and technology;01/07/2023;96 185,49;-32 061,83;0;64123,66;EUR;3;2,00;Cost model (i.e. value equals cost minus depreciation);30/06/2024;Internal
221500001366;Unpatented software and technology;01/07/2023;134 876,19;-44 958,73;0;89917,46;EUR;3;2,00;Cost model (i.e. value equals cost minus depreciation);30/06/2024;Internal
221500001420;Unpatented software and technology;01/07/2023;8 990,15;-2 996,72;0;5993,43;EUR;3;2,00;Cost model (i.e. value equals cost minus depreciation);30/06/2024;Internal
221500001355;Unpatented software and technology;01/07/2023;159 556,93;-53 185,64;0;106371,29;EUR;3;2,00;Cost model (i.e. value equals cost minus depreciation);30/06/2024;Internal
221500001390;Unpatented software and technology;01/07/2023;24 333,73;-8 111,24;0;16222,49;EUR;3;2,00;Cost model (i.e. value equals cost minus depreciation);30/06/2024;Internal
221500001358;Unpatented software and technology;01/07/2023;121 843,92;-40 614,64;0;81229,28;EUR;3;2,00;Cost model (i.e. value equals cost minus depreciation);30/06/2024;Internal
221500001381;Unpatented software and technology;01/07/2023;43 071,72;-14 357,24;0;28714,48;EUR;3;2,00;Cost model (i.e. value equals cost minus depreciation);30/06/2024;Internal
221500001387;Unpatented software and technology;01/07/2023;8 990,15;-2 996,72;0;5993,43;EUR;3;2,00;Cost model (i.e. value equals cost minus depreciation);30/06/2024;Internal
221500001362;Unpatented software and technology;01/07/2023;8 422,23;-2 807,41;0;5614,82;EUR;3;2,00;Cost model (i.e. value equals cost minus depreciation);30/06/2024;Internal
221500001941;Unpatented software and technology;01/07/2023;3 575,63;-1 191,88;0;2383,75;EUR;3;2,00;Cost model (i.e. value equals cost minus depreciation);30/06/2024;Internal
221500000573;Unpatented software and technology;01/07/2023;411 173,99;-137 058,00;0;274115,99;EUR;3;2,00;Cost model (i.e. value equals cost minus depreciation);30/06/2024;Internal
221500001249;Unpatented software and technology;01/07/2023;21 385,66;-7 128,56;0;14257,1;EUR;3;2,00;Cost model (i.e. value equals cost minus depreciation);30/06/2024;Internal
221500001251;Unpatented software and technology;01/07/2023;101 804,03;-33 934,68;0;67869,35;EUR;3;2,00;Cost model (i.e. value equals cost minus depreciation);30/06/2024;Internal
221500001255;Unpatented software and technology;01/07/2023;3 825,92;-1 275,31;0;2550,61;EUR;3;2,00;Cost model (i.e. value equals cost minus depreciation);30/06/2024;Internal
221500001329;Unpatented software and technology;01/07/2023;17 466,18;-5 822,06;0;11644,12;EUR;3;2,00;Cost model (i.e. value equals cost minus depreciation);30/06/2024;Internal
221500001014;Unpatented software and technology;01/07/2023;1 313,50;-437,84;0;875,66;EUR;3;2,00;Cost model (i.e. value equals cost minus depreciation);30/06/2024;Internal
221500001135;Unpatented software and technology;01/07/2023;31 857,14;-10 619,05;0;21238,09;EUR;3;2,00;Cost model (i.e. value equals cost minus depreciation);30/06/2024;Internal
221500001280;Unpatented software and technology;01/07/2023;32 769,29;-10 923,10;0;21846,19;EUR;3;2,00;Cost model (i.e. value equals cost minus depreciation);30/06/2024;Internal
221500001140;Unpatented software and technology;01/07/2023;45 328,27;-15 109,42;0;30218,85;EUR;3;2,00;Cost model (i.e. value equals cost minus depreciation);30/06/2024;Internal
221500001258;Unpatented software and technology;01/07/2023;5 545,87;-1 848,62;0;3697,25;EUR;3;2,00;Cost model (i.e. value equals cost minus depreciation);30/06/2024;Internal
221500001288;Unpatented software and technology;01/07/2023;61 408,26;-20 469,42;0;40938,84;EUR;3;2,00;Cost model (i.e. value equals cost minus depreciation);30/06/2024;Internal
221500001243;Unpatented software and technology;01/07/2023;107 191,31;-35 730,44;0;71460,87;EUR;3;2,00;Cost model (i.e. value equals cost minus depreciation);30/06/2024;Internal
221500001282;Unpatented software and technology;01/07/2023;17 526,66;-5 842,22;0;11684,44;EUR;3;2,00;Cost model (i.e. value equals cost minus depreciation);30/06/2024;Internal
221500001237;Unpatented software and technology;01/07/2023;76 530,60;-25 510,20;0;51020,4;EUR;3;2,00;Cost model (i.e. value equals cost minus depreciation);30/06/2024;Internal
221500001284;Unpatented software and technology;01/07/2023;40 565,13;-13 521,71;0;27043,42;EUR;3;2,00;Cost model (i.e. value equals cost minus depreciation);30/06/2024;Internal
221500001191;Unpatented software and technology;01/07/2023;28 799,62;-9 599,88;0;19199,74;EUR;3;2,00;Cost model (i.e. value equals cost minus depreciation);30/06/2024;Internal
221500001232;Unpatented software and technology;01/07/2023;29 796,90;-9 932,30;0;19864,6;EUR;3;2,00;Cost model (i.e. value equals cost minus depreciation);30/06/2024;Internal
221500001229;Unpatented software and technology;01/07/2023;82 137,65;-27 379,22;0;54758,43;EUR;3;2,00;Cost model (i.e. value equals cost minus depreciation);30/06/2024;Internal
221500001215;Unpatented software and technology;01/07/2023;6 117,49;-2 039,16;0;4078,33;EUR;3;2,00;Cost model (i.e. value equals cost minus depreciation);30/06/2024;Internal
221500001212;Unpatented software and technology;01/07/2023;6 950,58;-2 316,86;0;4633,72;EUR;3;2,00;Cost model (i.e. value equals cost minus depreciation);30/06/2024;Internal
221500001271;Unpatented software and technology;01/07/2023;5 027,77;-1 675,92;0;3351,85;EUR;3;2,00;Cost model (i.e. value equals cost minus depreciation);30/06/2024;Internal
221500001263;Unpatented software and technology;01/07/2023;206,75;-68,92;0;137,83;EUR;3;2,00;Cost model (i.e. value equals cost minus depreciation);30/06/2024;Internal
221500001195;Unpatented software and technology;01/07/2023;2 918,88;-972,96;0;1945,92;EUR;3;2,00;Cost model (i.e. value equals cost minus depreciation);30/06/2024;Internal
221500001240;Unpatented software and technology;01/07/2023;6 129,65;-2 043,22;0;4086,43;EUR;3;2,00;Cost model (i.e. value equals cost minus depreciation);30/06/2024;Internal
221500001267;Unpatented software and technology;01/07/2023;11 433,50;-3 811,17;0;7622,33;EUR;3;2,00;Cost model (i.e. value equals cost minus depreciation);30/06/2024;Internal
221500001274;Unpatented software and technology;01/07/2023;30 870,28;-10 290,10;0;20580,18;EUR;3;2,00;Cost model (i.e. value equals cost minus depreciation);30/06/2024;Internal
221500001297;Unpatented software and technology;01/07/2023;6 078,57;-2 026,19;0;4052,38;EUR;3;2,00;Cost model (i.e. value equals cost minus depreciation);30/06/2024;Internal
221500001200;Unpatented software and technology;01/07/2023;875,66;-291,89;0;583,77;EUR;3;2,00;Cost model (i.e. value equals cost minus depreciation);30/06/2024;Internal
221500002053;Unpatented software and technology;01/08/2023;380 153,47;-116 158,00;0;263995,47;EUR;3;2,08;Cost model (i.e. value equals cost minus depreciation);30/06/2024;Internal
221500001141;Unpatented software and technology;01/08/2023;12 271,46;-3 749,61;0;8521,85;EUR;3;2,08;Cost model (i.e. value equals cost minus depreciation);30/06/2024;Internal
221500002033;Unpatented software and technology;01/08/2023;578,91;-176,89;0;402,02;EUR;3;2,08;Cost model (i.e. value equals cost minus depreciation);30/06/2024;Internal
221500000595;Unpatented software and technology;01/08/2023;5 217,50;-1 594,23;0;3623,27;EUR;3;2,08;Cost model (i.e. value equals cost minus depreciation);30/06/2024;Internal
221500001176;Unpatented software and technology;01/08/2023;9 486,36;-2 898,61;0;6587,75;EUR;3;2,08;Cost model (i.e. value equals cost minus depreciation);30/06/2024;Internal
221500000587;Unpatented software and technology;01/08/2023;24 830,74;-7 587,17;0;17243,57;EUR;3;2,08;Cost model (i.e. value equals cost minus depreciation);30/06/2024;Internal
221500000604;Unpatented software and technology;01/08/2023;1 277,01;-390,20;0;886,81;EUR;3;2,08;Cost model (i.e. value equals cost minus depreciation);30/06/2024;Internal
221500001286;Unpatented software and technology;01/08/2023;33 897,93;-10 357,70;0;23540,23;EUR;3;2,08;Cost model (i.e. value equals cost minus depreciation);30/06/2024;Internal
221500001277;Unpatented software and technology;01/08/2023;15 942,05;-4 871,19;0;11070,86;EUR;3;2,08;Cost model (i.e. value equals cost minus depreciation);30/06/2024;Internal
221500001247;Unpatented software and technology;01/08/2023;129 226,11;-39 485,76;0;89740,35;EUR;3;2,08;Cost model (i.e. value equals cost minus depreciation);30/06/2024;Internal
221500000379;Unpatented software and technology;01/08/2023;442 117,51;-135 091,46;0;307026,05;EUR;3;2,08;Cost model (i.e. value equals cost minus depreciation);30/06/2024;Internal
221500000656;Unpatented software and technology;01/09/2023;71 951,49;-19 986,53;0;51964,96;EUR;3;2,17;Cost model (i.e. value equals cost minus depreciation);30/06/2024;Internal
221500000638;Unpatented software and technology;01/09/2023;6 498,16;-1 805,05;0;4693,11;EUR;3;2,17;Cost model (i.e. value equals cost minus depreciation);30/06/2024;Internal
221500000639;Unpatented software and technology;01/09/2023;68 271,92;-18 964,42;0;49307,5;EUR;3;2,17;Cost model (i.e. value equals cost minus depreciation);30/06/2024;Internal
221500000640;Unpatented software and technology;01/09/2023;26 024,86;-7 229,13;0;18795,73;EUR;3;2,17;Cost model (i.e. value equals cost minus depreciation);30/06/2024;Internal
221500000643;Unpatented software and technology;01/09/2023;56 184,54;-15 606,82;0;40577,72;EUR;3;2,17;Cost model (i.e. value equals cost minus depreciation);30/06/2024;Internal
221500000645;Unpatented software and technology;01/09/2023;28 361,78;-7 878,27;0;20483,51;EUR;3;2,17;Cost model (i.e. value equals cost minus depreciation);30/06/2024;Internal
221500000646;Unpatented software and technology;01/09/2023;99 862,30;-27 739,53;0;72122,77;EUR;3;2,17;Cost model (i.e. value equals cost minus depreciation);30/06/2024;Internal
221500000648;Unpatented software and technology;01/09/2023;138 232,08;-38 397,80;0;99834,28;EUR;3;2,17;Cost model (i.e. value equals cost minus depreciation);30/06/2024;Internal
221500003141;Unpatented software and technology;01/09/2023;95 353,00;-26 486,95;0;68866,05;EUR;3;2,17;Cost model (i.e. value equals cost minus depreciation);30/06/2024;Internal
221500000652;Unpatented software and technology;01/09/2023;1 015,04;-281,95;0;733,09;EUR;3;2,17;Cost model (i.e. value equals cost minus depreciation);30/06/2024;Internal
221500001942;Unpatented software and technology;01/09/2023;1 824,30;-506,75;0;1317,55;EUR;3;2,17;Cost model (i.e. value equals cost minus depreciation);30/06/2024;Internal
221500000658;Unpatented software and technology;01/09/2023;36 989,67;-10 274,91;0;26714,76;EUR;3;2,17;Cost model (i.e. value equals cost minus depreciation);30/06/2024;Internal
221500000664;Unpatented software and technology;01/09/2023;52 413,46;-14 559,30;0;37854,16;EUR;3;2,17;Cost model (i.e. value equals cost minus depreciation);30/06/2024;Internal
221500003031;Unpatented software and technology;01/09/2023;1 284,42;-356,78;0;927,64;EUR;3;2,17;Cost model (i.e. value equals cost minus depreciation);30/06/2024;Internal
221500003144;Unpatented software and technology;01/09/2023;24 830,74;-6 897,43;0;17933,31;EUR;3;2,17;Cost model (i.e. value equals cost minus depreciation);30/06/2024;Internal
221500000650;Unpatented software and technology;01/09/2023;100 191,77;-27 831,05;0;72360,72;EUR;3;2,17;Cost model (i.e. value equals cost minus depreciation);30/06/2024;Internal
221500002563;Unpatented software and technology;01/09/2023;4 015,89;-1 115,53;0;2900,36;EUR;3;2,17;Cost model (i.e. value equals cost minus depreciation);30/06/2024;Internal
221500002553;Unpatented software and technology;01/09/2023;24 660,05;-6 850,02;0;17810,03;EUR;3;2,17;Cost model (i.e. value equals cost minus depreciation);30/06/2024;Internal
221500002554;Unpatented software and technology;01/09/2023;9 097,18;-2 527,00;0;6570,18;EUR;3;2,17;Cost model (i.e. value equals cost minus depreciation);30/06/2024;Internal
221500002555;Unpatented software and technology;01/09/2023;33 432,85;-9 286,90;0;24145,95;EUR;3;2,17;Cost model (i.e. value equals cost minus depreciation);30/06/2024;Internal
221500002556;Unpatented software and technology;01/09/2023;60 959,81;-16 933,28;0;44026,53;EUR;3;2,17;Cost model (i.e. value equals cost minus depreciation);30/06/2024;Internal
221500002557;Unpatented software and technology;01/09/2023;24 851,83;-6 903,28;0;17948,55;EUR;3;2,17;Cost model (i.e. value equals cost minus depreciation);30/06/2024;Internal
221500003152;Unpatented software and technology;01/09/2023;74 731,78;-20 758,83;0;53972,95;EUR;3;2,17;Cost model (i.e. value equals cost minus depreciation);30/06/2024;Internal
221500002561;Unpatented software and technology;01/09/2023;38 824,75;-10 784,65;0;28040,1;EUR;3;2,17;Cost model (i.e. value equals cost minus depreciation);30/06/2024;Internal
221500002549;Unpatented software and technology;01/09/2023;32 072,41;-8 909,00;0;23163,41;EUR;3;2,17;Cost model (i.e. value equals cost minus depreciation);30/06/2024;Internal
221500002565;Unpatented software and technology;01/09/2023;6 872,86;-1 909,13;0;4963,73;EUR;3;2,17;Cost model (i.e. value equals cost minus depreciation);30/06/2024;Internal
221500000032;Unpatented software and technology;01/09/2023;1 702,68;-472,97;0;1229,71;EUR;3;2,17;Cost model (i.e. value equals cost minus depreciation);30/06/2024;Internal
221500002572;Unpatented software and technology;01/09/2023;87 478,83;-24 299,68;0;63179,15;EUR;3;2,17;Cost model (i.e. value equals cost minus depreciation);30/06/2024;Internal
221500002576;Unpatented software and technology;01/09/2023;376 609,12;-104 613,65;0;271995,47;EUR;3;2,17;Cost model (i.e. value equals cost minus depreciation);30/06/2024;Internal
221500002582;Unpatented software and technology;01/09/2023;32 367,64;-8 991,01;0;23376,63;EUR;3;2,17;Cost model (i.e. value equals cost minus depreciation);30/06/2024;Internal
221500002587;Unpatented software and technology;01/09/2023;28 021,25;-7 783,68;0;20237,57;EUR;3;2,17;Cost model (i.e. value equals cost minus depreciation);30/06/2024;Internal
221500002559;Unpatented software and technology;01/09/2023;20 288,65;-5 635,73;0;14652,92;EUR;3;2,17;Cost model (i.e. value equals cost minus depreciation);30/06/2024;Internal
221500002536;Unpatented software and technology;01/09/2023;61 233,36;-17 009,27;0;44224,09;EUR;3;2,17;Cost model (i.e. value equals cost minus depreciation);30/06/2024;Internal
221500003150;Unpatented software and technology;01/09/2023;47 519,19;-13 199,78;0;34319,41;EUR;3;2,17;Cost model (i.e. value equals cost minus depreciation);30/06/2024;Internal
221500000636;Unpatented software and technology;01/09/2023;25 033,04;-6 953,62;0;18079,42;EUR;3;2,17;Cost model (i.e. value equals cost minus depreciation);30/06/2024;Internal
221500003159;Unpatented software and technology;01/09/2023;2 213,48;-614,85;0;1598,63;EUR;3;2,17;Cost model (i.e. value equals cost minus depreciation);30/06/2024;Internal
221500003164;Unpatented software and technology;01/09/2023;19 273,12;-5 353,65;0;13919,47;EUR;3;2,17;Cost model (i.e. value equals cost minus depreciation);30/06/2024;Internal
221500003165;Unpatented software and technology;01/09/2023;41 823,30;-11 617,58;0;30205,72;EUR;3;2,17;Cost model (i.e. value equals cost minus depreciation);30/06/2024;Internal
221500002533;Unpatented software and technology;01/09/2023;5 582,36;-1 550,65;0;4031,71;EUR;3;2,17;Cost model (i.e. value equals cost minus depreciation);30/06/2024;Internal
221500002552;Unpatented software and technology;01/09/2023;8 348,00;-2 318,89;0;6029,11;EUR;3;2,17;Cost model (i.e. value equals cost minus depreciation);30/06/2024;Internal
221500002535;Unpatented software and technology;01/09/2023;54 847,81;-15 235,50;0;39612,31;EUR;3;2,17;Cost model (i.e. value equals cost minus depreciation);30/06/2024;Internal
221500002551;Unpatented software and technology;01/09/2023;13 573,76;-3 770,49;0;9803,27;EUR;3;2,17;Cost model (i.e. value equals cost minus depreciation);30/06/2024;Internal
221500002537;Unpatented software and technology;01/09/2023;924,31;-256,75;0;667,56;EUR;3;2,17;Cost model (i.e. value equals cost minus depreciation);30/06/2024;Internal
221500002538;Unpatented software and technology;01/09/2023;780,80;-216,89;0;563,91;EUR;3;2,17;Cost model (i.e. value equals cost minus depreciation);30/06/2024;Internal
221500002541;Unpatented software and technology;01/09/2023;143 443,49;-39 845,42;0;103598,07;EUR;3;2,17;Cost model (i.e. value equals cost minus depreciation);30/06/2024;Internal
221500002544;Unpatented software and technology;01/09/2023;24 800,75;-6 889,10;0;17911,65;EUR;3;2,17;Cost model (i.e. value equals cost minus depreciation);30/06/2024;Internal
221500002547;Unpatented software and technology;01/09/2023;30 487,84;-8 468,85;0;22018,99;EUR;3;2,17;Cost model (i.e. value equals cost minus depreciation);30/06/2024;Internal
221500003146;Unpatented software and technology;01/09/2023;12 271,46;-3 408,74;0;8862,72;EUR;3;2,17;Cost model (i.e. value equals cost minus depreciation);30/06/2024;Internal
221500002534;Unpatented software and technology;01/09/2023;23 820,80;-6 616,89;0;17203,91;EUR;3;2,17;Cost model (i.e. value equals cost minus depreciation);30/06/2024;Internal
221500000634;Unpatented software and technology;01/09/2023;36 369,70;-10 102,70;0;26267;EUR;3;2,17;Cost model (i.e. value equals cost minus depreciation);30/06/2024;Internal
221500000632;Unpatented software and technology;01/09/2023;19 437,92;-5 399,42;0;14038,5;EUR;3;2,17;Cost model (i.e. value equals cost minus depreciation);30/06/2024;Internal
221500000630;Unpatented software and technology;01/09/2023;2 626,99;-729,72;0;1897,27;EUR;3;2,17;Cost model (i.e. value equals cost minus depreciation);30/06/2024;Internal
221500000628;Unpatented software and technology;01/09/2023;37 827,47;-10 507,63;0;27319,84;EUR;3;2,17;Cost model (i.e. value equals cost minus depreciation);30/06/2024;Internal
221500000626;Unpatented software and technology;01/09/2023;102 774,73;-28 548,53;0;74226,2;EUR;3;2,17;Cost model (i.e. value equals cost minus depreciation);30/06/2024;Internal
221500003139;Unpatented software and technology;01/09/2023;56 307,20;-15 640,89;0;40666,31;EUR;3;2,17;Cost model (i.e. value equals cost minus depreciation);30/06/2024;Internal
221500000623;Unpatented software and technology;01/09/2023;13 766,80;-3 824,11;0;9942,69;EUR;3;2,17;Cost model (i.e. value equals cost minus depreciation);30/06/2024;Internal
221500003137;Unpatented software and technology;01/09/2023;95 561,98;-26 545,00;0;69016,98;EUR;3;2,17;Cost model (i.e. value equals cost minus depreciation);30/06/2024;Internal
221500000620;Unpatented software and technology;01/09/2023;3 239,96;-899,99;0;2339,97;EUR;3;2,17;Cost model (i.e. value equals cost minus depreciation);30/06/2024;Internal
221500000635;Unpatented software and technology;01/09/2023;8 476,91;-2 354,70;0;6122,21;EUR;3;2,17;Cost model (i.e. value equals cost minus depreciation);30/06/2024;Internal
221500000622;Unpatented software and technology;01/09/2023;27 928,82;-7 758,00;0;20170,82;EUR;3;2,17;Cost model (i.e. value equals cost minus depreciation);30/06/2024;Internal
221500000621;Unpatented software and technology;01/09/2023;51 271,34;-14 242,04;0;37029,3;EUR;3;2,17;Cost model (i.e. value equals cost minus depreciation);30/06/2024;Internal
221500000618;Unpatented software and technology;01/09/2023;3 940,49;-1 094,58;0;2845,91;EUR;3;2,17;Cost model (i.e. value equals cost minus depreciation);30/06/2024;Internal
221500000619;Unpatented software and technology;01/09/2023;11 169,89;-3 102,75;0;8067,14;EUR;3;2,17;Cost model (i.e. value equals cost minus depreciation);30/06/2024;Internal
221500000624;Unpatented software and technology;01/09/2023;33 185,41;-9 218,17;0;23967,24;EUR;3;2,17;Cost model (i.e. value equals cost minus depreciation);30/06/2024;Internal
221500002181;Unpatented software and technology;01/10/2023;34 505,73;-8 626,43;0;25879,3;EUR;3;2,25;Cost model (i.e. value equals cost minus depreciation);30/06/2024;Internal
221500002176;Unpatented software and technology;01/10/2023;1 992,14;-498,03;0;1494,11;EUR;3;2,25;Cost model (i.e. value equals cost minus depreciation);30/06/2024;Internal
221500002171;Unpatented software and technology;01/10/2023;13 873,19;-3 468,30;0;10404,89;EUR;3;2,25;Cost model (i.e. value equals cost minus depreciation);30/06/2024;Internal
221500002167;Unpatented software and technology;01/10/2023;27 019,10;-6 754,77;0;20264,33;EUR;3;2,25;Cost model (i.e. value equals cost minus depreciation);30/06/2024;Internal
221500002164;Unpatented software and technology;01/10/2023;85 197,67;-21 299,42;0;63898,25;EUR;3;2,25;Cost model (i.e. value equals cost minus depreciation);30/06/2024;Internal
221500002159;Unpatented software and technology;01/10/2023;4 684,80;-1 171,20;0;3513,6;EUR;3;2,25;Cost model (i.e. value equals cost minus depreciation);30/06/2024;Internal
221500002151;Unpatented software and technology;01/10/2023;102 462,08;-25 615,52;0;76846,56;EUR;3;2,25;Cost model (i.e. value equals cost minus depreciation);30/06/2024;Internal
221500000612;Unpatented software and technology;01/10/2023;18 862,05;-4 715,51;0;14146,54;EUR;3;2,25;Cost model (i.e. value equals cost minus depreciation);30/06/2024;Internal
221500002145;Unpatented software and technology;01/10/2023;2 626,99;-656,75;0;1970,24;EUR;3;2,25;Cost model (i.e. value equals cost minus depreciation);30/06/2024;Internal
221500001912;Unpatented software and technology;01/10/2023;1 386,47;-346,62;0;1039,85;EUR;3;2,25;Cost model (i.e. value equals cost minus depreciation);30/06/2024;Internal
221500002190;Unpatented software and technology;01/10/2023;26 289,38;-6 572,34;0;19717,04;EUR;3;2,25;Cost model (i.e. value equals cost minus depreciation);30/06/2024;Internal
221500002140;Unpatented software and technology;01/10/2023;339 662,98;-84 915,75;0;254747,23;EUR;3;2,25;Cost model (i.e. value equals cost minus depreciation);30/06/2024;Internal
221500002805;Unpatented software and technology;01/10/2023;145,94;-36,48;0;109,46;EUR;3;2,25;Cost model (i.e. value equals cost minus depreciation);30/06/2024;Internal
221500002809;Unpatented software and technology;01/10/2023;47 519,19;-11 879,80;0;35639,39;EUR;3;2,25;Cost model (i.e. value equals cost minus depreciation);30/06/2024;Internal
221500002816;Unpatented software and technology;01/10/2023;328,37;-82,10;0;246,27;EUR;3;2,25;Cost model (i.e. value equals cost minus depreciation);30/06/2024;Internal
221500001995;Unpatented software and technology;01/10/2023;138,65;-34,67;0;103,98;EUR;3;2,25;Cost model (i.e. value equals cost minus depreciation);30/06/2024;Internal
221500001994;Unpatented software and technology;01/10/2023;655,87;-163,97;0;491,9;EUR;3;2,25;Cost model (i.e. value equals cost minus depreciation);30/06/2024;Internal
221500001919;Unpatented software and technology;01/10/2023;360 850,76;-90 212,69;0;270638,07;EUR;3;2,25;Cost model (i.e. value equals cost minus depreciation);30/06/2024;Internal
221500002148;Unpatented software and technology;01/10/2023;18 615,46;-4 653,87;0;13961,59;EUR;3;2,25;Cost model (i.e. value equals cost minus depreciation);30/06/2024;Internal
221500002235;Unpatented software and technology;01/10/2023;4 741,43;-1 185,36;0;3556,07;EUR;3;2,25;Cost model (i.e. value equals cost minus depreciation);30/06/2024;Internal
221500002705;Unpatented software and technology;01/10/2023;82 690,07;-20 672,52;0;62017,55;EUR;3;2,25;Cost model (i.e. value equals cost minus depreciation);30/06/2024;Internal
221500002699;Unpatented software and technology;01/10/2023;2 292,54;-573,14;0;1719,4;EUR;3;2,25;Cost model (i.e. value equals cost minus depreciation);30/06/2024;Internal
221500002685;Unpatented software and technology;01/10/2023;17 344,84;-4 336,21;0;13008,63;EUR;3;2,25;Cost model (i.e. value equals cost minus depreciation);30/06/2024;Internal
221500002681;Unpatented software and technology;01/10/2023;9 487,88;-2 371,97;0;7115,91;EUR;3;2,25;Cost model (i.e. value equals cost minus depreciation);30/06/2024;Internal
221500002558;Unpatented software and technology;01/10/2023;5 889,06;-1 472,27;0;4416,79;EUR;3;2,25;Cost model (i.e. value equals cost minus depreciation);30/06/2024;Internal
221500001295;Unpatented software and technology;01/10/2023;7 918,86;-1 979,72;0;5939,14;EUR;3;2,25;Cost model (i.e. value equals cost minus depreciation);30/06/2024;Internal
221500002546;Unpatented software and technology;01/10/2023;29 991,49;-7 497,87;0;22493,62;EUR;3;2,25;Cost model (i.e. value equals cost minus depreciation);30/06/2024;Internal
221500002532;Unpatented software and technology;01/10/2023;171 240,96;-42 810,24;0;128430,72;EUR;3;2,25;Cost model (i.e. value equals cost minus depreciation);30/06/2024;Internal
221500002531;Unpatented software and technology;01/10/2023;22 332,83;-5 583,21;0;16749,62;EUR;3;2,25;Cost model (i.e. value equals cost minus depreciation);30/06/2024;Internal
221500002797;Unpatented software and technology;01/10/2023;24 830,74;-6 207,69;0;18623,05;EUR;3;2,25;Cost model (i.e. value equals cost minus depreciation);30/06/2024;Internal
221500002335;Unpatented software and technology;01/10/2023;6 312,08;-1 578,02;0;4734,06;EUR;3;2,25;Cost model (i.e. value equals cost minus depreciation);30/06/2024;Internal
221500002334;Unpatented software and technology;01/10/2023;8 990,15;-2 247,54;0;6742,61;EUR;3;2,25;Cost model (i.e. value equals cost minus depreciation);30/06/2024;Internal
221500002184;Unpatented software and technology;01/10/2023;18 502,05;-4 625,51;0;13876,54;EUR;3;2,25;Cost model (i.e. value equals cost minus depreciation);30/06/2024;Internal
221500002237;Unpatented software and technology;01/10/2023;7 934,10;-1 983,53;0;5950,57;EUR;3;2,25;Cost model (i.e. value equals cost minus depreciation);30/06/2024;Internal
221500002187;Unpatented software and technology;01/10/2023;5 866,64;-1 466,66;0;4399,98;EUR;3;2,25;Cost model (i.e. value equals cost minus depreciation);30/06/2024;Internal
221500002233;Unpatented software and technology;01/10/2023;2 043,22;-510,81;0;1532,41;EUR;3;2,25;Cost model (i.e. value equals cost minus depreciation);30/06/2024;Internal
221500002229;Unpatented software and technology;01/10/2023;11 170,07;-2 792,52;0;8377,55;EUR;3;2,25;Cost model (i.e. value equals cost minus depreciation);30/06/2024;Internal
221500002227;Unpatented software and technology;01/10/2023;85,36;-21,34;0;64,02;EUR;3;2,25;Cost model (i.e. value equals cost minus depreciation);30/06/2024;Internal
221500002223;Unpatented software and technology;01/10/2023;513,24;-128,31;0;384,93;EUR;3;2,25;Cost model (i.e. value equals cost minus depreciation);30/06/2024;Internal
221500002219;Unpatented software and technology;01/10/2023;21 853,83;-5 463,46;0;16390,37;EUR;3;2,25;Cost model (i.e. value equals cost minus depreciation);30/06/2024;Internal
221500002214;Unpatented software and technology;01/10/2023;54 764,57;-13 691,15;0;41073,42;EUR;3;2,25;Cost model (i.e. value equals cost minus depreciation);30/06/2024;Internal
221500002212;Unpatented software and technology;01/10/2023;87 968,36;-21 992,09;0;65976,27;EUR;3;2,25;Cost model (i.e. value equals cost minus depreciation);30/06/2024;Internal
221500002209;Unpatented software and technology;01/10/2023;129 325,01;-32 331,26;0;96993,75;EUR;3;2,25;Cost model (i.e. value equals cost minus depreciation);30/06/2024;Internal
221500002205;Unpatented software and technology;01/10/2023;26 138,57;-6 534,65;0;19603,92;EUR;3;2,25;Cost model (i.e. value equals cost minus depreciation);30/06/2024;Internal
221500002201;Unpatented software and technology;01/10/2023;41 487,01;-10 371,75;0;31115,26;EUR;3;2,25;Cost model (i.e. value equals cost minus depreciation);30/06/2024;Internal
221500002197;Unpatented software and technology;01/10/2023;10 023,92;-2 505,98;0;7517,94;EUR;3;2,25;Cost model (i.e. value equals cost minus depreciation);30/06/2024;Internal
221500002193;Unpatented software and technology;01/10/2023;26 480,41;-6 620,10;0;19860,31;EUR;3;2,25;Cost model (i.e. value equals cost minus depreciation);30/06/2024;Internal
221500002154;Unpatented software and technology;01/10/2023;73 909,81;-18 477,45;0;55432,36;EUR;3;2,25;Cost model (i.e. value equals cost minus depreciation);30/06/2024;Internal
221500002333;Unpatented software and technology;01/10/2023;8 990,15;-2 247,54;0;6742,61;EUR;3;2,25;Cost model (i.e. value equals cost minus depreciation);30/06/2024;Internal
221500001437;Unpatented software and technology;01/11/2023;28 896,91;-6 421,53;0;22475,38;EUR;3;2,34;Cost model (i.e. value equals cost minus depreciation);30/06/2024;Internal
221500002793;Unpatented software and technology;01/11/2023;3 952,65;-878,37;0;3074,28;EUR;3;2,34;Cost model (i.e. value equals cost minus depreciation);30/06/2024;Internal
221500001748;Unpatented software and technology;01/11/2023;7 579,36;-1 684,31;0;5895,05;EUR;3;2,34;Cost model (i.e. value equals cost minus depreciation);30/06/2024;Internal
221500001419;Unpatented software and technology;01/11/2023;98 878,05;-21 972,90;0;76905,15;EUR;3;2,34;Cost model (i.e. value equals cost minus depreciation);30/06/2024;Internal
221500001431;Unpatented software and technology;01/11/2023;72,97;-16,21;0;56,76;EUR;3;2,34;Cost model (i.e. value equals cost minus depreciation);30/06/2024;Internal
221500003171;Unpatented software and technology;01/11/2023;111 890,40;-24 864,53;0;87025,87;EUR;3;2,34;Cost model (i.e. value equals cost minus depreciation);30/06/2024;Internal
221500001452;Unpatented software and technology;01/11/2023;8 990,15;-1 997,81;0;6992,34;EUR;3;2,34;Cost model (i.e. value equals cost minus depreciation);30/06/2024;Internal
221500001679;Unpatented software and technology;01/11/2023;85 620,48;-19 026,77;0;66593,71;EUR;3;2,34;Cost model (i.e. value equals cost minus depreciation);30/06/2024;Internal
221500001445;Unpatented software and technology;01/11/2023;22 066,73;-4 903,72;0;17163,01;EUR;3;2,34;Cost model (i.e. value equals cost minus depreciation);30/06/2024;Internal
221500001685;Unpatented software and technology;01/11/2023;9 761,25;-2 169,17;0;7592,08;EUR;3;2,34;Cost model (i.e. value equals cost minus depreciation);30/06/2024;Internal
221500000654;Unpatented software and technology;01/11/2023;4 113,57;-914,13;0;3199,44;EUR;3;2,34;Cost model (i.e. value equals cost minus depreciation);30/06/2024;Internal
221500002539;Unpatented software and technology;01/11/2023;84 661,54;-18 813,68;0;65847,86;EUR;3;2,34;Cost model (i.e. value equals cost minus depreciation);30/06/2024;Internal
221500002004;Unpatented software and technology;01/11/2023;203 219,00;-45 159,78;0;158059,22;EUR;3;2,34;Cost model (i.e. value equals cost minus depreciation);30/06/2024;Internal
221500000661;Unpatented software and technology;01/11/2023;43 167,62;-9 592,80;0;33574,82;EUR;3;2,34;Cost model (i.e. value equals cost minus depreciation);30/06/2024;Internal
221500002562;Unpatented software and technology;01/11/2023;14 448,46;-3 210,77;0;11237,69;EUR;3;2,34;Cost model (i.e. value equals cost minus depreciation);30/06/2024;Internal
221500001434;Unpatented software and technology;01/11/2023;47 519,19;-10 559,82;0;36959,37;EUR;3;2,34;Cost model (i.e. value equals cost minus depreciation);30/06/2024;Internal
221500001449;Unpatented software and technology;01/11/2023;2 608,75;-579,72;0;2029,03;EUR;3;2,34;Cost model (i.e. value equals cost minus depreciation);30/06/2024;Internal
221500001689;Unpatented software and technology;01/11/2023;986,27;-219,17;0;767,1;EUR;3;2,34;Cost model (i.e. value equals cost minus depreciation);30/06/2024;Internal
221500001712;Unpatented software and technology;01/11/2023;20 979,45;-4 662,10;0;16317,35;EUR;3;2,34;Cost model (i.e. value equals cost minus depreciation);30/06/2024;Internal
221500002790;Unpatented software and technology;01/11/2023;1 702,68;-378,37;0;1324,31;EUR;3;2,34;Cost model (i.e. value equals cost minus depreciation);30/06/2024;Internal
221500001681;Unpatented software and technology;01/11/2023;47 519,23;-10 559,83;0;36959,4;EUR;3;2,34;Cost model (i.e. value equals cost minus depreciation);30/06/2024;Internal
221500001692;Unpatented software and technology;01/11/2023;4 418,59;-981,91;0;3436,68;EUR;3;2,34;Cost model (i.e. value equals cost minus depreciation);30/06/2024;Internal
221500001699;Unpatented software and technology;01/11/2023;12 367,71;-2 748,38;0;9619,33;EUR;3;2,34;Cost model (i.e. value equals cost minus depreciation);30/06/2024;Internal
221500001696;Unpatented software and technology;01/11/2023;3 363,62;-747,47;0;2616,15;EUR;3;2,34;Cost model (i.e. value equals cost minus depreciation);30/06/2024;Internal
221500001717;Unpatented software and technology;01/11/2023;392 597,14;-87 243,81;0;305353,33;EUR;3;2,34;Cost model (i.e. value equals cost minus depreciation);30/06/2024;Internal
221500001081;Unpatented software and technology;01/11/2023;48 119,68;-10 693,27;0;37426,41;EUR;3;2,34;Cost model (i.e. value equals cost minus depreciation);30/06/2024;Internal
221500001702;Unpatented software and technology;01/11/2023;14 831,68;-3 295,93;0;11535,75;EUR;3;2,34;Cost model (i.e. value equals cost minus depreciation);30/06/2024;Internal
221500000239;Unpatented software and technology;01/12/2023;36 617,35;-7 120,04;0;29497,31;EUR;3;2,42;Cost model (i.e. value equals cost minus depreciation);30/06/2024;Internal
221500000053;Unpatented software and technology;01/12/2023;1 871,73;-363,95;0;1507,78;EUR;3;2,42;Cost model (i.e. value equals cost minus depreciation);30/06/2024;Internal
221500000218;Unpatented software and technology;01/12/2023;43 345,37;-8 428,27;0;34917,1;EUR;3;2,42;Cost model (i.e. value equals cost minus depreciation);30/06/2024;Internal
221500001075;Unpatented software and technology;01/12/2023;39 477,85;-7 676,25;0;31801,6;EUR;3;2,42;Cost model (i.e. value equals cost minus depreciation);30/06/2024;Internal
221500000242;Unpatented software and technology;01/12/2023;4 495,08;-874,04;0;3621,04;EUR;3;2,42;Cost model (i.e. value equals cost minus depreciation);30/06/2024;Internal
221500000056;Unpatented software and technology;01/12/2023;12 463,62;-2 423,48;0;10040,14;EUR;3;2,42;Cost model (i.e. value equals cost minus depreciation);30/06/2024;Internal
221500000062;Unpatented software and technology;01/12/2023;4 028,78;-783,37;0;3245,41;EUR;3;2,42;Cost model (i.e. value equals cost minus depreciation);30/06/2024;Internal
221500001069;Unpatented software and technology;01/12/2023;3 612,11;-702,36;0;2909,75;EUR;3;2,42;Cost model (i.e. value equals cost minus depreciation);30/06/2024;Internal
221500000960;Unpatented software and technology;01/12/2023;28 634,21;-5 567,77;0;23066,44;EUR;3;2,42;Cost model (i.e. value equals cost minus depreciation);30/06/2024;Internal
221500000990;Unpatented software and technology;01/12/2023;3 405,36;-662,15;0;2743,21;EUR;3;2,42;Cost model (i.e. value equals cost minus depreciation);30/06/2024;Internal
221500000244;Unpatented software and technology;01/12/2023;2 802,12;-544,86;0;2257,26;EUR;3;2,42;Cost model (i.e. value equals cost minus depreciation);30/06/2024;Internal
221500000223;Unpatented software and technology;01/12/2023;26 960,72;-5 242,36;0;21718,36;EUR;3;2,42;Cost model (i.e. value equals cost minus depreciation);30/06/2024;Internal
221500000225;Unpatented software and technology;01/12/2023;22 783,16;-4 430,06;0;18353,1;EUR;3;2,42;Cost model (i.e. value equals cost minus depreciation);30/06/2024;Internal
221500000066;Unpatented software and technology;01/12/2023;437,25;-85,02;0;352,23;EUR;3;2,42;Cost model (i.e. value equals cost minus depreciation);30/06/2024;Internal
221500000069;Unpatented software and technology;01/12/2023;4 251,84;-826,75;0;3425,09;EUR;3;2,42;Cost model (i.e. value equals cost minus depreciation);30/06/2024;Internal
221500002567;Unpatented software and technology;01/12/2023;27 455,71;-5 338,61;0;22117,1;EUR;3;2,42;Cost model (i.e. value equals cost minus depreciation);30/06/2024;Internal
221500000731;Unpatented software and technology;01/12/2023;17 675,57;-3 436,92;0;14238,65;EUR;3;2,42;Cost model (i.e. value equals cost minus depreciation);30/06/2024;Internal
221500000291;Unpatented software and technology;01/12/2023;120 235,64;-23 379,15;0;96856,49;EUR;3;2,42;Cost model (i.e. value equals cost minus depreciation);30/06/2024;Internal
221500000289;Unpatented software and technology;01/12/2023;3 557,38;-691,72;0;2865,66;EUR;3;2,42;Cost model (i.e. value equals cost minus depreciation);30/06/2024;Internal
221500000288;Unpatented software and technology;01/12/2023;24 206,94;-4 706,91;0;19500,03;EUR;3;2,42;Cost model (i.e. value equals cost minus depreciation);30/06/2024;Internal
221500000285;Unpatented software and technology;01/12/2023;371 210,76;-72 179,87;0;299030,89;EUR;3;2,42;Cost model (i.e. value equals cost minus depreciation);30/06/2024;Internal
221500000282;Unpatented software and technology;01/12/2023;7 322,49;-1 423,82;0;5898,67;EUR;3;2,42;Cost model (i.e. value equals cost minus depreciation);30/06/2024;Internal
221500000279;Unpatented software and technology;01/12/2023;88 644,86;-17 236,50;0;71408,36;EUR;3;2,42;Cost model (i.e. value equals cost minus depreciation);30/06/2024;Internal
221500000049;Unpatented software and technology;01/12/2023;89 581,64;-17 418,65;0;72162,99;EUR;3;2,42;Cost model (i.e. value equals cost minus depreciation);30/06/2024;Internal
221500000613;Unpatented software and technology;01/12/2023;3 327,52;-647,02;0;2680,5;EUR;3;2,42;Cost model (i.e. value equals cost minus depreciation);30/06/2024;Internal
221500000246;Unpatented software and technology;01/12/2023;23 882,77;-4 643,87;0;19238,9;EUR;3;2,42;Cost model (i.e. value equals cost minus depreciation);30/06/2024;Internal
221500000272;Unpatented software and technology;01/12/2023;6 630,12;-1 289,19;0;5340,93;EUR;3;2,42;Cost model (i.e. value equals cost minus depreciation);30/06/2024;Internal
221500000269;Unpatented software and technology;01/12/2023;8 581,51;-1 668,63;0;6912,88;EUR;3;2,42;Cost model (i.e. value equals cost minus depreciation);30/06/2024;Internal
221500000034;Unpatented software and technology;01/12/2023;2 076,93;-403,85;0;1673,08;EUR;3;2,42;Cost model (i.e. value equals cost minus depreciation);30/06/2024;Internal
221500000266;Unpatented software and technology;01/12/2023;61 163,91;-11 892,98;0;49270,93;EUR;3;2,42;Cost model (i.e. value equals cost minus depreciation);30/06/2024;Internal
221500000987;Unpatented software and technology;01/12/2023;77 063,63;-14 984,60;0;62079,03;EUR;3;2,42;Cost model (i.e. value equals cost minus depreciation);30/06/2024;Internal
221500000044;Unpatented software and technology;01/12/2023;5 656,90;-1 099,96;0;4556,94;EUR;3;2,42;Cost model (i.e. value equals cost minus depreciation);30/06/2024;Internal
221500000250;Unpatented software and technology;01/12/2023;4 767,50;-927,01;0;3840,49;EUR;3;2,42;Cost model (i.e. value equals cost minus depreciation);30/06/2024;Internal
221500000276;Unpatented software and technology;01/12/2023;85 620,48;-16 648,43;0;68972,05;EUR;3;2,42;Cost model (i.e. value equals cost minus depreciation);30/06/2024;Internal
221500000637;Unpatented software and technology;01/12/2023;11 062,47;-2 151,04;0;8911,43;EUR;3;2,42;Cost model (i.e. value equals cost minus depreciation);30/06/2024;Internal
221500000832;Unpatented software and technology;01/12/2023;5 512,61;-1 071,90;0;4440,71;EUR;3;2,42;Cost model (i.e. value equals cost minus depreciation);30/06/2024;Internal
221500000834;Unpatented software and technology;01/12/2023;558,72;-108,64;0;450,08;EUR;3;2,42;Cost model (i.e. value equals cost minus depreciation);30/06/2024;Internal
221500000836;Unpatented software and technology;01/12/2023;525,40;-102,16;0;423,24;EUR;3;2,42;Cost model (i.e. value equals cost minus depreciation);30/06/2024;Internal
221500000840;Unpatented software and technology;01/12/2023;111 855,11;-21 749,61;0;90105,5;EUR;3;2,42;Cost model (i.e. value equals cost minus depreciation);30/06/2024;Internal
221500001026;Unpatented software and technology;01/12/2023;12 463,62;-2 423,48;0;10040,14;EUR;3;2,42;Cost model (i.e. value equals cost minus depreciation);30/06/2024;Internal
221500000844;Unpatented software and technology;01/12/2023;19 859,33;-3 861,54;0;15997,79;EUR;3;2,42;Cost model (i.e. value equals cost minus depreciation);30/06/2024;Internal
221500000162;Unpatented software and technology;01/12/2023;20 527,02;-3 991,37;0;16535,65;EUR;3;2,42;Cost model (i.e. value equals cost minus depreciation);30/06/2024;Internal
221500000994;Unpatented software and technology;01/12/2023;10 825,83;-2 105,02;0;8720,81;EUR;3;2,42;Cost model (i.e. value equals cost minus depreciation);30/06/2024;Internal
221500001030;Unpatented software and technology;01/12/2023;13 898,73;-2 702,53;0;11196,2;EUR;3;2,42;Cost model (i.e. value equals cost minus depreciation);30/06/2024;Internal
221500000821;Unpatented software and technology;01/12/2023;9 535,01;-1 854,03;0;7680,98;EUR;3;2,42;Cost model (i.e. value equals cost minus depreciation);30/06/2024;Internal
221500001032;Unpatented software and technology;01/12/2023;12 535,41;-2 437,44;0;10097,97;EUR;3;2,42;Cost model (i.e. value equals cost minus depreciation);30/06/2024;Internal
221500001033;Unpatented software and technology;01/12/2023;56 680,85;-11 021,28;0;45659,57;EUR;3;2,42;Cost model (i.e. value equals cost minus depreciation);30/06/2024;Internal
221500000847;Unpatented software and technology;01/12/2023;20 979,45;-4 079,34;0;16900,11;EUR;3;2,42;Cost model (i.e. value equals cost minus depreciation);30/06/2024;Internal
221500001034;Unpatented software and technology;01/12/2023;7 764,22;-1 509,71;0;6254,51;EUR;3;2,42;Cost model (i.e. value equals cost minus depreciation);30/06/2024;Internal
221500001042;Unpatented software and technology;01/12/2023;458,26;-89,11;0;369,15;EUR;3;2,42;Cost model (i.e. value equals cost minus depreciation);30/06/2024;Internal
221500000849;Unpatented software and technology;01/12/2023;85 954,66;-16 713,41;0;69241,25;EUR;3;2,42;Cost model (i.e. value equals cost minus depreciation);30/06/2024;Internal
221500001036;Unpatented software and technology;01/12/2023;409,96;-79,72;0;330,24;EUR;3;2,42;Cost model (i.e. value equals cost minus depreciation);30/06/2024;Internal
221500001037;Unpatented software and technology;01/12/2023;3 104,96;-603,74;0;2501,22;EUR;3;2,42;Cost model (i.e. value equals cost minus depreciation);30/06/2024;Internal
221500001028;Unpatented software and technology;01/12/2023;10 895,94;-2 118,66;0;8777,28;EUR;3;2,42;Cost model (i.e. value equals cost minus depreciation);30/06/2024;Internal
221500000081;Unpatented software and technology;01/12/2023;4 590,42;-892,58;0;3697,84;EUR;3;2,42;Cost model (i.e. value equals cost minus depreciation);30/06/2024;Internal
221500000072;Unpatented software and technology;01/12/2023;12 053,21;-2 343,68;0;9709,53;EUR;3;2,42;Cost model (i.e. value equals cost minus depreciation);30/06/2024;Internal
221500001040;Unpatented software and technology;01/12/2023;7 599,13;-1 477,61;0;6121,52;EUR;3;2,42;Cost model (i.e. value equals cost minus depreciation);30/06/2024;Internal
221500000210;Unpatented software and technology;01/12/2023;23 117,53;-4 495,07;0;18622,46;EUR;3;2,42;Cost model (i.e. value equals cost minus depreciation);30/06/2024;Internal
221500001044;Unpatented software and technology;01/12/2023;277,29;-53,92;0;223,37;EUR;3;2,42;Cost model (i.e. value equals cost minus depreciation);30/06/2024;Internal
221500000999;Unpatented software and technology;01/12/2023;114 895,96;-22 340,88;0;92555,08;EUR;3;2,42;Cost model (i.e. value equals cost minus depreciation);30/06/2024;Internal
221500000075;Unpatented software and technology;01/12/2023;3 682,65;-716,07;0;2966,58;EUR;3;2,42;Cost model (i.e. value equals cost minus depreciation);30/06/2024;Internal
221500001001;Unpatented software and technology;01/12/2023;1 751,33;-340,54;0;1410,79;EUR;3;2,42;Cost model (i.e. value equals cost minus depreciation);30/06/2024;Internal
221500000984;Unpatented software and technology;01/12/2023;27 218,56;-5 292,50;0;21926,06;EUR;3;2,42;Cost model (i.e. value equals cost minus depreciation);30/06/2024;Internal
221500000827;Unpatented software and technology;01/12/2023;21 392,96;-4 159,74;0;17233,22;EUR;3;2,42;Cost model (i.e. value equals cost minus depreciation);30/06/2024;Internal
221500001078;Unpatented software and technology;01/12/2023;61 617,56;-11 981,19;0;49636,37;EUR;3;2,42;Cost model (i.e. value equals cost minus depreciation);30/06/2024;Internal
221500000824;Unpatented software and technology;01/12/2023;1 167,55;-227,02;0;940,53;EUR;3;2,42;Cost model (i.e. value equals cost minus depreciation);30/06/2024;Internal
221500000084;Unpatented software and technology;01/12/2023;22 305,11;-4 337,11;0;17968;EUR;3;2,42;Cost model (i.e. value equals cost minus depreciation);30/06/2024;Internal
221500000088;Unpatented software and technology;01/12/2023;583,78;-113,52;0;470,26;EUR;3;2,42;Cost model (i.e. value equals cost minus depreciation);30/06/2024;Internal
221500000093;Unpatented software and technology;01/12/2023;6 206,27;-1 206,78;0;4999,49;EUR;3;2,42;Cost model (i.e. value equals cost minus depreciation);30/06/2024;Internal
221500000096;Unpatented software and technology;01/12/2023;31 915,07;-6 205,71;0;25709,36;EUR;3;2,42;Cost model (i.e. value equals cost minus depreciation);30/06/2024;Internal
221500000807;Unpatented software and technology;01/12/2023;3 279,36;-637,65;0;2641,71;EUR;3;2,42;Cost model (i.e. value equals cost minus depreciation);30/06/2024;Internal
221500000812;Unpatented software and technology;01/12/2023;936,96;-182,19;0;754,77;EUR;3;2,42;Cost model (i.e. value equals cost minus depreciation);30/06/2024;Internal
221500000817;Unpatented software and technology;01/12/2023;17 581,33;-3 418,59;0;14162,74;EUR;3;2,42;Cost model (i.e. value equals cost minus depreciation);30/06/2024;Internal
221500000078;Unpatented software and technology;01/12/2023;4 388,05;-853,23;0;3534,82;EUR;3;2,42;Cost model (i.e. value equals cost minus depreciation);30/06/2024;Internal
221500000038;Unpatented software and technology;01/12/2023;6 068,45;-1 179,98;0;4888,47;EUR;3;2,42;Cost model (i.e. value equals cost minus depreciation);30/06/2024;Internal
221500000698;Unpatented software and technology;01/12/2023;7 050,63;-1 370,96;0;5679,67;EUR;3;2,42;Cost model (i.e. value equals cost minus depreciation);30/06/2024;Internal
221500000614;Unpatented software and technology;01/12/2023;1 756,19;-341,48;0;1414,71;EUR;3;2,42;Cost model (i.e. value equals cost minus depreciation);30/06/2024;Internal
221500000669;Unpatented software and technology;01/12/2023;31 189,20;-6 064,57;0;25124,63;EUR;3;2,42;Cost model (i.e. value equals cost minus depreciation);30/06/2024;Internal
221500000946;Unpatented software and technology;01/12/2023;19 884,87;-3 866,50;0;16018,37;EUR;3;2,42;Cost model (i.e. value equals cost minus depreciation);30/06/2024;Internal
221500000684;Unpatented software and technology;01/12/2023;28 566,11;-5 554,52;0;23011,59;EUR;3;2,42;Cost model (i.e. value equals cost minus depreciation);30/06/2024;Internal
221500000689;Unpatented software and technology;01/12/2023;107 671,14;-20 936,06;0;86735,08;EUR;3;2,42;Cost model (i.e. value equals cost minus depreciation);30/06/2024;Internal
221500000964;Unpatented software and technology;01/12/2023;108 390,44;-21 075,92;0;87314,52;EUR;3;2,42;Cost model (i.e. value equals cost minus depreciation);30/06/2024;Internal
221500000715;Unpatented software and technology;01/12/2023;131 310,84;-25 532,66;0;105778,18;EUR;3;2,42;Cost model (i.e. value equals cost minus depreciation);30/06/2024;Internal
221500000952;Unpatented software and technology;01/12/2023;1 109,17;-215,67;0;893,5;EUR;3;2,42;Cost model (i.e. value equals cost minus depreciation);30/06/2024;Internal
221500000695;Unpatented software and technology;01/12/2023;49 669,61;-9 657,98;0;40011,63;EUR;3;2,42;Cost model (i.e. value equals cost minus depreciation);30/06/2024;Internal
221500000975;Unpatented software and technology;01/12/2023;27 965,16;-5 437,67;0;22527,49;EUR;3;2,42;Cost model (i.e. value equals cost minus depreciation);30/06/2024;Internal
221500000979;Unpatented software and technology;01/12/2023;56 494,92;-10 985,12;0;45509,8;EUR;3;2,42;Cost model (i.e. value equals cost minus depreciation);30/06/2024;Internal
221500000615;Unpatented software and technology;01/12/2023;72,97;-14,19;0;58,78;EUR;3;2,42;Cost model (i.e. value equals cost minus depreciation);30/06/2024;Internal
221500000977;Unpatented software and technology;01/12/2023;26 023,12;-5 060,05;0;20963,07;EUR;3;2,42;Cost model (i.e. value equals cost minus depreciation);30/06/2024;Internal
221500002005;Unpatented software and technology;01/12/2023;99 322,97;-19 312,80;0;80010,17;EUR;3;2,42;Cost model (i.e. value equals cost minus depreciation);30/06/2024;Internal
221500000972;Unpatented software and technology;01/12/2023;7 968,54;-1 549,44;0;6419,1;EUR;3;2,42;Cost model (i.e. value equals cost minus depreciation);30/06/2024;Internal
221500000949;Unpatented software and technology;01/12/2023;105 131,34;-20 442,21;0;84689,13;EUR;3;2,42;Cost model (i.e. value equals cost minus depreciation);30/06/2024;Internal
221500000967;Unpatented software and technology;01/12/2023;50 116,25;-9 744,83;0;40371,42;EUR;3;2,42;Cost model (i.e. value equals cost minus depreciation);30/06/2024;Internal
221500000617;Unpatented software and technology;01/12/2023;875,66;-170,26;0;705,4;EUR;3;2,42;Cost model (i.e. value equals cost minus depreciation);30/06/2024;Internal
221500000616;Unpatented software and technology;01/12/2023;5 915,60;-1 150,25;0;4765,35;EUR;3;2,42;Cost model (i.e. value equals cost minus depreciation);30/06/2024;Internal
221500000970;Unpatented software and technology;01/12/2023;34 147,25;-6 639,75;0;27507,5;EUR;3;2,42;Cost model (i.e. value equals cost minus depreciation);30/06/2024;Internal
221500000706;Unpatented software and technology;01/12/2023;878,10;-170,74;0;707,36;EUR;3;2,42;Cost model (i.e. value equals cost minus depreciation);30/06/2024;Internal
221500000940;Unpatented software and technology;01/12/2023;100 019,68;-19 448,27;0;80571,41;EUR;3;2,42;Cost model (i.e. value equals cost minus depreciation);30/06/2024;Internal
221500000710;Unpatented software and technology;01/12/2023;8 904,98;-1 731,52;0;7173,46;EUR;3;2,42;Cost model (i.e. value equals cost minus depreciation);30/06/2024;Internal
221500000943;Unpatented software and technology;01/12/2023;1 012,49;-196,88;0;815,61;EUR;3;2,42;Cost model (i.e. value equals cost minus depreciation);30/06/2024;Internal
221500000966;Unpatented software and technology;01/12/2023;2 264,32;-440,29;0;1824,03;EUR;3;2,42;Cost model (i.e. value equals cost minus depreciation);30/06/2024;Internal
221500000666;Unpatented software and technology;01/12/2023;3 791,63;-737,26;0;3054,37;EUR;3;2,42;Cost model (i.e. value equals cost minus depreciation);30/06/2024;Internal
221500000962;Unpatented software and technology;01/12/2023;126 976,14;-24 689,81;0;102286,33;EUR;3;2,42;Cost model (i.e. value equals cost minus depreciation);30/06/2024;Internal
221500000981;Unpatented software and technology;01/12/2023;28 191,52;-5 481,69;0;22709,83;EUR;3;2,42;Cost model (i.e. value equals cost minus depreciation);30/06/2024;Internal
221500000722;Unpatented software and technology;01/12/2023;4 822,23;-937,66;0;3884,57;EUR;3;2,42;Cost model (i.e. value equals cost minus depreciation);30/06/2024;Internal
221500000672;Unpatented software and technology;01/12/2023;7 968,54;-1 549,44;0;6419,1;EUR;3;2,42;Cost model (i.e. value equals cost minus depreciation);30/06/2024;Internal
221500000957;Unpatented software and technology;01/12/2023;30 977,83;-6 023,47;0;24954,36;EUR;3;2,42;Cost model (i.e. value equals cost minus depreciation);30/06/2024;Internal
221500000380;Unpatented software and technology;01/01/2024;12 877,13;-2 146,19;0;10730,94;EUR;3;2,50;Cost model (i.e. value equals cost minus depreciation);30/06/2024;Internal
221500000345;Unpatented software and technology;01/01/2024;37 091,67;-6 181,95;0;30909,72;EUR;3;2,50;Cost model (i.e. value equals cost minus depreciation);30/06/2024;Internal
221500000465;Unpatented software and technology;01/01/2024;408,64;-68,11;0;340,53;EUR;3;2,50;Cost model (i.e. value equals cost minus depreciation);30/06/2024;Internal
221500000381;Unpatented software and technology;01/01/2024;43 408,98;-7 234,83;0;36174,15;EUR;3;2,50;Cost model (i.e. value equals cost minus depreciation);30/06/2024;Internal
221500000382;Unpatented software and technology;01/01/2024;8 397,26;-1 399,54;0;6997,72;EUR;3;2,50;Cost model (i.e. value equals cost minus depreciation);30/06/2024;Internal
221500000384;Unpatented software and technology;01/01/2024;526,61;-87,77;0;438,84;EUR;3;2,50;Cost model (i.e. value equals cost minus depreciation);30/06/2024;Internal
221500000386;Unpatented software and technology;01/01/2024;85 620,48;-14 270,08;0;71350,4;EUR;3;2,50;Cost model (i.e. value equals cost minus depreciation);30/06/2024;Internal
221500000341;Unpatented software and technology;01/01/2024;19 531,42;-3 255,24;0;16276,18;EUR;3;2,50;Cost model (i.e. value equals cost minus depreciation);30/06/2024;Internal
221500000378;Unpatented software and technology;01/01/2024;218,92;-36,49;0;182,43;EUR;3;2,50;Cost model (i.e. value equals cost minus depreciation);30/06/2024;Internal
221500000466;Unpatented software and technology;01/01/2024;22 553,21;-3 758,87;0;18794,34;EUR;3;2,50;Cost model (i.e. value equals cost minus depreciation);30/06/2024;Internal
221500000443;Unpatented software and technology;01/01/2024;6 830,18;-1 138,36;0;5691,82;EUR;3;2,50;Cost model (i.e. value equals cost minus depreciation);30/06/2024;Internal
221500000458;Unpatented software and technology;01/01/2024;10 293,92;-1 715,65;0;8578,27;EUR;3;2,50;Cost model (i.e. value equals cost minus depreciation);30/06/2024;Internal
221500000431;Unpatented software and technology;01/01/2024;44 773,19;-7 462,20;0;37310,99;EUR;3;2,50;Cost model (i.e. value equals cost minus depreciation);30/06/2024;Internal
221500000389;Unpatented software and technology;01/01/2024;8 349,94;-1 391,66;0;6958,28;EUR;3;2,50;Cost model (i.e. value equals cost minus depreciation);30/06/2024;Internal
221500000294;Unpatented software and technology;01/01/2024;24 238,23;-4 039,71;0;20198,52;EUR;3;2,50;Cost model (i.e. value equals cost minus depreciation);30/06/2024;Internal
221500000338;Unpatented software and technology;01/01/2024;13 628,27;-2 271,38;0;11356,89;EUR;3;2,50;Cost model (i.e. value equals cost minus depreciation);30/06/2024;Internal
221500000455;Unpatented software and technology;01/01/2024;1 838,89;-306,48;0;1532,41;EUR;3;2,50;Cost model (i.e. value equals cost minus depreciation);30/06/2024;Internal
221500000392;Unpatented software and technology;01/01/2024;21 716,47;-3 619,41;0;18097,06;EUR;3;2,50;Cost model (i.e. value equals cost minus depreciation);30/06/2024;Internal
221500000969;Unpatented software and technology;01/01/2024;2 310,78;-385,13;0;1925,65;EUR;3;2,50;Cost model (i.e. value equals cost minus depreciation);30/06/2024;Internal
221500000127;Unpatented software and technology;01/01/2024;49 439,02;-8 239,84;0;41199,18;EUR;3;2,50;Cost model (i.e. value equals cost minus depreciation);30/06/2024;Internal
221500000434;Unpatented software and technology;01/01/2024;1 538,49;-256,42;0;1282,07;EUR;3;2,50;Cost model (i.e. value equals cost minus depreciation);30/06/2024;Internal
221500000355;Unpatented software and technology;01/01/2024;138,65;-23,11;0;115,54;EUR;3;2,50;Cost model (i.e. value equals cost minus depreciation);30/06/2024;Internal
221500000366;Unpatented software and technology;01/01/2024;58 994,36;-9 832,39;0;49161,97;EUR;3;2,50;Cost model (i.e. value equals cost minus depreciation);30/06/2024;Internal
221500000399;Unpatented software and technology;01/01/2024;57 832,74;-9 638,79;0;48193,95;EUR;3;2,50;Cost model (i.e. value equals cost minus depreciation);30/06/2024;Internal
221500000364;Unpatented software and technology;01/01/2024;40 871,91;-6 811,99;0;34059,92;EUR;3;2,50;Cost model (i.e. value equals cost minus depreciation);30/06/2024;Internal
221500000363;Unpatented software and technology;01/01/2024;7 568,06;-1 261,34;0;6306,72;EUR;3;2,50;Cost model (i.e. value equals cost minus depreciation);30/06/2024;Internal
221500000457;Unpatented software and technology;01/01/2024;3 933,19;-655,53;0;3277,66;EUR;3;2,50;Cost model (i.e. value equals cost minus depreciation);30/06/2024;Internal
221500000446;Unpatented software and technology;01/01/2024;901,69;-150,28;0;751,41;EUR;3;2,50;Cost model (i.e. value equals cost minus depreciation);30/06/2024;Internal
221500000360;Unpatented software and technology;01/01/2024;11 355,80;-1 892,63;0;9463,17;EUR;3;2,50;Cost model (i.e. value equals cost minus depreciation);30/06/2024;Internal
221500000462;Unpatented software and technology;01/01/2024;11 496,74;-1 916,12;0;9580,62;EUR;3;2,50;Cost model (i.e. value equals cost minus depreciation);30/06/2024;Internal
221500000377;Unpatented software and technology;01/01/2024;20 979,45;-3 496,58;0;17482,87;EUR;3;2,50;Cost model (i.e. value equals cost minus depreciation);30/06/2024;Internal
221500000335;Unpatented software and technology;01/01/2024;10 112,85;-1 685,48;0;8427,37;EUR;3;2,50;Cost model (i.e. value equals cost minus depreciation);30/06/2024;Internal
221500001003;Unpatented software and technology;01/01/2024;12 505,58;-2 084,26;0;10421,32;EUR;3;2,50;Cost model (i.e. value equals cost minus depreciation);30/06/2024;Internal
221500000369;Unpatented software and technology;01/01/2024;2 685,74;-447,62;0;2238,12;EUR;3;2,50;Cost model (i.e. value equals cost minus depreciation);30/06/2024;Internal
221500000370;Unpatented software and technology;01/01/2024;2 459,52;-409,92;0;2049,6;EUR;3;2,50;Cost model (i.e. value equals cost minus depreciation);30/06/2024;Internal
221500000371;Unpatented software and technology;01/01/2024;2 383,75;-397,29;0;1986,46;EUR;3;2,50;Cost model (i.e. value equals cost minus depreciation);30/06/2024;Internal
221500001765;Unpatented software and technology;01/01/2024;228 162,35;-38 027,06;0;190135,29;EUR;3;2,50;Cost model (i.e. value equals cost minus depreciation);30/06/2024;Internal
221500000373;Unpatented software and technology;01/01/2024;195,21;-32,54;0;162,67;EUR;3;2,50;Cost model (i.e. value equals cost minus depreciation);30/06/2024;Internal
221500000351;Unpatented software and technology;01/01/2024;906,81;-151,14;0;755,67;EUR;3;2,50;Cost model (i.e. value equals cost minus depreciation);30/06/2024;Internal
221500000449;Unpatented software and technology;01/01/2024;84 080,44;-14 013,41;0;70067,03;EUR;3;2,50;Cost model (i.e. value equals cost minus depreciation);30/06/2024;Internal
221500000402;Unpatented software and technology;01/01/2024;27 916,05;-4 652,68;0;23263,37;EUR;3;2,50;Cost model (i.e. value equals cost minus depreciation);30/06/2024;Internal
221500000404;Unpatented software and technology;01/01/2024;2 291,59;-381,93;0;1909,66;EUR;3;2,50;Cost model (i.e. value equals cost minus depreciation);30/06/2024;Internal
221500000368;Unpatented software and technology;01/01/2024;6 515,55;-1 085,93;0;5429,62;EUR;3;2,50;Cost model (i.e. value equals cost minus depreciation);30/06/2024;Internal
221500000305;Unpatented software and technology;01/01/2024;14 677,10;-2 446,18;0;12230,92;EUR;3;2,50;Cost model (i.e. value equals cost minus depreciation);30/06/2024;Internal
221500000298;Unpatented software and technology;01/01/2024;1 859,73;-309,96;0;1549,77;EUR;3;2,50;Cost model (i.e. value equals cost minus depreciation);30/06/2024;Internal
221500000313;Unpatented software and technology;01/01/2024;24 830,74;-4 138,46;0;20692,28;EUR;3;2,50;Cost model (i.e. value equals cost minus depreciation);30/06/2024;Internal
221500000320;Unpatented software and technology;01/01/2024;10 377,83;-1 729,64;0;8648,19;EUR;3;2,50;Cost model (i.e. value equals cost minus depreciation);30/06/2024;Internal
221500000318;Unpatented software and technology;01/01/2024;21 782,90;-3 630,48;0;18152,42;EUR;3;2,50;Cost model (i.e. value equals cost minus depreciation);30/06/2024;Internal
221500000411;Unpatented software and technology;01/01/2024;3 352,33;-558,72;0;2793,61;EUR;3;2,50;Cost model (i.e. value equals cost minus depreciation);30/06/2024;Internal
221500000301;Unpatented software and technology;01/01/2024;1 681,84;-280,31;0;1401,53;EUR;3;2,50;Cost model (i.e. value equals cost minus depreciation);30/06/2024;Internal
221500000302;Unpatented software and technology;01/01/2024;10 050,68;-1 675,11;0;8375,57;EUR;3;2,50;Cost model (i.e. value equals cost minus depreciation);30/06/2024;Internal
221500000414;Unpatented software and technology;01/01/2024;341,63;-56,94;0;284,69;EUR;3;2,50;Cost model (i.e. value equals cost minus depreciation);30/06/2024;Internal
221500000304;Unpatented software and technology;01/01/2024;16 287,35;-2 714,56;0;13572,79;EUR;3;2,50;Cost model (i.e. value equals cost minus depreciation);30/06/2024;Internal
221500000323;Unpatented software and technology;01/01/2024;5 779,38;-963,23;0;4816,15;EUR;3;2,50;Cost model (i.e. value equals cost minus depreciation);30/06/2024;Internal
221500000307;Unpatented software and technology;01/01/2024;76 705,75;-12 784,29;0;63921,46;EUR;3;2,50;Cost model (i.e. value equals cost minus depreciation);30/06/2024;Internal
221500000309;Unpatented software and technology;01/01/2024;948,64;-158,11;0;790,53;EUR;3;2,50;Cost model (i.e. value equals cost minus depreciation);30/06/2024;Internal
221500000315;Unpatented software and technology;01/01/2024;4 767,50;-794,58;0;3972,92;EUR;3;2,50;Cost model (i.e. value equals cost minus depreciation);30/06/2024;Internal
221500000438;Unpatented software and technology;01/01/2024;68 040,74;-11 340,12;0;56700,62;EUR;3;2,50;Cost model (i.e. value equals cost minus depreciation);30/06/2024;Internal
221500000453;Unpatented software and technology;01/01/2024;3 442,23;-573,71;0;2868,52;EUR;3;2,50;Cost model (i.e. value equals cost minus depreciation);30/06/2024;Internal
221500000427;Unpatented software and technology;01/01/2024;5 312,36;-885,39;0;4426,97;EUR;3;2,50;Cost model (i.e. value equals cost minus depreciation);30/06/2024;Internal
221500000998;Unpatented software and technology;01/01/2024;9 729,97;-1 621,66;0;8108,31;EUR;3;2,50;Cost model (i.e. value equals cost minus depreciation);30/06/2024;Internal
221500000303;Unpatented software and technology;01/01/2024;1 581,06;-263,51;0;1317,55;EUR;3;2,50;Cost model (i.e. value equals cost minus depreciation);30/06/2024;Internal
221500000476;Unpatented software and technology;01/01/2024;70 811,98;-11 802,00;0;59009,98;EUR;3;2,50;Cost model (i.e. value equals cost minus depreciation);30/06/2024;Internal
221500000450;Unpatented software and technology;01/01/2024;981,94;-163,66;0;818,28;EUR;3;2,50;Cost model (i.e. value equals cost minus depreciation);30/06/2024;Internal
221500000424;Unpatented software and technology;01/01/2024;5 146,96;-857,83;0;4289,13;EUR;3;2,50;Cost model (i.e. value equals cost minus depreciation);30/06/2024;Internal
221500000332;Unpatented software and technology;01/01/2024;22 983,75;-3 830,63;0;19153,12;EUR;3;2,50;Cost model (i.e. value equals cost minus depreciation);30/06/2024;Internal
221500000422;Unpatented software and technology;01/01/2024;2 349,70;-391,62;0;1958,08;EUR;3;2,50;Cost model (i.e. value equals cost minus depreciation);30/06/2024;Internal
221500000328;Unpatented software and technology;01/01/2024;22 155,26;-3 692,54;0;18462,72;EUR;3;2,50;Cost model (i.e. value equals cost minus depreciation);30/06/2024;Internal
221500000727;Unpatented software and technology;01/01/2024;14 097,80;-2 349,63;0;11748,17;EUR;3;2,50;Cost model (i.e. value equals cost minus depreciation);30/06/2024;Internal
221500000418;Unpatented software and technology;01/01/2024;28 920,87;-4 820,15;0;24100,72;EUR;3;2,50;Cost model (i.e. value equals cost minus depreciation);30/06/2024;Internal
221500000479;Unpatented software and technology;01/01/2024;5 545,87;-924,31;0;4621,56;EUR;3;2,50;Cost model (i.e. value equals cost minus depreciation);30/06/2024;Internal
221500000460;Unpatented software and technology;01/01/2024;5 735,60;-955,93;0;4779,67;EUR;3;2,50;Cost model (i.e. value equals cost minus depreciation);30/06/2024;Internal
221500000297;Unpatented software and technology;01/01/2024;7 485,23;-1 247,54;0;6237,69;EUR;3;2,50;Cost model (i.e. value equals cost minus depreciation);30/06/2024;Internal
221500000296;Unpatented software and technology;01/01/2024;8 740,10;-1 456,68;0;7283,42;EUR;3;2,50;Cost model (i.e. value equals cost minus depreciation);30/06/2024;Internal
221500000407;Unpatented software and technology;01/01/2024;2 268,57;-378,10;0;1890,47;EUR;3;2,50;Cost model (i.e. value equals cost minus depreciation);30/06/2024;Internal
221500000325;Unpatented software and technology;01/01/2024;655,78;-109,30;0;546,48;EUR;3;2,50;Cost model (i.e. value equals cost minus depreciation);30/06/2024;Internal
221500003844;Unpatented software and technology;01/03/2024;6 297,21;-699,69;0;5597,52;EUR;3;2,67;Cost model (i.e. value equals cost minus depreciation);30/06/2024;Internal
221500004015;Unpatented software and technology;01/03/2024;1 424 113,48;-158 234,83;0;1265878,65;EUR;3;2,67;Cost model (i.e. value equals cost minus depreciation);30/06/2024;Internal
221500003852;Unpatented software and technology;01/03/2024;10 920,81;-1 039,97;0;9880,84;EUR;3;2,67;Cost model (i.e. value equals cost minus depreciation);30/06/2024;Internal
221500003845;Unpatented software and technology;01/03/2024;21 299,99;-2 366,67;0;18933,32;EUR;3;2,67;Cost model (i.e. value equals cost minus depreciation);30/06/2024;Internal
221500003848;Unpatented software and technology;01/03/2024;48 890,92;-5 432,32;0;43458,6;EUR;3;2,67;Cost model (i.e. value equals cost minus depreciation);30/06/2024;Internal
221500003851;Unpatented software and technology;01/03/2024;22 079,22;-2 453,25;0;19625,97;EUR;3;2,67;Cost model (i.e. value equals cost minus depreciation);30/06/2024;Internal
221500003855;Unpatented software and technology;01/03/2024;67 654,78;-7 517,20;0;60137,58;EUR;3;2,67;Cost model (i.e. value equals cost minus depreciation);30/06/2024;Internal
221500003854;Unpatented software and technology;01/03/2024;14 751,02;-1 639,00;0;13112,02;EUR;3;2,67;Cost model (i.e. value equals cost minus depreciation);30/06/2024;Internal
221500004088;Unpatented software and technology;01/03/2024;633,62;-54,31;0;579,31;EUR;3;2,67;Cost model (i.e. value equals cost minus depreciation);30/06/2024;Internal
221500003846;Unpatented software and technology;01/03/2024;24 727,74;-2 478,55;0;22249,19;EUR;3;2,67;Cost model (i.e. value equals cost minus depreciation);30/06/2024;Internal
221500003850;Unpatented software and technology;01/03/2024;80 290,01;-8 921,11;0;71368,9;EUR;3;2,67;Cost model (i.e. value equals cost minus depreciation);30/06/2024;Internal
221500004009;Unpatented software and technology;01/03/2024;4 752,15;-528,02;0;4224,13;EUR;3;2,67;Cost model (i.e. value equals cost minus depreciation);30/06/2024;Internal
221500003858;Unpatented software and technology;01/03/2024;48 363,42;-5 373,71;0;42989,71;EUR;3;2,67;Cost model (i.e. value equals cost minus depreciation);30/06/2024;Internal
221500003840;Unpatented software and technology;01/03/2024;56 589,27;-6 287,69;0;50301,58;EUR;3;2,67;Cost model (i.e. value equals cost minus depreciation);30/06/2024;Internal
221500003860;Unpatented software and technology;01/03/2024;16 219,78;-1 802,20;0;14417,58;EUR;3;2,67;Cost model (i.e. value equals cost minus depreciation);30/06/2024;Internal
221500003828;Unpatented software and technology;01/03/2024;141 663,01;-15 740,33;0;125922,68;EUR;3;2,67;Cost model (i.e. value equals cost minus depreciation);30/06/2024;Internal
221500003817;Unpatented software and technology;01/03/2024;4 067,84;-451,98;0;3615,86;EUR;3;2,67;Cost model (i.e. value equals cost minus depreciation);30/06/2024;Internal
221500003859;Unpatented software and technology;01/03/2024;4 776,52;-530,72;0;4245,8;EUR;3;2,67;Cost model (i.e. value equals cost minus depreciation);30/06/2024;Internal
221500003811;Unpatented software and technology;01/03/2024;1 425,64;-158,40;0;1267,24;EUR;3;2,67;Cost model (i.e. value equals cost minus depreciation);30/06/2024;Internal
221500003856;Unpatented software and technology;01/03/2024;19 632,47;-2 181,39;0;17451,08;EUR;3;2,67;Cost model (i.e. value equals cost minus depreciation);30/06/2024;Internal
221500003857;Unpatented software and technology;01/03/2024;81 322,69;-9 035,85;0;72286,84;EUR;3;2,67;Cost model (i.e. value equals cost minus depreciation);30/06/2024;Internal
221500004075;Unpatented software and technology;01/04/2024;8 506,35;-708,86;0;7797,49;EUR;3;2,75;Cost model (i.e. value equals cost minus depreciation);30/06/2024;Internal
221500003862;Unpatented software and technology;01/04/2024;65 784,02;-5 482,00;0;60302,02;EUR;3;2,75;Cost model (i.e. value equals cost minus depreciation);30/06/2024;Internal
221500003867;Unpatented software and technology;01/04/2024;16 171,93;-1 347,66;0;14824,27;EUR;3;2,75;Cost model (i.e. value equals cost minus depreciation);30/06/2024;Internal
221500004080;Unpatented software and technology;01/04/2024;4 635,32;-386,28;0;4249,04;EUR;3;2,75;Cost model (i.e. value equals cost minus depreciation);30/06/2024;Internal
221500003868;Unpatented software and technology;01/04/2024;2 897,59;-241,47;0;2656,12;EUR;3;2,75;Cost model (i.e. value equals cost minus depreciation);30/06/2024;Internal
221500003869;Unpatented software and technology;01/04/2024;78 648,19;-4 651,38;0;73996,81;EUR;3;2,75;Cost model (i.e. value equals cost minus depreciation);30/06/2024;Internal
221500004079;Unpatented software and technology;01/04/2024;34 378,44;-2 864,87;0;31513,57;EUR;3;2,75;Cost model (i.e. value equals cost minus depreciation);30/06/2024;Internal
221500004092;Unpatented software and technology;01/04/2024;18 521,20;-1 543,43;0;16977,77;EUR;3;2,75;Cost model (i.e. value equals cost minus depreciation);30/06/2024;Internal
221500004077;Unpatented software and technology;01/04/2024;385,05;-32,09;0;352,96;EUR;3;2,75;Cost model (i.e. value equals cost minus depreciation);30/06/2024;Internal
221500004076;Unpatented software and technology;01/04/2024;105,52;-8,79;0;96,73;EUR;3;2,75;Cost model (i.e. value equals cost minus depreciation);30/06/2024;Internal
221500004100;Unpatented software and technology;01/04/2024;5 983,90;-498,66;0;5485,24;EUR;3;2,75;Cost model (i.e. value equals cost minus depreciation);30/06/2024;Internal
221500003871;Unpatented software and technology;01/04/2024;78 192,60;-4 903,35;0;73289,25;EUR;3;2,75;Cost model (i.e. value equals cost minus depreciation);30/06/2024;Internal
221500003873;Unpatented software and technology;01/04/2024;4 363,34;-362,29;0;4001,05;EUR;3;2,75;Cost model (i.e. value equals cost minus depreciation);30/06/2024;Internal
221500003853;Unpatented software and technology;01/04/2024;30 044,35;-2 503,70;0;27540,65;EUR;3;2,75;Cost model (i.e. value equals cost minus depreciation);30/06/2024;Internal
221500003870;Unpatented software and technology;01/04/2024;13 078,05;-1 182,38;0;11895,67;EUR;3;2,75;Cost model (i.e. value equals cost minus depreciation);30/06/2024;Internal
221500004082;Unpatented software and technology;01/04/2024;7 298,81;-608,23;0;6690,58;EUR;3;2,75;Cost model (i.e. value equals cost minus depreciation);30/06/2024;Internal
221500004089;Unpatented software and technology;01/04/2024;58 218,71;-4 851,56;0;53367,15;EUR;3;2,75;Cost model (i.e. value equals cost minus depreciation);30/06/2024;Internal
221500004090;Unpatented software and technology;01/04/2024;5 926,78;-493,90;0;5432,88;EUR;3;2,75;Cost model (i.e. value equals cost minus depreciation);30/06/2024;Internal
221500004091;Unpatented software and technology;01/04/2024;17 743,19;-1 478,60;0;16264,59;EUR;3;2,75;Cost model (i.e. value equals cost minus depreciation);30/06/2024;Internal
221500004084;Unpatented software and technology;01/04/2024;1 314,24;-109,52;0;1204,72;EUR;3;2,75;Cost model (i.e. value equals cost minus depreciation);30/06/2024;Internal
221500004093;Unpatented software and technology;01/04/2024;3 634,81;-302,90;0;3331,91;EUR;3;2,75;Cost model (i.e. value equals cost minus depreciation);30/06/2024;Internal
221500004083;Unpatented software and technology;01/04/2024;6 921,08;-576,76;0;6344,32;EUR;3;2,75;Cost model (i.e. value equals cost minus depreciation);30/06/2024;Internal
221500004074;Unpatented software and technology;01/04/2024;5 843,93;-486,99;0;5356,94;EUR;3;2,75;Cost model (i.e. value equals cost minus depreciation);30/06/2024;Internal
221500004095;Unpatented software and technology;01/04/2024;14 804,76;-1 233,73;0;13571,03;EUR;3;2,75;Cost model (i.e. value equals cost minus depreciation);30/06/2024;Internal
221500003876;Unpatented software and technology;01/04/2024;312,91;-26,08;0;286,83;EUR;3;2,75;Cost model (i.e. value equals cost minus depreciation);30/06/2024;Internal
221500004096;Unpatented software and technology;01/04/2024;19 680,11;-1 640,01;0;18040,1;EUR;3;2,75;Cost model (i.e. value equals cost minus depreciation);30/06/2024;Internal
221500004081;Unpatented software and technology;01/04/2024;33 605,87;-2 800,49;0;30805,38;EUR;3;2,75;Cost model (i.e. value equals cost minus depreciation);30/06/2024;Internal
221500004099;Unpatented software and technology;01/04/2024;413 012,80;-34 417,73;0;378595,07;EUR;3;2,75;Cost model (i.e. value equals cost minus depreciation);30/06/2024;Internal
221500003861;Unpatented software and technology;01/04/2024;5 064,09;-422,01;0;4642,08;EUR;3;2,75;Cost model (i.e. value equals cost minus depreciation);30/06/2024;Internal
221500004085;Unpatented software and technology;01/04/2024;2 395,80;-199,65;0;2196,15;EUR;3;2,75;Cost model (i.e. value equals cost minus depreciation);30/06/2024;Internal
221500003872;Unpatented software and technology;01/04/2024;6 921,08;-576,75;0;6344,33;EUR;3;2,75;Cost model (i.e. value equals cost minus depreciation);30/06/2024;Internal
221500004094;Unpatented software and technology;01/04/2024;7 223,27;-601,94;0;6621,33;EUR;3;2,75;Cost model (i.e. value equals cost minus depreciation);30/06/2024;Internal
221500003830;Unpatented software and technology;01/04/2024;42 852,21;-3 571,02;0;39281,19;EUR;3;2,75;Cost model (i.e. value equals cost minus depreciation);30/06/2024;Internal
221500004039;Unpatented software and technology;01/04/2024;7 164,25;-597,02;0;6567,23;EUR;3;2,75;Cost model (i.e. value equals cost minus depreciation);30/06/2024;Internal
221500003812;Unpatented software and technology;01/04/2024;402,10;-33,51;0;368,59;EUR;3;2,75;Cost model (i.e. value equals cost minus depreciation);30/06/2024;Internal
221500004037;Unpatented software and technology;01/04/2024;5 760,36;-480,03;0;5280,33;EUR;3;2,75;Cost model (i.e. value equals cost minus depreciation);30/06/2024;Internal
221500004073;Unpatented software and technology;01/04/2024;58 104,35;-4 842,03;0;53262,32;EUR;3;2,75;Cost model (i.e. value equals cost minus depreciation);30/06/2024;Internal
221500004035;Unpatented software and technology;01/04/2024;4 873,89;-406,16;0;4467,73;EUR;3;2,75;Cost model (i.e. value equals cost minus depreciation);30/06/2024;Internal
221500003837;Unpatented software and technology;01/04/2024;24 877,70;-2 073,14;0;22804,56;EUR;3;2,75;Cost model (i.e. value equals cost minus depreciation);30/06/2024;Internal
221500004072;Unpatented software and technology;01/04/2024;151 922,58;-12 660,22;0;139262,36;EUR;3;2,75;Cost model (i.e. value equals cost minus depreciation);30/06/2024;Internal
221500003836;Unpatented software and technology;01/04/2024;48 740,00;-4 061,67;0;44678,33;EUR;3;2,75;Cost model (i.e. value equals cost minus depreciation);30/06/2024;Internal
221500004038;Unpatented software and technology;01/04/2024;555,64;-46,30;0;509,34;EUR;3;2,75;Cost model (i.e. value equals cost minus depreciation);30/06/2024;Internal
221500004031;Unpatented software and technology;01/04/2024;19 343,69;-1 611,97;0;17731,72;EUR;3;2,75;Cost model (i.e. value equals cost minus depreciation);30/06/2024;Internal
221500003824;Unpatented software and technology;01/04/2024;9 583,25;-798,60;0;8784,65;EUR;3;2,75;Cost model (i.e. value equals cost minus depreciation);30/06/2024;Internal
221500003823;Unpatented software and technology;01/04/2024;9 075,39;-756,28;0;8319,11;EUR;3;2,75;Cost model (i.e. value equals cost minus depreciation);30/06/2024;Internal
221500004014;Unpatented software and technology;01/04/2024;14 219,26;-1 184,94;0;13034,32;EUR;3;2,75;Cost model (i.e. value equals cost minus depreciation);30/06/2024;Internal
221500004013;Unpatented software and technology;01/04/2024;2 924,40;-243,70;0;2680,7;EUR;3;2,75;Cost model (i.e. value equals cost minus depreciation);30/06/2024;Internal
221500003887;Unpatented software and technology;01/04/2024;180 738,27;-15 061,52;0;165676,75;EUR;3;2,75;Cost model (i.e. value equals cost minus depreciation);30/06/2024;Internal
221500004032;Unpatented software and technology;01/04/2024;10 377,16;-864,76;0;9512,4;EUR;3;2,75;Cost model (i.e. value equals cost minus depreciation);30/06/2024;Internal
221500003879;Unpatented software and technology;01/04/2024;17 490,15;-1 457,51;0;16032,64;EUR;3;2,75;Cost model (i.e. value equals cost minus depreciation);30/06/2024;Internal
221500003849;Unpatented software and technology;01/04/2024;5 475,94;-456,33;0;5019,61;EUR;3;2,75;Cost model (i.e. value equals cost minus depreciation);30/06/2024;Internal
221500003847;Unpatented software and technology;01/04/2024;62 122,03;-5 176,83;0;56945,2;EUR;3;2,75;Cost model (i.e. value equals cost minus depreciation);30/06/2024;Internal
221500003881;Unpatented software and technology;01/04/2024;135 669,97;-11 305,83;0;124364,14;EUR;3;2,75;Cost model (i.e. value equals cost minus depreciation);30/06/2024;Internal
221500003838;Unpatented software and technology;01/04/2024;487,40;-40,62;0;446,78;EUR;3;2,75;Cost model (i.e. value equals cost minus depreciation);30/06/2024;Internal
221500004068;Unpatented software and technology;01/04/2024;73,11;-6,09;0;67,02;EUR;3;2,75;Cost model (i.e. value equals cost minus depreciation);30/06/2024;Internal
221500004069;Unpatented software and technology;01/04/2024;292,44;-24,37;0;268,07;EUR;3;2,75;Cost model (i.e. value equals cost minus depreciation);30/06/2024;Internal
221500004070;Unpatented software and technology;01/04/2024;50 781,82;-4 231,82;0;46550;EUR;3;2,75;Cost model (i.e. value equals cost minus depreciation);30/06/2024;Internal
221500004071;Unpatented software and technology;01/04/2024;57 069,06;-4 755,76;0;52313,3;EUR;3;2,75;Cost model (i.e. value equals cost minus depreciation);30/06/2024;Internal
221500004121;Unpatented software and technology;01/05/2024;1 286,74;-71,49;0;1215,25;EUR;3;2,84;Cost model (i.e. value equals cost minus depreciation);30/06/2024;Internal
221500004061;Unpatented software and technology;01/05/2024;7 223,27;-401,29;0;6821,98;EUR;3;2,84;Cost model (i.e. value equals cost minus depreciation);30/06/2024;Internal
221500004060;Unpatented software and technology;01/05/2024;2 535,91;-140,88;0;2395,03;EUR;3;2,84;Cost model (i.e. value equals cost minus depreciation);30/06/2024;Internal
221500004136;Unpatented software and technology;01/05/2024;441 432,58;-24 524,03;0;416908,55;EUR;3;2,84;Cost model (i.e. value equals cost minus depreciation);30/06/2024;Internal
221500004125;Unpatented software and technology;01/05/2024;9 329,72;-518,32;0;8811,4;EUR;3;2,84;Cost model (i.e. value equals cost minus depreciation);30/06/2024;Internal
221500004066;Unpatented software and technology;01/05/2024;21 377,50;-1 187,64;0;20189,86;EUR;3;2,84;Cost model (i.e. value equals cost minus depreciation);30/06/2024;Internal
221500004137;Unpatented software and technology;01/05/2024;6 826,92;-379,27;0;6447,65;EUR;3;2,84;Cost model (i.e. value equals cost minus depreciation);30/06/2024;Internal
221500004059;Unpatented software and technology;01/05/2024;14 712,64;-817,37;0;13895,27;EUR;3;2,84;Cost model (i.e. value equals cost minus depreciation);30/06/2024;Internal
221500003886;Unpatented software and technology;01/05/2024;90 192,48;-5 010,69;0;85181,79;EUR;3;2,84;Cost model (i.e. value equals cost minus depreciation);30/06/2024;Internal
221500004065;Unpatented software and technology;01/05/2024;7 413,35;-411,85;0;7001,5;EUR;3;2,84;Cost model (i.e. value equals cost minus depreciation);30/06/2024;Internal
221500004120;Unpatented software and technology;01/05/2024;871,23;-48,40;0;822,83;EUR;3;2,84;Cost model (i.e. value equals cost minus depreciation);30/06/2024;Internal
221500004126;Unpatented software and technology;01/05/2024;3 597,01;-199,83;0;3397,18;EUR;3;2,84;Cost model (i.e. value equals cost minus depreciation);30/06/2024;Internal
221500004132;Unpatented software and technology;01/05/2024;1 807,09;-100,39;0;1706,7;EUR;3;2,84;Cost model (i.e. value equals cost minus depreciation);30/06/2024;Internal
221500004130;Unpatented software and technology;01/05/2024;6 852,84;-380,71;0;6472,13;EUR;3;2,84;Cost model (i.e. value equals cost minus depreciation);30/06/2024;Internal
221500004131;Unpatented software and technology;01/05/2024;109,53;-6,09;0;103,44;EUR;3;2,84;Cost model (i.e. value equals cost minus depreciation);30/06/2024;Internal
221500004128;Unpatented software and technology;01/05/2024;3 101,57;-172,31;0;2929,26;EUR;3;2,84;Cost model (i.e. value equals cost minus depreciation);30/06/2024;Internal
221500004122;Unpatented software and technology;01/05/2024;12 984,34;-721,35;0;12262,99;EUR;3;2,84;Cost model (i.e. value equals cost minus depreciation);30/06/2024;Internal
221500003971;Unpatented software and technology;01/05/2024;6 297,21;-349,85;0;5947,36;EUR;3;2,84;Cost model (i.e. value equals cost minus depreciation);30/06/2024;Internal
221500004127;Unpatented software and technology;01/05/2024;2 795,73;-155,32;0;2640,41;EUR;3;2,84;Cost model (i.e. value equals cost minus depreciation);30/06/2024;Internal
221500003878;Unpatented software and technology;01/05/2024;118 189,63;-6 566,09;0;111623,54;EUR;3;2,84;Cost model (i.e. value equals cost minus depreciation);30/06/2024;Internal
221500004064;Unpatented software and technology;01/05/2024;24 248,15;-1 347,12;0;22901,03;EUR;3;2,84;Cost model (i.e. value equals cost minus depreciation);30/06/2024;Internal
221500004058;Unpatented software and technology;01/05/2024;33 525,33;-1 862,52;0;31662,81;EUR;3;2,84;Cost model (i.e. value equals cost minus depreciation);30/06/2024;Internal
221500004139;Unpatented software and technology;01/05/2024;3 752,98;-208,50;0;3544,48;EUR;3;2,84;Cost model (i.e. value equals cost minus depreciation);30/06/2024;Internal
221500004048;Unpatented software and technology;01/05/2024;18 435,90;-1 024,22;0;17411,68;EUR;3;2,84;Cost model (i.e. value equals cost minus depreciation);30/06/2024;Internal
221500004049;Unpatented software and technology;01/05/2024;68 457,77;-3 803,21;0;64654,56;EUR;3;2,84;Cost model (i.e. value equals cost minus depreciation);30/06/2024;Internal
221500004129;Unpatented software and technology;01/05/2024;5 813,67;-322,98;0;5490,69;EUR;3;2,84;Cost model (i.e. value equals cost minus depreciation);30/06/2024;Internal
221500004057;Unpatented software and technology;01/05/2024;3 559,36;-197,74;0;3361,62;EUR;3;2,84;Cost model (i.e. value equals cost minus depreciation);30/06/2024;Internal
221500004134;Unpatented software and technology;01/05/2024;855,25;-47,51;0;807,74;EUR;3;2,84;Cost model (i.e. value equals cost minus depreciation);30/06/2024;Internal
221500004050;Unpatented software and technology;01/05/2024;76 194,99;-4 233,06;0;71961,93;EUR;3;2,84;Cost model (i.e. value equals cost minus depreciation);30/06/2024;Internal
221500004104;Unpatented software and technology;01/05/2024;58 506,89;-3 250,38;0;55256,51;EUR;3;2,84;Cost model (i.e. value equals cost minus depreciation);30/06/2024;Internal
221500004051;Unpatented software and technology;01/05/2024;42 669,43;-2 370,52;0;40298,91;EUR;3;2,84;Cost model (i.e. value equals cost minus depreciation);30/06/2024;Internal
221500003833;Unpatented software and technology;01/05/2024;57 903,12;-3 216,84;0;54686,28;EUR;3;2,84;Cost model (i.e. value equals cost minus depreciation);30/06/2024;Internal
221500004047;Unpatented software and technology;01/05/2024;55 508,77;-3 083,82;0;52424,95;EUR;3;2,84;Cost model (i.e. value equals cost minus depreciation);30/06/2024;Internal
221500003826;Unpatented software and technology;01/05/2024;5 009,54;-278,31;0;4731,23;EUR;3;2,84;Cost model (i.e. value equals cost minus depreciation);30/06/2024;Internal
221500003815;Unpatented software and technology;01/05/2024;12 811,81;-711,77;0;12100,04;EUR;3;2,84;Cost model (i.e. value equals cost minus depreciation);30/06/2024;Internal
221500004053;Unpatented software and technology;01/05/2024;51 721,74;-2 873,43;0;48848,31;EUR;3;2,84;Cost model (i.e. value equals cost minus depreciation);30/06/2024;Internal
221500004123;Unpatented software and technology;01/05/2024;4 664,42;-259,13;0;4405,29;EUR;3;2,84;Cost model (i.e. value equals cost minus depreciation);30/06/2024;Internal
221500003863;Unpatented software and technology;01/05/2024;7 223,27;-401,30;0;6821,97;EUR;3;2,84;Cost model (i.e. value equals cost minus depreciation);30/06/2024;Internal
221500004054;Unpatented software and technology;01/05/2024;17 970,44;-998,36;0;16972,08;EUR;3;2,84;Cost model (i.e. value equals cost minus depreciation);30/06/2024;Internal
221500003866;Unpatented software and technology;01/05/2024;184 339,44;-10 241,08;0;174098,36;EUR;3;2,84;Cost model (i.e. value equals cost minus depreciation);30/06/2024;Internal
221500004055;Unpatented software and technology;01/05/2024;16 573,70;-920,76;0;15652,94;EUR;3;2,84;Cost model (i.e. value equals cost minus depreciation);30/06/2024;Internal
221500004056;Unpatented software and technology;01/05/2024;89 190,85;-4 955,05;0;84235,8;EUR;3;2,84;Cost model (i.e. value equals cost minus depreciation);30/06/2024;Internal
221500004133;Unpatented software and technology;01/05/2024;580,98;-32,28;0;548,7;EUR;3;2,84;Cost model (i.e. value equals cost minus depreciation);30/06/2024;Internal
221500004124;Unpatented software and technology;01/05/2024;7 501,09;-416,73;0;7084,36;EUR;3;2,84;Cost model (i.e. value equals cost minus depreciation);30/06/2024;Internal
221500004063;Unpatented software and technology;01/05/2024;4 947,11;-274,84;0;4672,27;EUR;3;2,84;Cost model (i.e. value equals cost minus depreciation);30/06/2024;Internal
221500004052;Unpatented software and technology;01/05/2024;114 875,06;-6 381,95;0;108493,11;EUR;3;2,84;Cost model (i.e. value equals cost minus depreciation);30/06/2024;Internal
221500004146;Unpatented software and technology;01/06/2024;4 339,70;-120,55;0;4219,15;EUR;3;2,92;Cost model (i.e. value equals cost minus depreciation);30/06/2024;Internal
221500004255;Unpatented software and technology;01/06/2024;7 408,48;-205,79;0;7202,69;EUR;3;2,92;Cost model (i.e. value equals cost minus depreciation);30/06/2024;Internal
221500004142;Unpatented software and technology;01/06/2024;91 457,75;-2 540,49;0;88917,26;EUR;3;2,92;Cost model (i.e. value equals cost minus depreciation);30/06/2024;Internal
221500004153;Unpatented software and technology;01/06/2024;1 484,13;-41,23;0;1442,9;EUR;3;2,92;Cost model (i.e. value equals cost minus depreciation);30/06/2024;Internal
221500004143;Unpatented software and technology;01/06/2024;18 058,17;-501,62;0;17556,55;EUR;3;2,92;Cost model (i.e. value equals cost minus depreciation);30/06/2024;Internal
221500004145;Unpatented software and technology;01/06/2024;12 993,78;-360,94;0;12632,84;EUR;3;2,92;Cost model (i.e. value equals cost minus depreciation);30/06/2024;Internal
221500004152;Unpatented software and technology;01/06/2024;8 492,94;-235,92;0;8257,02;EUR;3;2,92;Cost model (i.e. value equals cost minus depreciation);30/06/2024;Internal
221500003994;Unpatented software and technology;01/06/2024;6 967,11;-193,53;0;6773,58;EUR;3;2,92;Cost model (i.e. value equals cost minus depreciation);30/06/2024;Internal
221500004151;Unpatented software and technology;01/06/2024;45 261,21;-1 257,26;0;44003,95;EUR;3;2,92;Cost model (i.e. value equals cost minus depreciation);30/06/2024;Internal
221500004150;Unpatented software and technology;01/06/2024;441,40;-12,26;0;429,14;EUR;3;2,92;Cost model (i.e. value equals cost minus depreciation);30/06/2024;Internal
221500004148;Unpatented software and technology;01/06/2024;7 408,48;-205,79;0;7202,69;EUR;3;2,92;Cost model (i.e. value equals cost minus depreciation);30/06/2024;Internal
221500004222;Unpatented software and technology;01/06/2024;5 752,48;-159,79;0;5592,69;EUR;3;2,92;Cost model (i.e. value equals cost minus depreciation);30/06/2024;Internal
221500004147;Unpatented software and technology;01/06/2024;41 458,43;-1 151,62;0;40306,81;EUR;3;2,92;Cost model (i.e. value equals cost minus depreciation);30/06/2024;Internal
221500004144;Unpatented software and technology;01/06/2024;14 038,59;-389,96;0;13648,63;EUR;3;2,92;Cost model (i.e. value equals cost minus depreciation);30/06/2024;Internal
221500004236;Unpatented software and technology;01/06/2024;7 457,22;-207,15;0;7250,07;EUR;3;2,92;Cost model (i.e. value equals cost minus depreciation);30/06/2024;Internal
221500004231;Unpatented software and technology;01/06/2024;2 558,85;-71,08;0;2487,77;EUR;3;2,92;Cost model (i.e. value equals cost minus depreciation);30/06/2024;Internal
221500004232;Unpatented software and technology;01/06/2024;24 792,82;-688,69;0;24104,13;EUR;3;2,92;Cost model (i.e. value equals cost minus depreciation);30/06/2024;Internal
221500004248;Unpatented software and technology;01/06/2024;50 301,21;-1 397,26;0;48903,95;EUR;3;2,92;Cost model (i.e. value equals cost minus depreciation);30/06/2024;Internal
221500003842;Unpatented software and technology;01/06/2024;17 044,93;-473,47;0;16571,46;EUR;3;2,92;Cost model (i.e. value equals cost minus depreciation);30/06/2024;Internal
221500004233;Unpatented software and technology;01/06/2024;72 836,81;-2 023,24;0;70813,57;EUR;3;2,92;Cost model (i.e. value equals cost minus depreciation);30/06/2024;Internal
221500004234;Unpatented software and technology;01/06/2024;1 754,64;-48,74;0;1705,9;EUR;3;2,92;Cost model (i.e. value equals cost minus depreciation);30/06/2024;Internal
221500004247;Unpatented software and technology;01/06/2024;7 286,63;-202,41;0;7084,22;EUR;3;2,92;Cost model (i.e. value equals cost minus depreciation);30/06/2024;Internal
221500003843;Unpatented software and technology;01/06/2024;103 776,50;-2 882,68;0;100893,82;EUR;3;2,92;Cost model (i.e. value equals cost minus depreciation);30/06/2024;Internal
221500004199;Unpatented software and technology;01/06/2024;5 868,84;-163,02;0;5705,82;EUR;3;2,92;Cost model (i.e. value equals cost minus depreciation);30/06/2024;Internal
221500004235;Unpatented software and technology;01/06/2024;3 850,46;-106,96;0;3743,5;EUR;3;2,92;Cost model (i.e. value equals cost minus depreciation);30/06/2024;Internal
221500004250;Unpatented software and technology;01/06/2024;59 187,42;-1 644,10;0;57543,32;EUR;3;2,92;Cost model (i.e. value equals cost minus depreciation);30/06/2024;Internal
221500004245;Unpatented software and technology;01/06/2024;4 697,65;-130,49;0;4567,16;EUR;3;2,92;Cost model (i.e. value equals cost minus depreciation);30/06/2024;Internal
221500004237;Unpatented software and technology;01/06/2024;7 250,07;-201,39;0;7048,68;EUR;3;2,92;Cost model (i.e. value equals cost minus depreciation);30/06/2024;Internal
221500004238;Unpatented software and technology;01/06/2024;8 285,80;-230,16;0;8055,64;EUR;3;2,92;Cost model (i.e. value equals cost minus depreciation);30/06/2024;Internal
221500004239;Unpatented software and technology;01/06/2024;2 648,34;-73,57;0;2574,77;EUR;3;2,92;Cost model (i.e. value equals cost minus depreciation);30/06/2024;Internal
221500004244;Unpatented software and technology;01/06/2024;71 267,02;-1 979,64;0;69287,38;EUR;3;2,92;Cost model (i.e. value equals cost minus depreciation);30/06/2024;Internal
221500004240;Unpatented software and technology;01/06/2024;21 786,04;-605,17;0;21180,87;EUR;3;2,92;Cost model (i.e. value equals cost minus depreciation);30/06/2024;Internal
221500004241;Unpatented software and technology;01/06/2024;4 337,86;-120,50;0;4217,36;EUR;3;2,92;Cost model (i.e. value equals cost minus depreciation);30/06/2024;Internal
221500004243;Unpatented software and technology;01/06/2024;1 666,91;-46,30;0;1620,61;EUR;3;2,92;Cost model (i.e. value equals cost minus depreciation);30/06/2024;Internal
221500004246;Unpatented software and technology;01/06/2024;148 797,49;-4 133,26;0;144664,23;EUR;3;2,92;Cost model (i.e. value equals cost minus depreciation);30/06/2024;Internal
221500004228;Unpatented software and technology;01/06/2024;2 963,39;-82,32;0;2881,07;EUR;3;2,92;Cost model (i.e. value equals cost minus depreciation);30/06/2024;Internal
221500004173;Unpatented software and technology;01/06/2024;15 802,02;0,00;0;15802,02;EUR;3;2,92;Cost model (i.e. value equals cost minus depreciation);30/06/2024;Internal
221500004198;Unpatented software and technology;01/06/2024;448 239,72;-12 451,10;0;435788,62;EUR;3;2,92;Cost model (i.e. value equals cost minus depreciation);30/06/2024;Internal
221500004135;Unpatented software and technology;01/06/2024;3 685,23;-102,37;0;3582,86;EUR;3;2,92;Cost model (i.e. value equals cost minus depreciation);30/06/2024;Internal
221500004203;Unpatented software and technology;01/06/2024;6 872,34;0,00;0;6872,34;EUR;3;2,92;Cost model (i.e. value equals cost minus depreciation);30/06/2024;Internal
221500004242;Unpatented software and technology;01/06/2024;7 408,48;-205,79;0;7202,69;EUR;3;2,92;Cost model (i.e. value equals cost minus depreciation);30/06/2024;Internal
221500004223;Unpatented software and technology;01/06/2024;5 334,96;-148,19;0;5186,77;EUR;3;2,92;Cost model (i.e. value equals cost minus depreciation);30/06/2024;Internal
221500004149;Unpatented software and technology;01/06/2024;17 725,27;-492,37;0;17232,9;EUR;3;2,92;Cost model (i.e. value equals cost minus depreciation);30/06/2024;Internal
221500004225;Unpatented software and technology;01/06/2024;3 499,57;-97,21;0;3402,36;EUR;3;2,92;Cost model (i.e. value equals cost minus depreciation);30/06/2024;Internal
221500003841;Unpatented software and technology;01/06/2024;4 386,60;-121,85;0;4264,75;EUR;3;2,92;Cost model (i.e. value equals cost minus depreciation);30/06/2024;Internal
221500004227;Unpatented software and technology;01/06/2024;1 023,54;-28,43;0;995,11;EUR;3;2,92;Cost model (i.e. value equals cost minus depreciation);30/06/2024;Internal
221500004249;Unpatented software and technology;01/06/2024;31 263,97;-868,44;0;30395,53;EUR;3;2,92;Cost model (i.e. value equals cost minus depreciation);30/06/2024;Internal
221500004229;Unpatented software and technology;01/06/2024;272,94;-7,58;0;265,36;EUR;3;2,92;Cost model (i.e. value equals cost minus depreciation);30/06/2024;Internal
221500004230;Unpatented software and technology;01/06/2024;1 520,69;-42,24;0;1478,45;EUR;3;2,92;Cost model (i.e. value equals cost minus depreciation);30/06/2024;Internal
221500004224;Unpatented software and technology;01/06/2024;2 114,79;-58,74;0;2056,05;EUR;3;2,92;Cost model (i.e. value equals cost minus depreciation);30/06/2024;Internal
221500004254;Unpatented software and technology;01/06/2024;85 383,05;-2 371,75;0;83011,3;EUR;3;2,92;Cost model (i.e. value equals cost minus depreciation);30/06/2024;Internal
221500003825;Unpatented software and technology;01/06/2024;12 461,76;-346,16;0;12115,6;EUR;3;2,92;Cost model (i.e. value equals cost minus depreciation);30/06/2024;Internal
221500004253;Unpatented software and technology;01/06/2024;12 198,74;-338,85;0;11859,89;EUR;3;2,92;Cost model (i.e. value equals cost minus depreciation);30/06/2024;Internal
221500004252;Unpatented software and technology;01/06/2024;20 376,94;-566,03;0;19810,91;EUR;3;2,92;Cost model (i.e. value equals cost minus depreciation);30/06/2024;Internal
221500004251;Unpatented software and technology;01/06/2024;18 871,84;-524,22;0;18347,62;EUR;3;2,92;Cost model (i.e. value equals cost minus depreciation);30/06/2024;Internal
221500004154;Unpatented software and technology;01/06/2024;926,06;-25,72;0;900,34;EUR;3;2,92;Cost model (i.e. value equals cost minus depreciation);30/06/2024;Internal
221500004226;Unpatented software and technology;01/06/2024;4 094,16;-113,73;0;3980,43;EUR;3;2,92;Cost model (i.e. value equals cost minus depreciation);30/06/2024;Internal
;;;;;;;;;;;;
;;;;;;;;;;;;
