0010;0020;0021;0030;0040;0045;0050;0053;0055;0057;0060;0070;0080;0090;0100;0110;0120;0130;0140;0150;0160;0170;0175;0180;0190
1;r0320 - Deposits, not covered and not preferential;c003x   - Corporates;Rank 12 - Ranking in insolvency (master scale);000000000000000;GESBAN SERVICIOS A. GLOBALES SA - SUC PORTUGAL;7400760971;Type of identifier, other than LEI or MFI code;Sister;false;PORTUGAL;Not applicable (Contractual recognition of bail-in powers);671676,95;0;Euro;2021-12-31;2022-01-03;2022-01-03;Unsecured;0;N/A;Non-structured/Vanilla;0;No;0
2;r0320 - Deposits, not covered and not preferential;c003x   - Corporates;Rank 12 - Ranking in insolvency (master scale);000000000000000;Portal Universia;8046273535;Type of identifier, other than LEI or MFI code;Sister;false;PORTUGAL;Not applicable (Contractual recognition of bail-in powers);54615,88;0;Euro;2021-12-31;2022-01-03;2022-01-03;Unsecured;0;N/A;Non-structured/Vanilla;0;No;0
3;r0320 - Deposits, not covered and not preferential;c003x   - Corporates;Rank 12 - Ranking in insolvency (master scale);000000000000000;GEOBAN SA SUCURSAL EM PORTUGAL;7400315551;Type of identifier, other than LEI or MFI code;Sister;false;PORTUGAL;Not applicable (Contractual recognition of bail-in powers);1534356,35;0;Euro;2021-12-31;2022-01-03;2022-01-03;Unsecured;0;N/A;Non-structured/Vanilla;0;No;0
4;r0320 - Deposits, not covered and not preferential;c003x   - Corporates;Rank 12 - Ranking in insolvency (master scale);000000000000000;ISBAN - SUC PORTUGAL;7400456469;Type of identifier, other than LEI or MFI code;Sister;false;PORTUGAL;Not applicable (Contractual recognition of bail-in powers);6857006,73;0;Euro;2021-12-31;2022-01-03;2022-01-03;Unsecured;0;N/A;Non-structured/Vanilla;0;No;0
5;r0320 - Deposits, not covered and not preferential;c003x   - Corporates;Rank 12 - Ranking in insolvency (master scale);000000000000000;TottaUrbe;8000391312;Type of identifier, other than LEI or MFI code;Sister;true;PORTUGAL;Not applicable (Contractual recognition of bail-in powers);37572080,06;0;Euro;2021-12-31;2022-01-03;2022-01-03;Unsecured;0;N/A;Non-structured/Vanilla;0;No;0
6;r0320 - Deposits, not covered and not preferential;c003x   - Corporates;Rank 12 - Ranking in insolvency (master scale);000000000000000;CONSULTEAM-CONSULTORES GESTAO,SA;5100262318;Type of identifier, other than LEI or MFI code;Sister;false;PORTUGAL;Not applicable (Contractual recognition of bail-in powers);983570,28;0;Euro;2021-12-31;2022-01-03;2022-01-03;Unsecured;0;N/A;Non-structured/Vanilla;0;No;0
7;r0320 - Deposits, not covered and not preferential;c003x   - Corporates;Rank 12 - Ranking in insolvency (master scale);000000000000000;Taxageste;8044901277;Type of identifier, other than LEI or MFI code;Sister;true;PORTUGAL;Not applicable (Contractual recognition of bail-in powers);13753406,77;0;Euro;2021-12-31;2022-01-03;2022-01-03;Unsecured;0;N/A;Non-structured/Vanilla;0;No;0
8;r0320 - Deposits, not covered and not preferential;c003x   - Corporates;Rank 12 - Ranking in insolvency (master scale);000000000000000;IBERICA DE COMPRAS CORPORATIVAS - SUC EM PORTUGAL;7400939384;Type of identifier, other than LEI or MFI code;Sister;false;PORTUGAL;Not applicable (Contractual recognition of bail-in powers);1012164,57;0;Euro;2021-12-31;2022-01-03;2022-01-03;Unsecured;0;N/A;Non-structured/Vanilla;0;No;0
9;r0320 - Deposits, not covered and not preferential;c003x   - Corporates;Rank 12 - Ranking in insolvency (master scale);000000000000000;RETAMA REAL ESTATE;7400886823;Type of identifier, other than LEI or MFI code;Sister;false;PORTUGAL;Not applicable (Contractual recognition of bail-in powers);0;0;Euro;2021-12-31;2022-01-03;2022-01-03;Unsecured;0;N/A;Non-structured/Vanilla;0;No;0
10;r0320 - Deposits, not covered and not preferential;c002x   - Micro & SME;Rank 12 - Ranking in insolvency (master scale);000000000000000;CCPT - COMPRARCASA REDE SERVICOS IMOBILIARIOS, S.A;1700210720;Type of identifier, other than LEI or MFI code;Sister;false;PORTUGAL;Not applicable (Contractual recognition of bail-in powers);1834,98;0;Euro;2021-12-31;2022-01-03;2022-01-03;Unsecured;0;N/A;Non-structured/Vanilla;0;No;0
11;r0390 - Non-financial liabilities;c004x   - Institutions;Rank 9 - Ranking in insolvency (master scale);962304870356080;BANCO SANTANDER SA;5493006QMFDDMYWIAM13;LEI code;Parent;false;PORTUGAL;Not applicable (Contractual recognition of bail-in powers);9,15;0;Euro;2021-12-31;2022-01-03;2099-01-31;Unsecured;0;N/A;Non-structured/Vanilla;0;No;0
12;r0390 - Non-financial liabilities;c004x   - Institutions;Rank 9 - Ranking in insolvency (master scale);599904832822330;BANCO SANTANDER SA;5493006QMFDDMYWIAM13;LEI code;Parent;false;PORTUGAL;Not applicable (Contractual recognition of bail-in powers);0,1;0;Euro;2021-12-31;2022-01-03;2099-01-31;Unsecured;0;N/A;Non-structured/Vanilla;0;No;0
13;r0120 - Secured liabilities - collateralized part (BRRD art. 44/2/b);c005x   - Other financial corporations;Rank 20 - Ranking in insolvency (master scale);333000000000000;HIPOTOTTA 5 PLC;7400987939;Type of identifier, other than LEI or MFI code;Sister;true;PORTUGAL;Not applicable (Contractual recognition of bail-in powers);86101,18;11,01;Euro;2021-12-31;2022-01-03;2065-12-14;Secured;0;N/A;Non-structured/Vanilla;0;No;0
14;r0120 - Secured liabilities - collateralized part (BRRD art. 44/2/b);c005x   - Other financial corporations;Rank 20 - Ranking in insolvency (master scale);365700000000000;HIPOTOTTA Nº 4 PLC;7400615058;Type of identifier, other than LEI or MFI code;Sister;true;PORTUGAL;Not applicable (Contractual recognition of bail-in powers);146906,53;96,35;Euro;2021-12-31;2022-01-03;2065-12-14;Secured;0;N/A;Non-structured/Vanilla;0;No;0
15;r0390 - Non-financial liabilities;c004x   - Institutions;Rank 9 - Ranking in insolvency (master scale);599904816311470;BANCO SANTANDER SA;5493006QMFDDMYWIAM13;LEI code;Parent;false;PORTUGAL;Not applicable (Contractual recognition of bail-in powers);0,01;0;Euro;2021-12-31;2022-01-03;2099-01-31;Unsecured;0;N/A;Non-structured/Vanilla;0;No;0
16;r0390 - Non-financial liabilities;c004x   - Institutions;Rank 9 - Ranking in insolvency (master scale);262304840024000;BANCO SANTANDER SA;5493006QMFDDMYWIAM13;LEI code;Parent;false;PORTUGAL;Not applicable (Contractual recognition of bail-in powers);0,3;0;Euro;2021-12-31;2022-01-03;2099-01-31;Unsecured;0;N/A;Non-structured/Vanilla;0;No;0
17;r0390 - Non-financial liabilities;c004x   - Institutions;Rank 9 - Ranking in insolvency (master scale);962304820354640;BANCO SANTANDER PARIS;7400416227;Type of identifier, other than LEI or MFI code;Sister;false;PORTUGAL;Not applicable (Contractual recognition of bail-in powers);3,87;0;Euro;2021-12-31;2022-01-03;2099-01-31;Unsecured;0;N/A;Non-structured/Vanilla;0;No;0
18;r0120 - Secured liabilities - collateralized part (BRRD art. 44/2/b);c005x   - Other financial corporations;Rank 20 - Ranking in insolvency (master scale);336500000000000;HIPOTOTTA Nº 4 PLC;7400615058;Type of identifier, other than LEI or MFI code;Sister;true;PORTUGAL;Not applicable (Contractual recognition of bail-in powers);57011,18;73,68;Euro;2021-12-31;2022-01-03;2065-12-14;Secured;0;N/A;Non-structured/Vanilla;0;No;0
19;r0390 - Non-financial liabilities;c004x   - Institutions;Rank 9 - Ranking in insolvency (master scale);862304880011980;BANCO SANTANDER SA;5493006QMFDDMYWIAM13;LEI code;Parent;false;PORTUGAL;Not applicable (Contractual recognition of bail-in powers);1,33;0;Euro;2021-12-31;2022-01-03;2099-01-31;Unsecured;0;N/A;Non-structured/Vanilla;0;No;0
20;r0120 - Secured liabilities - collateralized part (BRRD art. 44/2/b);c005x   - Other financial corporations;Rank 20 - Ranking in insolvency (master scale);368200000000000;HIPOTOTTA Nº 4 PLC;7400615058;Type of identifier, other than LEI or MFI code;Sister;true;PORTUGAL;Not applicable (Contractual recognition of bail-in powers);46427,45;84,54;Euro;2021-12-31;2022-01-03;2065-12-14;Secured;0;N/A;Non-structured/Vanilla;0;No;0
21;r0390 - Non-financial liabilities;c004x   - Institutions;Rank 9 - Ranking in insolvency (master scale);262304820021230;BANCO SANTANDER SA;5493006QMFDDMYWIAM13;LEI code;Parent;false;PORTUGAL;Not applicable (Contractual recognition of bail-in powers);0,67;0;Euro;2021-12-31;2022-01-03;2099-01-31;Unsecured;0;N/A;Non-structured/Vanilla;0;No;0
22;r0390 - Non-financial liabilities;c004x   - Institutions;Rank 9 - Ranking in insolvency (master scale);599904815741130;BANCO SANTANDER SA;5493006QMFDDMYWIAM13;LEI code;Parent;false;PORTUGAL;Not applicable (Contractual recognition of bail-in powers);0,01;0;Euro;2021-12-31;2022-01-03;2099-01-31;Unsecured;0;N/A;Non-structured/Vanilla;0;No;0
23;r0390 - Non-financial liabilities;c003x   - Corporates;Rank 9 - Ranking in insolvency (master scale);262304840020120;CONSULTEAM-CONSULTORES GESTAO,SA;5100262318;Type of identifier, other than LEI or MFI code;Sister;false;PORTUGAL;Not applicable (Contractual recognition of bail-in powers);1,51;0;Euro;2021-12-31;2022-01-03;2099-01-31;Unsecured;0;N/A;Non-structured/Vanilla;0;No;0
24;r0390 - Non-financial liabilities;c003x   - Corporates;Rank 9 - Ranking in insolvency (master scale);262304840022210;CONSULTEAM-CONSULTORES GESTAO,SA;5100262318;Type of identifier, other than LEI or MFI code;Sister;false;PORTUGAL;Not applicable (Contractual recognition of bail-in powers);1,46;0;Euro;2021-12-31;2022-01-03;2099-01-31;Unsecured;0;N/A;Non-structured/Vanilla;0;No;0
25;r0390 - Non-financial liabilities;c003x   - Corporates;Rank 9 - Ranking in insolvency (master scale);599904833903700;TottaUrbe;8000391312;Type of identifier, other than LEI or MFI code;Sister;true;PORTUGAL;Not applicable (Contractual recognition of bail-in powers);0,13;0;Euro;2021-12-31;2022-01-03;2099-01-31;Unsecured;0;N/A;Non-structured/Vanilla;0;No;0
26;r0390 - Non-financial liabilities;c004x   - Institutions;Rank 9 - Ranking in insolvency (master scale);262304840026200;BANCO SANTANDER SA;5493006QMFDDMYWIAM13;LEI code;Parent;false;PORTUGAL;Not applicable (Contractual recognition of bail-in powers);0,64;0;Euro;2021-12-31;2022-01-03;2099-01-31;Unsecured;0;N/A;Non-structured/Vanilla;0;No;0
27;r0120 - Secured liabilities - collateralized part (BRRD art. 44/2/b);c005x   - Other financial corporations;Rank 20 - Ranking in insolvency (master scale);037200000000000;HIPOTOTTA 5 PLC;7400987939;Type of identifier, other than LEI or MFI code;Sister;true;PORTUGAL;Not applicable (Contractual recognition of bail-in powers);33730,76;1,88;Euro;2021-12-31;2022-01-03;2065-12-14;Secured;0;N/A;Non-structured/Vanilla;0;No;0
28;r0390 - Non-financial liabilities;c004x   - Institutions;Rank 9 - Ranking in insolvency (master scale);962304820167570;BANCO SANTANDER SA;5493006QMFDDMYWIAM13;LEI code;Parent;false;PORTUGAL;Not applicable (Contractual recognition of bail-in powers);2,33;0;Euro;2021-12-31;2022-01-03;2099-01-31;Unsecured;0;N/A;Non-structured/Vanilla;0;No;0
29;r0120 - Secured liabilities - collateralized part (BRRD art. 44/2/b);c005x   - Other financial corporations;Rank 20 - Ranking in insolvency (master scale);023100000000000;HIPOTOTTA Nº 4 PLC;7400615058;Type of identifier, other than LEI or MFI code;Sister;true;PORTUGAL;Not applicable (Contractual recognition of bail-in powers);875504,01;294,46;Euro;2021-12-31;2022-01-03;2065-12-14;Secured;0;N/A;Non-structured/Vanilla;0;No;0
30;r0390 - Non-financial liabilities;c004x   - Institutions;Rank 9 - Ranking in insolvency (master scale);962304820309470;BANCO SANTANDER SA;5493006QMFDDMYWIAM13;LEI code;Parent;false;PORTUGAL;Not applicable (Contractual recognition of bail-in powers);64,44;0;Euro;2021-12-31;2022-01-03;2099-01-31;Unsecured;0;N/A;Non-structured/Vanilla;0;No;0
31;r0120 - Secured liabilities - collateralized part (BRRD art. 44/2/b);c005x   - Other financial corporations;Rank 20 - Ranking in insolvency (master scale);352000000000000;HIPOTOTTA Nº 4 PLC;7400615058;Type of identifier, other than LEI or MFI code;Sister;true;PORTUGAL;Not applicable (Contractual recognition of bail-in powers);121877,32;-8,87;Euro;2021-12-31;2022-01-03;2065-12-14;Secured;0;N/A;Non-structured/Vanilla;0;No;0
32;r0390 - Non-financial liabilities;c004x   - Institutions;Rank 9 - Ranking in insolvency (master scale);862304880014160;BANCO SANTANDER SA;5493006QMFDDMYWIAM13;LEI code;Parent;false;PORTUGAL;Not applicable (Contractual recognition of bail-in powers);0,18;0;Euro;2021-12-31;2022-01-03;2099-01-31;Unsecured;0;N/A;Non-structured/Vanilla;0;No;0
33;r0120 - Secured liabilities - collateralized part (BRRD art. 44/2/b);c005x   - Other financial corporations;Rank 20 - Ranking in insolvency (master scale);023700000000000;GAMMA SOC TITULARIZACAO CREDITOS, SA;2101355138;Type of identifier, other than LEI or MFI code;Sister;true;PORTUGAL;Not applicable (Contractual recognition of bail-in powers);114383,25;7,41;Euro;2021-12-31;2022-01-03;2065-12-14;Secured;0;N/A;Non-structured/Vanilla;0;No;0
34;r0120 - Secured liabilities - collateralized part (BRRD art. 44/2/b);c005x   - Other financial corporations;Rank 20 - Ranking in insolvency (master scale);382000000000000;HIPOTOTTA Nº 4 PLC;7400615058;Type of identifier, other than LEI or MFI code;Sister;true;PORTUGAL;Not applicable (Contractual recognition of bail-in powers);84716,01;26,79;Euro;2021-12-31;2022-01-03;2065-12-14;Secured;0;N/A;Non-structured/Vanilla;0;No;0
35;r0390 - Non-financial liabilities;c004x   - Institutions;Rank 9 - Ranking in insolvency (master scale);399904811578720;BANCO SANTANDER SA;5493006QMFDDMYWIAM13;LEI code;Parent;false;PORTUGAL;Not applicable (Contractual recognition of bail-in powers);0,22;0;Euro;2021-12-31;2022-01-03;2099-01-31;Unsecured;0;N/A;Non-structured/Vanilla;0;No;0
36;r0390 - Non-financial liabilities;c004x   - Institutions;Rank 9 - Ranking in insolvency (master scale);588804815653900;BANCO SANTANDER SA;5493006QMFDDMYWIAM13;LEI code;Parent;false;PORTUGAL;Not applicable (Contractual recognition of bail-in powers);0,32;0;Euro;2021-12-31;2022-01-03;2099-01-31;Unsecured;0;N/A;Non-structured/Vanilla;0;No;0
37;r0390 - Non-financial liabilities;c004x   - Institutions;Rank 9 - Ranking in insolvency (master scale);599904815285000;BANCO SANTANDER SA;5493006QMFDDMYWIAM13;LEI code;Parent;false;PORTUGAL;Not applicable (Contractual recognition of bail-in powers);0,03;0;Euro;2021-12-31;2022-01-03;2099-01-31;Unsecured;0;N/A;Non-structured/Vanilla;0;No;0
38;r0390 - Non-financial liabilities;c004x   - Institutions;Rank 9 - Ranking in insolvency (master scale);262304840018660;BANCO SANTANDER SA;5493006QMFDDMYWIAM13;LEI code;Parent;false;PORTUGAL;Not applicable (Contractual recognition of bail-in powers);5,27;0;Euro;2021-12-31;2022-01-03;2099-01-31;Unsecured;0;N/A;Non-structured/Vanilla;0;No;0
39;r0390 - Non-financial liabilities;c004x   - Institutions;Rank 9 - Ranking in insolvency (master scale);599904816263040;BANCO SANTANDER SA;5493006QMFDDMYWIAM13;LEI code;Parent;false;PORTUGAL;Not applicable (Contractual recognition of bail-in powers);0,05;0;Euro;2021-12-31;2022-01-03;2099-01-31;Unsecured;0;N/A;Non-structured/Vanilla;0;No;0
40;r0390 - Non-financial liabilities;c004x   - Institutions;Rank 9 - Ranking in insolvency (master scale);599904830126190;BANCO SANTANDER SA;5493006QMFDDMYWIAM13;LEI code;Parent;false;PORTUGAL;Not applicable (Contractual recognition of bail-in powers);0,33;0;Euro;2021-12-31;2022-01-03;2099-01-31;Unsecured;0;N/A;Non-structured/Vanilla;0;No;0
41;r0390 - Non-financial liabilities;c003x   - Corporates;Rank 9 - Ranking in insolvency (master scale);262304840021030;CONSULTEAM-CONSULTORES GESTAO,SA;5100262318;Type of identifier, other than LEI or MFI code;Sister;false;PORTUGAL;Not applicable (Contractual recognition of bail-in powers);0,22;0;Euro;2021-12-31;2022-01-03;2099-01-31;Unsecured;0;N/A;Non-structured/Vanilla;0;No;0
42;r0390 - Non-financial liabilities;c003x   - Corporates;Rank 9 - Ranking in insolvency (master scale);262304840022330;CONSULTEAM-CONSULTORES GESTAO,SA;5100262318;Type of identifier, other than LEI or MFI code;Sister;false;PORTUGAL;Not applicable (Contractual recognition of bail-in powers);0,89;0;Euro;2021-12-31;2022-01-03;2099-01-31;Unsecured;0;N/A;Non-structured/Vanilla;0;No;0
43;r0390 - Non-financial liabilities;c004x   - Institutions;Rank 9 - Ranking in insolvency (master scale);262304840022750;BANCO SANTANDER SA;5493006QMFDDMYWIAM13;LEI code;Parent;false;PORTUGAL;Not applicable (Contractual recognition of bail-in powers);6,3;0;Euro;2021-12-31;2022-01-03;2099-01-31;Unsecured;0;N/A;Non-structured/Vanilla;0;No;0
44;r0120 - Secured liabilities - collateralized part (BRRD art. 44/2/b);c005x   - Other financial corporations;Rank 20 - Ranking in insolvency (master scale);025900000000000;HIPOTOTTA Nº 4 PLC;7400615058;Type of identifier, other than LEI or MFI code;Sister;true;PORTUGAL;Not applicable (Contractual recognition of bail-in powers);334627,98;142,5;Euro;2021-12-31;2022-01-03;2065-12-14;Secured;0;N/A;Non-structured/Vanilla;0;No;0
45;r0390 - Non-financial liabilities;c003x   - Corporates;Rank 9 - Ranking in insolvency (master scale);599904836417420;TottaUrbe;8000391312;Type of identifier, other than LEI or MFI code;Sister;true;PORTUGAL;Not applicable (Contractual recognition of bail-in powers);7,31;0;Euro;2021-12-31;2022-01-03;2099-01-31;Unsecured;0;N/A;Non-structured/Vanilla;0;No;0
46;r0390 - Non-financial liabilities;c004x   - Institutions;Rank 9 - Ranking in insolvency (master scale);262304840026660;BANCO SANTANDER SA;5493006QMFDDMYWIAM13;LEI code;Parent;false;PORTUGAL;Not applicable (Contractual recognition of bail-in powers);3,42;0;Euro;2021-12-31;2022-01-03;2099-01-31;Unsecured;0;N/A;Non-structured/Vanilla;0;No;0
47;r0390 - Non-financial liabilities;c004x   - Institutions;Rank 9 - Ranking in insolvency (master scale);262304820024990;BANCO SANTANDER SA;5493006QMFDDMYWIAM13;LEI code;Parent;false;PORTUGAL;Not applicable (Contractual recognition of bail-in powers);0,83;0;Euro;2021-12-31;2022-01-03;2099-01-31;Unsecured;0;N/A;Non-structured/Vanilla;0;No;0
48;r0120 - Secured liabilities - collateralized part (BRRD art. 44/2/b);c005x   - Other financial corporations;Rank 20 - Ranking in insolvency (master scale);317800000000000;GAMMA SOC TITULARIZACAO CREDITOS, SA;2101355138;Type of identifier, other than LEI or MFI code;Sister;true;PORTUGAL;Not applicable (Contractual recognition of bail-in powers);61217,96;-7,36;Euro;2021-12-31;2022-01-03;2065-12-14;Secured;0;N/A;Non-structured/Vanilla;0;No;0
49;r0390 - Non-financial liabilities;c004x   - Institutions;Rank 9 - Ranking in insolvency (master scale);962304820250510;BANCO SANTANDER SA;5493006QMFDDMYWIAM13;LEI code;Parent;false;PORTUGAL;Not applicable (Contractual recognition of bail-in powers);30;0;Euro;2021-12-31;2022-01-03;2099-01-31;Unsecured;0;N/A;Non-structured/Vanilla;0;No;0
50;r0120 - Secured liabilities - collateralized part (BRRD art. 44/2/b);c005x   - Other financial corporations;Rank 20 - Ranking in insolvency (master scale);038000000000000;HIPOTOTTA 5 PLC;7400987939;Type of identifier, other than LEI or MFI code;Sister;true;PORTUGAL;Not applicable (Contractual recognition of bail-in powers);198492,75;11,74;Euro;2021-12-31;2022-01-03;2065-12-14;Secured;0;N/A;Non-structured/Vanilla;0;No;0
51;r0390 - Non-financial liabilities;c004x   - Institutions;Rank 9 - Ranking in insolvency (master scale);962304820340060;BANCO SANTANDER PARIS;7400416227;Type of identifier, other than LEI or MFI code;Sister;false;PORTUGAL;Not applicable (Contractual recognition of bail-in powers);0,49;0;Euro;2021-12-31;2022-01-03;2099-01-31;Unsecured;0;N/A;Non-structured/Vanilla;0;No;0
52;r0390 - Non-financial liabilities;c005x   - Other financial corporations;Rank 9 - Ranking in insolvency (master scale);000000000000000;BANCO SANTANDER SA;5493006QMFDDMYWIAM13;LEI code;Parent;false;PORTUGAL;Not applicable (Contractual recognition of bail-in powers);0,006596;0;Euro;2021-12-31;2022-01-03;2099-01-31;Unsecured;0;N/A;Non-structured/Vanilla;0;No;0
53;r0390 - Non-financial liabilities;c004x   - Institutions;Rank 9 - Ranking in insolvency (master scale);962304820295750;BANCO SANTANDER SA;5493006QMFDDMYWIAM13;LEI code;Parent;false;PORTUGAL;Not applicable (Contractual recognition of bail-in powers);11,64;0;Euro;2021-12-31;2022-01-03;2099-01-31;Unsecured;0;N/A;Non-structured/Vanilla;0;No;0
54;r0120 - Secured liabilities - collateralized part (BRRD art. 44/2/b);c005x   - Other financial corporations;Rank 20 - Ranking in insolvency (master scale);342000000000000;HIPOTOTTA Nº 4 PLC;7400615058;Type of identifier, other than LEI or MFI code;Sister;true;PORTUGAL;Not applicable (Contractual recognition of bail-in powers);35324,95;2,08;Euro;2021-12-31;2022-01-03;2065-12-14;Secured;0;N/A;Non-structured/Vanilla;0;No;0
55;r0390 - Non-financial liabilities;c004x   - Institutions;Rank 9 - Ranking in insolvency (master scale);862304880011610;BANCO SANTANDER SA;5493006QMFDDMYWIAM13;LEI code;Parent;false;PORTUGAL;Not applicable (Contractual recognition of bail-in powers);25,17;0;Euro;2021-12-31;2022-01-03;2099-01-31;Unsecured;0;N/A;Non-structured/Vanilla;0;No;0
56;r0120 - Secured liabilities - collateralized part (BRRD art. 44/2/b);c005x   - Other financial corporations;Rank 20 - Ranking in insolvency (master scale);355200000000000;HIPOTOTTA Nº 4 PLC;7400615058;Type of identifier, other than LEI or MFI code;Sister;true;PORTUGAL;Not applicable (Contractual recognition of bail-in powers);31239,8;9,96;Euro;2021-12-31;2022-01-03;2065-12-14;Secured;0;N/A;Non-structured/Vanilla;0;No;0
57;r0390 - Non-financial liabilities;c004x   - Institutions;Rank 9 - Ranking in insolvency (master scale);862304880012400;BANCO SANTANDER SA;5493006QMFDDMYWIAM13;LEI code;Parent;false;PORTUGAL;Not applicable (Contractual recognition of bail-in powers);2,71;0;Euro;2021-12-31;2022-01-03;2099-01-31;Unsecured;0;N/A;Non-structured/Vanilla;0;No;0
58;r0390 - Non-financial liabilities;c004x   - Institutions;Rank 9 - Ranking in insolvency (master scale);362304820801250;BANCO SANTANDER SA;5493006QMFDDMYWIAM13;LEI code;Parent;false;PORTUGAL;Not applicable (Contractual recognition of bail-in powers);3,39;0;Euro;2021-12-31;2022-01-03;2099-01-31;Unsecured;0;N/A;Non-structured/Vanilla;0;No;0
59;r0390 - Non-financial liabilities;c004x   - Institutions;Rank 9 - Ranking in insolvency (master scale);362304820812140;BANCO SANTANDER SA;5493006QMFDDMYWIAM13;LEI code;Parent;false;PORTUGAL;Not applicable (Contractual recognition of bail-in powers);101,11;0;Euro;2021-12-31;2022-01-03;2099-01-31;Unsecured;0;N/A;Non-structured/Vanilla;0;No;0
60;r0390 - Non-financial liabilities;c004x   - Institutions;Rank 9 - Ranking in insolvency (master scale);399904810171700;BANCO SANTANDER SA;5493006QMFDDMYWIAM13;LEI code;Parent;false;PORTUGAL;Not applicable (Contractual recognition of bail-in powers);0,05;0;Euro;2021-12-31;2022-01-03;2099-01-31;Unsecured;0;N/A;Non-structured/Vanilla;0;No;0
61;r0120 - Secured liabilities - collateralized part (BRRD art. 44/2/b);c005x   - Other financial corporations;Rank 20 - Ranking in insolvency (master scale);375100000000000;HIPOTOTTA 5 PLC;7400987939;Type of identifier, other than LEI or MFI code;Sister;true;PORTUGAL;Not applicable (Contractual recognition of bail-in powers);40563,53;5,82;Euro;2021-12-31;2022-01-03;2065-12-14;Secured;0;N/A;Non-structured/Vanilla;0;No;0
62;r0120 - Secured liabilities - collateralized part (BRRD art. 44/2/b);c005x   - Other financial corporations;Rank 20 - Ranking in insolvency (master scale);386500000000000;HIPOTOTTA Nº 4 PLC;7400615058;Type of identifier, other than LEI or MFI code;Sister;true;PORTUGAL;Not applicable (Contractual recognition of bail-in powers);76333,59;-2,89;Euro;2021-12-31;2022-01-03;2065-12-14;Secured;0;N/A;Non-structured/Vanilla;0;No;0
63;r0390 - Non-financial liabilities;c004x   - Institutions;Rank 9 - Ranking in insolvency (master scale);399904810215870;BANCO SANTANDER SA;5493006QMFDDMYWIAM13;LEI code;Parent;false;PORTUGAL;Not applicable (Contractual recognition of bail-in powers);0,15;0;Euro;2021-12-31;2022-01-03;2099-01-31;Unsecured;0;N/A;Non-structured/Vanilla;0;No;0
64;r0120 - Secured liabilities - collateralized part (BRRD art. 44/2/b);c005x   - Other financial corporations;Rank 20 - Ranking in insolvency (master scale);023900000000000;HIPOTOTTA 5 PLC;7400987939;Type of identifier, other than LEI or MFI code;Sister;true;PORTUGAL;Not applicable (Contractual recognition of bail-in powers);411430,66;69,82;Euro;2021-12-31;2022-01-03;2065-12-14;Secured;0;N/A;Non-structured/Vanilla;0;No;0
65;r0390 - Non-financial liabilities;c004x   - Institutions;Rank 9 - Ranking in insolvency (master scale);262304820022810;BANCO SANTANDER SA;5493006QMFDDMYWIAM13;LEI code;Parent;false;PORTUGAL;Not applicable (Contractual recognition of bail-in powers);201,15;0;Euro;2021-12-31;2022-01-03;2099-01-31;Unsecured;0;N/A;Non-structured/Vanilla;0;No;0
66;r0390 - Non-financial liabilities;c004x   - Institutions;Rank 9 - Ranking in insolvency (master scale);588804815681980;BANCO SANTANDER SA;5493006QMFDDMYWIAM13;LEI code;Parent;false;PORTUGAL;Not applicable (Contractual recognition of bail-in powers);0,01;0;Euro;2021-12-31;2022-01-03;2099-01-31;Unsecured;0;N/A;Non-structured/Vanilla;0;No;0
67;r0390 - Non-financial liabilities;c004x   - Institutions;Rank 9 - Ranking in insolvency (master scale);262304820023910;BANCO SANTANDER SA;5493006QMFDDMYWIAM13;LEI code;Parent;false;PORTUGAL;Not applicable (Contractual recognition of bail-in powers);304,89;0;Euro;2021-12-31;2022-01-03;2099-01-31;Unsecured;0;N/A;Non-structured/Vanilla;0;No;0
68;r0390 - Non-financial liabilities;c004x   - Institutions;Rank 9 - Ranking in insolvency (master scale);599904815266020;BANCO SANTANDER SA;5493006QMFDDMYWIAM13;LEI code;Parent;false;PORTUGAL;Not applicable (Contractual recognition of bail-in powers);0,01;0;Euro;2021-12-31;2022-01-03;2099-01-31;Unsecured;0;N/A;Non-structured/Vanilla;0;No;0
69;r0390 - Non-financial liabilities;c004x   - Institutions;Rank 9 - Ranking in insolvency (master scale);262304840016400;BANCO SANTANDER SA;5493006QMFDDMYWIAM13;LEI code;Parent;false;PORTUGAL;Not applicable (Contractual recognition of bail-in powers);0,43;0;Euro;2021-12-31;2022-01-03;2099-01-31;Unsecured;0;N/A;Non-structured/Vanilla;0;No;0
70;r0390 - Non-financial liabilities;c003x   - Corporates;Rank 9 - Ranking in insolvency (master scale);599904815307790;TottaUrbe;8000391312;Type of identifier, other than LEI or MFI code;Sister;true;PORTUGAL;Not applicable (Contractual recognition of bail-in powers);0,02;0;Euro;2021-12-31;2022-01-03;2099-01-31;Unsecured;0;N/A;Non-structured/Vanilla;0;No;0
71;r0390 - Non-financial liabilities;c004x   - Institutions;Rank 9 - Ranking in insolvency (master scale);599904816262320;BANCO SANTANDER SA;5493006QMFDDMYWIAM13;LEI code;Parent;false;PORTUGAL;Not applicable (Contractual recognition of bail-in powers);0,06;0;Euro;2021-12-31;2022-01-03;2099-01-31;Unsecured;0;N/A;Non-structured/Vanilla;0;No;0
72;r0390 - Non-financial liabilities;c004x   - Institutions;Rank 9 - Ranking in insolvency (master scale);599904816238890;BANCO SANTANDER SA;5493006QMFDDMYWIAM13;LEI code;Parent;false;PORTUGAL;Not applicable (Contractual recognition of bail-in powers);0,02;0;Euro;2021-12-31;2022-01-03;2099-01-31;Unsecured;0;N/A;Non-structured/Vanilla;0;No;0
73;r0390 - Non-financial liabilities;c004x   - Institutions;Rank 9 - Ranking in insolvency (master scale);262304840019390;BANCO SANTANDER SA;5493006QMFDDMYWIAM13;LEI code;Parent;false;PORTUGAL;Not applicable (Contractual recognition of bail-in powers);1,75;0;Euro;2021-12-31;2022-01-03;2099-01-31;Unsecured;0;N/A;Non-structured/Vanilla;0;No;0
74;r0390 - Non-financial liabilities;c004x   - Institutions;Rank 9 - Ranking in insolvency (master scale);599904816264670;BANCO SANTANDER SA;5493006QMFDDMYWIAM13;LEI code;Parent;false;PORTUGAL;Not applicable (Contractual recognition of bail-in powers);0,37;0;Euro;2021-12-31;2022-01-03;2099-01-31;Unsecured;0;N/A;Non-structured/Vanilla;0;No;0
75;r0120 - Secured liabilities - collateralized part (BRRD art. 44/2/b);c005x   - Other financial corporations;Rank 20 - Ranking in insolvency (master scale);025300000000000;HIPOTOTTA Nº 4 PLC;7400615058;Type of identifier, other than LEI or MFI code;Sister;true;PORTUGAL;Not applicable (Contractual recognition of bail-in powers);1545912,95;881,42;Euro;2021-12-31;2022-01-03;2065-12-14;Secured;0;N/A;Non-structured/Vanilla;0;No;0
76;r0390 - Non-financial liabilities;c004x   - Institutions;Rank 9 - Ranking in insolvency (master scale);599904816718590;BANCO SANTANDER SA;5493006QMFDDMYWIAM13;LEI code;Parent;false;PORTUGAL;Not applicable (Contractual recognition of bail-in powers);0,01;0;Euro;2021-12-31;2022-01-03;2099-01-31;Unsecured;0;N/A;Non-structured/Vanilla;0;No;0
77;r0390 - Non-financial liabilities;c004x   - Institutions;Rank 9 - Ranking in insolvency (master scale);262304840021360;BANCO SANTANDER SA;5493006QMFDDMYWIAM13;LEI code;Parent;false;PORTUGAL;Not applicable (Contractual recognition of bail-in powers);0,75;0;Euro;2021-12-31;2022-01-03;2099-01-31;Unsecured;0;N/A;Non-structured/Vanilla;0;No;0
78;r0390 - Non-financial liabilities;c004x   - Institutions;Rank 9 - Ranking in insolvency (master scale);262304840021730;BANCO SANTANDER SA;5493006QMFDDMYWIAM13;LEI code;Parent;false;PORTUGAL;Not applicable (Contractual recognition of bail-in powers);3,08;0;Euro;2021-12-31;2022-01-03;2099-01-31;Unsecured;0;N/A;Non-structured/Vanilla;0;No;0
79;r0390 - Non-financial liabilities;c004x   - Institutions;Rank 9 - Ranking in insolvency (master scale);599904831712500;BANCO SANTANDER SA;5493006QMFDDMYWIAM13;LEI code;Parent;false;PORTUGAL;Not applicable (Contractual recognition of bail-in powers);0,18;0;Euro;2021-12-31;2022-01-03;2099-01-31;Unsecured;0;N/A;Non-structured/Vanilla;0;No;0
80;r0390 - Non-financial liabilities;c004x   - Institutions;Rank 9 - Ranking in insolvency (master scale);262304840022490;BANCO SANTANDER SA;5493006QMFDDMYWIAM13;LEI code;Parent;false;PORTUGAL;Not applicable (Contractual recognition of bail-in powers);0,45;0;Euro;2021-12-31;2022-01-03;2099-01-31;Unsecured;0;N/A;Non-structured/Vanilla;0;No;0
81;r0390 - Non-financial liabilities;c004x   - Institutions;Rank 9 - Ranking in insolvency (master scale);262304840023000;BANCO SANTANDER SA;5493006QMFDDMYWIAM13;LEI code;Parent;false;PORTUGAL;Not applicable (Contractual recognition of bail-in powers);12,48;0;Euro;2021-12-31;2022-01-03;2099-01-31;Unsecured;0;N/A;Non-structured/Vanilla;0;No;0
82;r0390 - Non-financial liabilities;c004x   - Institutions;Rank 9 - Ranking in insolvency (master scale);262304840023140;BANCO SANTANDER SA;5493006QMFDDMYWIAM13;LEI code;Parent;false;PORTUGAL;Not applicable (Contractual recognition of bail-in powers);0,15;0;Euro;2021-12-31;2022-01-03;2099-01-31;Unsecured;0;N/A;Non-structured/Vanilla;0;No;0
83;r0390 - Non-financial liabilities;c004x   - Institutions;Rank 9 - Ranking in insolvency (master scale);262304880017740;BANCO SANTANDER SA;5493006QMFDDMYWIAM13;LEI code;Parent;false;PORTUGAL;Not applicable (Contractual recognition of bail-in powers);9,68;0;Euro;2021-12-31;2022-01-03;2099-01-31;Unsecured;0;N/A;Non-structured/Vanilla;0;No;0
84;r0390 - Non-financial liabilities;c004x   - Institutions;Rank 9 - Ranking in insolvency (master scale);599904833223330;BANCO SANTANDER SA;5493006QMFDDMYWIAM13;LEI code;Parent;false;PORTUGAL;Not applicable (Contractual recognition of bail-in powers);0,18;0;Euro;2021-12-31;2022-01-03;2099-01-31;Unsecured;0;N/A;Non-structured/Vanilla;0;No;0
85;r0390 - Non-financial liabilities;c004x   - Institutions;Rank 9 - Ranking in insolvency (master scale);262304840025140;BANCO SANTANDER SA;5493006QMFDDMYWIAM13;LEI code;Parent;false;PORTUGAL;Not applicable (Contractual recognition of bail-in powers);0,72;0;Euro;2021-12-31;2022-01-03;2099-01-31;Unsecured;0;N/A;Non-structured/Vanilla;0;No;0
86;r0390 - Non-financial liabilities;c004x   - Institutions;Rank 9 - Ranking in insolvency (master scale);862304840007560;BANCO SANTANDER SA;5493006QMFDDMYWIAM13;LEI code;Parent;false;PORTUGAL;Not applicable (Contractual recognition of bail-in powers);0,63;0;Euro;2021-12-31;2022-01-03;2099-01-31;Unsecured;0;N/A;Non-structured/Vanilla;0;No;0
87;r0390 - Non-financial liabilities;c004x   - Institutions;Rank 9 - Ranking in insolvency (master scale);262304840027210;BANCO SANTANDER SA;5493006QMFDDMYWIAM13;LEI code;Parent;false;PORTUGAL;Not applicable (Contractual recognition of bail-in powers);1,04;0;Euro;2021-12-31;2022-01-03;2099-01-31;Unsecured;0;N/A;Non-structured/Vanilla;0;No;0
88;r0390 - Non-financial liabilities;c004x   - Institutions;Rank 9 - Ranking in insolvency (master scale);262304840026890;BANCO SANTANDER SA;5493006QMFDDMYWIAM13;LEI code;Parent;false;PORTUGAL;Not applicable (Contractual recognition of bail-in powers);0,48;0;Euro;2021-12-31;2022-01-03;2099-01-31;Unsecured;0;N/A;Non-structured/Vanilla;0;No;0
89;r0120 - Secured liabilities - collateralized part (BRRD art. 44/2/b);c005x   - Other financial corporations;Rank 20 - Ranking in insolvency (master scale);036900000000000;HIPOTOTTA 5 PLC;7400987939;Type of identifier, other than LEI or MFI code;Sister;true;PORTUGAL;Not applicable (Contractual recognition of bail-in powers);171831,04;-8,86;Euro;2021-12-31;2022-01-03;2065-12-14;Secured;0;N/A;Non-structured/Vanilla;0;No;0
90;r0390 - Non-financial liabilities;c004x   - Institutions;Rank 9 - Ranking in insolvency (master scale);962304820131600;BANCO SANTANDER SA;5493006QMFDDMYWIAM13;LEI code;Parent;false;PORTUGAL;Not applicable (Contractual recognition of bail-in powers);0,02;0;Euro;2021-12-31;2022-01-03;2099-01-31;Unsecured;0;N/A;Non-structured/Vanilla;0;No;0
91;r0120 - Secured liabilities - collateralized part (BRRD art. 44/2/b);c005x   - Other financial corporations;Rank 20 - Ranking in insolvency (master scale);000300000000000;HIPOTOTTA Nº 4 PLC;7400615058;Type of identifier, other than LEI or MFI code;Sister;true;PORTUGAL;Not applicable (Contractual recognition of bail-in powers);264100716,1;71992,69;Euro;2021-12-31;2022-01-03;2065-12-14;Secured;0;N/A;Non-structured/Vanilla;0;No;0
92;r0390 - Non-financial liabilities;c004x   - Institutions;Rank 9 - Ranking in insolvency (master scale);962304820304500;BANCO SANTANDER SA;5493006QMFDDMYWIAM13;LEI code;Parent;false;PORTUGAL;Not applicable (Contractual recognition of bail-in powers);0,4;0;Euro;2021-12-31;2022-01-03;2099-01-31;Unsecured;0;N/A;Non-structured/Vanilla;0;No;0
93;r0120 - Secured liabilities - collateralized part (BRRD art. 44/2/b);c005x   - Other financial corporations;Rank 20 - Ranking in insolvency (master scale);037600000000000;HIPOTOTTA Nº 4 PLC;7400615058;Type of identifier, other than LEI or MFI code;Sister;true;PORTUGAL;Not applicable (Contractual recognition of bail-in powers);1254794,35;551,04;Euro;2021-12-31;2022-01-03;2065-12-14;Secured;0;N/A;Non-structured/Vanilla;0;No;0
94;r0390 - Non-financial liabilities;c004x   - Institutions;Rank 9 - Ranking in insolvency (master scale);962304820274160;BANCO SANTANDER SA;5493006QMFDDMYWIAM13;LEI code;Parent;false;PORTUGAL;Not applicable (Contractual recognition of bail-in powers);106,94;0;Euro;2021-12-31;2022-01-03;2099-01-31;Unsecured;0;N/A;Non-structured/Vanilla;0;No;0
95;r0120 - Secured liabilities - collateralized part (BRRD art. 44/2/b);c005x   - Other financial corporations;Rank 20 - Ranking in insolvency (master scale);327200000000000;GAMMA SOC TITULARIZACAO CREDITOS, SA;2101355138;Type of identifier, other than LEI or MFI code;Sister;true;PORTUGAL;Not applicable (Contractual recognition of bail-in powers);256105,75;179,24;Euro;2021-12-31;2022-01-03;2065-12-14;Secured;0;N/A;Non-structured/Vanilla;0;No;0
96;r0390 - Non-financial liabilities;c004x   - Institutions;Rank 9 - Ranking in insolvency (master scale);962304820205570;BANCO SANTANDER SA;5493006QMFDDMYWIAM13;LEI code;Parent;false;PORTUGAL;Not applicable (Contractual recognition of bail-in powers);100,94;0;Euro;2021-12-31;2022-01-03;2099-01-31;Unsecured;0;N/A;Non-structured/Vanilla;0;No;0
97;r0120 - Secured liabilities - collateralized part (BRRD art. 44/2/b);c005x   - Other financial corporations;Rank 20 - Ranking in insolvency (master scale);038300000000000;HIPOTOTTA 5 PLC;7400987939;Type of identifier, other than LEI or MFI code;Sister;true;PORTUGAL;Not applicable (Contractual recognition of bail-in powers);71671,79;5,69;Euro;2021-12-31;2022-01-03;2065-12-14;Secured;0;N/A;Non-structured/Vanilla;0;No;0
98;r0390 - Non-financial liabilities;c004x   - Institutions;Rank 9 - Ranking in insolvency (master scale);962304820358470;BANCO SANTANDER SA;5493006QMFDDMYWIAM13;LEI code;Parent;false;PORTUGAL;Not applicable (Contractual recognition of bail-in powers);0,39;0;Euro;2021-12-31;2022-01-03;2099-01-31;Unsecured;0;N/A;Non-structured/Vanilla;0;No;0
99;r0390 - Non-financial liabilities;c004x   - Institutions;Rank 9 - Ranking in insolvency (master scale);862304840048160;BANCO SANTANDER SA;5493006QMFDDMYWIAM13;LEI code;Parent;false;PORTUGAL;Not applicable (Contractual recognition of bail-in powers);0,4;0;Euro;2021-12-31;2022-01-03;2099-01-31;Unsecured;0;N/A;Non-structured/Vanilla;0;No;0
100;r0120 - Secured liabilities - collateralized part (BRRD art. 44/2/b);c005x   - Other financial corporations;Rank 20 - Ranking in insolvency (master scale);336000000000000;HIPOTOTTA Nº 4 PLC;7400615058;Type of identifier, other than LEI or MFI code;Sister;true;PORTUGAL;Not applicable (Contractual recognition of bail-in powers);208349,99;59,53;Euro;2021-12-31;2022-01-03;2065-12-14;Secured;0;N/A;Non-structured/Vanilla;0;No;0
101;r0120 - Secured liabilities - collateralized part (BRRD art. 44/2/b);c005x   - Other financial corporations;Rank 20 - Ranking in insolvency (master scale);337700000000000;HIPOTOTTA Nº 4 PLC;7400615058;Type of identifier, other than LEI or MFI code;Sister;true;PORTUGAL;Not applicable (Contractual recognition of bail-in powers);199642,11;60,17;Euro;2021-12-31;2022-01-03;2065-12-14;Secured;0;N/A;Non-structured/Vanilla;0;No;0
102;r0390 - Non-financial liabilities;c004x   - Institutions;Rank 9 - Ranking in insolvency (master scale);962304820306080;BANCO SANTANDER SA;5493006QMFDDMYWIAM13;LEI code;Parent;false;PORTUGAL;Not applicable (Contractual recognition of bail-in powers);30;0;Euro;2021-12-31;2022-01-03;2099-01-31;Unsecured;0;N/A;Non-structured/Vanilla;0;No;0
103;r0120 - Secured liabilities - collateralized part (BRRD art. 44/2/b);c005x   - Other financial corporations;Rank 20 - Ranking in insolvency (master scale);344600000000000;HIPOTOTTA Nº 4 PLC;7400615058;Type of identifier, other than LEI or MFI code;Sister;true;PORTUGAL;Not applicable (Contractual recognition of bail-in powers);141212,82;83,35;Euro;2021-12-31;2022-01-03;2065-12-14;Secured;0;N/A;Non-structured/Vanilla;0;No;0
104;r0390 - Non-financial liabilities;c004x   - Institutions;Rank 9 - Ranking in insolvency (master scale);962304820321330;BANCO SANTANDER SA;5493006QMFDDMYWIAM13;LEI code;Parent;false;PORTUGAL;Not applicable (Contractual recognition of bail-in powers);2,53;0;Euro;2021-12-31;2022-01-03;2099-01-31;Unsecured;0;N/A;Non-structured/Vanilla;0;No;0
105;r0120 - Secured liabilities - collateralized part (BRRD art. 44/2/b);c005x   - Other financial corporations;Rank 20 - Ranking in insolvency (master scale);346000000000000;GAMMA SOC TITULARIZACAO CREDITOS, SA;2101355138;Type of identifier, other than LEI or MFI code;Sister;true;PORTUGAL;Not applicable (Contractual recognition of bail-in powers);46647,98;29,05;Euro;2021-12-31;2022-01-03;2065-12-14;Secured;0;N/A;Non-structured/Vanilla;0;No;0
106;r0390 - Non-financial liabilities;c004x   - Institutions;Rank 9 - Ranking in insolvency (master scale);862304880011780;BANCO SANTANDER SA;5493006QMFDDMYWIAM13;LEI code;Parent;false;PORTUGAL;Not applicable (Contractual recognition of bail-in powers);1,74;0;Euro;2021-12-31;2022-01-03;2099-01-31;Unsecured;0;N/A;Non-structured/Vanilla;0;No;0
107;r0120 - Secured liabilities - collateralized part (BRRD art. 44/2/b);c005x   - Other financial corporations;Rank 20 - Ranking in insolvency (master scale);023400000000000;HIPOTOTTA Nº 4 PLC;7400615058;Type of identifier, other than LEI or MFI code;Sister;true;PORTUGAL;Not applicable (Contractual recognition of bail-in powers);1238532,42;382,39;Euro;2021-12-31;2022-01-03;2065-12-14;Secured;0;N/A;Non-structured/Vanilla;0;No;0
108;r0390 - Non-financial liabilities;c004x   - Institutions;Rank 9 - Ranking in insolvency (master scale);862304880012150;BANCO SANTANDER SA;5493006QMFDDMYWIAM13;LEI code;Parent;false;PORTUGAL;Not applicable (Contractual recognition of bail-in powers);0,55;0;Euro;2021-12-31;2022-01-03;2099-01-31;Unsecured;0;N/A;Non-structured/Vanilla;0;No;0
109;r0120 - Secured liabilities - collateralized part (BRRD art. 44/2/b);c005x   - Other financial corporations;Rank 20 - Ranking in insolvency (master scale);356400000000000;HIPOTOTTA Nº 4 PLC;7400615058;Type of identifier, other than LEI or MFI code;Sister;true;PORTUGAL;Not applicable (Contractual recognition of bail-in powers);12525,75;7,91;Euro;2021-12-31;2022-01-03;2065-12-14;Secured;0;N/A;Non-structured/Vanilla;0;No;0
110;r0390 - Non-financial liabilities;c004x   - Institutions;Rank 9 - Ranking in insolvency (master scale);862304880012500;BANCO SANTANDER SA;5493006QMFDDMYWIAM13;LEI code;Parent;false;PORTUGAL;Not applicable (Contractual recognition of bail-in powers);2,38;0;Euro;2021-12-31;2022-01-03;2099-01-31;Unsecured;0;N/A;Non-structured/Vanilla;0;No;0
111;r0120 - Secured liabilities - collateralized part (BRRD art. 44/2/b);c005x   - Other financial corporations;Rank 20 - Ranking in insolvency (master scale);375100000000000;HIPOTOTTA Nº 4 PLC;7400615058;Type of identifier, other than LEI or MFI code;Sister;true;PORTUGAL;Not applicable (Contractual recognition of bail-in powers);149708,12;9,98;Euro;2021-12-31;2022-01-03;2065-12-14;Secured;0;N/A;Non-structured/Vanilla;0;No;0
112;r0390 - Non-financial liabilities;c004x   - Institutions;Rank 9 - Ranking in insolvency (master scale);862304840132710;BANCO SANTANDER SA;5493006QMFDDMYWIAM13;LEI code;Parent;false;PORTUGAL;Not applicable (Contractual recognition of bail-in powers);0,81;0;Euro;2021-12-31;2022-01-03;2099-01-31;Unsecured;0;N/A;Non-structured/Vanilla;0;No;0
113;r0390 - Non-financial liabilities;c005x   - Other financial corporations;Rank 9 - Ranking in insolvency (master scale);362304841016010;Santander Consumer Finance, S.A.;8046556500;Type of identifier, other than LEI or MFI code;Sister;false;PORTUGAL;Not applicable (Contractual recognition of bail-in powers);0,95;0;Euro;2021-12-31;2022-01-03;2099-01-31;Unsecured;0;N/A;Non-structured/Vanilla;0;No;0
114;r0390 - Non-financial liabilities;c004x   - Institutions;Rank 9 - Ranking in insolvency (master scale);362304820980290;BANCO SANTANDER SA;5493006QMFDDMYWIAM13;LEI code;Parent;false;PORTUGAL;Not applicable (Contractual recognition of bail-in powers);2,8;0;Euro;2021-12-31;2022-01-03;2099-01-31;Unsecured;0;N/A;Non-structured/Vanilla;0;No;0
115;r0390 - Non-financial liabilities;c004x   - Institutions;Rank 9 - Ranking in insolvency (master scale);262304820022840;BANCO SANTANDER SA;5493006QMFDDMYWIAM13;LEI code;Parent;false;PORTUGAL;Not applicable (Contractual recognition of bail-in powers);0,06;0;Euro;2021-12-31;2022-01-03;2099-01-31;Unsecured;0;N/A;Non-structured/Vanilla;0;No;0
116;r0120 - Secured liabilities - collateralized part (BRRD art. 44/2/b);c005x   - Other financial corporations;Rank 20 - Ranking in insolvency (master scale);367500000000000;GAMMA SOC TITULARIZACAO CREDITOS, SA;2101355138;Type of identifier, other than LEI or MFI code;Sister;true;PORTUGAL;Not applicable (Contractual recognition of bail-in powers);280477,12;4,7;Euro;2021-12-31;2022-01-03;2065-12-14;Secured;0;N/A;Non-structured/Vanilla;0;No;0
117;r0120 - Secured liabilities - collateralized part (BRRD art. 44/2/b);c005x   - Other financial corporations;Rank 20 - Ranking in insolvency (master scale);378500000000000;HIPOTOTTA 5 PLC;7400987939;Type of identifier, other than LEI or MFI code;Sister;true;PORTUGAL;Not applicable (Contractual recognition of bail-in powers);25699,69;16;Euro;2021-12-31;2022-01-03;2065-12-14;Secured;0;N/A;Non-structured/Vanilla;0;No;0
118;r0120 - Secured liabilities - collateralized part (BRRD art. 44/2/b);c005x   - Other financial corporations;Rank 20 - Ranking in insolvency (master scale);378500000000000;HIPOTOTTA Nº 4 PLC;7400615058;Type of identifier, other than LEI or MFI code;Sister;true;PORTUGAL;Not applicable (Contractual recognition of bail-in powers);44220,64;70,46;Euro;2021-12-31;2022-01-03;2065-12-14;Secured;0;N/A;Non-structured/Vanilla;0;No;0
119;r0390 - Non-financial liabilities;c004x   - Institutions;Rank 9 - Ranking in insolvency (master scale);399904810325400;BANCO SANTANDER SA;5493006QMFDDMYWIAM13;LEI code;Parent;false;PORTUGAL;Not applicable (Contractual recognition of bail-in powers);0,38;0;Euro;2021-12-31;2022-01-03;2099-01-31;Unsecured;0;N/A;Non-structured/Vanilla;0;No;0
120;r0120 - Secured liabilities - collateralized part (BRRD art. 44/2/b);c005x   - Other financial corporations;Rank 20 - Ranking in insolvency (master scale);386000000000000;HIPOTOTTA Nº 4 PLC;7400615058;Type of identifier, other than LEI or MFI code;Sister;true;PORTUGAL;Not applicable (Contractual recognition of bail-in powers);40544,16;5,65;Euro;2021-12-31;2022-01-03;2065-12-14;Secured;0;N/A;Non-structured/Vanilla;0;No;0
121;r0390 - Non-financial liabilities;c004x   - Institutions;Rank 9 - Ranking in insolvency (master scale);399904810339790;BANCO SANTANDER SA;5493006QMFDDMYWIAM13;LEI code;Parent;false;PORTUGAL;Not applicable (Contractual recognition of bail-in powers);0,12;0;Euro;2021-12-31;2022-01-03;2099-01-31;Unsecured;0;N/A;Non-structured/Vanilla;0;No;0
122;r0390 - Non-financial liabilities;c004x   - Institutions;Rank 9 - Ranking in insolvency (master scale);262304820021210;BANCO SANTANDER SA;5493006QMFDDMYWIAM13;LEI code;Parent;false;PORTUGAL;Not applicable (Contractual recognition of bail-in powers);0,04;0;Euro;2021-12-31;2022-01-03;2099-01-31;Unsecured;0;N/A;Non-structured/Vanilla;0;No;0
123;r0390 - Non-financial liabilities;c004x   - Institutions;Rank 9 - Ranking in insolvency (master scale);588804816094800;BANCO SANTANDER SA;5493006QMFDDMYWIAM13;LEI code;Parent;false;PORTUGAL;Not applicable (Contractual recognition of bail-in powers);0,02;0;Euro;2021-12-31;2022-01-03;2099-01-31;Unsecured;0;N/A;Non-structured/Vanilla;0;No;0
124;r0390 - Non-financial liabilities;c004x   - Institutions;Rank 9 - Ranking in insolvency (master scale);262304820022630;BANCO SANTANDER SA;5493006QMFDDMYWIAM13;LEI code;Parent;false;PORTUGAL;Not applicable (Contractual recognition of bail-in powers);0,06;0;Euro;2021-12-31;2022-01-03;2099-01-31;Unsecured;0;N/A;Non-structured/Vanilla;0;No;0
125;r0390 - Non-financial liabilities;c004x   - Institutions;Rank 9 - Ranking in insolvency (master scale);588804815189570;BANCO SANTANDER SA;5493006QMFDDMYWIAM13;LEI code;Parent;false;PORTUGAL;Not applicable (Contractual recognition of bail-in powers);6,95;0;Euro;2021-12-31;2022-01-03;2099-01-31;Unsecured;0;N/A;Non-structured/Vanilla;0;No;0
126;r0390 - Non-financial liabilities;c005x   - Other financial corporations;Rank 9 - Ranking in insolvency (master scale);000000000000000;BANCO SANTANDER SA;5493006QMFDDMYWIAM13;LEI code;Parent;false;PORTUGAL;Not applicable (Contractual recognition of bail-in powers);1778381,25;0;Euro;2021-12-31;2022-01-03;2099-01-31;Unsecured;0;N/A;Non-structured/Vanilla;0;No;0
127;r0120 - Secured liabilities - collateralized part (BRRD art. 44/2/b);c005x   - Other financial corporations;Rank 20 - Ranking in insolvency (master scale);024600000000000;HIPOTOTTA 5 PLC;7400987939;Type of identifier, other than LEI or MFI code;Sister;true;PORTUGAL;Not applicable (Contractual recognition of bail-in powers);493662,54;-17,5;Euro;2021-12-31;2022-01-03;2065-12-14;Secured;0;N/A;Non-structured/Vanilla;0;No;0
128;r0390 - Non-financial liabilities;c004x   - Institutions;Rank 9 - Ranking in insolvency (master scale);262304820023210;BANCO SANTANDER SA;5493006QMFDDMYWIAM13;LEI code;Parent;false;PORTUGAL;Not applicable (Contractual recognition of bail-in powers);14;0;Euro;2021-12-31;2022-01-03;2099-01-31;Unsecured;0;N/A;Non-structured/Vanilla;0;No;0
129;r0120 - Secured liabilities - collateralized part (BRRD art. 44/2/b);c005x   - Other financial corporations;Rank 20 - Ranking in insolvency (master scale);033300000000000;HIPOTOTTA 5 PLC;7400987939;Type of identifier, other than LEI or MFI code;Sister;true;PORTUGAL;Not applicable (Contractual recognition of bail-in powers);37843,07;-0,79;Euro;2021-12-31;2022-01-03;2065-12-14;Secured;0;N/A;Non-structured/Vanilla;0;No;0
130;r0390 - Non-financial liabilities;c004x   - Institutions;Rank 9 - Ranking in insolvency (master scale);262304820025400;BANCO SANTANDER SA;5493006QMFDDMYWIAM13;LEI code;Parent;false;PORTUGAL;Not applicable (Contractual recognition of bail-in powers);1,33;0;Euro;2021-12-31;2022-01-03;2099-01-31;Unsecured;0;N/A;Non-structured/Vanilla;0;No;0
131;r0390 - Non-financial liabilities;c004x   - Institutions;Rank 9 - Ranking in insolvency (master scale);599904815013600;BANCO SANTANDER SA;5493006QMFDDMYWIAM13;LEI code;Parent;false;PORTUGAL;Not applicable (Contractual recognition of bail-in powers);0,05;0;Euro;2021-12-31;2022-01-03;2099-01-31;Unsecured;0;N/A;Non-structured/Vanilla;0;No;0
132;r0390 - Non-financial liabilities;c004x   - Institutions;Rank 9 - Ranking in insolvency (master scale);262304820027220;BANCO SANTANDER SA;5493006QMFDDMYWIAM13;LEI code;Parent;false;PORTUGAL;Not applicable (Contractual recognition of bail-in powers);0,03;0;Euro;2021-12-31;2022-01-03;2099-01-31;Unsecured;0;N/A;Non-structured/Vanilla;0;No;0
133;r0390 - Non-financial liabilities;c004x   - Institutions;Rank 9 - Ranking in insolvency (master scale);599904815283130;BANCO SANTANDER SA;5493006QMFDDMYWIAM13;LEI code;Parent;false;PORTUGAL;Not applicable (Contractual recognition of bail-in powers);0,01;0;Euro;2021-12-31;2022-01-03;2099-01-31;Unsecured;0;N/A;Non-structured/Vanilla;0;No;0
134;r0390 - Non-financial liabilities;c004x   - Institutions;Rank 9 - Ranking in insolvency (master scale);599904815674980;BANCO SANTANDER SA;5493006QMFDDMYWIAM13;LEI code;Parent;false;PORTUGAL;Not applicable (Contractual recognition of bail-in powers);0,02;0;Euro;2021-12-31;2022-01-03;2099-01-31;Unsecured;0;N/A;Non-structured/Vanilla;0;No;0
135;r0390 - Non-financial liabilities;c003x   - Corporates;Rank 9 - Ranking in insolvency (master scale);599904815306880;TottaUrbe;8000391312;Type of identifier, other than LEI or MFI code;Sister;true;PORTUGAL;Not applicable (Contractual recognition of bail-in powers);6,15;0;Euro;2021-12-31;2022-01-03;2099-01-31;Unsecured;0;N/A;Non-structured/Vanilla;0;No;0
136;r0390 - Non-financial liabilities;c004x   - Institutions;Rank 9 - Ranking in insolvency (master scale);262304840018110;BANCO SANTANDER SA;5493006QMFDDMYWIAM13;LEI code;Parent;false;PORTUGAL;Not applicable (Contractual recognition of bail-in powers);6,12;0;Euro;2021-12-31;2022-01-03;2099-01-31;Unsecured;0;N/A;Non-structured/Vanilla;0;No;0
137;r0390 - Non-financial liabilities;c004x   - Institutions;Rank 9 - Ranking in insolvency (master scale);599904815644700;BANCO SANTANDER SA;5493006QMFDDMYWIAM13;LEI code;Parent;false;PORTUGAL;Not applicable (Contractual recognition of bail-in powers);0,02;0;Euro;2021-12-31;2022-01-03;2099-01-31;Unsecured;0;N/A;Non-structured/Vanilla;0;No;0
138;r0390 - Non-financial liabilities;c004x   - Institutions;Rank 9 - Ranking in insolvency (master scale);599904815898780;BANCO SANTANDER SA;5493006QMFDDMYWIAM13;LEI code;Parent;false;PORTUGAL;Not applicable (Contractual recognition of bail-in powers);0,06;0;Euro;2021-12-31;2022-01-03;2099-01-31;Unsecured;0;N/A;Non-structured/Vanilla;0;No;0
139;r0390 - Non-financial liabilities;c003x   - Corporates;Rank 9 - Ranking in insolvency (master scale);262304840019020;CONSULTEAM-CONSULTORES GESTAO,SA;5100262318;Type of identifier, other than LEI or MFI code;Sister;false;PORTUGAL;Not applicable (Contractual recognition of bail-in powers);3,64;0;Euro;2021-12-31;2022-01-03;2099-01-31;Unsecured;0;N/A;Non-structured/Vanilla;0;No;0
140;r0390 - Non-financial liabilities;c004x   - Institutions;Rank 9 - Ranking in insolvency (master scale);599904816262280;BANCO SANTANDER SA;5493006QMFDDMYWIAM13;LEI code;Parent;false;PORTUGAL;Not applicable (Contractual recognition of bail-in powers);0,07;0;Euro;2021-12-31;2022-01-03;2099-01-31;Unsecured;0;N/A;Non-structured/Vanilla;0;No;0
141;r0390 - Non-financial liabilities;c004x   - Institutions;Rank 9 - Ranking in insolvency (master scale);599904816265580;BANCO SANTANDER SA;5493006QMFDDMYWIAM13;LEI code;Parent;false;PORTUGAL;Not applicable (Contractual recognition of bail-in powers);0,11;0;Euro;2021-12-31;2022-01-03;2099-01-31;Unsecured;0;N/A;Non-structured/Vanilla;0;No;0
142;r0390 - Non-financial liabilities;c004x   - Institutions;Rank 9 - Ranking in insolvency (master scale);599904816263800;BANCO SANTANDER SA;5493006QMFDDMYWIAM13;LEI code;Parent;false;PORTUGAL;Not applicable (Contractual recognition of bail-in powers);0,18;0;Euro;2021-12-31;2022-01-03;2099-01-31;Unsecured;0;N/A;Non-structured/Vanilla;0;No;0
143;r0390 - Non-financial liabilities;c003x   - Corporates;Rank 9 - Ranking in insolvency (master scale);262304840019830;CONSULTEAM-CONSULTORES GESTAO,SA;5100262318;Type of identifier, other than LEI or MFI code;Sister;false;PORTUGAL;Not applicable (Contractual recognition of bail-in powers);1,72;0;Euro;2021-12-31;2022-01-03;2099-01-31;Unsecured;0;N/A;Non-structured/Vanilla;0;No;0
144;r0390 - Non-financial liabilities;c004x   - Institutions;Rank 9 - Ranking in insolvency (master scale);599904816265240;BANCO SANTANDER SA;5493006QMFDDMYWIAM13;LEI code;Parent;false;PORTUGAL;Not applicable (Contractual recognition of bail-in powers);0,29;0;Euro;2021-12-31;2022-01-03;2099-01-31;Unsecured;0;N/A;Non-structured/Vanilla;0;No;0
145;r0390 - Non-financial liabilities;c004x   - Institutions;Rank 9 - Ranking in insolvency (master scale);599904832357140;BANCO SANTANDER SA;5493006QMFDDMYWIAM13;LEI code;Parent;false;PORTUGAL;Not applicable (Contractual recognition of bail-in powers);0,37;0;Euro;2021-12-31;2022-01-03;2099-01-31;Unsecured;0;N/A;Non-structured/Vanilla;0;No;0
146;r0390 - Non-financial liabilities;c004x   - Institutions;Rank 9 - Ranking in insolvency (master scale);599904816347680;BANCO SANTANDER SA;5493006QMFDDMYWIAM13;LEI code;Parent;false;PORTUGAL;Not applicable (Contractual recognition of bail-in powers);0,01;0;Euro;2021-12-31;2022-01-03;2099-01-31;Unsecured;0;N/A;Non-structured/Vanilla;0;No;0
147;r0390 - Non-financial liabilities;c004x   - Institutions;Rank 9 - Ranking in insolvency (master scale);262304840020710;BANCO SANTANDER SA;5493006QMFDDMYWIAM13;LEI code;Parent;false;PORTUGAL;Not applicable (Contractual recognition of bail-in powers);0,54;0;Euro;2021-12-31;2022-01-03;2099-01-31;Unsecured;0;N/A;Non-structured/Vanilla;0;No;0
148;r0390 - Non-financial liabilities;c004x   - Institutions;Rank 9 - Ranking in insolvency (master scale);262304840020700;BANCO SANTANDER SA;5493006QMFDDMYWIAM13;LEI code;Parent;false;PORTUGAL;Not applicable (Contractual recognition of bail-in powers);1,74;0;Euro;2021-12-31;2022-01-03;2099-01-31;Unsecured;0;N/A;Non-structured/Vanilla;0;No;0
149;r0390 - Non-financial liabilities;c004x   - Institutions;Rank 9 - Ranking in insolvency (master scale);599904831116060;BANCO SANTANDER SA;5493006QMFDDMYWIAM13;LEI code;Parent;false;PORTUGAL;Not applicable (Contractual recognition of bail-in powers);0,23;0;Euro;2021-12-31;2022-01-03;2099-01-31;Unsecured;0;N/A;Non-structured/Vanilla;0;No;0
150;r0390 - Non-financial liabilities;c003x   - Corporates;Rank 9 - Ranking in insolvency (master scale);262304840021310;CONSULTEAM-CONSULTORES GESTAO,SA;5100262318;Type of identifier, other than LEI or MFI code;Sister;false;PORTUGAL;Not applicable (Contractual recognition of bail-in powers);1,85;0;Euro;2021-12-31;2022-01-03;2099-01-31;Unsecured;0;N/A;Non-structured/Vanilla;0;No;0
151;r0390 - Non-financial liabilities;c004x   - Institutions;Rank 9 - Ranking in insolvency (master scale);262304840021930;BANCO SANTANDER SA;5493006QMFDDMYWIAM13;LEI code;Parent;false;PORTUGAL;Not applicable (Contractual recognition of bail-in powers);3,56;0;Euro;2021-12-31;2022-01-03;2099-01-31;Unsecured;0;N/A;Non-structured/Vanilla;0;No;0
152;r0390 - Non-financial liabilities;c004x   - Institutions;Rank 9 - Ranking in insolvency (master scale);262304840021900;BANCO SANTANDER SA;5493006QMFDDMYWIAM13;LEI code;Parent;false;PORTUGAL;Not applicable (Contractual recognition of bail-in powers);1,06;0;Euro;2021-12-31;2022-01-03;2099-01-31;Unsecured;0;N/A;Non-structured/Vanilla;0;No;0
153;r0390 - Non-financial liabilities;c004x   - Institutions;Rank 9 - Ranking in insolvency (master scale);262304840022280;BANCO SANTANDER SA;5493006QMFDDMYWIAM13;LEI code;Parent;false;PORTUGAL;Not applicable (Contractual recognition of bail-in powers);0,35;0;Euro;2021-12-31;2022-01-03;2099-01-31;Unsecured;0;N/A;Non-structured/Vanilla;0;No;0
154;r0390 - Non-financial liabilities;c004x   - Institutions;Rank 9 - Ranking in insolvency (master scale);262304840022620;BANCO SANTANDER SA;5493006QMFDDMYWIAM13;LEI code;Parent;false;PORTUGAL;Not applicable (Contractual recognition of bail-in powers);0,76;0;Euro;2021-12-31;2022-01-03;2099-01-31;Unsecured;0;N/A;Non-structured/Vanilla;0;No;0
155;r0390 - Non-financial liabilities;c004x   - Institutions;Rank 9 - Ranking in insolvency (master scale);262304840022600;BANCO SANTANDER SA;5493006QMFDDMYWIAM13;LEI code;Parent;false;PORTUGAL;Not applicable (Contractual recognition of bail-in powers);0,76;0;Euro;2021-12-31;2022-01-03;2099-01-31;Unsecured;0;N/A;Non-structured/Vanilla;0;No;0
156;r0390 - Non-financial liabilities;c004x   - Institutions;Rank 9 - Ranking in insolvency (master scale);599904832660000;BANCO SANTANDER SA;5493006QMFDDMYWIAM13;LEI code;Parent;false;PORTUGAL;Not applicable (Contractual recognition of bail-in powers);0,14;0;Euro;2021-12-31;2022-01-03;2099-01-31;Unsecured;0;N/A;Non-structured/Vanilla;0;No;0
157;r0390 - Non-financial liabilities;c003x   - Corporates;Rank 9 - Ranking in insolvency (master scale);262304840022960;CONSULTEAM-CONSULTORES GESTAO,SA;5100262318;Type of identifier, other than LEI or MFI code;Sister;false;PORTUGAL;Not applicable (Contractual recognition of bail-in powers);0,08;0;Euro;2021-12-31;2022-01-03;2099-01-31;Unsecured;0;N/A;Non-structured/Vanilla;0;No;0
158;r0390 - Non-financial liabilities;c004x   - Institutions;Rank 9 - Ranking in insolvency (master scale);262304840023380;BANCO SANTANDER SA;5493006QMFDDMYWIAM13;LEI code;Parent;false;PORTUGAL;Not applicable (Contractual recognition of bail-in powers);0,34;0;Euro;2021-12-31;2022-01-03;2099-01-31;Unsecured;0;N/A;Non-structured/Vanilla;0;No;0
159;r0390 - Non-financial liabilities;c004x   - Institutions;Rank 9 - Ranking in insolvency (master scale);599904832597710;BANCO SANTANDER SA;5493006QMFDDMYWIAM13;LEI code;Parent;false;PORTUGAL;Not applicable (Contractual recognition of bail-in powers);0,1;0;Euro;2021-12-31;2022-01-03;2099-01-31;Unsecured;0;N/A;Non-structured/Vanilla;0;No;0
160;r0120 - Secured liabilities - collateralized part (BRRD art. 44/2/b);c005x   - Other financial corporations;Rank 20 - Ranking in insolvency (master scale);037700000000000;HIPOTOTTA 5 PLC;7400987939;Type of identifier, other than LEI or MFI code;Sister;true;PORTUGAL;Not applicable (Contractual recognition of bail-in powers);86816,47;7,05;Euro;2021-12-31;2022-01-03;2065-12-14;Secured;0;N/A;Non-structured/Vanilla;0;No;0
161;r0390 - Non-financial liabilities;c004x   - Institutions;Rank 9 - Ranking in insolvency (master scale);599904832884700;BANCO SANTANDER SA;5493006QMFDDMYWIAM13;LEI code;Parent;false;PORTUGAL;Not applicable (Contractual recognition of bail-in powers);0,32;0;Euro;2021-12-31;2022-01-03;2099-01-31;Unsecured;0;N/A;Non-structured/Vanilla;0;No;0
162;r0390 - Non-financial liabilities;c004x   - Institutions;Rank 9 - Ranking in insolvency (master scale);262304840024690;BANCO SANTANDER SA;5493006QMFDDMYWIAM13;LEI code;Parent;false;PORTUGAL;Not applicable (Contractual recognition of bail-in powers);1,83;0;Euro;2021-12-31;2022-01-03;2099-01-31;Unsecured;0;N/A;Non-structured/Vanilla;0;No;0
163;r0390 - Non-financial liabilities;c004x   - Institutions;Rank 9 - Ranking in insolvency (master scale);599904833864040;BANCO SANTANDER SA;5493006QMFDDMYWIAM13;LEI code;Parent;false;PORTUGAL;Not applicable (Contractual recognition of bail-in powers);1,31;0;Euro;2021-12-31;2022-01-03;2099-01-31;Unsecured;0;N/A;Non-structured/Vanilla;0;No;0
164;r0390 - Non-financial liabilities;c004x   - Institutions;Rank 9 - Ranking in insolvency (master scale);862304840009650;BANCO SANTANDER SA;5493006QMFDDMYWIAM13;LEI code;Parent;false;PORTUGAL;Not applicable (Contractual recognition of bail-in powers);2,39;0;Euro;2021-12-31;2022-01-03;2099-01-31;Unsecured;0;N/A;Non-structured/Vanilla;0;No;0
165;r0390 - Non-financial liabilities;c004x   - Institutions;Rank 9 - Ranking in insolvency (master scale);862304840000660;BANCO SANTANDER SA;5493006QMFDDMYWIAM13;LEI code;Parent;false;PORTUGAL;Not applicable (Contractual recognition of bail-in powers);19,39;0;Euro;2021-12-31;2022-01-03;2099-01-31;Unsecured;0;N/A;Non-structured/Vanilla;0;No;0
166;r0390 - Non-financial liabilities;c004x   - Institutions;Rank 9 - Ranking in insolvency (master scale);262304840026030;BANCO SANTANDER SA;5493006QMFDDMYWIAM13;LEI code;Parent;false;PORTUGAL;Not applicable (Contractual recognition of bail-in powers);0,47;0;Euro;2021-12-31;2022-01-03;2099-01-31;Unsecured;0;N/A;Non-structured/Vanilla;0;No;0
167;r0390 - Non-financial liabilities;c003x   - Corporates;Rank 9 - Ranking in insolvency (master scale);262304840025960;CONSULTEAM-CONSULTORES GESTAO,SA;5100262318;Type of identifier, other than LEI or MFI code;Sister;false;PORTUGAL;Not applicable (Contractual recognition of bail-in powers);0,31;0;Euro;2021-12-31;2022-01-03;2099-01-31;Unsecured;0;N/A;Non-structured/Vanilla;0;No;0
168;r0390 - Non-financial liabilities;c004x   - Institutions;Rank 9 - Ranking in insolvency (master scale);000000000000000;BANCO SANTANDER PARIS;7400416227;Type of identifier, other than LEI or MFI code;Sister;false;PORTUGAL;Not applicable (Contractual recognition of bail-in powers);317,64;0;Euro;2021-12-31;2022-01-03;2099-01-31;Unsecured;0;N/A;Non-structured/Vanilla;0;No;0
169;r0390 - Non-financial liabilities;c004x   - Institutions;Rank 9 - Ranking in insolvency (master scale);262304840026500;BANCO SANTANDER SA;5493006QMFDDMYWIAM13;LEI code;Parent;false;PORTUGAL;Not applicable (Contractual recognition of bail-in powers);0,69;0;Euro;2021-12-31;2022-01-03;2099-01-31;Unsecured;0;N/A;Non-structured/Vanilla;0;No;0
170;r0120 - Secured liabilities - collateralized part (BRRD art. 44/2/b);c005x   - Other financial corporations;Rank 20 - Ranking in insolvency (master scale);036800000000000;HIPOTOTTA Nº 4 PLC;7400615058;Type of identifier, other than LEI or MFI code;Sister;true;PORTUGAL;Not applicable (Contractual recognition of bail-in powers);985062,49;431,5;Euro;2021-12-31;2022-01-03;2065-12-14;Secured;0;N/A;Non-structured/Vanilla;0;No;0
171;r0120 - Secured liabilities - collateralized part (BRRD art. 44/2/b);c005x   - Other financial corporations;Rank 20 - Ranking in insolvency (master scale);311000000000000;HIPOTOTTA 5 PLC;7400987939;Type of identifier, other than LEI or MFI code;Sister;true;PORTUGAL;Not applicable (Contractual recognition of bail-in powers);33498,84;-4,48;Euro;2021-12-31;2022-01-03;2065-12-14;Secured;0;N/A;Non-structured/Vanilla;0;No;0
172;r0120 - Secured liabilities - collateralized part (BRRD art. 44/2/b);c005x   - Other financial corporations;Rank 20 - Ranking in insolvency (master scale);037000000000000;HIPOTOTTA Nº 4 PLC;7400615058;Type of identifier, other than LEI or MFI code;Sister;true;PORTUGAL;Not applicable (Contractual recognition of bail-in powers);710831,45;319,15;Euro;2021-12-31;2022-01-03;2065-12-14;Secured;0;N/A;Non-structured/Vanilla;0;No;0
173;r0120 - Secured liabilities - collateralized part (BRRD art. 44/2/b);c005x   - Other financial corporations;Rank 20 - Ranking in insolvency (master scale);037100000000000;HIPOTOTTA Nº 4 PLC;7400615058;Type of identifier, other than LEI or MFI code;Sister;true;PORTUGAL;Not applicable (Contractual recognition of bail-in powers);1634027,99;619,54;Euro;2021-12-31;2022-01-03;2065-12-14;Secured;0;N/A;Non-structured/Vanilla;0;No;0
174;r0390 - Non-financial liabilities;c004x   - Institutions;Rank 9 - Ranking in insolvency (master scale);862304880023420;BANCO SANTANDER SA;5493006QMFDDMYWIAM13;LEI code;Parent;false;PORTUGAL;Not applicable (Contractual recognition of bail-in powers);7,07;0;Euro;2021-12-31;2022-01-03;2099-01-31;Unsecured;0;N/A;Non-structured/Vanilla;0;No;0
175;r0120 - Secured liabilities - collateralized part (BRRD art. 44/2/b);c005x   - Other financial corporations;Rank 20 - Ranking in insolvency (master scale);039000000000000;HIPOTOTTA Nº 4 PLC;7400615058;Type of identifier, other than LEI or MFI code;Sister;true;PORTUGAL;Not applicable (Contractual recognition of bail-in powers);815337,32;610,08;Euro;2021-12-31;2022-01-03;2065-12-14;Secured;0;N/A;Non-structured/Vanilla;0;No;0
176;r0120 - Secured liabilities - collateralized part (BRRD art. 44/2/b);c005x   - Other financial corporations;Rank 20 - Ranking in insolvency (master scale);037300000000000;HIPOTOTTA 5 PLC;7400987939;Type of identifier, other than LEI or MFI code;Sister;true;PORTUGAL;Not applicable (Contractual recognition of bail-in powers);56185,15;24,85;Euro;2021-12-31;2022-01-03;2065-12-14;Secured;0;N/A;Non-structured/Vanilla;0;No;0
177;r0120 - Secured liabilities - collateralized part (BRRD art. 44/2/b);c005x   - Other financial corporations;Rank 20 - Ranking in insolvency (master scale);037400000000000;HIPOTOTTA 5 PLC;7400987939;Type of identifier, other than LEI or MFI code;Sister;true;PORTUGAL;Not applicable (Contractual recognition of bail-in powers);26628,64;0,15;Euro;2021-12-31;2022-01-03;2065-12-14;Secured;0;N/A;Non-structured/Vanilla;0;No;0
178;r0390 - Non-financial liabilities;c004x   - Institutions;Rank 9 - Ranking in insolvency (master scale);962304820320590;BANCO SANTANDER SA;5493006QMFDDMYWIAM13;LEI code;Parent;false;PORTUGAL;Not applicable (Contractual recognition of bail-in powers);0,74;0;Euro;2021-12-31;2022-01-03;2099-01-31;Unsecured;0;N/A;Non-structured/Vanilla;0;No;0
179;r0120 - Secured liabilities - collateralized part (BRRD art. 44/2/b);c005x   - Other financial corporations;Rank 20 - Ranking in insolvency (master scale);323000000000000;HIPOTOTTA 5 PLC;7400987939;Type of identifier, other than LEI or MFI code;Sister;true;PORTUGAL;Not applicable (Contractual recognition of bail-in powers);191196,28;47,84;Euro;2021-12-31;2022-01-03;2065-12-14;Secured;0;N/A;Non-structured/Vanilla;0;No;0
180;r0390 - Non-financial liabilities;c004x   - Institutions;Rank 9 - Ranking in insolvency (master scale);962304820268980;BANCO SANTANDER SA;5493006QMFDDMYWIAM13;LEI code;Parent;false;PORTUGAL;Not applicable (Contractual recognition of bail-in powers);97,78;0;Euro;2021-12-31;2022-01-03;2099-01-31;Unsecured;0;N/A;Non-structured/Vanilla;0;No;0
181;r0120 - Secured liabilities - collateralized part (BRRD art. 44/2/b);c005x   - Other financial corporations;Rank 20 - Ranking in insolvency (master scale);325000000000000;GAMMA SOC TITULARIZACAO CREDITOS, SA;2101355138;Type of identifier, other than LEI or MFI code;Sister;true;PORTUGAL;Not applicable (Contractual recognition of bail-in powers);168549,51;138,79;Euro;2021-12-31;2022-01-03;2065-12-14;Secured;0;N/A;Non-structured/Vanilla;0;No;0
182;r0390 - Non-financial liabilities;c004x   - Institutions;Rank 9 - Ranking in insolvency (master scale);962304820150970;BANCO SANTANDER SA;5493006QMFDDMYWIAM13;LEI code;Parent;false;PORTUGAL;Not applicable (Contractual recognition of bail-in powers);32,22;0;Euro;2021-12-31;2022-01-03;2099-01-31;Unsecured;0;N/A;Non-structured/Vanilla;0;No;0
183;r0390 - Non-financial liabilities;c006x   - Insurance firms & pension funds;Rank 9 - Ranking in insolvency (master scale);000000000000000;Totta Seguros - Comp. Seg. Vida, SA.;54930006K2IUPA083C07;LEI code;Sister;true;PORTUGAL;Not applicable (Contractual recognition of bail-in powers);12,09;0;Euro;2021-12-31;2022-01-03;2099-01-31;Unsecured;0;N/A;Non-structured/Vanilla;0;No;0
184;r0390 - Non-financial liabilities;c004x   - Institutions;Rank 9 - Ranking in insolvency (master scale);962304820183710;BANCO SANTANDER SA;5493006QMFDDMYWIAM13;LEI code;Parent;false;PORTUGAL;Not applicable (Contractual recognition of bail-in powers);67,04;0;Euro;2021-12-31;2022-01-03;2099-01-31;Unsecured;0;N/A;Non-structured/Vanilla;0;No;0
185;r0120 - Secured liabilities - collateralized part (BRRD art. 44/2/b);c005x   - Other financial corporations;Rank 20 - Ranking in insolvency (master scale);038200000000000;HIPOTOTTA Nº 4 PLC;7400615058;Type of identifier, other than LEI or MFI code;Sister;true;PORTUGAL;Not applicable (Contractual recognition of bail-in powers);678312,08;132,42;Euro;2021-12-31;2022-01-03;2065-12-14;Secured;0;N/A;Non-structured/Vanilla;0;No;0
186;r0390 - Non-financial liabilities;c004x   - Institutions;Rank 9 - Ranking in insolvency (master scale);962304820228590;BANCO SANTANDER (SUC. MILAO);6511003239;Type of identifier, other than LEI or MFI code;Sister;false;PORTUGAL;Not applicable (Contractual recognition of bail-in powers);0,11;0;Euro;2021-12-31;2022-01-03;2099-01-31;Unsecured;0;N/A;Non-structured/Vanilla;0;No;0
187;r0120 - Secured liabilities - collateralized part (BRRD art. 44/2/b);c005x   - Other financial corporations;Rank 20 - Ranking in insolvency (master scale);331600000000000;HIPOTOTTA 5 PLC;7400987939;Type of identifier, other than LEI or MFI code;Sister;true;PORTUGAL;Not applicable (Contractual recognition of bail-in powers);4106,44;6,57;Euro;2021-12-31;2022-01-03;2065-12-14;Secured;0;N/A;Non-structured/Vanilla;0;No;0
188;r0390 - Non-financial liabilities;c004x   - Institutions;Rank 9 - Ranking in insolvency (master scale);962304820341340;BANCO SANTANDER PARIS;7400416227;Type of identifier, other than LEI or MFI code;Sister;false;PORTUGAL;Not applicable (Contractual recognition of bail-in powers);1,68;0;Euro;2021-12-31;2022-01-03;2099-01-31;Unsecured;0;N/A;Non-structured/Vanilla;0;No;0
189;r0390 - Non-financial liabilities;c004x   - Institutions;Rank 9 - Ranking in insolvency (master scale);262304820025720;BANCO SANTANDER SA;5493006QMFDDMYWIAM13;LEI code;Parent;false;PORTUGAL;Not applicable (Contractual recognition of bail-in powers);2;0;Euro;2021-12-31;2022-01-03;2099-01-31;Unsecured;0;N/A;Non-structured/Vanilla;0;No;0
190;r0390 - Non-financial liabilities;c004x   - Institutions;Rank 9 - Ranking in insolvency (master scale);962304830364570;BANCO SANTANDER SA;5493006QMFDDMYWIAM13;LEI code;Parent;false;PORTUGAL;Not applicable (Contractual recognition of bail-in powers);10,82;0;Euro;2021-12-31;2022-01-03;2099-01-31;Unsecured;0;N/A;Non-structured/Vanilla;0;No;0
191;r0120 - Secured liabilities - collateralized part (BRRD art. 44/2/b);c005x   - Other financial corporations;Rank 20 - Ranking in insolvency (master scale);028000000000000;HIPOTOTTA Nº 4 PLC;7400615058;Type of identifier, other than LEI or MFI code;Sister;true;PORTUGAL;Not applicable (Contractual recognition of bail-in powers);1273898,08;460,17;Euro;2021-12-31;2022-01-03;2065-12-14;Secured;0;N/A;Non-structured/Vanilla;0;No;0
192;r0120 - Secured liabilities - collateralized part (BRRD art. 44/2/b);c005x   - Other financial corporations;Rank 20 - Ranking in insolvency (master scale);334100000000000;HIPOTOTTA Nº 4 PLC;7400615058;Type of identifier, other than LEI or MFI code;Sister;true;PORTUGAL;Not applicable (Contractual recognition of bail-in powers);340813,74;364,96;Euro;2021-12-31;2022-01-03;2065-12-14;Secured;0;N/A;Non-structured/Vanilla;0;No;0
193;r0120 - Secured liabilities - collateralized part (BRRD art. 44/2/b);c005x   - Other financial corporations;Rank 20 - Ranking in insolvency (master scale);338000000000000;HIPOTOTTA Nº 4 PLC;7400615058;Type of identifier, other than LEI or MFI code;Sister;true;PORTUGAL;Not applicable (Contractual recognition of bail-in powers);74319,18;5,85;Euro;2021-12-31;2022-01-03;2065-12-14;Secured;0;N/A;Non-structured/Vanilla;0;No;0
194;r0390 - Non-financial liabilities;c004x   - Institutions;Rank 9 - Ranking in insolvency (master scale);962304820288710;BANCO SANTANDER SA;5493006QMFDDMYWIAM13;LEI code;Parent;false;PORTUGAL;Not applicable (Contractual recognition of bail-in powers);3,14;0;Euro;2021-12-31;2022-01-03;2099-01-31;Unsecured;0;N/A;Non-structured/Vanilla;0;No;0
195;r0120 - Secured liabilities - collateralized part (BRRD art. 44/2/b);c005x   - Other financial corporations;Rank 20 - Ranking in insolvency (master scale);340500000000000;HIPOTOTTA Nº 4 PLC;7400615058;Type of identifier, other than LEI or MFI code;Sister;true;PORTUGAL;Not applicable (Contractual recognition of bail-in powers);63502,39;78,45;Euro;2021-12-31;2022-01-03;2065-12-14;Secured;0;N/A;Non-structured/Vanilla;0;No;0
196;r0390 - Non-financial liabilities;c004x   - Institutions;Rank 9 - Ranking in insolvency (master scale);962304820300780;BANCO SANTANDER SA;5493006QMFDDMYWIAM13;LEI code;Parent;false;PORTUGAL;Not applicable (Contractual recognition of bail-in powers);129,46;0;Euro;2021-12-31;2022-01-03;2099-01-31;Unsecured;0;N/A;Non-structured/Vanilla;0;No;0
197;r0120 - Secured liabilities - collateralized part (BRRD art. 44/2/b);c005x   - Other financial corporations;Rank 20 - Ranking in insolvency (master scale);340000000000000;GAMMA SOC TITULARIZACAO CREDITOS, SA;2101355138;Type of identifier, other than LEI or MFI code;Sister;true;PORTUGAL;Not applicable (Contractual recognition of bail-in powers);103056,05;-17,5;Euro;2021-12-31;2022-01-03;2065-12-14;Secured;0;N/A;Non-structured/Vanilla;0;No;0
198;r0390 - Non-financial liabilities;c004x   - Institutions;Rank 9 - Ranking in insolvency (master scale);962304820308120;BANCO SANTANDER SA;5493006QMFDDMYWIAM13;LEI code;Parent;false;PORTUGAL;Not applicable (Contractual recognition of bail-in powers);72,46;0;Euro;2021-12-31;2022-01-03;2099-01-31;Unsecured;0;N/A;Non-structured/Vanilla;0;No;0
199;r0390 - Non-financial liabilities;c004x   - Institutions;Rank 9 - Ranking in insolvency (master scale);962304820317020;BANCO SANTANDER SA;5493006QMFDDMYWIAM13;LEI code;Parent;false;PORTUGAL;Not applicable (Contractual recognition of bail-in powers);0,24;0;Euro;2021-12-31;2022-01-03;2099-01-31;Unsecured;0;N/A;Non-structured/Vanilla;0;No;0
200;r0120 - Secured liabilities - collateralized part (BRRD art. 44/2/b);c005x   - Other financial corporations;Rank 20 - Ranking in insolvency (master scale);343500000000000;HIPOTOTTA Nº 4 PLC;7400615058;Type of identifier, other than LEI or MFI code;Sister;true;PORTUGAL;Not applicable (Contractual recognition of bail-in powers);97601;153,89;Euro;2021-12-31;2022-01-03;2065-12-14;Secured;0;N/A;Non-structured/Vanilla;0;No;0
201;r0390 - Non-financial liabilities;c004x   - Institutions;Rank 9 - Ranking in insolvency (master scale);962304820326030;BANCO SANTANDER SA;5493006QMFDDMYWIAM13;LEI code;Parent;false;PORTUGAL;Not applicable (Contractual recognition of bail-in powers);1,59;0;Euro;2021-12-31;2022-01-03;2099-01-31;Unsecured;0;N/A;Non-structured/Vanilla;0;No;0
202;r0120 - Secured liabilities - collateralized part (BRRD art. 44/2/b);c005x   - Other financial corporations;Rank 20 - Ranking in insolvency (master scale);350000000000000;HIPOTOTTA Nº 4 PLC;7400615058;Type of identifier, other than LEI or MFI code;Sister;true;PORTUGAL;Not applicable (Contractual recognition of bail-in powers);65113,25;45,09;Euro;2021-12-31;2022-01-03;2065-12-14;Secured;0;N/A;Non-structured/Vanilla;0;No;0
203;r0390 - Non-financial liabilities;c004x   - Institutions;Rank 9 - Ranking in insolvency (master scale);862304840237140;BANCO SANTANDER SA;5493006QMFDDMYWIAM13;LEI code;Parent;false;PORTUGAL;Not applicable (Contractual recognition of bail-in powers);15,16;0;Euro;2021-12-31;2022-01-03;2099-01-31;Unsecured;0;N/A;Non-structured/Vanilla;0;No;0
204;r0120 - Secured liabilities - collateralized part (BRRD art. 44/2/b);c005x   - Other financial corporations;Rank 20 - Ranking in insolvency (master scale);349000000000000;GAMMA SOC TITULARIZACAO CREDITOS, SA;2101355138;Type of identifier, other than LEI or MFI code;Sister;true;PORTUGAL;Not applicable (Contractual recognition of bail-in powers);92547,66;-6,01;Euro;2021-12-31;2022-01-03;2065-12-14;Secured;0;N/A;Non-structured/Vanilla;0;No;0
205;r0390 - Non-financial liabilities;c004x   - Institutions;Rank 9 - Ranking in insolvency (master scale);862304840056050;BANCO SANTANDER SA;5493006QMFDDMYWIAM13;LEI code;Parent;false;PORTUGAL;Not applicable (Contractual recognition of bail-in powers);0,43;0;Euro;2021-12-31;2022-01-03;2099-01-31;Unsecured;0;N/A;Non-structured/Vanilla;0;No;0
206;r0390 - Non-financial liabilities;c004x   - Institutions;Rank 9 - Ranking in insolvency (master scale);362304820864440;BANCO SANTANDER SA;5493006QMFDDMYWIAM13;LEI code;Parent;false;PORTUGAL;Not applicable (Contractual recognition of bail-in powers);0,15;0;Euro;2021-12-31;2022-01-03;2099-01-31;Unsecured;0;N/A;Non-structured/Vanilla;0;No;0
207;r0390 - Non-financial liabilities;c004x   - Institutions;Rank 9 - Ranking in insolvency (master scale);862304840237230;BANCO SANTANDER SA;5493006QMFDDMYWIAM13;LEI code;Parent;false;PORTUGAL;Not applicable (Contractual recognition of bail-in powers);49,14;0;Euro;2021-12-31;2022-01-03;2099-01-31;Unsecured;0;N/A;Non-structured/Vanilla;0;No;0
208;r0120 - Secured liabilities - collateralized part (BRRD art. 44/2/b);c005x   - Other financial corporations;Rank 20 - Ranking in insolvency (master scale);354500000000000;HIPOTOTTA Nº 4 PLC;7400615058;Type of identifier, other than LEI or MFI code;Sister;true;PORTUGAL;Not applicable (Contractual recognition of bail-in powers);59992,74;23,1;Euro;2021-12-31;2022-01-03;2065-12-14;Secured;0;N/A;Non-structured/Vanilla;0;No;0
209;r0390 - Non-financial liabilities;c004x   - Institutions;Rank 9 - Ranking in insolvency (master scale);862304840054320;BANCO SANTANDER SA;5493006QMFDDMYWIAM13;LEI code;Parent;false;PORTUGAL;Not applicable (Contractual recognition of bail-in powers);4,91;0;Euro;2021-12-31;2022-01-03;2099-01-31;Unsecured;0;N/A;Non-structured/Vanilla;0;No;0
210;r0120 - Secured liabilities - collateralized part (BRRD art. 44/2/b);c005x   - Other financial corporations;Rank 20 - Ranking in insolvency (master scale);358500000000000;HIPOTOTTA 5 PLC;7400987939;Type of identifier, other than LEI or MFI code;Sister;true;PORTUGAL;Not applicable (Contractual recognition of bail-in powers);28826,99;-0,35;Euro;2021-12-31;2022-01-03;2065-12-14;Secured;0;N/A;Non-structured/Vanilla;0;No;0
211;r0390 - Non-financial liabilities;c004x   - Institutions;Rank 9 - Ranking in insolvency (master scale);862304880009200;BANCO SANTANDER SA;5493006QMFDDMYWIAM13;LEI code;Parent;false;PORTUGAL;Not applicable (Contractual recognition of bail-in powers);0,23;0;Euro;2021-12-31;2022-01-03;2099-01-31;Unsecured;0;N/A;Non-structured/Vanilla;0;No;0
212;r0120 - Secured liabilities - collateralized part (BRRD art. 44/2/b);c005x   - Other financial corporations;Rank 20 - Ranking in insolvency (master scale);358000000000000;HIPOTOTTA 5 PLC;7400987939;Type of identifier, other than LEI or MFI code;Sister;true;PORTUGAL;Not applicable (Contractual recognition of bail-in powers);6856,88;0,96;Euro;2021-12-31;2022-01-03;2065-12-14;Secured;0;N/A;Non-structured/Vanilla;0;No;0
213;r0390 - Non-financial liabilities;c004x   - Institutions;Rank 9 - Ranking in insolvency (master scale);862304840057060;BANCO SANTANDER SA;5493006QMFDDMYWIAM13;LEI code;Parent;false;PORTUGAL;Not applicable (Contractual recognition of bail-in powers);2,72;0;Euro;2021-12-31;2022-01-03;2099-01-31;Unsecured;0;N/A;Non-structured/Vanilla;0;No;0
214;r0120 - Secured liabilities - collateralized part (BRRD art. 44/2/b);c005x   - Other financial corporations;Rank 20 - Ranking in insolvency (master scale);359500000000000;HIPOTOTTA Nº 4 PLC;7400615058;Type of identifier, other than LEI or MFI code;Sister;true;PORTUGAL;Not applicable (Contractual recognition of bail-in powers);14985,01;6,6;Euro;2021-12-31;2022-01-03;2065-12-14;Secured;0;N/A;Non-structured/Vanilla;0;No;0
215;r0390 - Non-financial liabilities;c004x   - Institutions;Rank 9 - Ranking in insolvency (master scale);862304880009430;BANCO SANTANDER SA;5493006QMFDDMYWIAM13;LEI code;Parent;false;PORTUGAL;Not applicable (Contractual recognition of bail-in powers);0,26;0;Euro;2021-12-31;2022-01-03;2099-01-31;Unsecured;0;N/A;Non-structured/Vanilla;0;No;0
216;r0390 - Non-financial liabilities;c004x   - Institutions;Rank 9 - Ranking in insolvency (master scale);362304820777020;BANCO SANTANDER SA;5493006QMFDDMYWIAM13;LEI code;Parent;false;PORTUGAL;Not applicable (Contractual recognition of bail-in powers);86,78;0;Euro;2021-12-31;2022-01-03;2099-01-31;Unsecured;0;N/A;Non-structured/Vanilla;0;No;0
217;r0390 - Non-financial liabilities;c004x   - Institutions;Rank 9 - Ranking in insolvency (master scale);362304820801250;BANCO SANTANDER SA;5493006QMFDDMYWIAM13;LEI code;Parent;false;PORTUGAL;Not applicable (Contractual recognition of bail-in powers);1627,75;0;Euro;2021-12-31;2022-01-03;2099-01-31;Unsecured;0;N/A;Non-structured/Vanilla;0;No;0
218;r0120 - Secured liabilities - collateralized part (BRRD art. 44/2/b);c005x   - Other financial corporations;Rank 20 - Ranking in insolvency (master scale);028200000000000;HIPOTOTTA Nº 4 PLC;7400615058;Type of identifier, other than LEI or MFI code;Sister;true;PORTUGAL;Not applicable (Contractual recognition of bail-in powers);1290911,79;514,17;Euro;2021-12-31;2022-01-03;2065-12-14;Secured;0;N/A;Non-structured/Vanilla;0;No;0
219;r0390 - Non-financial liabilities;c004x   - Institutions;Rank 9 - Ranking in insolvency (master scale);362304820959710;BANCO SANTANDER SA;5493006QMFDDMYWIAM13;LEI code;Parent;false;PORTUGAL;Not applicable (Contractual recognition of bail-in powers);5,67;0;Euro;2021-12-31;2022-01-03;2099-01-31;Unsecured;0;N/A;Non-structured/Vanilla;0;No;0
220;r0120 - Secured liabilities - collateralized part (BRRD art. 44/2/b);c005x   - Other financial corporations;Rank 20 - Ranking in insolvency (master scale);366000000000000;GAMMA SOC TITULARIZACAO CREDITOS, SA;2101355138;Type of identifier, other than LEI or MFI code;Sister;true;PORTUGAL;Not applicable (Contractual recognition of bail-in powers);278148,73;173,44;Euro;2021-12-31;2022-01-03;2065-12-14;Secured;0;N/A;Non-structured/Vanilla;0;No;0
221;r0390 - Non-financial liabilities;c004x   - Institutions;Rank 9 - Ranking in insolvency (master scale);363603800141019;BANCO SANTANDER SA;5493006QMFDDMYWIAM13;LEI code;Parent;false;PORTUGAL;Not applicable (Contractual recognition of bail-in powers);0,15;0;Euro;2021-12-31;2022-01-03;2099-01-31;Unsecured;0;N/A;Non-structured/Vanilla;0;No;0
222;r0120 - Secured liabilities - collateralized part (BRRD art. 44/2/b);c005x   - Other financial corporations;Rank 20 - Ranking in insolvency (master scale);026900000000000;GAMMA SOC TITULARIZACAO CREDITOS, SA;2101355138;Type of identifier, other than LEI or MFI code;Sister;true;PORTUGAL;Not applicable (Contractual recognition of bail-in powers);152581,34;4,17;Euro;2021-12-31;2022-01-03;2065-12-14;Secured;0;N/A;Non-structured/Vanilla;0;No;0
223;r0120 - Secured liabilities - collateralized part (BRRD art. 44/2/b);c005x   - Other financial corporations;Rank 20 - Ranking in insolvency (master scale);366500000000000;GAMMA SOC TITULARIZACAO CREDITOS, SA;2101355138;Type of identifier, other than LEI or MFI code;Sister;true;PORTUGAL;Not applicable (Contractual recognition of bail-in powers);81942,5;8,91;Euro;2021-12-31;2022-01-03;2065-12-14;Secured;0;N/A;Non-structured/Vanilla;0;No;0
224;r0120 - Secured liabilities - collateralized part (BRRD art. 44/2/b);c005x   - Other financial corporations;Rank 20 - Ranking in insolvency (master scale);375500000000000;HIPOTOTTA Nº 4 PLC;7400615058;Type of identifier, other than LEI or MFI code;Sister;true;PORTUGAL;Not applicable (Contractual recognition of bail-in powers);27465,81;0;Euro;2021-12-31;2022-01-03;2065-12-14;Secured;0;N/A;Non-structured/Vanilla;0;No;0
225;r0120 - Secured liabilities - collateralized part (BRRD art. 44/2/b);c005x   - Other financial corporations;Rank 20 - Ranking in insolvency (master scale);370200000000000;HIPOTOTTA Nº 4 PLC;7400615058;Type of identifier, other than LEI or MFI code;Sister;true;PORTUGAL;Not applicable (Contractual recognition of bail-in powers);58338,72;22,18;Euro;2021-12-31;2022-01-03;2065-12-14;Secured;0;N/A;Non-structured/Vanilla;0;No;0
226;r0120 - Secured liabilities - collateralized part (BRRD art. 44/2/b);c005x   - Other financial corporations;Rank 20 - Ranking in insolvency (master scale);028500000000000;HIPOTOTTA Nº 4 PLC;7400615058;Type of identifier, other than LEI or MFI code;Sister;true;PORTUGAL;Not applicable (Contractual recognition of bail-in powers);789217,62;197;Euro;2021-12-31;2022-01-03;2065-12-14;Secured;0;N/A;Non-structured/Vanilla;0;No;0
227;r0120 - Secured liabilities - collateralized part (BRRD art. 44/2/b);c005x   - Other financial corporations;Rank 20 - Ranking in insolvency (master scale);376500000000000;HIPOTOTTA Nº 4 PLC;7400615058;Type of identifier, other than LEI or MFI code;Sister;true;PORTUGAL;Not applicable (Contractual recognition of bail-in powers);43712,63;6,27;Euro;2021-12-31;2022-01-03;2065-12-14;Secured;0;N/A;Non-structured/Vanilla;0;No;0
228;r0120 - Secured liabilities - collateralized part (BRRD art. 44/2/b);c005x   - Other financial corporations;Rank 20 - Ranking in insolvency (master scale);382500000000000;GAMMA SOC TITULARIZACAO CREDITOS, SA;2101355138;Type of identifier, other than LEI or MFI code;Sister;true;PORTUGAL;Not applicable (Contractual recognition of bail-in powers);166637,96;14,47;Euro;2021-12-31;2022-01-03;2065-12-14;Secured;0;N/A;Non-structured/Vanilla;0;No;0
229;r0120 - Secured liabilities - collateralized part (BRRD art. 44/2/b);c005x   - Other financial corporations;Rank 20 - Ranking in insolvency (master scale);381000000000000;HIPOTOTTA Nº 4 PLC;7400615058;Type of identifier, other than LEI or MFI code;Sister;true;PORTUGAL;Not applicable (Contractual recognition of bail-in powers);44041,97;-4,21;Euro;2021-12-31;2022-01-03;2065-12-14;Secured;0;N/A;Non-structured/Vanilla;0;No;0
230;r0390 - Non-financial liabilities;c004x   - Institutions;Rank 9 - Ranking in insolvency (master scale);399904898986000;BANCO SANTANDER SA;5493006QMFDDMYWIAM13;LEI code;Parent;false;PORTUGAL;Not applicable (Contractual recognition of bail-in powers);0,38;0;Euro;2021-12-31;2022-01-03;2099-01-31;Unsecured;0;N/A;Non-structured/Vanilla;0;No;0
231;r0120 - Secured liabilities - collateralized part (BRRD art. 44/2/b);c005x   - Other financial corporations;Rank 20 - Ranking in insolvency (master scale);385000000000000;GAMMA SOC TITULARIZACAO CREDITOS, SA;2101355138;Type of identifier, other than LEI or MFI code;Sister;true;PORTUGAL;Not applicable (Contractual recognition of bail-in powers);67468,29;42,01;Euro;2021-12-31;2022-01-03;2065-12-14;Secured;0;N/A;Non-structured/Vanilla;0;No;0
232;r0390 - Non-financial liabilities;c004x   - Institutions;Rank 9 - Ranking in insolvency (master scale);399904810276320;BANCO SANTANDER SA;5493006QMFDDMYWIAM13;LEI code;Parent;false;PORTUGAL;Not applicable (Contractual recognition of bail-in powers);1,31;0;Euro;2021-12-31;2022-01-03;2099-01-31;Unsecured;0;N/A;Non-structured/Vanilla;0;No;0
233;r0120 - Secured liabilities - collateralized part (BRRD art. 44/2/b);c005x   - Other financial corporations;Rank 20 - Ranking in insolvency (master scale);388000000000000;GAMMA SOC TITULARIZACAO CREDITOS, SA;2101355138;Type of identifier, other than LEI or MFI code;Sister;true;PORTUGAL;Not applicable (Contractual recognition of bail-in powers);5623,17;0,21;Euro;2021-12-31;2022-01-03;2065-12-14;Secured;0;N/A;Non-structured/Vanilla;0;No;0
234;r0120 - Secured liabilities - collateralized part (BRRD art. 44/2/b);c005x   - Other financial corporations;Rank 20 - Ranking in insolvency (master scale);028900000000000;HIPOTOTTA Nº 4 PLC;7400615058;Type of identifier, other than LEI or MFI code;Sister;true;PORTUGAL;Not applicable (Contractual recognition of bail-in powers);462713,96;177,01;Euro;2021-12-31;2022-01-03;2065-12-14;Secured;0;N/A;Non-structured/Vanilla;0;No;0
235;r0390 - Non-financial liabilities;c004x   - Institutions;Rank 9 - Ranking in insolvency (master scale);399904810301850;BANCO SANTANDER SA;5493006QMFDDMYWIAM13;LEI code;Parent;false;PORTUGAL;Not applicable (Contractual recognition of bail-in powers);6,57;0;Euro;2021-12-31;2022-01-03;2099-01-31;Unsecured;0;N/A;Non-structured/Vanilla;0;No;0
236;r0390 - Non-financial liabilities;c004x   - Institutions;Rank 9 - Ranking in insolvency (master scale);399904810734920;BANCO SANTANDER SA;5493006QMFDDMYWIAM13;LEI code;Parent;false;PORTUGAL;Not applicable (Contractual recognition of bail-in powers);0,01;0;Euro;2021-12-31;2022-01-03;2099-01-31;Unsecured;0;N/A;Non-structured/Vanilla;0;No;0
237;r0390 - Non-financial liabilities;c004x   - Institutions;Rank 9 - Ranking in insolvency (master scale);262304820021220;BANCO SANTANDER SA;5493006QMFDDMYWIAM13;LEI code;Parent;false;PORTUGAL;Not applicable (Contractual recognition of bail-in powers);0,37;0;Euro;2021-12-31;2022-01-03;2099-01-31;Unsecured;0;N/A;Non-structured/Vanilla;0;No;0
238;r0390 - Non-financial liabilities;c004x   - Institutions;Rank 9 - Ranking in insolvency (master scale);262304840023320;BANCO SANTANDER SA;5493006QMFDDMYWIAM13;LEI code;Parent;false;PORTUGAL;Not applicable (Contractual recognition of bail-in powers);2,66;0;Euro;2021-12-31;2022-01-03;2099-01-31;Unsecured;0;N/A;Non-structured/Vanilla;0;No;0
239;r0390 - Non-financial liabilities;c004x   - Institutions;Rank 9 - Ranking in insolvency (master scale);262304820022550;BANCO SANTANDER SA;5493006QMFDDMYWIAM13;LEI code;Parent;false;PORTUGAL;Not applicable (Contractual recognition of bail-in powers);0,22;0;Euro;2021-12-31;2022-01-03;2099-01-31;Unsecured;0;N/A;Non-structured/Vanilla;0;No;0
240;r0120 - Secured liabilities - collateralized part (BRRD art. 44/2/b);c005x   - Other financial corporations;Rank 20 - Ranking in insolvency (master scale);462600000000000;HIPOTOTTA Nº 4 PLC;7400615058;Type of identifier, other than LEI or MFI code;Sister;true;PORTUGAL;Not applicable (Contractual recognition of bail-in powers);17459423,72;10070,77;Euro;2021-12-31;2022-01-03;2065-12-14;Secured;0;N/A;Non-structured/Vanilla;0;No;0
241;r0390 - Non-financial liabilities;c004x   - Institutions;Rank 9 - Ranking in insolvency (master scale);262304820022730;BANCO SANTANDER SA;5493006QMFDDMYWIAM13;LEI code;Parent;false;PORTUGAL;Not applicable (Contractual recognition of bail-in powers);5,93;0;Euro;2021-12-31;2022-01-03;2099-01-31;Unsecured;0;N/A;Non-structured/Vanilla;0;No;0
242;r0120 - Secured liabilities - collateralized part (BRRD art. 44/2/b);c005x   - Other financial corporations;Rank 20 - Ranking in insolvency (master scale);030900000000000;HIPOTOTTA Nº 4 PLC;7400615058;Type of identifier, other than LEI or MFI code;Sister;true;PORTUGAL;Not applicable (Contractual recognition of bail-in powers);283657,89;69,17;Euro;2021-12-31;2022-01-03;2065-12-14;Secured;0;N/A;Non-structured/Vanilla;0;No;0
243;r0390 - Non-financial liabilities;c004x   - Institutions;Rank 9 - Ranking in insolvency (master scale);262304820022820;BANCO SANTANDER SA;5493006QMFDDMYWIAM13;LEI code;Parent;false;PORTUGAL;Not applicable (Contractual recognition of bail-in powers);132,52;0;Euro;2021-12-31;2022-01-03;2099-01-31;Unsecured;0;N/A;Non-structured/Vanilla;0;No;0
244;r0390 - Non-financial liabilities;c004x   - Institutions;Rank 9 - Ranking in insolvency (master scale);588804815654230;BANCO SANTANDER SA;5493006QMFDDMYWIAM13;LEI code;Parent;false;PORTUGAL;Not applicable (Contractual recognition of bail-in powers);0,23;0;Euro;2021-12-31;2022-01-03;2099-01-31;Unsecured;0;N/A;Non-structured/Vanilla;0;No;0
245;r0390 - Non-financial liabilities;c004x   - Institutions;Rank 9 - Ranking in insolvency (master scale);588804815653510;BANCO SANTANDER SA;5493006QMFDDMYWIAM13;LEI code;Parent;false;PORTUGAL;Not applicable (Contractual recognition of bail-in powers);0,12;0;Euro;2021-12-31;2022-01-03;2099-01-31;Unsecured;0;N/A;Non-structured/Vanilla;0;No;0
246;r0390 - Non-financial liabilities;c004x   - Institutions;Rank 9 - Ranking in insolvency (master scale);599904816265100;BANCO SANTANDER SA;5493006QMFDDMYWIAM13;LEI code;Parent;false;PORTUGAL;Not applicable (Contractual recognition of bail-in powers);0,27;0;Euro;2021-12-31;2022-01-03;2099-01-31;Unsecured;0;N/A;Non-structured/Vanilla;0;No;0
247;r0390 - Non-financial liabilities;c004x   - Institutions;Rank 9 - Ranking in insolvency (master scale);588804815654570;BANCO SANTANDER SA;5493006QMFDDMYWIAM13;LEI code;Parent;false;PORTUGAL;Not applicable (Contractual recognition of bail-in powers);1,42;0;Euro;2021-12-31;2022-01-03;2099-01-31;Unsecured;0;N/A;Non-structured/Vanilla;0;No;0
248;r0390 - Non-financial liabilities;c004x   - Institutions;Rank 9 - Ranking in insolvency (master scale);588804816095330;BANCO SANTANDER SA;5493006QMFDDMYWIAM13;LEI code;Parent;false;PORTUGAL;Not applicable (Contractual recognition of bail-in powers);0,01;0;Euro;2021-12-31;2022-01-03;2099-01-31;Unsecured;0;N/A;Non-structured/Vanilla;0;No;0
249;r0390 - Non-financial liabilities;c004x   - Institutions;Rank 9 - Ranking in insolvency (master scale);262304820023840;BANCO SANTANDER SA;5493006QMFDDMYWIAM13;LEI code;Parent;false;PORTUGAL;Not applicable (Contractual recognition of bail-in powers);94,58;0;Euro;2021-12-31;2022-01-03;2099-01-31;Unsecured;0;N/A;Non-structured/Vanilla;0;No;0
250;r0390 - Non-financial liabilities;c003x   - Corporates;Rank 9 - Ranking in insolvency (master scale);599904815307300;TottaUrbe;8000391312;Type of identifier, other than LEI or MFI code;Sister;true;PORTUGAL;Not applicable (Contractual recognition of bail-in powers);4,95;0;Euro;2021-12-31;2022-01-03;2099-01-31;Unsecured;0;N/A;Non-structured/Vanilla;0;No;0
251;r0390 - Non-financial liabilities;c004x   - Institutions;Rank 9 - Ranking in insolvency (master scale);262304820024790;BANCO SANTANDER SA;5493006QMFDDMYWIAM13;LEI code;Parent;false;PORTUGAL;Not applicable (Contractual recognition of bail-in powers);5,4;0;Euro;2021-12-31;2022-01-03;2099-01-31;Unsecured;0;N/A;Non-structured/Vanilla;0;No;0
252;r0390 - Non-financial liabilities;c004x   - Institutions;Rank 9 - Ranking in insolvency (master scale);262304820026870;BANCO SANTANDER SA;5493006QMFDDMYWIAM13;LEI code;Parent;false;PORTUGAL;Not applicable (Contractual recognition of bail-in powers);4,66;0;Euro;2021-12-31;2022-01-03;2099-01-31;Unsecured;0;N/A;Non-structured/Vanilla;0;No;0
253;r0390 - Non-financial liabilities;c004x   - Institutions;Rank 9 - Ranking in insolvency (master scale);588804830754060;BANCO SANTANDER SA;5493006QMFDDMYWIAM13;LEI code;Parent;false;PORTUGAL;Not applicable (Contractual recognition of bail-in powers);0,12;0;Euro;2021-12-31;2022-01-03;2099-01-31;Unsecured;0;N/A;Non-structured/Vanilla;0;No;0
254;r0390 - Non-financial liabilities;c004x   - Institutions;Rank 9 - Ranking in insolvency (master scale);588804833132030;BANCO SANTANDER SA;5493006QMFDDMYWIAM13;LEI code;Parent;false;PORTUGAL;Not applicable (Contractual recognition of bail-in powers);0,12;0;Euro;2021-12-31;2022-01-03;2099-01-31;Unsecured;0;N/A;Non-structured/Vanilla;0;No;0
255;r0390 - Non-financial liabilities;c004x   - Institutions;Rank 9 - Ranking in insolvency (master scale);262304820026980;BANCO SANTANDER SA;5493006QMFDDMYWIAM13;LEI code;Parent;false;PORTUGAL;Not applicable (Contractual recognition of bail-in powers);0,16;0;Euro;2021-12-31;2022-01-03;2099-01-31;Unsecured;0;N/A;Non-structured/Vanilla;0;No;0
256;r0390 - Non-financial liabilities;c004x   - Institutions;Rank 9 - Ranking in insolvency (master scale);599904815137200;BANCO SANTANDER SA;5493006QMFDDMYWIAM13;LEI code;Parent;false;PORTUGAL;Not applicable (Contractual recognition of bail-in powers);0,44;0;Euro;2021-12-31;2022-01-03;2099-01-31;Unsecured;0;N/A;Non-structured/Vanilla;0;No;0
257;r0390 - Non-financial liabilities;c003x   - Corporates;Rank 9 - Ranking in insolvency (master scale);599904815306920;TottaUrbe;8000391312;Type of identifier, other than LEI or MFI code;Sister;true;PORTUGAL;Not applicable (Contractual recognition of bail-in powers);7,15;0;Euro;2021-12-31;2022-01-03;2099-01-31;Unsecured;0;N/A;Non-structured/Vanilla;0;No;0
258;r0390 - Non-financial liabilities;c004x   - Institutions;Rank 9 - Ranking in insolvency (master scale);599904815282370;BANCO SANTANDER SA;5493006QMFDDMYWIAM13;LEI code;Parent;false;PORTUGAL;Not applicable (Contractual recognition of bail-in powers);0,18;0;Euro;2021-12-31;2022-01-03;2099-01-31;Unsecured;0;N/A;Non-structured/Vanilla;0;No;0
259;r0390 - Non-financial liabilities;c004x   - Institutions;Rank 9 - Ranking in insolvency (master scale);262304840010980;BANCO SANTANDER SA;5493006QMFDDMYWIAM13;LEI code;Parent;false;PORTUGAL;Not applicable (Contractual recognition of bail-in powers);2,19;0;Euro;2021-12-31;2022-01-03;2099-01-31;Unsecured;0;N/A;Non-structured/Vanilla;0;No;0
260;r0390 - Non-financial liabilities;c004x   - Institutions;Rank 9 - Ranking in insolvency (master scale);599904815284040;BANCO SANTANDER SA;5493006QMFDDMYWIAM13;LEI code;Parent;false;PORTUGAL;Not applicable (Contractual recognition of bail-in powers);0,01;0;Euro;2021-12-31;2022-01-03;2099-01-31;Unsecured;0;N/A;Non-structured/Vanilla;0;No;0
261;r0120 - Secured liabilities - collateralized part (BRRD art. 44/2/b);c005x   - Other financial corporations;Rank 20 - Ranking in insolvency (master scale);033900000000000;HIPOTOTTA Nº 4 PLC;7400615058;Type of identifier, other than LEI or MFI code;Sister;true;PORTUGAL;Not applicable (Contractual recognition of bail-in powers);1152014,79;480,31;Euro;2021-12-31;2022-01-03;2065-12-14;Secured;0;N/A;Non-structured/Vanilla;0;No;0
262;r0390 - Non-financial liabilities;c003x   - Corporates;Rank 9 - Ranking in insolvency (master scale);599904815306540;TottaUrbe;8000391312;Type of identifier, other than LEI or MFI code;Sister;true;PORTUGAL;Not applicable (Contractual recognition of bail-in powers);0,02;0;Euro;2021-12-31;2022-01-03;2099-01-31;Unsecured;0;N/A;Non-structured/Vanilla;0;No;0
263;r0390 - Non-financial liabilities;c004x   - Institutions;Rank 9 - Ranking in insolvency (master scale);262304840017270;BANCO SANTANDER SA;5493006QMFDDMYWIAM13;LEI code;Parent;false;PORTUGAL;Not applicable (Contractual recognition of bail-in powers);0,99;0;Euro;2021-12-31;2022-01-03;2099-01-31;Unsecured;0;N/A;Non-structured/Vanilla;0;No;0
264;r0390 - Non-financial liabilities;c003x   - Corporates;Rank 9 - Ranking in insolvency (master scale);599904815307260;TottaUrbe;8000391312;Type of identifier, other than LEI or MFI code;Sister;true;PORTUGAL;Not applicable (Contractual recognition of bail-in powers);14,13;0;Euro;2021-12-31;2022-01-03;2099-01-31;Unsecured;0;N/A;Non-structured/Vanilla;0;No;0
265;r0390 - Non-financial liabilities;c004x   - Institutions;Rank 9 - Ranking in insolvency (master scale);599904815918020;BANCO SANTANDER SA;5493006QMFDDMYWIAM13;LEI code;Parent;false;PORTUGAL;Not applicable (Contractual recognition of bail-in powers);0,01;0;Euro;2021-12-31;2022-01-03;2099-01-31;Unsecured;0;N/A;Non-structured/Vanilla;0;No;0
266;r0390 - Non-financial liabilities;c004x   - Institutions;Rank 9 - Ranking in insolvency (master scale);599904815383820;BANCO SANTANDER SA;5493006QMFDDMYWIAM13;LEI code;Parent;false;PORTUGAL;Not applicable (Contractual recognition of bail-in powers);0,02;0;Euro;2021-12-31;2022-01-03;2099-01-31;Unsecured;0;N/A;Non-structured/Vanilla;0;No;0
267;r0390 - Non-financial liabilities;c003x   - Corporates;Rank 9 - Ranking in insolvency (master scale);262304840018380;CONSULTEAM-CONSULTORES GESTAO,SA;5100262318;Type of identifier, other than LEI or MFI code;Sister;false;PORTUGAL;Not applicable (Contractual recognition of bail-in powers);0,54;0;Euro;2021-12-31;2022-01-03;2099-01-31;Unsecured;0;N/A;Non-structured/Vanilla;0;No;0
268;r0390 - Non-financial liabilities;c004x   - Institutions;Rank 9 - Ranking in insolvency (master scale);599904815675210;BANCO SANTANDER SA;5493006QMFDDMYWIAM13;LEI code;Parent;false;PORTUGAL;Not applicable (Contractual recognition of bail-in powers);0,02;0;Euro;2021-12-31;2022-01-03;2099-01-31;Unsecured;0;N/A;Non-structured/Vanilla;0;No;0
269;r0390 - Non-financial liabilities;c004x   - Institutions;Rank 9 - Ranking in insolvency (master scale);599904830543900;BANCO SANTANDER SA;5493006QMFDDMYWIAM13;LEI code;Parent;false;PORTUGAL;Not applicable (Contractual recognition of bail-in powers);0,12;0;Euro;2021-12-31;2022-01-03;2099-01-31;Unsecured;0;N/A;Non-structured/Vanilla;0;No;0
270;r0390 - Non-financial liabilities;c004x   - Institutions;Rank 9 - Ranking in insolvency (master scale);599904815760970;BANCO SANTANDER SA;5493006QMFDDMYWIAM13;LEI code;Parent;false;PORTUGAL;Not applicable (Contractual recognition of bail-in powers);0,11;0;Euro;2021-12-31;2022-01-03;2099-01-31;Unsecured;0;N/A;Non-structured/Vanilla;0;No;0
271;r0390 - Non-financial liabilities;c004x   - Institutions;Rank 9 - Ranking in insolvency (master scale);262304840018750;BANCO SANTANDER SA;5493006QMFDDMYWIAM13;LEI code;Parent;false;PORTUGAL;Not applicable (Contractual recognition of bail-in powers);1,13;0;Euro;2021-12-31;2022-01-03;2099-01-31;Unsecured;0;N/A;Non-structured/Vanilla;0;No;0
272;r0390 - Non-financial liabilities;c004x   - Institutions;Rank 9 - Ranking in insolvency (master scale);599904816132210;BANCO SANTANDER SA;5493006QMFDDMYWIAM13;LEI code;Parent;false;PORTUGAL;Not applicable (Contractual recognition of bail-in powers);0,14;0;Euro;2021-12-31;2022-01-03;2099-01-31;Unsecured;0;N/A;Non-structured/Vanilla;0;No;0
273;r0390 - Non-financial liabilities;c004x   - Institutions;Rank 9 - Ranking in insolvency (master scale);599904816263950;BANCO SANTANDER SA;5493006QMFDDMYWIAM13;LEI code;Parent;false;PORTUGAL;Not applicable (Contractual recognition of bail-in powers);0,21;0;Euro;2021-12-31;2022-01-03;2099-01-31;Unsecured;0;N/A;Non-structured/Vanilla;0;No;0
274;r0390 - Non-financial liabilities;c004x   - Institutions;Rank 9 - Ranking in insolvency (master scale);599904816261800;BANCO SANTANDER SA;5493006QMFDDMYWIAM13;LEI code;Parent;false;PORTUGAL;Not applicable (Contractual recognition of bail-in powers);0,73;0;Euro;2021-12-31;2022-01-03;2099-01-31;Unsecured;0;N/A;Non-structured/Vanilla;0;No;0
275;r0390 - Non-financial liabilities;c003x   - Corporates;Rank 9 - Ranking in insolvency (master scale);262304840019290;CONSULTEAM-CONSULTORES GESTAO,SA;5100262318;Type of identifier, other than LEI or MFI code;Sister;false;PORTUGAL;Not applicable (Contractual recognition of bail-in powers);0,59;0;Euro;2021-12-31;2022-01-03;2099-01-31;Unsecured;0;N/A;Non-structured/Vanilla;0;No;0
276;r0390 - Non-financial liabilities;c004x   - Institutions;Rank 9 - Ranking in insolvency (master scale);599904816262660;BANCO SANTANDER SA;5493006QMFDDMYWIAM13;LEI code;Parent;false;PORTUGAL;Not applicable (Contractual recognition of bail-in powers);0,04;0;Euro;2021-12-31;2022-01-03;2099-01-31;Unsecured;0;N/A;Non-structured/Vanilla;0;No;0
277;r0120 - Secured liabilities - collateralized part (BRRD art. 44/2/b);c005x   - Other financial corporations;Rank 20 - Ranking in insolvency (master scale);034600000000000;GAMMA SOC TITULARIZACAO CREDITOS, SA;2101355138;Type of identifier, other than LEI or MFI code;Sister;true;PORTUGAL;Not applicable (Contractual recognition of bail-in powers);182288,62;-1,71;Euro;2021-12-31;2022-01-03;2065-12-14;Secured;0;N/A;Non-structured/Vanilla;0;No;0
278;r0390 - Non-financial liabilities;c004x   - Institutions;Rank 9 - Ranking in insolvency (master scale);599904816263420;BANCO SANTANDER SA;5493006QMFDDMYWIAM13;LEI code;Parent;false;PORTUGAL;Not applicable (Contractual recognition of bail-in powers);0,19;0;Euro;2021-12-31;2022-01-03;2099-01-31;Unsecured;0;N/A;Non-structured/Vanilla;0;No;0
279;r0390 - Non-financial liabilities;c003x   - Corporates;Rank 9 - Ranking in insolvency (master scale);262304840019570;CONSULTEAM-CONSULTORES GESTAO,SA;5100262318;Type of identifier, other than LEI or MFI code;Sister;false;PORTUGAL;Not applicable (Contractual recognition of bail-in powers);0,43;0;Euro;2021-12-31;2022-01-03;2099-01-31;Unsecured;0;N/A;Non-structured/Vanilla;0;No;0
280;r0390 - Non-financial liabilities;c004x   - Institutions;Rank 9 - Ranking in insolvency (master scale);599904816264290;BANCO SANTANDER SA;5493006QMFDDMYWIAM13;LEI code;Parent;false;PORTUGAL;Not applicable (Contractual recognition of bail-in powers);0,18;0;Euro;2021-12-31;2022-01-03;2099-01-31;Unsecured;0;N/A;Non-structured/Vanilla;0;No;0
281;r0390 - Non-financial liabilities;c004x   - Institutions;Rank 9 - Ranking in insolvency (master scale);599904816530910;BANCO SANTANDER SA;5493006QMFDDMYWIAM13;LEI code;Parent;false;PORTUGAL;Not applicable (Contractual recognition of bail-in powers);0,01;0;Euro;2021-12-31;2022-01-03;2099-01-31;Unsecured;0;N/A;Non-structured/Vanilla;0;No;0
282;r0390 - Non-financial liabilities;c004x   - Institutions;Rank 9 - Ranking in insolvency (master scale);599904816265050;BANCO SANTANDER SA;5493006QMFDDMYWIAM13;LEI code;Parent;false;PORTUGAL;Not applicable (Contractual recognition of bail-in powers);0,11;0;Euro;2021-12-31;2022-01-03;2099-01-31;Unsecured;0;N/A;Non-structured/Vanilla;0;No;0
283;r0390 - Non-financial liabilities;c003x   - Corporates;Rank 9 - Ranking in insolvency (master scale);262304840019980;CONSULTEAM-CONSULTORES GESTAO,SA;5100262318;Type of identifier, other than LEI or MFI code;Sister;false;PORTUGAL;Not applicable (Contractual recognition of bail-in powers);1,01;0;Euro;2021-12-31;2022-01-03;2099-01-31;Unsecured;0;N/A;Non-structured/Vanilla;0;No;0
284;r0390 - Non-financial liabilities;c004x   - Institutions;Rank 9 - Ranking in insolvency (master scale);599904816265620;BANCO SANTANDER SA;5493006QMFDDMYWIAM13;LEI code;Parent;false;PORTUGAL;Not applicable (Contractual recognition of bail-in powers);0,39;0;Euro;2021-12-31;2022-01-03;2099-01-31;Unsecured;0;N/A;Non-structured/Vanilla;0;No;0
285;r0390 - Non-financial liabilities;c004x   - Institutions;Rank 9 - Ranking in insolvency (master scale);262304840025820;BANCO SANTANDER SA;5493006QMFDDMYWIAM13;LEI code;Parent;false;PORTUGAL;Not applicable (Contractual recognition of bail-in powers);0,49;0;Euro;2021-12-31;2022-01-03;2099-01-31;Unsecured;0;N/A;Non-structured/Vanilla;0;No;0
286;r0390 - Non-financial liabilities;c004x   - Institutions;Rank 9 - Ranking in insolvency (master scale);599904816326740;BANCO SANTANDER SA;5493006QMFDDMYWIAM13;LEI code;Parent;false;PORTUGAL;Not applicable (Contractual recognition of bail-in powers);0,03;0;Euro;2021-12-31;2022-01-03;2099-01-31;Unsecured;0;N/A;Non-structured/Vanilla;0;No;0
287;r0390 - Non-financial liabilities;c004x   - Institutions;Rank 9 - Ranking in insolvency (master scale);262304840020660;BANCO SANTANDER SA;5493006QMFDDMYWIAM13;LEI code;Parent;false;PORTUGAL;Not applicable (Contractual recognition of bail-in powers);1,3;0;Euro;2021-12-31;2022-01-03;2099-01-31;Unsecured;0;N/A;Non-structured/Vanilla;0;No;0
288;r0390 - Non-financial liabilities;c004x   - Institutions;Rank 9 - Ranking in insolvency (master scale);599904816718100;BANCO SANTANDER SA;5493006QMFDDMYWIAM13;LEI code;Parent;false;PORTUGAL;Not applicable (Contractual recognition of bail-in powers);0,01;0;Euro;2021-12-31;2022-01-03;2099-01-31;Unsecured;0;N/A;Non-structured/Vanilla;0;No;0
289;r0390 - Non-financial liabilities;c004x   - Institutions;Rank 9 - Ranking in insolvency (master scale);599904830658490;BANCO SANTANDER SA;5493006QMFDDMYWIAM13;LEI code;Parent;false;PORTUGAL;Not applicable (Contractual recognition of bail-in powers);0,17;0;Euro;2021-12-31;2022-01-03;2099-01-31;Unsecured;0;N/A;Non-structured/Vanilla;0;No;0
290;r0390 - Non-financial liabilities;c004x   - Institutions;Rank 9 - Ranking in insolvency (master scale);599904830058070;BANCO SANTANDER SA;5493006QMFDDMYWIAM13;LEI code;Parent;false;PORTUGAL;Not applicable (Contractual recognition of bail-in powers);0,5;0;Euro;2021-12-31;2022-01-03;2099-01-31;Unsecured;0;N/A;Non-structured/Vanilla;0;No;0
291;r0390 - Non-financial liabilities;c004x   - Institutions;Rank 9 - Ranking in insolvency (master scale);262304840021080;BANCO SANTANDER SA;5493006QMFDDMYWIAM13;LEI code;Parent;false;PORTUGAL;Not applicable (Contractual recognition of bail-in powers);0,61;0;Euro;2021-12-31;2022-01-03;2099-01-31;Unsecured;0;N/A;Non-structured/Vanilla;0;No;0
292;r0390 - Non-financial liabilities;c003x   - Corporates;Rank 9 - Ranking in insolvency (master scale);262304840020780;CONSULTEAM-CONSULTORES GESTAO,SA;5100262318;Type of identifier, other than LEI or MFI code;Sister;false;PORTUGAL;Not applicable (Contractual recognition of bail-in powers);0,11;0;Euro;2021-12-31;2022-01-03;2099-01-31;Unsecured;0;N/A;Non-structured/Vanilla;0;No;0
293;r0120 - Secured liabilities - collateralized part (BRRD art. 44/2/b);c005x   - Other financial corporations;Rank 20 - Ranking in insolvency (master scale);035200000000000;HIPOTOTTA 5 PLC;7400987939;Type of identifier, other than LEI or MFI code;Sister;true;PORTUGAL;Not applicable (Contractual recognition of bail-in powers);372985,8;-3,82;Euro;2021-12-31;2022-01-03;2065-12-14;Secured;0;N/A;Non-structured/Vanilla;0;No;0
294;r0390 - Non-financial liabilities;c004x   - Institutions;Rank 9 - Ranking in insolvency (master scale);262304840021090;BANCO SANTANDER SA;5493006QMFDDMYWIAM13;LEI code;Parent;false;PORTUGAL;Not applicable (Contractual recognition of bail-in powers);0,4;0;Euro;2021-12-31;2022-01-03;2099-01-31;Unsecured;0;N/A;Non-structured/Vanilla;0;No;0
295;r0390 - Non-financial liabilities;c004x   - Institutions;Rank 9 - Ranking in insolvency (master scale);262304840021820;BANCO SANTANDER SA;5493006QMFDDMYWIAM13;LEI code;Parent;false;PORTUGAL;Not applicable (Contractual recognition of bail-in powers);1,11;0;Euro;2021-12-31;2022-01-03;2099-01-31;Unsecured;0;N/A;Non-structured/Vanilla;0;No;0
296;r0390 - Non-financial liabilities;c004x   - Institutions;Rank 9 - Ranking in insolvency (master scale);262304840021690;BANCO SANTANDER SA;5493006QMFDDMYWIAM13;LEI code;Parent;false;PORTUGAL;Not applicable (Contractual recognition of bail-in powers);1,6;0;Euro;2021-12-31;2022-01-03;2099-01-31;Unsecured;0;N/A;Non-structured/Vanilla;0;No;0
297;r0390 - Non-financial liabilities;c004x   - Institutions;Rank 9 - Ranking in insolvency (master scale);599904831386240;BANCO SANTANDER SA;5493006QMFDDMYWIAM13;LEI code;Parent;false;PORTUGAL;Not applicable (Contractual recognition of bail-in powers);0,95;0;Euro;2021-12-31;2022-01-03;2099-01-31;Unsecured;0;N/A;Non-structured/Vanilla;0;No;0
298;r0390 - Non-financial liabilities;c004x   - Institutions;Rank 9 - Ranking in insolvency (master scale);262304840021880;BANCO SANTANDER SA;5493006QMFDDMYWIAM13;LEI code;Parent;false;PORTUGAL;Not applicable (Contractual recognition of bail-in powers);0,34;0;Euro;2021-12-31;2022-01-03;2099-01-31;Unsecured;0;N/A;Non-structured/Vanilla;0;No;0
299;r0390 - Non-financial liabilities;c004x   - Institutions;Rank 9 - Ranking in insolvency (master scale);262304840022240;BANCO SANTANDER SA;5493006QMFDDMYWIAM13;LEI code;Parent;false;PORTUGAL;Not applicable (Contractual recognition of bail-in powers);1,64;0;Euro;2021-12-31;2022-01-03;2099-01-31;Unsecured;0;N/A;Non-structured/Vanilla;0;No;0
300;r0390 - Non-financial liabilities;c003x   - Corporates;Rank 9 - Ranking in insolvency (master scale);262304840022010;CONSULTEAM-CONSULTORES GESTAO,SA;5100262318;Type of identifier, other than LEI or MFI code;Sister;false;PORTUGAL;Not applicable (Contractual recognition of bail-in powers);0,36;0;Euro;2021-12-31;2022-01-03;2099-01-31;Unsecured;0;N/A;Non-structured/Vanilla;0;No;0
301;r0120 - Secured liabilities - collateralized part (BRRD art. 44/2/b);c005x   - Other financial corporations;Rank 20 - Ranking in insolvency (master scale);662600000000000;GAMMA SOC TITULARIZACAO CREDITOS, SA;2101355138;Type of identifier, other than LEI or MFI code;Sister;true;PORTUGAL;Not applicable (Contractual recognition of bail-in powers);1609011,18;911,59;Euro;2021-12-31;2022-01-03;2065-12-14;Secured;0;N/A;Non-structured/Vanilla;0;No;0
302;r0390 - Non-financial liabilities;c004x   - Institutions;Rank 9 - Ranking in insolvency (master scale);262304840022260;BANCO SANTANDER SA;5493006QMFDDMYWIAM13;LEI code;Parent;false;PORTUGAL;Not applicable (Contractual recognition of bail-in powers);0,73;0;Euro;2021-12-31;2022-01-03;2099-01-31;Unsecured;0;N/A;Non-structured/Vanilla;0;No;0
303;r0390 - Non-financial liabilities;c004x   - Institutions;Rank 9 - Ranking in insolvency (master scale);262304840022520;BANCO SANTANDER SA;5493006QMFDDMYWIAM13;LEI code;Parent;false;PORTUGAL;Not applicable (Contractual recognition of bail-in powers);0,32;0;Euro;2021-12-31;2022-01-03;2099-01-31;Unsecured;0;N/A;Non-structured/Vanilla;0;No;0
304;r0390 - Non-financial liabilities;c004x   - Institutions;Rank 9 - Ranking in insolvency (master scale);262304840022340;BANCO SANTANDER SA;5493006QMFDDMYWIAM13;LEI code;Parent;false;PORTUGAL;Not applicable (Contractual recognition of bail-in powers);0,54;0;Euro;2021-12-31;2022-01-03;2099-01-31;Unsecured;0;N/A;Non-structured/Vanilla;0;No;0
305;r0390 - Non-financial liabilities;c004x   - Institutions;Rank 9 - Ranking in insolvency (master scale);599904832419600;BANCO SANTANDER SA;5493006QMFDDMYWIAM13;LEI code;Parent;false;PORTUGAL;Not applicable (Contractual recognition of bail-in powers);1,36;0;Euro;2021-12-31;2022-01-03;2099-01-31;Unsecured;0;N/A;Non-structured/Vanilla;0;No;0
306;r0390 - Non-financial liabilities;c004x   - Institutions;Rank 9 - Ranking in insolvency (master scale);262304840022570;BANCO SANTANDER SA;5493006QMFDDMYWIAM13;LEI code;Parent;false;PORTUGAL;Not applicable (Contractual recognition of bail-in powers);1,81;0;Euro;2021-12-31;2022-01-03;2099-01-31;Unsecured;0;N/A;Non-structured/Vanilla;0;No;0
307;r0390 - Non-financial liabilities;c004x   - Institutions;Rank 9 - Ranking in insolvency (master scale);262304840022770;BANCO SANTANDER SA;5493006QMFDDMYWIAM13;LEI code;Parent;false;PORTUGAL;Not applicable (Contractual recognition of bail-in powers);1,29;0;Euro;2021-12-31;2022-01-03;2099-01-31;Unsecured;0;N/A;Non-structured/Vanilla;0;No;0
308;r0390 - Non-financial liabilities;c004x   - Institutions;Rank 9 - Ranking in insolvency (master scale);262304840022700;BANCO SANTANDER SA;5493006QMFDDMYWIAM13;LEI code;Parent;false;PORTUGAL;Not applicable (Contractual recognition of bail-in powers);2,01;0;Euro;2021-12-31;2022-01-03;2099-01-31;Unsecured;0;N/A;Non-structured/Vanilla;0;No;0
309;r0120 - Secured liabilities - collateralized part (BRRD art. 44/2/b);c005x   - Other financial corporations;Rank 20 - Ranking in insolvency (master scale);035900000000000;HIPOTOTTA 5 PLC;7400987939;Type of identifier, other than LEI or MFI code;Sister;true;PORTUGAL;Not applicable (Contractual recognition of bail-in powers);170105,78;72,27;Euro;2021-12-31;2022-01-03;2065-12-14;Secured;0;N/A;Non-structured/Vanilla;0;No;0
310;r0390 - Non-financial liabilities;c004x   - Institutions;Rank 9 - Ranking in insolvency (master scale);262304840022790;BANCO SANTANDER SA;5493006QMFDDMYWIAM13;LEI code;Parent;false;PORTUGAL;Not applicable (Contractual recognition of bail-in powers);29,77;0;Euro;2021-12-31;2022-01-03;2099-01-31;Unsecured;0;N/A;Non-structured/Vanilla;0;No;0
311;r0390 - Non-financial liabilities;c004x   - Institutions;Rank 9 - Ranking in insolvency (master scale);262304840023200;BANCO SANTANDER SA;5493006QMFDDMYWIAM13;LEI code;Parent;false;PORTUGAL;Not applicable (Contractual recognition of bail-in powers);1,59;0;Euro;2021-12-31;2022-01-03;2099-01-31;Unsecured;0;N/A;Non-structured/Vanilla;0;No;0
312;r0390 - Non-financial liabilities;c004x   - Institutions;Rank 9 - Ranking in insolvency (master scale);262304840023120;BANCO SANTANDER SA;5493006QMFDDMYWIAM13;LEI code;Parent;false;PORTUGAL;Not applicable (Contractual recognition of bail-in powers);0,77;0;Euro;2021-12-31;2022-01-03;2099-01-31;Unsecured;0;N/A;Non-structured/Vanilla;0;No;0
313;r0390 - Non-financial liabilities;c004x   - Institutions;Rank 9 - Ranking in insolvency (master scale);599904832899890;BANCO SANTANDER SA;5493006QMFDDMYWIAM13;LEI code;Parent;false;PORTUGAL;Not applicable (Contractual recognition of bail-in powers);0,2;0;Euro;2021-12-31;2022-01-03;2099-01-31;Unsecured;0;N/A;Non-structured/Vanilla;0;No;0
314;r0390 - Non-financial liabilities;c004x   - Institutions;Rank 9 - Ranking in insolvency (master scale);262304840023280;BANCO SANTANDER SA;5493006QMFDDMYWIAM13;LEI code;Parent;false;PORTUGAL;Not applicable (Contractual recognition of bail-in powers);1,9;0;Euro;2021-12-31;2022-01-03;2099-01-31;Unsecured;0;N/A;Non-structured/Vanilla;0;No;0
315;r0390 - Non-financial liabilities;c004x   - Institutions;Rank 9 - Ranking in insolvency (master scale);262304840023760;BANCO SANTANDER SA;5493006QMFDDMYWIAM13;LEI code;Parent;false;PORTUGAL;Not applicable (Contractual recognition of bail-in powers);0,72;0;Euro;2021-12-31;2022-01-03;2099-01-31;Unsecured;0;N/A;Non-structured/Vanilla;0;No;0
316;r0390 - Non-financial liabilities;c004x   - Institutions;Rank 9 - Ranking in insolvency (master scale);599904832793400;BANCO SANTANDER SA;5493006QMFDDMYWIAM13;LEI code;Parent;false;PORTUGAL;Not applicable (Contractual recognition of bail-in powers);0,22;0;Euro;2021-12-31;2022-01-03;2099-01-31;Unsecured;0;N/A;Non-structured/Vanilla;0;No;0
317;r0120 - Secured liabilities - collateralized part (BRRD art. 44/2/b);c005x   - Other financial corporations;Rank 20 - Ranking in insolvency (master scale);340000000000000;HIPOTOTTA Nº 4 PLC;7400615058;Type of identifier, other than LEI or MFI code;Sister;true;PORTUGAL;Not applicable (Contractual recognition of bail-in powers);198355,48;67,52;Euro;2021-12-31;2022-01-03;2065-12-14;Secured;0;N/A;Non-structured/Vanilla;0;No;0
318;r0390 - Non-financial liabilities;c004x   - Institutions;Rank 9 - Ranking in insolvency (master scale);599904832838320;BANCO SANTANDER SA;5493006QMFDDMYWIAM13;LEI code;Parent;false;PORTUGAL;Not applicable (Contractual recognition of bail-in powers);0,15;0;Euro;2021-12-31;2022-01-03;2099-01-31;Unsecured;0;N/A;Non-structured/Vanilla;0;No;0
319;r0390 - Non-financial liabilities;c004x   - Institutions;Rank 9 - Ranking in insolvency (master scale);262304840024230;BANCO SANTANDER SA;5493006QMFDDMYWIAM13;LEI code;Parent;false;PORTUGAL;Not applicable (Contractual recognition of bail-in powers);0,79;0;Euro;2021-12-31;2022-01-03;2099-01-31;Unsecured;0;N/A;Non-structured/Vanilla;0;No;0
320;r0390 - Non-financial liabilities;c004x   - Institutions;Rank 9 - Ranking in insolvency (master scale);599904833172470;BANCO SANTANDER SA;5493006QMFDDMYWIAM13;LEI code;Parent;false;PORTUGAL;Not applicable (Contractual recognition of bail-in powers);0,12;0;Euro;2021-12-31;2022-01-03;2099-01-31;Unsecured;0;N/A;Non-structured/Vanilla;0;No;0
321;r0390 - Non-financial liabilities;c004x   - Institutions;Rank 9 - Ranking in insolvency (master scale);862304840002100;BANCO SANTANDER SA;5493006QMFDDMYWIAM13;LEI code;Parent;false;PORTUGAL;Not applicable (Contractual recognition of bail-in powers);14,16;0;Euro;2021-12-31;2022-01-03;2099-01-31;Unsecured;0;N/A;Non-structured/Vanilla;0;No;0
322;r0390 - Non-financial liabilities;c004x   - Institutions;Rank 9 - Ranking in insolvency (master scale);599904833360250;BANCO SANTANDER SA;5493006QMFDDMYWIAM13;LEI code;Parent;false;PORTUGAL;Not applicable (Contractual recognition of bail-in powers);0,23;0;Euro;2021-12-31;2022-01-03;2099-01-31;Unsecured;0;N/A;Non-structured/Vanilla;0;No;0
323;r0390 - Non-financial liabilities;c004x   - Institutions;Rank 9 - Ranking in insolvency (master scale);262304840025040;BANCO SANTANDER SA;5493006QMFDDMYWIAM13;LEI code;Parent;false;PORTUGAL;Not applicable (Contractual recognition of bail-in powers);1,93;0;Euro;2021-12-31;2022-01-03;2099-01-31;Unsecured;0;N/A;Non-structured/Vanilla;0;No;0
324;r0390 - Non-financial liabilities;c004x   - Institutions;Rank 9 - Ranking in insolvency (master scale);599904835462910;BANCO SANTANDER SA;5493006QMFDDMYWIAM13;LEI code;Parent;false;PORTUGAL;Not applicable (Contractual recognition of bail-in powers);0,88;0;Euro;2021-12-31;2022-01-03;2099-01-31;Unsecured;0;N/A;Non-structured/Vanilla;0;No;0
325;r0120 - Secured liabilities - collateralized part (BRRD art. 44/2/b);c005x   - Other financial corporations;Rank 20 - Ranking in insolvency (master scale);036800000000000;GAMMA SOC TITULARIZACAO CREDITOS, SA;2101355138;Type of identifier, other than LEI or MFI code;Sister;true;PORTUGAL;Not applicable (Contractual recognition of bail-in powers);7908,95;-0,02;Euro;2021-12-31;2022-01-03;2065-12-14;Secured;0;N/A;Non-structured/Vanilla;0;No;0
326;r0390 - Non-financial liabilities;c004x   - Institutions;Rank 9 - Ranking in insolvency (master scale);599904891725540;BANCO SANTANDER SA;5493006QMFDDMYWIAM13;LEI code;Parent;false;PORTUGAL;Not applicable (Contractual recognition of bail-in powers);106,38;0;Euro;2021-12-31;2022-01-03;2099-01-31;Unsecured;0;N/A;Non-structured/Vanilla;0;No;0
327;r0390 - Non-financial liabilities;c004x   - Institutions;Rank 9 - Ranking in insolvency (master scale);262304840025730;BANCO SANTANDER SA;5493006QMFDDMYWIAM13;LEI code;Parent;false;PORTUGAL;Not applicable (Contractual recognition of bail-in powers);11,7;0;Euro;2021-12-31;2022-01-03;2099-01-31;Unsecured;0;N/A;Non-structured/Vanilla;0;No;0
328;r0390 - Non-financial liabilities;c004x   - Institutions;Rank 9 - Ranking in insolvency (master scale);862304840003370;BANCO SANTANDER SA;5493006QMFDDMYWIAM13;LEI code;Parent;false;PORTUGAL;Not applicable (Contractual recognition of bail-in powers);2,88;0;Euro;2021-12-31;2022-01-03;2099-01-31;Unsecured;0;N/A;Non-structured/Vanilla;0;No;0
329;r0390 - Non-financial liabilities;c004x   - Institutions;Rank 9 - Ranking in insolvency (master scale);862304840037070;BANCO SANTANDER SA;5493006QMFDDMYWIAM13;LEI code;Parent;false;PORTUGAL;Not applicable (Contractual recognition of bail-in powers);5,68;0;Euro;2021-12-31;2022-01-03;2099-01-31;Unsecured;0;N/A;Non-structured/Vanilla;0;No;0
330;r0390 - Non-financial liabilities;c004x   - Institutions;Rank 9 - Ranking in insolvency (master scale);862304840007780;BANCO SANTANDER SA;5493006QMFDDMYWIAM13;LEI code;Parent;false;PORTUGAL;Not applicable (Contractual recognition of bail-in powers);1,26;0;Euro;2021-12-31;2022-01-03;2099-01-31;Unsecured;0;N/A;Non-structured/Vanilla;0;No;0
331;r0390 - Non-financial liabilities;c004x   - Institutions;Rank 9 - Ranking in insolvency (master scale);262304840026280;BANCO SANTANDER SA;5493006QMFDDMYWIAM13;LEI code;Parent;false;PORTUGAL;Not applicable (Contractual recognition of bail-in powers);1,05;0;Euro;2021-12-31;2022-01-03;2099-01-31;Unsecured;0;N/A;Non-structured/Vanilla;0;No;0
332;r0390 - Non-financial liabilities;c004x   - Institutions;Rank 9 - Ranking in insolvency (master scale);262304840026080;BANCO SANTANDER SA;5493006QMFDDMYWIAM13;LEI code;Parent;false;PORTUGAL;Not applicable (Contractual recognition of bail-in powers);2,15;0;Euro;2021-12-31;2022-01-03;2099-01-31;Unsecured;0;N/A;Non-structured/Vanilla;0;No;0
333;r0120 - Secured liabilities - collateralized part (BRRD art. 44/2/b);c005x   - Other financial corporations;Rank 20 - Ranking in insolvency (master scale);319500000000000;HIPOTOTTA Nº 4 PLC;7400615058;Type of identifier, other than LEI or MFI code;Sister;true;PORTUGAL;Not applicable (Contractual recognition of bail-in powers);52115,01;59,51;Euro;2021-12-31;2022-01-03;2065-12-14;Secured;0;N/A;Non-structured/Vanilla;0;No;0
334;r0390 - Non-financial liabilities;c003x   - Corporates;Rank 9 - Ranking in insolvency (master scale);262304840026320;CONSULTEAM-CONSULTORES GESTAO,SA;5100262318;Type of identifier, other than LEI or MFI code;Sister;false;PORTUGAL;Not applicable (Contractual recognition of bail-in powers);0,02;0;Euro;2021-12-31;2022-01-03;2099-01-31;Unsecured;0;N/A;Non-structured/Vanilla;0;No;0
335;r0390 - Non-financial liabilities;c004x   - Institutions;Rank 9 - Ranking in insolvency (master scale);262304840026910;BANCO SANTANDER SA;5493006QMFDDMYWIAM13;LEI code;Parent;false;PORTUGAL;Not applicable (Contractual recognition of bail-in powers);1,72;0;Euro;2021-12-31;2022-01-03;2099-01-31;Unsecured;0;N/A;Non-structured/Vanilla;0;No;0
336;r0390 - Non-financial liabilities;c004x   - Institutions;Rank 9 - Ranking in insolvency (master scale);262304840026710;BANCO SANTANDER SA;5493006QMFDDMYWIAM13;LEI code;Parent;false;PORTUGAL;Not applicable (Contractual recognition of bail-in powers);1,4;0;Euro;2021-12-31;2022-01-03;2099-01-31;Unsecured;0;N/A;Non-structured/Vanilla;0;No;0
337;r0390 - Non-financial liabilities;c004x   - Institutions;Rank 9 - Ranking in insolvency (master scale);262304880022870;BANCO SANTANDER SA;5493006QMFDDMYWIAM13;LEI code;Parent;false;PORTUGAL;Not applicable (Contractual recognition of bail-in powers);0,21;0;Euro;2021-12-31;2022-01-03;2099-01-31;Unsecured;0;N/A;Non-structured/Vanilla;0;No;0
338;r0390 - Non-financial liabilities;c004x   - Institutions;Rank 9 - Ranking in insolvency (master scale);262304840026990;BANCO SANTANDER SA;5493006QMFDDMYWIAM13;LEI code;Parent;false;PORTUGAL;Not applicable (Contractual recognition of bail-in powers);0,97;0;Euro;2021-12-31;2022-01-03;2099-01-31;Unsecured;0;N/A;Non-structured/Vanilla;0;No;0
339;r0120 - Secured liabilities - collateralized part (BRRD art. 44/2/b);c005x   - Other financial corporations;Rank 20 - Ranking in insolvency (master scale);036900000000000;GAMMA SOC TITULARIZACAO CREDITOS, SA;2101355138;Type of identifier, other than LEI or MFI code;Sister;true;PORTUGAL;Not applicable (Contractual recognition of bail-in powers);160701,38;20,78;Euro;2021-12-31;2022-01-03;2065-12-14;Secured;0;N/A;Non-structured/Vanilla;0;No;0
340;r0120 - Secured liabilities - collateralized part (BRRD art. 44/2/b);c005x   - Other financial corporations;Rank 20 - Ranking in insolvency (master scale);026400000000000;HIPOTOTTA 5 PLC;7400987939;Type of identifier, other than LEI or MFI code;Sister;true;PORTUGAL;Not applicable (Contractual recognition of bail-in powers);229,75;0;Euro;2021-12-31;2022-01-03;2065-12-14;Secured;0;N/A;Non-structured/Vanilla;0;No;0
341;r0390 - Non-financial liabilities;c004x   - Institutions;Rank 9 - Ranking in insolvency (master scale);962304820153890;BANCO SANTANDER SA;5493006QMFDDMYWIAM13;LEI code;Parent;false;PORTUGAL;Not applicable (Contractual recognition of bail-in powers);1,31;0;Euro;2021-12-31;2022-01-03;2099-01-31;Unsecured;0;N/A;Non-structured/Vanilla;0;No;0
342;r0120 - Secured liabilities - collateralized part (BRRD art. 44/2/b);c005x   - Other financial corporations;Rank 20 - Ranking in insolvency (master scale);312500000000000;HIPOTOTTA Nº 4 PLC;7400615058;Type of identifier, other than LEI or MFI code;Sister;true;PORTUGAL;Not applicable (Contractual recognition of bail-in powers);5908,09;1,27;Euro;2021-12-31;2022-01-03;2065-12-14;Secured;0;N/A;Non-structured/Vanilla;0;No;0
343;r0390 - Non-financial liabilities;c004x   - Institutions;Rank 9 - Ranking in insolvency (master scale);962304820317020;BANCO SANTANDER SA;5493006QMFDDMYWIAM13;LEI code;Parent;false;PORTUGAL;Not applicable (Contractual recognition of bail-in powers);68,89;0;Euro;2021-12-31;2022-01-03;2099-01-31;Unsecured;0;N/A;Non-structured/Vanilla;0;No;0
344;r0120 - Secured liabilities - collateralized part (BRRD art. 44/2/b);c005x   - Other financial corporations;Rank 20 - Ranking in insolvency (master scale);037600000000000;GAMMA SOC TITULARIZACAO CREDITOS, SA;2101355138;Type of identifier, other than LEI or MFI code;Sister;true;PORTUGAL;Not applicable (Contractual recognition of bail-in powers);66034,39;14,64;Euro;2021-12-31;2022-01-03;2065-12-14;Secured;0;N/A;Non-structured/Vanilla;0;No;0
345;r0390 - Non-financial liabilities;c004x   - Institutions;Rank 9 - Ranking in insolvency (master scale);862304880010220;BANCO SANTANDER SA;5493006QMFDDMYWIAM13;LEI code;Parent;false;PORTUGAL;Not applicable (Contractual recognition of bail-in powers);0,76;0;Euro;2021-12-31;2022-01-03;2099-01-31;Unsecured;0;N/A;Non-structured/Vanilla;0;No;0
346;r0120 - Secured liabilities - collateralized part (BRRD art. 44/2/b);c005x   - Other financial corporations;Rank 20 - Ranking in insolvency (master scale);037200000000000;GAMMA SOC TITULARIZACAO CREDITOS, SA;2101355138;Type of identifier, other than LEI or MFI code;Sister;true;PORTUGAL;Not applicable (Contractual recognition of bail-in powers);95737,48;38,69;Euro;2021-12-31;2022-01-03;2065-12-14;Secured;0;N/A;Non-structured/Vanilla;0;No;0
347;r0390 - Non-financial liabilities;c004x   - Institutions;Rank 9 - Ranking in insolvency (master scale);962304820338140;Sucursal BSCH Frankfurt;0000046859;Type of identifier, other than LEI or MFI code;Sister;false;PORTUGAL;Not applicable (Contractual recognition of bail-in powers);0,42;0;Euro;2021-12-31;2022-01-03;2099-01-31;Unsecured;0;N/A;Non-structured/Vanilla;0;No;0
348;r0120 - Secured liabilities - collateralized part (BRRD art. 44/2/b);c005x   - Other financial corporations;Rank 20 - Ranking in insolvency (master scale);358100000000000;GAMMA SOC TITULARIZACAO CREDITOS, SA;2101355138;Type of identifier, other than LEI or MFI code;Sister;true;PORTUGAL;Not applicable (Contractual recognition of bail-in powers);113601,95;-4,55;Euro;2021-12-31;2022-01-03;2065-12-14;Secured;0;N/A;Non-structured/Vanilla;0;No;0
349;r0390 - Non-financial liabilities;c004x   - Institutions;Rank 9 - Ranking in insolvency (master scale);962304870352020;BANCO SANTANDER SA;5493006QMFDDMYWIAM13;LEI code;Parent;false;PORTUGAL;Not applicable (Contractual recognition of bail-in powers);3,83;0;Euro;2021-12-31;2022-01-03;2099-01-31;Unsecured;0;N/A;Non-structured/Vanilla;0;No;0
350;r0120 - Secured liabilities - collateralized part (BRRD art. 44/2/b);c005x   - Other financial corporations;Rank 20 - Ranking in insolvency (master scale);319100000000000;HIPOTOTTA Nº 4 PLC;7400615058;Type of identifier, other than LEI or MFI code;Sister;true;PORTUGAL;Not applicable (Contractual recognition of bail-in powers);24773,48;17,37;Euro;2021-12-31;2022-01-03;2065-12-14;Secured;0;N/A;Non-structured/Vanilla;0;No;0
351;r0390 - Non-financial liabilities;c004x   - Institutions;Rank 9 - Ranking in insolvency (master scale);962304820291450;BANCO SANTANDER SA;5493006QMFDDMYWIAM13;LEI code;Parent;false;PORTUGAL;Not applicable (Contractual recognition of bail-in powers);323,29;0;Euro;2021-12-31;2022-01-03;2099-01-31;Unsecured;0;N/A;Non-structured/Vanilla;0;No;0
352;r0120 - Secured liabilities - collateralized part (BRRD art. 44/2/b);c005x   - Other financial corporations;Rank 20 - Ranking in insolvency (master scale);320000000000000;HIPOTOTTA Nº 4 PLC;7400615058;Type of identifier, other than LEI or MFI code;Sister;true;PORTUGAL;Not applicable (Contractual recognition of bail-in powers);15075,09;14,77;Euro;2021-12-31;2022-01-03;2065-12-14;Secured;0;N/A;Non-structured/Vanilla;0;No;0
353;r0390 - Non-financial liabilities;c004x   - Institutions;Rank 9 - Ranking in insolvency (master scale);962304820309460;BANCO SANTANDER SA;5493006QMFDDMYWIAM13;LEI code;Parent;false;PORTUGAL;Not applicable (Contractual recognition of bail-in powers);2,2;0;Euro;2021-12-31;2022-01-03;2099-01-31;Unsecured;0;N/A;Non-structured/Vanilla;0;No;0
354;r0120 - Secured liabilities - collateralized part (BRRD art. 44/2/b);c005x   - Other financial corporations;Rank 20 - Ranking in insolvency (master scale);037500000000000;HIPOTOTTA Nº 4 PLC;7400615058;Type of identifier, other than LEI or MFI code;Sister;true;PORTUGAL;Not applicable (Contractual recognition of bail-in powers);621604,18;34,95;Euro;2021-12-31;2022-01-03;2065-12-14;Secured;0;N/A;Non-structured/Vanilla;0;No;0
355;r0390 - Non-financial liabilities;c004x   - Institutions;Rank 9 - Ranking in insolvency (master scale);962304820241980;BANCO SANTANDER SA;5493006QMFDDMYWIAM13;LEI code;Parent;false;PORTUGAL;Not applicable (Contractual recognition of bail-in powers);4,44;0;Euro;2021-12-31;2022-01-03;2099-01-31;Unsecured;0;N/A;Non-structured/Vanilla;0;No;0
356;r0120 - Secured liabilities - collateralized part (BRRD art. 44/2/b);c005x   - Other financial corporations;Rank 20 - Ranking in insolvency (master scale);026700000000000;HIPOTOTTA 5 PLC;7400987939;Type of identifier, other than LEI or MFI code;Sister;true;PORTUGAL;Not applicable (Contractual recognition of bail-in powers);327141,98;129,94;Euro;2021-12-31;2022-01-03;2065-12-14;Secured;0;N/A;Non-structured/Vanilla;0;No;0
357;r0390 - Non-financial liabilities;c004x   - Institutions;Rank 9 - Ranking in insolvency (master scale);962304820252950;BANCO SANTANDER SA;5493006QMFDDMYWIAM13;LEI code;Parent;false;PORTUGAL;Not applicable (Contractual recognition of bail-in powers);64,44;0;Euro;2021-12-31;2022-01-03;2099-01-31;Unsecured;0;N/A;Non-structured/Vanilla;0;No;0
358;r0120 - Secured liabilities - collateralized part (BRRD art. 44/2/b);c005x   - Other financial corporations;Rank 20 - Ranking in insolvency (master scale);037700000000000;HIPOTOTTA Nº 4 PLC;7400615058;Type of identifier, other than LEI or MFI code;Sister;true;PORTUGAL;Not applicable (Contractual recognition of bail-in powers);363987,08;240,63;Euro;2021-12-31;2022-01-03;2065-12-14;Secured;0;N/A;Non-structured/Vanilla;0;No;0
359;r0390 - Non-financial liabilities;c004x   - Institutions;Rank 9 - Ranking in insolvency (master scale);962304820272590;BANCO SANTANDER SA;5493006QMFDDMYWIAM13;LEI code;Parent;false;PORTUGAL;Not applicable (Contractual recognition of bail-in powers);377,15;0;Euro;2021-12-31;2022-01-03;2099-01-31;Unsecured;0;N/A;Non-structured/Vanilla;0;No;0
360;r0120 - Secured liabilities - collateralized part (BRRD art. 44/2/b);c005x   - Other financial corporations;Rank 20 - Ranking in insolvency (master scale);038700000000000;HIPOTOTTA Nº 4 PLC;7400615058;Type of identifier, other than LEI or MFI code;Sister;true;PORTUGAL;Not applicable (Contractual recognition of bail-in powers);2447304,74;1498,15;Euro;2021-12-31;2022-01-03;2065-12-14;Secured;0;N/A;Non-structured/Vanilla;0;No;0
361;r0390 - Non-financial liabilities;c004x   - Institutions;Rank 9 - Ranking in insolvency (master scale);962304820280090;BANCO SANTANDER SA;5493006QMFDDMYWIAM13;LEI code;Parent;false;PORTUGAL;Not applicable (Contractual recognition of bail-in powers);35,56;0;Euro;2021-12-31;2022-01-03;2099-01-31;Unsecured;0;N/A;Non-structured/Vanilla;0;No;0
362;r0120 - Secured liabilities - collateralized part (BRRD art. 44/2/b);c005x   - Other financial corporations;Rank 20 - Ranking in insolvency (master scale);038000000000000;GAMMA SOC TITULARIZACAO CREDITOS, SA;2101355138;Type of identifier, other than LEI or MFI code;Sister;true;PORTUGAL;Not applicable (Contractual recognition of bail-in powers);10396,43;0,06;Euro;2021-12-31;2022-01-03;2065-12-14;Secured;0;N/A;Non-structured/Vanilla;0;No;0
363;r0390 - Non-financial liabilities;c004x   - Institutions;Rank 9 - Ranking in insolvency (master scale);962304820154140;BANCO SANTANDER SA;5493006QMFDDMYWIAM13;LEI code;Parent;false;PORTUGAL;Not applicable (Contractual recognition of bail-in powers);1,18;0;Euro;2021-12-31;2022-01-03;2099-01-31;Unsecured;0;N/A;Non-structured/Vanilla;0;No;0
364;r0120 - Secured liabilities - collateralized part (BRRD art. 44/2/b);c005x   - Other financial corporations;Rank 20 - Ranking in insolvency (master scale);337700000000000;HIPOTOTTA 5 PLC;7400987939;Type of identifier, other than LEI or MFI code;Sister;true;PORTUGAL;Not applicable (Contractual recognition of bail-in powers);34483,01;3,57;Euro;2021-12-31;2022-01-03;2065-12-14;Secured;0;N/A;Non-structured/Vanilla;0;No;0
365;r0390 - Non-financial liabilities;c004x   - Institutions;Rank 9 - Ranking in insolvency (master scale);962304820177650;BANCO SANTANDER SA;5493006QMFDDMYWIAM13;LEI code;Parent;false;PORTUGAL;Not applicable (Contractual recognition of bail-in powers);0,57;0;Euro;2021-12-31;2022-01-03;2099-01-31;Unsecured;0;N/A;Non-structured/Vanilla;0;No;0
366;r0120 - Secured liabilities - collateralized part (BRRD art. 44/2/b);c005x   - Other financial corporations;Rank 20 - Ranking in insolvency (master scale);038100000000000;HIPOTOTTA 5 PLC;7400987939;Type of identifier, other than LEI or MFI code;Sister;true;PORTUGAL;Not applicable (Contractual recognition of bail-in powers);139718,22;4,9;Euro;2021-12-31;2022-01-03;2065-12-14;Secured;0;N/A;Non-structured/Vanilla;0;No;0
367;r0390 - Non-financial liabilities;c004x   - Institutions;Rank 9 - Ranking in insolvency (master scale);962304820200900;BANCO SANTANDER SA;5493006QMFDDMYWIAM13;LEI code;Parent;false;PORTUGAL;Not applicable (Contractual recognition of bail-in powers);5,56;0;Euro;2021-12-31;2022-01-03;2099-01-31;Unsecured;0;N/A;Non-structured/Vanilla;0;No;0
368;r0120 - Secured liabilities - collateralized part (BRRD art. 44/2/b);c005x   - Other financial corporations;Rank 20 - Ranking in insolvency (master scale);329500000000000;HIPOTOTTA Nº 4 PLC;7400615058;Type of identifier, other than LEI or MFI code;Sister;true;PORTUGAL;Not applicable (Contractual recognition of bail-in powers);95562;9,39;Euro;2021-12-31;2022-01-03;2065-12-14;Secured;0;N/A;Non-structured/Vanilla;0;No;0
369;r0390 - Non-financial liabilities;c004x   - Institutions;Rank 9 - Ranking in insolvency (master scale);962304820216980;BANCO SANTANDER SA;5493006QMFDDMYWIAM13;LEI code;Parent;false;PORTUGAL;Not applicable (Contractual recognition of bail-in powers);50;0;Euro;2021-12-31;2022-01-03;2099-01-31;Unsecured;0;N/A;Non-structured/Vanilla;0;No;0
370;r0120 - Secured liabilities - collateralized part (BRRD art. 44/2/b);c005x   - Other financial corporations;Rank 20 - Ranking in insolvency (master scale);038300000000000;GAMMA SOC TITULARIZACAO CREDITOS, SA;2101355138;Type of identifier, other than LEI or MFI code;Sister;true;PORTUGAL;Not applicable (Contractual recognition of bail-in powers);37554,72;-0,09;Euro;2021-12-31;2022-01-03;2065-12-14;Secured;0;N/A;Non-structured/Vanilla;0;No;0
371;r0390 - Non-financial liabilities;c004x   - Institutions;Rank 9 - Ranking in insolvency (master scale);962304820336330;BANCO SANTANDER SA;5493006QMFDDMYWIAM13;LEI code;Parent;false;PORTUGAL;Not applicable (Contractual recognition of bail-in powers);0,79;0;Euro;2021-12-31;2022-01-03;2099-01-31;Unsecured;0;N/A;Non-structured/Vanilla;0;No;0
372;r0120 - Secured liabilities - collateralized part (BRRD art. 44/2/b);c005x   - Other financial corporations;Rank 20 - Ranking in insolvency (master scale);027000000000000;HIPOTOTTA 5 PLC;7400987939;Type of identifier, other than LEI or MFI code;Sister;true;PORTUGAL;Not applicable (Contractual recognition of bail-in powers);163831,49;-14,51;Euro;2021-12-31;2022-01-03;2065-12-14;Secured;0;N/A;Non-structured/Vanilla;0;No;0
373;r0390 - Non-financial liabilities;c004x   - Institutions;Rank 9 - Ranking in insolvency (master scale);962304820340160;BANCO SANTANDER PARIS;7400416227;Type of identifier, other than LEI or MFI code;Sister;false;PORTUGAL;Not applicable (Contractual recognition of bail-in powers);0,71;0;Euro;2021-12-31;2022-01-03;2099-01-31;Unsecured;0;N/A;Non-structured/Vanilla;0;No;0
374;r0120 - Secured liabilities - collateralized part (BRRD art. 44/2/b);c005x   - Other financial corporations;Rank 20 - Ranking in insolvency (master scale);038400000000000;HIPOTOTTA Nº 4 PLC;7400615058;Type of identifier, other than LEI or MFI code;Sister;true;PORTUGAL;Not applicable (Contractual recognition of bail-in powers);488476,93;166,98;Euro;2021-12-31;2022-01-03;2065-12-14;Secured;0;N/A;Non-structured/Vanilla;0;No;0
375;r0390 - Non-financial liabilities;c004x   - Institutions;Rank 9 - Ranking in insolvency (master scale);962304820346880;BANCO SANTANDER PARIS;7400416227;Type of identifier, other than LEI or MFI code;Sister;false;PORTUGAL;Not applicable (Contractual recognition of bail-in powers);0,47;0;Euro;2021-12-31;2022-01-03;2099-01-31;Unsecured;0;N/A;Non-structured/Vanilla;0;No;0
376;r0120 - Secured liabilities - collateralized part (BRRD art. 44/2/b);c005x   - Other financial corporations;Rank 20 - Ranking in insolvency (master scale);334100000000000;GAMMA SOC TITULARIZACAO CREDITOS, SA;2101355138;Type of identifier, other than LEI or MFI code;Sister;true;PORTUGAL;Not applicable (Contractual recognition of bail-in powers);99184,64;102,36;Euro;2021-12-31;2022-01-03;2065-12-14;Secured;0;N/A;Non-structured/Vanilla;0;No;0
377;r0390 - Non-financial liabilities;c004x   - Institutions;Rank 9 - Ranking in insolvency (master scale);962304820364210;BANCO SANTANDER SA;5493006QMFDDMYWIAM13;LEI code;Parent;false;PORTUGAL;Not applicable (Contractual recognition of bail-in powers);45,25;0;Euro;2021-12-31;2022-01-03;2099-01-31;Unsecured;0;N/A;Non-structured/Vanilla;0;No;0
378;r0120 - Secured liabilities - collateralized part (BRRD art. 44/2/b);c005x   - Other financial corporations;Rank 20 - Ranking in insolvency (master scale);332000000000000;GAMMA SOC TITULARIZACAO CREDITOS, SA;2101355138;Type of identifier, other than LEI or MFI code;Sister;true;PORTUGAL;Not applicable (Contractual recognition of bail-in powers);59898,03;95,2;Euro;2021-12-31;2022-01-03;2065-12-14;Secured;0;N/A;Non-structured/Vanilla;0;No;0
379;r0390 - Non-financial liabilities;c004x   - Institutions;Rank 9 - Ranking in insolvency (master scale);962304870343130;BANCO SANTANDER SA;5493006QMFDDMYWIAM13;LEI code;Parent;false;PORTUGAL;Not applicable (Contractual recognition of bail-in powers);4,81;0;Euro;2021-12-31;2022-01-03;2099-01-31;Unsecured;0;N/A;Non-structured/Vanilla;0;No;0
380;r0120 - Secured liabilities - collateralized part (BRRD art. 44/2/b);c005x   - Other financial corporations;Rank 20 - Ranking in insolvency (master scale);027800000000000;HIPOTOTTA Nº 4 PLC;7400615058;Type of identifier, other than LEI or MFI code;Sister;true;PORTUGAL;Not applicable (Contractual recognition of bail-in powers);1488058,85;395,25;Euro;2021-12-31;2022-01-03;2065-12-14;Secured;0;N/A;Non-structured/Vanilla;0;No;0
381;r0390 - Non-financial liabilities;c005x   - Other financial corporations;Rank 9 - Ranking in insolvency (master scale);962304880165360;NOVIMOVEST;7400685089;Type of identifier, other than LEI or MFI code;Sister;true;PORTUGAL;Not applicable (Contractual recognition of bail-in powers);0,39;0;Euro;2021-12-31;2022-01-03;2099-01-31;Unsecured;0;N/A;Non-structured/Vanilla;0;No;0
382;r0120 - Secured liabilities - collateralized part (BRRD art. 44/2/b);c005x   - Other financial corporations;Rank 20 - Ranking in insolvency (master scale);337500000000000;HIPOTOTTA Nº 4 PLC;7400615058;Type of identifier, other than LEI or MFI code;Sister;true;PORTUGAL;Not applicable (Contractual recognition of bail-in powers);27496,03;16,97;Euro;2021-12-31;2022-01-03;2065-12-14;Secured;0;N/A;Non-structured/Vanilla;0;No;0
383;r0120 - Secured liabilities - collateralized part (BRRD art. 44/2/b);c005x   - Other financial corporations;Rank 20 - Ranking in insolvency (master scale);335000000000000;HIPOTOTTA Nº 4 PLC;7400615058;Type of identifier, other than LEI or MFI code;Sister;true;PORTUGAL;Not applicable (Contractual recognition of bail-in powers);8634,92;0,54;Euro;2021-12-31;2022-01-03;2065-12-14;Secured;0;N/A;Non-structured/Vanilla;0;No;0
384;r0120 - Secured liabilities - collateralized part (BRRD art. 44/2/b);c005x   - Other financial corporations;Rank 20 - Ranking in insolvency (master scale);023300000000000;GAMMA SOC TITULARIZACAO CREDITOS, SA;2101355138;Type of identifier, other than LEI or MFI code;Sister;true;PORTUGAL;Not applicable (Contractual recognition of bail-in powers);82363,19;0,15;Euro;2021-12-31;2022-01-03;2065-12-14;Secured;0;N/A;Non-structured/Vanilla;0;No;0
385;r0390 - Non-financial liabilities;c004x   - Institutions;Rank 9 - Ranking in insolvency (master scale);962304820287070;BANCO SANTANDER SA;5493006QMFDDMYWIAM13;LEI code;Parent;false;PORTUGAL;Not applicable (Contractual recognition of bail-in powers);1,46;0;Euro;2021-12-31;2022-01-03;2099-01-31;Unsecured;0;N/A;Non-structured/Vanilla;0;No;0
386;r0120 - Secured liabilities - collateralized part (BRRD art. 44/2/b);c005x   - Other financial corporations;Rank 20 - Ranking in insolvency (master scale);337000000000000;GAMMA SOC TITULARIZACAO CREDITOS, SA;2101355138;Type of identifier, other than LEI or MFI code;Sister;true;PORTUGAL;Not applicable (Contractual recognition of bail-in powers);91004,81;57,54;Euro;2021-12-31;2022-01-03;2065-12-14;Secured;0;N/A;Non-structured/Vanilla;0;No;0
387;r0390 - Non-financial liabilities;c004x   - Institutions;Rank 9 - Ranking in insolvency (master scale);962304820291450;BANCO SANTANDER SA;5493006QMFDDMYWIAM13;LEI code;Parent;false;PORTUGAL;Not applicable (Contractual recognition of bail-in powers);13,69;0;Euro;2021-12-31;2022-01-03;2099-01-31;Unsecured;0;N/A;Non-structured/Vanilla;0;No;0
388;r0120 - Secured liabilities - collateralized part (BRRD art. 44/2/b);c005x   - Other financial corporations;Rank 20 - Ranking in insolvency (master scale);027300000000000;HIPOTOTTA Nº 4 PLC;7400615058;Type of identifier, other than LEI or MFI code;Sister;true;PORTUGAL;Not applicable (Contractual recognition of bail-in powers);2624789,76;1031,48;Euro;2021-12-31;2022-01-03;2065-12-14;Secured;0;N/A;Non-structured/Vanilla;0;No;0
389;r0390 - Non-financial liabilities;c004x   - Institutions;Rank 9 - Ranking in insolvency (master scale);962304820295900;BANCO SANTANDER SA;5493006QMFDDMYWIAM13;LEI code;Parent;false;PORTUGAL;Not applicable (Contractual recognition of bail-in powers);31,11;0;Euro;2021-12-31;2022-01-03;2099-01-31;Unsecured;0;N/A;Non-structured/Vanilla;0;No;0
390;r0120 - Secured liabilities - collateralized part (BRRD art. 44/2/b);c005x   - Other financial corporations;Rank 20 - Ranking in insolvency (master scale);338000000000000;HIPOTOTTA 5 PLC;7400987939;Type of identifier, other than LEI or MFI code;Sister;true;PORTUGAL;Not applicable (Contractual recognition of bail-in powers);170583,92;271,81;Euro;2021-12-31;2022-01-03;2065-12-14;Secured;0;N/A;Non-structured/Vanilla;0;No;0
391;r0390 - Non-financial liabilities;c004x   - Institutions;Rank 9 - Ranking in insolvency (master scale);962304820302710;BANCO SANTANDER SA;5493006QMFDDMYWIAM13;LEI code;Parent;false;PORTUGAL;Not applicable (Contractual recognition of bail-in powers);88,89;0;Euro;2021-12-31;2022-01-03;2099-01-31;Unsecured;0;N/A;Non-structured/Vanilla;0;No;0
392;r0120 - Secured liabilities - collateralized part (BRRD art. 44/2/b);c005x   - Other financial corporations;Rank 20 - Ranking in insolvency (master scale);342500000000000;GAMMA SOC TITULARIZACAO CREDITOS, SA;2101355138;Type of identifier, other than LEI or MFI code;Sister;true;PORTUGAL;Not applicable (Contractual recognition of bail-in powers);86158,66;54;Euro;2021-12-31;2022-01-03;2065-12-14;Secured;0;N/A;Non-structured/Vanilla;0;No;0
393;r0390 - Non-financial liabilities;c004x   - Institutions;Rank 9 - Ranking in insolvency (master scale);962304820307340;Sucursal BSCH Frankfurt;0000046859;Type of identifier, other than LEI or MFI code;Sister;false;PORTUGAL;Not applicable (Contractual recognition of bail-in powers);18,34;0;Euro;2021-12-31;2022-01-03;2099-01-31;Unsecured;0;N/A;Non-structured/Vanilla;0;No;0
394;r0120 - Secured liabilities - collateralized part (BRRD art. 44/2/b);c005x   - Other financial corporations;Rank 20 - Ranking in insolvency (master scale);341000000000000;HIPOTOTTA Nº 4 PLC;7400615058;Type of identifier, other than LEI or MFI code;Sister;true;PORTUGAL;Not applicable (Contractual recognition of bail-in powers);121484,7;5,92;Euro;2021-12-31;2022-01-03;2065-12-14;Secured;0;N/A;Non-structured/Vanilla;0;No;0
395;r0390 - Non-financial liabilities;c004x   - Institutions;Rank 9 - Ranking in insolvency (master scale);962304820309270;BANCO SANTANDER SA;5493006QMFDDMYWIAM13;LEI code;Parent;false;PORTUGAL;Not applicable (Contractual recognition of bail-in powers);82,18;0;Euro;2021-12-31;2022-01-03;2099-01-31;Unsecured;0;N/A;Non-structured/Vanilla;0;No;0
396;r0120 - Secured liabilities - collateralized part (BRRD art. 44/2/b);c005x   - Other financial corporations;Rank 20 - Ranking in insolvency (master scale);357000000000000;GAMMA SOC TITULARIZACAO CREDITOS, SA;2101355138;Type of identifier, other than LEI or MFI code;Sister;true;PORTUGAL;Not applicable (Contractual recognition of bail-in powers);86624,44;12,08;Euro;2021-12-31;2022-01-03;2065-12-14;Secured;0;N/A;Non-structured/Vanilla;0;No;0
397;r0390 - Non-financial liabilities;c004x   - Institutions;Rank 9 - Ranking in insolvency (master scale);962304820311040;Sucursal BSCH Frankfurt;0000046859;Type of identifier, other than LEI or MFI code;Sister;false;PORTUGAL;Not applicable (Contractual recognition of bail-in powers);4,24;0;Euro;2021-12-31;2022-01-03;2099-01-31;Unsecured;0;N/A;Non-structured/Vanilla;0;No;0
398;r0120 - Secured liabilities - collateralized part (BRRD art. 44/2/b);c005x   - Other financial corporations;Rank 20 - Ranking in insolvency (master scale);343000000000000;HIPOTOTTA Nº 4 PLC;7400615058;Type of identifier, other than LEI or MFI code;Sister;true;PORTUGAL;Not applicable (Contractual recognition of bail-in powers);102356;-7,72;Euro;2021-12-31;2022-01-03;2065-12-14;Secured;0;N/A;Non-structured/Vanilla;0;No;0
399;r0390 - Non-financial liabilities;c004x   - Institutions;Rank 9 - Ranking in insolvency (master scale);962304820319600;BANCO SANTANDER SA;5493006QMFDDMYWIAM13;LEI code;Parent;false;PORTUGAL;Not applicable (Contractual recognition of bail-in powers);6,67;0;Euro;2021-12-31;2022-01-03;2099-01-31;Unsecured;0;N/A;Non-structured/Vanilla;0;No;0
400;r0120 - Secured liabilities - collateralized part (BRRD art. 44/2/b);c005x   - Other financial corporations;Rank 20 - Ranking in insolvency (master scale);347000000000000;HIPOTOTTA Nº 4 PLC;7400615058;Type of identifier, other than LEI or MFI code;Sister;true;PORTUGAL;Not applicable (Contractual recognition of bail-in powers);36021,13;2,17;Euro;2021-12-31;2022-01-03;2065-12-14;Secured;0;N/A;Non-structured/Vanilla;0;No;0
401;r0390 - Non-financial liabilities;c004x   - Institutions;Rank 9 - Ranking in insolvency (master scale);962304820324550;BANCO SANTANDER SA;5493006QMFDDMYWIAM13;LEI code;Parent;false;PORTUGAL;Not applicable (Contractual recognition of bail-in powers);2,93;0;Euro;2021-12-31;2022-01-03;2099-01-31;Unsecured;0;N/A;Non-structured/Vanilla;0;No;0
402;r0120 - Secured liabilities - collateralized part (BRRD art. 44/2/b);c005x   - Other financial corporations;Rank 20 - Ranking in insolvency (master scale);344600000000000;HIPOTOTTA 5 PLC;7400987939;Type of identifier, other than LEI or MFI code;Sister;true;PORTUGAL;Not applicable (Contractual recognition of bail-in powers);57495,15;-0,69;Euro;2021-12-31;2022-01-03;2065-12-14;Secured;0;N/A;Non-structured/Vanilla;0;No;0
403;r0390 - Non-financial liabilities;c004x   - Institutions;Rank 9 - Ranking in insolvency (master scale);862304880031070;BANCO SANTANDER SA;5493006QMFDDMYWIAM13;LEI code;Parent;false;PORTUGAL;Not applicable (Contractual recognition of bail-in powers);3,23;0;Euro;2021-12-31;2022-01-03;2099-01-31;Unsecured;0;N/A;Non-structured/Vanilla;0;No;0
404;r0120 - Secured liabilities - collateralized part (BRRD art. 44/2/b);c005x   - Other financial corporations;Rank 20 - Ranking in insolvency (master scale);027600000000000;GAMMA SOC TITULARIZACAO CREDITOS, SA;2101355138;Type of identifier, other than LEI or MFI code;Sister;true;PORTUGAL;Not applicable (Contractual recognition of bail-in powers);1995,27;0;Euro;2021-12-31;2022-01-03;2065-12-14;Secured;0;N/A;Non-structured/Vanilla;0;No;0
405;r0390 - Non-financial liabilities;c004x   - Institutions;Rank 9 - Ranking in insolvency (master scale);862304880066880;BANCO SANTANDER SA;5493006QMFDDMYWIAM13;LEI code;Parent;false;PORTUGAL;Not applicable (Contractual recognition of bail-in powers);0,01;0;Euro;2021-12-31;2022-01-03;2099-01-31;Unsecured;0;N/A;Non-structured/Vanilla;0;No;0
406;r0120 - Secured liabilities - collateralized part (BRRD art. 44/2/b);c005x   - Other financial corporations;Rank 20 - Ranking in insolvency (master scale);348000000000000;GAMMA SOC TITULARIZACAO CREDITOS, SA;2101355138;Type of identifier, other than LEI or MFI code;Sister;true;PORTUGAL;Not applicable (Contractual recognition of bail-in powers);100544,75;-7,39;Euro;2021-12-31;2022-01-03;2065-12-14;Secured;0;N/A;Non-structured/Vanilla;0;No;0
407;r0390 - Non-financial liabilities;c004x   - Institutions;Rank 9 - Ranking in insolvency (master scale);862304880301360;BANCO SANTANDER SA;5493006QMFDDMYWIAM13;LEI code;Parent;false;PORTUGAL;Not applicable (Contractual recognition of bail-in powers);0,38;0;Euro;2021-12-31;2022-01-03;2099-01-31;Unsecured;0;N/A;Non-structured/Vanilla;0;No;0
408;r0120 - Secured liabilities - collateralized part (BRRD art. 44/2/b);c005x   - Other financial corporations;Rank 20 - Ranking in insolvency (master scale);353000000000000;HIPOTOTTA Nº 4 PLC;7400615058;Type of identifier, other than LEI or MFI code;Sister;true;PORTUGAL;Not applicable (Contractual recognition of bail-in powers);107322,95;59,3;Euro;2021-12-31;2022-01-03;2065-12-14;Secured;0;N/A;Non-structured/Vanilla;0;No;0
409;r0390 - Non-financial liabilities;c004x   - Institutions;Rank 9 - Ranking in insolvency (master scale);962304820028010;BANCO SANTANDER SA;5493006QMFDDMYWIAM13;LEI code;Parent;false;PORTUGAL;Not applicable (Contractual recognition of bail-in powers);45,56;0;Euro;2021-12-31;2022-01-03;2099-01-31;Unsecured;0;N/A;Non-structured/Vanilla;0;No;0
410;r0120 - Secured liabilities - collateralized part (BRRD art. 44/2/b);c005x   - Other financial corporations;Rank 20 - Ranking in insolvency (master scale);350500000000000;HIPOTOTTA Nº 4 PLC;7400615058;Type of identifier, other than LEI or MFI code;Sister;true;PORTUGAL;Not applicable (Contractual recognition of bail-in powers);274956,48;146,97;Euro;2021-12-31;2022-01-03;2065-12-14;Secured;0;N/A;Non-structured/Vanilla;0;No;0
411;r0390 - Non-financial liabilities;c004x   - Institutions;Rank 9 - Ranking in insolvency (master scale);962304820037810;BANCO SANTANDER SA;5493006QMFDDMYWIAM13;LEI code;Parent;false;PORTUGAL;Not applicable (Contractual recognition of bail-in powers);26,67;0;Euro;2021-12-31;2022-01-03;2099-01-31;Unsecured;0;N/A;Non-structured/Vanilla;0;No;0
412;r0390 - Non-financial liabilities;c004x   - Institutions;Rank 9 - Ranking in insolvency (master scale);262304820008010;BANCO SANTANDER SA;5493006QMFDDMYWIAM13;LEI code;Parent;false;PORTUGAL;Not applicable (Contractual recognition of bail-in powers);0,02;0;Euro;2021-12-31;2022-01-03;2099-01-31;Unsecured;0;N/A;Non-structured/Vanilla;0;No;0
413;r0390 - Non-financial liabilities;c004x   - Institutions;Rank 9 - Ranking in insolvency (master scale);962304820043570;BANCO SANTANDER SA;5493006QMFDDMYWIAM13;LEI code;Parent;false;PORTUGAL;Not applicable (Contractual recognition of bail-in powers);86,67;0;Euro;2021-12-31;2022-01-03;2099-01-31;Unsecured;0;N/A;Non-structured/Vanilla;0;No;0
414;r0120 - Secured liabilities - collateralized part (BRRD art. 44/2/b);c005x   - Other financial corporations;Rank 20 - Ranking in insolvency (master scale);353000000000000;HIPOTOTTA 5 PLC;7400987939;Type of identifier, other than LEI or MFI code;Sister;true;PORTUGAL;Not applicable (Contractual recognition of bail-in powers);37565,27;23,54;Euro;2021-12-31;2022-01-03;2065-12-14;Secured;0;N/A;Non-structured/Vanilla;0;No;0
415;r0390 - Non-financial liabilities;c004x   - Institutions;Rank 9 - Ranking in insolvency (master scale);962304820072940;BANCO SANTANDER SA;5493006QMFDDMYWIAM13;LEI code;Parent;false;PORTUGAL;Not applicable (Contractual recognition of bail-in powers);229,33;0;Euro;2021-12-31;2022-01-03;2099-01-31;Unsecured;0;N/A;Non-structured/Vanilla;0;No;0
416;r0120 - Secured liabilities - collateralized part (BRRD art. 44/2/b);c005x   - Other financial corporations;Rank 20 - Ranking in insolvency (master scale);357000000000000;HIPOTOTTA 5 PLC;7400987939;Type of identifier, other than LEI or MFI code;Sister;true;PORTUGAL;Not applicable (Contractual recognition of bail-in powers);40655,54;-5,8;Euro;2021-12-31;2022-01-03;2065-12-14;Secured;0;N/A;Non-structured/Vanilla;0;No;0
417;r0390 - Non-financial liabilities;c004x   - Institutions;Rank 9 - Ranking in insolvency (master scale);962304820111240;BANCO SANTANDER SA;5493006QMFDDMYWIAM13;LEI code;Parent;false;PORTUGAL;Not applicable (Contractual recognition of bail-in powers);40;0;Euro;2021-12-31;2022-01-03;2099-01-31;Unsecured;0;N/A;Non-structured/Vanilla;0;No;0
418;r0120 - Secured liabilities - collateralized part (BRRD art. 44/2/b);c005x   - Other financial corporations;Rank 20 - Ranking in insolvency (master scale);355200000000000;HIPOTOTTA 5 PLC;7400987939;Type of identifier, other than LEI or MFI code;Sister;true;PORTUGAL;Not applicable (Contractual recognition of bail-in powers);36169,85;8,1;Euro;2021-12-31;2022-01-03;2065-12-14;Secured;0;N/A;Non-structured/Vanilla;0;No;0
419;r0390 - Non-financial liabilities;c004x   - Institutions;Rank 9 - Ranking in insolvency (master scale);962304820131600;BANCO SANTANDER SA;5493006QMFDDMYWIAM13;LEI code;Parent;false;PORTUGAL;Not applicable (Contractual recognition of bail-in powers);54,44;0;Euro;2021-12-31;2022-01-03;2099-01-31;Unsecured;0;N/A;Non-structured/Vanilla;0;No;0
420;r0120 - Secured liabilities - collateralized part (BRRD art. 44/2/b);c005x   - Other financial corporations;Rank 20 - Ranking in insolvency (master scale);027800000000000;HIPOTOTTA 5 PLC;7400987939;Type of identifier, other than LEI or MFI code;Sister;true;PORTUGAL;Not applicable (Contractual recognition of bail-in powers);172053,31;-9,04;Euro;2021-12-31;2022-01-03;2065-12-14;Secured;0;N/A;Non-structured/Vanilla;0;No;0
421;r0390 - Non-financial liabilities;c004x   - Institutions;Rank 9 - Ranking in insolvency (master scale);962304820132350;BANCO SANTANDER SA;5493006QMFDDMYWIAM13;LEI code;Parent;false;PORTUGAL;Not applicable (Contractual recognition of bail-in powers);64,44;0;Euro;2021-12-31;2022-01-03;2099-01-31;Unsecured;0;N/A;Non-structured/Vanilla;0;No;0
422;r0120 - Secured liabilities - collateralized part (BRRD art. 44/2/b);c005x   - Other financial corporations;Rank 20 - Ranking in insolvency (master scale);357600000000000;GAMMA SOC TITULARIZACAO CREDITOS, SA;2101355138;Type of identifier, other than LEI or MFI code;Sister;true;PORTUGAL;Not applicable (Contractual recognition of bail-in powers);43836,23;69,85;Euro;2021-12-31;2022-01-03;2065-12-14;Secured;0;N/A;Non-structured/Vanilla;0;No;0
423;r0390 - Non-financial liabilities;c004x   - Institutions;Rank 9 - Ranking in insolvency (master scale);962304820139030;BANCO SANTANDER SA;5493006QMFDDMYWIAM13;LEI code;Parent;false;PORTUGAL;Not applicable (Contractual recognition of bail-in powers);64,44;0;Euro;2021-12-31;2022-01-03;2099-01-31;Unsecured;0;N/A;Non-structured/Vanilla;0;No;0
424;r0120 - Secured liabilities - collateralized part (BRRD art. 44/2/b);c005x   - Other financial corporations;Rank 20 - Ranking in insolvency (master scale);360500000000000;HIPOTOTTA Nº 4 PLC;7400615058;Type of identifier, other than LEI or MFI code;Sister;true;PORTUGAL;Not applicable (Contractual recognition of bail-in powers);50688,96;11,35;Euro;2021-12-31;2022-01-03;2065-12-14;Secured;0;N/A;Non-structured/Vanilla;0;No;0
425;r0390 - Non-financial liabilities;c004x   - Institutions;Rank 9 - Ranking in insolvency (master scale);962304820141970;BANCO SANTANDER SA;5493006QMFDDMYWIAM13;LEI code;Parent;false;PORTUGAL;Not applicable (Contractual recognition of bail-in powers);1,01;0;Euro;2021-12-31;2022-01-03;2099-01-31;Unsecured;0;N/A;Non-structured/Vanilla;0;No;0
426;r0390 - Non-financial liabilities;c004x   - Institutions;Rank 9 - Ranking in insolvency (master scale);362304820777020;BANCO SANTANDER SA;5493006QMFDDMYWIAM13;LEI code;Parent;false;PORTUGAL;Not applicable (Contractual recognition of bail-in powers);0,38;0;Euro;2021-12-31;2022-01-03;2099-01-31;Unsecured;0;N/A;Non-structured/Vanilla;0;No;0
427;r0390 - Non-financial liabilities;c004x   - Institutions;Rank 9 - Ranking in insolvency (master scale);962304820143820;BANCO SANTANDER SA;5493006QMFDDMYWIAM13;LEI code;Parent;false;PORTUGAL;Not applicable (Contractual recognition of bail-in powers);0,04;0;Euro;2021-12-31;2022-01-03;2099-01-31;Unsecured;0;N/A;Non-structured/Vanilla;0;No;0
428;r0390 - Non-financial liabilities;c004x   - Institutions;Rank 9 - Ranking in insolvency (master scale);000000000000000;BANCO SANTANDER SA;5493006QMFDDMYWIAM13;LEI code;Parent;false;PORTUGAL;Not applicable (Contractual recognition of bail-in powers);182778,72;0;Euro;2021-12-31;2022-01-03;2099-01-31;Unsecured;0;N/A;Non-structured/Vanilla;0;No;0
429;r0390 - Non-financial liabilities;c004x   - Institutions;Rank 9 - Ranking in insolvency (master scale);962304820150010;BANCO SANTANDER SA;5493006QMFDDMYWIAM13;LEI code;Parent;false;PORTUGAL;Not applicable (Contractual recognition of bail-in powers);0,68;0;Euro;2021-12-31;2022-01-03;2099-01-31;Unsecured;0;N/A;Non-structured/Vanilla;0;No;0
430;r0390 - Non-financial liabilities;c005x   - Other financial corporations;Rank 9 - Ranking in insolvency (master scale);001520210359094;UNICRE;0000002716;Type of identifier, other than LEI or MFI code;Sister;true;PORTUGAL;Not applicable (Contractual recognition of bail-in powers);81,49;0;Euro;2021-12-31;2022-01-03;2099-01-31;Unsecured;0;N/A;Non-structured/Vanilla;0;No;0
431;r0390 - Non-financial liabilities;c004x   - Institutions;Rank 9 - Ranking in insolvency (master scale);862304840046720;BANCO SANTANDER SA;5493006QMFDDMYWIAM13;LEI code;Parent;false;PORTUGAL;Not applicable (Contractual recognition of bail-in powers);0,31;0;Euro;2021-12-31;2022-01-03;2099-01-31;Unsecured;0;N/A;Non-structured/Vanilla;0;No;0
432;r0390 - Non-financial liabilities;c004x   - Institutions;Rank 9 - Ranking in insolvency (master scale);362304820908010;BANCO SANTANDER SA;5493006QMFDDMYWIAM13;LEI code;Parent;false;PORTUGAL;Not applicable (Contractual recognition of bail-in powers);2,83;0;Euro;2021-12-31;2022-01-03;2099-01-31;Unsecured;0;N/A;Non-structured/Vanilla;0;No;0
433;r0390 - Non-financial liabilities;c004x   - Institutions;Rank 9 - Ranking in insolvency (master scale);962304820326030;BANCO SANTANDER SA;5493006QMFDDMYWIAM13;LEI code;Parent;false;PORTUGAL;Not applicable (Contractual recognition of bail-in powers);84,44;0;Euro;2021-12-31;2022-01-03;2099-01-31;Unsecured;0;N/A;Non-structured/Vanilla;0;No;0
434;r0390 - Non-financial liabilities;c004x   - Institutions;Rank 9 - Ranking in insolvency (master scale);362304820963130;BANCO SANTANDER SA;5493006QMFDDMYWIAM13;LEI code;Parent;false;PORTUGAL;Not applicable (Contractual recognition of bail-in powers);46,67;0;Euro;2021-12-31;2022-01-03;2099-01-31;Unsecured;0;N/A;Non-structured/Vanilla;0;No;0
435;r0390 - Non-financial liabilities;c004x   - Institutions;Rank 9 - Ranking in insolvency (master scale);362304820801370;BANCO SANTANDER SA;5493006QMFDDMYWIAM13;LEI code;Parent;false;PORTUGAL;Not applicable (Contractual recognition of bail-in powers);138,06;0;Euro;2021-12-31;2022-01-03;2099-01-31;Unsecured;0;N/A;Non-structured/Vanilla;0;No;0
436;r0120 - Secured liabilities - collateralized part (BRRD art. 44/2/b);c005x   - Other financial corporations;Rank 20 - Ranking in insolvency (master scale);382000000000000;GAMMA SOC TITULARIZACAO CREDITOS, SA;2101355138;Type of identifier, other than LEI or MFI code;Sister;true;PORTUGAL;Not applicable (Contractual recognition of bail-in powers);80166,88;-10,12;Euro;2021-12-31;2022-01-03;2065-12-14;Secured;0;N/A;Non-structured/Vanilla;0;No;0
437;r0390 - Non-financial liabilities;c004x   - Institutions;Rank 9 - Ranking in insolvency (master scale);362304820864440;BANCO SANTANDER SA;5493006QMFDDMYWIAM13;LEI code;Parent;false;PORTUGAL;Not applicable (Contractual recognition of bail-in powers);132,18;0;Euro;2021-12-31;2022-01-03;2099-01-31;Unsecured;0;N/A;Non-structured/Vanilla;0;No;0
438;r0120 - Secured liabilities - collateralized part (BRRD art. 44/2/b);c005x   - Other financial corporations;Rank 20 - Ranking in insolvency (master scale);364000000000000;HIPOTOTTA 5 PLC;7400987939;Type of identifier, other than LEI or MFI code;Sister;true;PORTUGAL;Not applicable (Contractual recognition of bail-in powers);10756,61;2,37;Euro;2021-12-31;2022-01-03;2065-12-14;Secured;0;N/A;Non-structured/Vanilla;0;No;0
439;r0390 - Non-financial liabilities;c004x   - Institutions;Rank 9 - Ranking in insolvency (master scale);362304820963130;BANCO SANTANDER SA;5493006QMFDDMYWIAM13;LEI code;Parent;false;PORTUGAL;Not applicable (Contractual recognition of bail-in powers);0,01;0;Euro;2021-12-31;2022-01-03;2099-01-31;Unsecured;0;N/A;Non-structured/Vanilla;0;No;0
440;r0390 - Non-financial liabilities;c005x   - Other financial corporations;Rank 9 - Ranking in insolvency (master scale);261114050000000;Totta Ireland, PLC;8041492238;Type of identifier, other than LEI or MFI code;Sister;true;PORTUGAL;Not applicable (Contractual recognition of bail-in powers);8399,7;0;Euro;2021-12-31;2022-01-03;2099-01-31;Unsecured;0;N/A;Non-structured/Vanilla;0;No;0
441;r0390 - Non-financial liabilities;c005x   - Other financial corporations;Rank 9 - Ranking in insolvency (master scale);362304841016010;Santander Consumer Finance, S.A.;8046556500;Type of identifier, other than LEI or MFI code;Sister;false;PORTUGAL;Not applicable (Contractual recognition of bail-in powers);10,49;0;Euro;2021-12-31;2022-01-03;2099-01-31;Unsecured;0;N/A;Non-structured/Vanilla;0;No;0
442;r0120 - Secured liabilities - collateralized part (BRRD art. 44/2/b);c005x   - Other financial corporations;Rank 20 - Ranking in insolvency (master scale);366500000000000;HIPOTOTTA Nº 4 PLC;7400615058;Type of identifier, other than LEI or MFI code;Sister;true;PORTUGAL;Not applicable (Contractual recognition of bail-in powers);194794,94;110,42;Euro;2021-12-31;2022-01-03;2065-12-14;Secured;0;N/A;Non-structured/Vanilla;0;No;0
443;r0120 - Secured liabilities - collateralized part (BRRD art. 44/2/b);c005x   - Other financial corporations;Rank 20 - Ranking in insolvency (master scale);364500000000000;HIPOTOTTA Nº 4 PLC;7400615058;Type of identifier, other than LEI or MFI code;Sister;true;PORTUGAL;Not applicable (Contractual recognition of bail-in powers);31490,35;12,3;Euro;2021-12-31;2022-01-03;2065-12-14;Secured;0;N/A;Non-structured/Vanilla;0;No;0
444;r0390 - Non-financial liabilities;c006x   - Insurance firms & pension funds;Rank 9 - Ranking in insolvency (master scale);000000000000000;Totta Seguros - Comp. Seg. Vida, SA.;54930006K2IUPA083C07;LEI code;Sister;true;PORTUGAL;Not applicable (Contractual recognition of bail-in powers);1387907,213;0;Euro;2021-12-31;2022-01-03;2099-01-31;Unsecured;0;N/A;Non-structured/Vanilla;0;No;0
445;r0120 - Secured liabilities - collateralized part (BRRD art. 44/2/b);c005x   - Other financial corporations;Rank 20 - Ranking in insolvency (master scale);366000000000000;HIPOTOTTA Nº 4 PLC;7400615058;Type of identifier, other than LEI or MFI code;Sister;true;PORTUGAL;Not applicable (Contractual recognition of bail-in powers);16769,69;3,69;Euro;2021-12-31;2022-01-03;2065-12-14;Secured;0;N/A;Non-structured/Vanilla;0;No;0
446;r0120 - Secured liabilities - collateralized part (BRRD art. 44/2/b);c005x   - Other financial corporations;Rank 20 - Ranking in insolvency (master scale);373800000000000;GAMMA SOC TITULARIZACAO CREDITOS, SA;2101355138;Type of identifier, other than LEI or MFI code;Sister;true;PORTUGAL;Not applicable (Contractual recognition of bail-in powers);137485,51;70,28;Euro;2021-12-31;2022-01-03;2065-12-14;Secured;0;N/A;Non-structured/Vanilla;0;No;0
447;r0120 - Secured liabilities - collateralized part (BRRD art. 44/2/b);c005x   - Other financial corporations;Rank 20 - Ranking in insolvency (master scale);367000000000000;GAMMA SOC TITULARIZACAO CREDITOS, SA;2101355138;Type of identifier, other than LEI or MFI code;Sister;true;PORTUGAL;Not applicable (Contractual recognition of bail-in powers);49239,85;30,66;Euro;2021-12-31;2022-01-03;2065-12-14;Secured;0;N/A;Non-structured/Vanilla;0;No;0
448;r0390 - Non-financial liabilities;c004x   - Institutions;Rank 9 - Ranking in insolvency (master scale);262304820018460;BANCO SANTANDER SA;5493006QMFDDMYWIAM13;LEI code;Parent;false;PORTUGAL;Not applicable (Contractual recognition of bail-in powers);22,67;0;Euro;2021-12-31;2022-01-03;2099-01-31;Unsecured;0;N/A;Non-structured/Vanilla;0;No;0
449;r0120 - Secured liabilities - collateralized part (BRRD art. 44/2/b);c005x   - Other financial corporations;Rank 20 - Ranking in insolvency (master scale);369400000000000;HIPOTOTTA Nº 4 PLC;7400615058;Type of identifier, other than LEI or MFI code;Sister;true;PORTUGAL;Not applicable (Contractual recognition of bail-in powers);5828,66;3,65;Euro;2021-12-31;2022-01-03;2065-12-14;Secured;0;N/A;Non-structured/Vanilla;0;No;0
450;r0120 - Secured liabilities - collateralized part (BRRD art. 44/2/b);c005x   - Other financial corporations;Rank 20 - Ranking in insolvency (master scale);377500000000000;HIPOTOTTA Nº 4 PLC;7400615058;Type of identifier, other than LEI or MFI code;Sister;true;PORTUGAL;Not applicable (Contractual recognition of bail-in powers);12759,08;20,21;Euro;2021-12-31;2022-01-03;2065-12-14;Secured;0;N/A;Non-structured/Vanilla;0;No;0
451;r0120 - Secured liabilities - collateralized part (BRRD art. 44/2/b);c005x   - Other financial corporations;Rank 20 - Ranking in insolvency (master scale);374000000000000;GAMMA SOC TITULARIZACAO CREDITOS, SA;2101355138;Type of identifier, other than LEI or MFI code;Sister;true;PORTUGAL;Not applicable (Contractual recognition of bail-in powers);104771,01;22,06;Euro;2021-12-31;2022-01-03;2065-12-14;Secured;0;N/A;Non-structured/Vanilla;0;No;0
452;r0390 - Non-financial liabilities;c004x   - Institutions;Rank 9 - Ranking in insolvency (master scale);399904810554730;BANCO SANTANDER SA;5493006QMFDDMYWIAM13;LEI code;Parent;false;PORTUGAL;Not applicable (Contractual recognition of bail-in powers);0,03;0;Euro;2021-12-31;2022-01-03;2099-01-31;Unsecured;0;N/A;Non-structured/Vanilla;0;No;0
453;r0120 - Secured liabilities - collateralized part (BRRD art. 44/2/b);c005x   - Other financial corporations;Rank 20 - Ranking in insolvency (master scale);376000000000000;GAMMA SOC TITULARIZACAO CREDITOS, SA;2101355138;Type of identifier, other than LEI or MFI code;Sister;true;PORTUGAL;Not applicable (Contractual recognition of bail-in powers);150854,05;95,23;Euro;2021-12-31;2022-01-03;2065-12-14;Secured;0;N/A;Non-structured/Vanilla;0;No;0
454;r0120 - Secured liabilities - collateralized part (BRRD art. 44/2/b);c005x   - Other financial corporations;Rank 20 - Ranking in insolvency (master scale);381500000000000;HIPOTOTTA Nº 4 PLC;7400615058;Type of identifier, other than LEI or MFI code;Sister;true;PORTUGAL;Not applicable (Contractual recognition of bail-in powers);16841,59;33,71;Euro;2021-12-31;2022-01-03;2065-12-14;Secured;0;N/A;Non-structured/Vanilla;0;No;0
455;r0120 - Secured liabilities - collateralized part (BRRD art. 44/2/b);c005x   - Other financial corporations;Rank 20 - Ranking in insolvency (master scale);378000000000000;HIPOTOTTA Nº 4 PLC;7400615058;Type of identifier, other than LEI or MFI code;Sister;true;PORTUGAL;Not applicable (Contractual recognition of bail-in powers);11886,36;2,47;Euro;2021-12-31;2022-01-03;2065-12-14;Secured;0;N/A;Non-structured/Vanilla;0;No;0
456;r0390 - Non-financial liabilities;c004x   - Institutions;Rank 9 - Ranking in insolvency (master scale);262304820019730;BANCO SANTANDER SA;5493006QMFDDMYWIAM13;LEI code;Parent;false;PORTUGAL;Not applicable (Contractual recognition of bail-in powers);0,3;0;Euro;2021-12-31;2022-01-03;2099-01-31;Unsecured;0;N/A;Non-structured/Vanilla;0;No;0
457;r0120 - Secured liabilities - collateralized part (BRRD art. 44/2/b);c005x   - Other financial corporations;Rank 20 - Ranking in insolvency (master scale);379000000000000;HIPOTOTTA Nº 4 PLC;7400615058;Type of identifier, other than LEI or MFI code;Sister;true;PORTUGAL;Not applicable (Contractual recognition of bail-in powers);110463,8;109,98;Euro;2021-12-31;2022-01-03;2065-12-14;Secured;0;N/A;Non-structured/Vanilla;0;No;0
458;r0120 - Secured liabilities - collateralized part (BRRD art. 44/2/b);c005x   - Other financial corporations;Rank 20 - Ranking in insolvency (master scale);385500000000000;HIPOTOTTA Nº 4 PLC;7400615058;Type of identifier, other than LEI or MFI code;Sister;true;PORTUGAL;Not applicable (Contractual recognition of bail-in powers);4134,81;2,57;Euro;2021-12-31;2022-01-03;2065-12-14;Secured;0;N/A;Non-structured/Vanilla;0;No;0
459;r0120 - Secured liabilities - collateralized part (BRRD art. 44/2/b);c005x   - Other financial corporations;Rank 20 - Ranking in insolvency (master scale);381500000000000;HIPOTOTTA 5 PLC;7400987939;Type of identifier, other than LEI or MFI code;Sister;true;PORTUGAL;Not applicable (Contractual recognition of bail-in powers);51122,61;81,25;Euro;2021-12-31;2022-01-03;2065-12-14;Secured;0;N/A;Non-structured/Vanilla;0;No;0
460;r0120 - Secured liabilities - collateralized part (BRRD art. 44/2/b);c005x   - Other financial corporations;Rank 20 - Ranking in insolvency (master scale);025600000000000;HIPOTOTTA Nº 4 PLC;7400615058;Type of identifier, other than LEI or MFI code;Sister;true;PORTUGAL;Not applicable (Contractual recognition of bail-in powers);735526,42;155,88;Euro;2021-12-31;2022-01-03;2065-12-14;Secured;0;N/A;Non-structured/Vanilla;0;No;0
461;r0120 - Secured liabilities - collateralized part (BRRD art. 44/2/b);c005x   - Other financial corporations;Rank 20 - Ranking in insolvency (master scale);384000000000000;GAMMA SOC TITULARIZACAO CREDITOS, SA;2101355138;Type of identifier, other than LEI or MFI code;Sister;true;PORTUGAL;Not applicable (Contractual recognition of bail-in powers);70781,61;-9,45;Euro;2021-12-31;2022-01-03;2065-12-14;Secured;0;N/A;Non-structured/Vanilla;0;No;0
462;r0120 - Secured liabilities - collateralized part (BRRD art. 44/2/b);c005x   - Other financial corporations;Rank 20 - Ranking in insolvency (master scale);388000000000000;HIPOTOTTA Nº 4 PLC;7400615058;Type of identifier, other than LEI or MFI code;Sister;true;PORTUGAL;Not applicable (Contractual recognition of bail-in powers);24158,34;9,2;Euro;2021-12-31;2022-01-03;2065-12-14;Secured;0;N/A;Non-structured/Vanilla;0;No;0
463;r0120 - Secured liabilities - collateralized part (BRRD art. 44/2/b);c005x   - Other financial corporations;Rank 20 - Ranking in insolvency (master scale);385500000000000;HIPOTOTTA 5 PLC;7400987939;Type of identifier, other than LEI or MFI code;Sister;true;PORTUGAL;Not applicable (Contractual recognition of bail-in powers);56019,22;25,86;Euro;2021-12-31;2022-01-03;2065-12-14;Secured;0;N/A;Non-structured/Vanilla;0;No;0
464;r0390 - Non-financial liabilities;c004x   - Institutions;Rank 9 - Ranking in insolvency (master scale);262304820021220;BANCO SANTANDER SA;5493006QMFDDMYWIAM13;LEI code;Parent;false;PORTUGAL;Not applicable (Contractual recognition of bail-in powers);12,89;0;Euro;2021-12-31;2022-01-03;2099-01-31;Unsecured;0;N/A;Non-structured/Vanilla;0;No;0
465;r0120 - Secured liabilities - collateralized part (BRRD art. 44/2/b);c005x   - Other financial corporations;Rank 20 - Ranking in insolvency (master scale);386500000000000;HIPOTOTTA 5 PLC;7400987939;Type of identifier, other than LEI or MFI code;Sister;true;PORTUGAL;Not applicable (Contractual recognition of bail-in powers);157727,75;-22,49;Euro;2021-12-31;2022-01-03;2065-12-14;Secured;0;N/A;Non-structured/Vanilla;0;No;0
466;r0390 - Non-financial liabilities;c004x   - Institutions;Rank 9 - Ranking in insolvency (master scale);399904810310110;BANCO SANTANDER SA;5493006QMFDDMYWIAM13;LEI code;Parent;false;PORTUGAL;Not applicable (Contractual recognition of bail-in powers);0,42;0;Euro;2021-12-31;2022-01-03;2099-01-31;Unsecured;0;N/A;Non-structured/Vanilla;0;No;0
467;r0120 - Secured liabilities - collateralized part (BRRD art. 44/2/b);c005x   - Other financial corporations;Rank 20 - Ranking in insolvency (master scale);389000000000000;HIPOTOTTA Nº 4 PLC;7400615058;Type of identifier, other than LEI or MFI code;Sister;true;PORTUGAL;Not applicable (Contractual recognition of bail-in powers);60092,15;56,44;Euro;2021-12-31;2022-01-03;2065-12-14;Secured;0;N/A;Non-structured/Vanilla;0;No;0
468;r0390 - Non-financial liabilities;c004x   - Institutions;Rank 9 - Ranking in insolvency (master scale);588804815653850;BANCO SANTANDER SA;5493006QMFDDMYWIAM13;LEI code;Parent;false;PORTUGAL;Not applicable (Contractual recognition of bail-in powers);0,14;0;Euro;2021-12-31;2022-01-03;2099-01-31;Unsecured;0;N/A;Non-structured/Vanilla;0;No;0
469;r0390 - Non-financial liabilities;c004x   - Institutions;Rank 9 - Ranking in insolvency (master scale);399904810276580;BANCO SANTANDER SA;5493006QMFDDMYWIAM13;LEI code;Parent;false;PORTUGAL;Not applicable (Contractual recognition of bail-in powers);1,6;0;Euro;2021-12-31;2022-01-03;2099-01-31;Unsecured;0;N/A;Non-structured/Vanilla;0;No;0
470;r0390 - Non-financial liabilities;c004x   - Institutions;Rank 9 - Ranking in insolvency (master scale);399904810497040;BANCO SANTANDER SA;5493006QMFDDMYWIAM13;LEI code;Parent;false;PORTUGAL;Not applicable (Contractual recognition of bail-in powers);0,06;0;Euro;2021-12-31;2022-01-03;2099-01-31;Unsecured;0;N/A;Non-structured/Vanilla;0;No;0
471;r0390 - Non-financial liabilities;c004x   - Institutions;Rank 9 - Ranking in insolvency (master scale);399904810324650;BANCO SANTANDER SA;5493006QMFDDMYWIAM13;LEI code;Parent;false;PORTUGAL;Not applicable (Contractual recognition of bail-in powers);0,04;0;Euro;2021-12-31;2022-01-03;2099-01-31;Unsecured;0;N/A;Non-structured/Vanilla;0;No;0
472;r0390 - Non-financial liabilities;c004x   - Institutions;Rank 9 - Ranking in insolvency (master scale);262304820022810;BANCO SANTANDER SA;5493006QMFDDMYWIAM13;LEI code;Parent;false;PORTUGAL;Not applicable (Contractual recognition of bail-in powers);13,15;0;Euro;2021-12-31;2022-01-03;2099-01-31;Unsecured;0;N/A;Non-structured/Vanilla;0;No;0
473;r0120 - Secured liabilities - collateralized part (BRRD art. 44/2/b);c005x   - Other financial corporations;Rank 20 - Ranking in insolvency (master scale);028700000000000;HIPOTOTTA Nº 4 PLC;7400615058;Type of identifier, other than LEI or MFI code;Sister;true;PORTUGAL;Not applicable (Contractual recognition of bail-in powers);641012,76;372,97;Euro;2021-12-31;2022-01-03;2065-12-14;Secured;0;N/A;Non-structured/Vanilla;0;No;0
474;r0390 - Non-financial liabilities;c004x   - Institutions;Rank 9 - Ranking in insolvency (master scale);399904811255600;BANCO SANTANDER SA;5493006QMFDDMYWIAM13;LEI code;Parent;false;PORTUGAL;Not applicable (Contractual recognition of bail-in powers);0,38;0;Euro;2021-12-31;2022-01-03;2099-01-31;Unsecured;0;N/A;Non-structured/Vanilla;0;No;0
475;r0120 - Secured liabilities - collateralized part (BRRD art. 44/2/b);c005x   - Other financial corporations;Rank 20 - Ranking in insolvency (master scale);023800000000000;HIPOTOTTA 5 PLC;7400987939;Type of identifier, other than LEI or MFI code;Sister;true;PORTUGAL;Not applicable (Contractual recognition of bail-in powers);384491,02;-63,24;Euro;2021-12-31;2022-01-03;2065-12-14;Secured;0;N/A;Non-structured/Vanilla;0;No;0
476;r0120 - Secured liabilities - collateralized part (BRRD art. 44/2/b);c005x   - Other financial corporations;Rank 20 - Ranking in insolvency (master scale);330500000000000;HIPOTOTTA 5 PLC;7400987939;Type of identifier, other than LEI or MFI code;Sister;true;PORTUGAL;Not applicable (Contractual recognition of bail-in powers);45414,47;6,35;Euro;2021-12-31;2022-01-03;2065-12-14;Secured;0;N/A;Non-structured/Vanilla;0;No;0
477;r0120 - Secured liabilities - collateralized part (BRRD art. 44/2/b);c005x   - Other financial corporations;Rank 20 - Ranking in insolvency (master scale);028800000000000;HIPOTOTTA Nº 4 PLC;7400615058;Type of identifier, other than LEI or MFI code;Sister;true;PORTUGAL;Not applicable (Contractual recognition of bail-in powers);512300,4;116,86;Euro;2021-12-31;2022-01-03;2065-12-14;Secured;0;N/A;Non-structured/Vanilla;0;No;0
478;r0390 - Non-financial liabilities;c003x   - Corporates;Rank 9 - Ranking in insolvency (master scale);399904875248090;TottaUrbe;8000391312;Type of identifier, other than LEI or MFI code;Sister;true;PORTUGAL;Not applicable (Contractual recognition of bail-in powers);5,32;0;Euro;2021-12-31;2022-01-03;2099-01-31;Unsecured;0;N/A;Non-structured/Vanilla;0;No;0
479;r0390 - Non-financial liabilities;c004x   - Institutions;Rank 9 - Ranking in insolvency (master scale);588804832575100;BANCO SANTANDER SA;5493006QMFDDMYWIAM13;LEI code;Parent;false;PORTUGAL;Not applicable (Contractual recognition of bail-in powers);0,1;0;Euro;2021-12-31;2022-01-03;2099-01-31;Unsecured;0;N/A;Non-structured/Vanilla;0;No;0
480;r0390 - Non-financial liabilities;c004x   - Institutions;Rank 9 - Ranking in insolvency (master scale);262304820022860;BANCO SANTANDER SA;5493006QMFDDMYWIAM13;LEI code;Parent;false;PORTUGAL;Not applicable (Contractual recognition of bail-in powers);0,71;0;Euro;2021-12-31;2022-01-03;2099-01-31;Unsecured;0;N/A;Non-structured/Vanilla;0;No;0
481;r0120 - Secured liabilities - collateralized part (BRRD art. 44/2/b);c005x   - Other financial corporations;Rank 20 - Ranking in insolvency (master scale);028900000000000;HIPOTOTTA 5 PLC;7400987939;Type of identifier, other than LEI or MFI code;Sister;true;PORTUGAL;Not applicable (Contractual recognition of bail-in powers);16687,24;10,82;Euro;2021-12-31;2022-01-03;2065-12-14;Secured;0;N/A;Non-structured/Vanilla;0;No;0
482;r0390 - Non-financial liabilities;c004x   - Institutions;Rank 9 - Ranking in insolvency (master scale);562304840058490;BANCO SANTANDER SA;5493006QMFDDMYWIAM13;LEI code;Parent;false;PORTUGAL;Not applicable (Contractual recognition of bail-in powers);3,06;0;Euro;2021-12-31;2022-01-03;2099-01-31;Unsecured;0;N/A;Non-structured/Vanilla;0;No;0
483;r0120 - Secured liabilities - collateralized part (BRRD art. 44/2/b);c005x   - Other financial corporations;Rank 20 - Ranking in insolvency (master scale);023900000000000;HIPOTOTTA Nº 4 PLC;7400615058;Type of identifier, other than LEI or MFI code;Sister;true;PORTUGAL;Not applicable (Contractual recognition of bail-in powers);2025707,11;352,54;Euro;2021-12-31;2022-01-03;2065-12-14;Secured;0;N/A;Non-structured/Vanilla;0;No;0
484;r0120 - Secured liabilities - collateralized part (BRRD art. 44/2/b);c005x   - Other financial corporations;Rank 20 - Ranking in insolvency (master scale);034200000000000;GAMMA SOC TITULARIZACAO CREDITOS, SA;2101355138;Type of identifier, other than LEI or MFI code;Sister;true;PORTUGAL;Not applicable (Contractual recognition of bail-in powers);111945,16;1,23;Euro;2021-12-31;2022-01-03;2065-12-14;Secured;0;N/A;Non-structured/Vanilla;0;No;0
485;r0120 - Secured liabilities - collateralized part (BRRD art. 44/2/b);c005x   - Other financial corporations;Rank 20 - Ranking in insolvency (master scale);029100000000000;HIPOTOTTA Nº 4 PLC;7400615058;Type of identifier, other than LEI or MFI code;Sister;true;PORTUGAL;Not applicable (Contractual recognition of bail-in powers);1009654,42;226,79;Euro;2021-12-31;2022-01-03;2065-12-14;Secured;0;N/A;Non-structured/Vanilla;0;No;0
486;r0390 - Non-financial liabilities;c004x   - Institutions;Rank 9 - Ranking in insolvency (master scale);588804815653660;BANCO SANTANDER SA;5493006QMFDDMYWIAM13;LEI code;Parent;false;PORTUGAL;Not applicable (Contractual recognition of bail-in powers);0,09;0;Euro;2021-12-31;2022-01-03;2099-01-31;Unsecured;0;N/A;Non-structured/Vanilla;0;No;0
487;r0390 - Non-financial liabilities;c004x   - Institutions;Rank 9 - Ranking in insolvency (master scale);262304820025410;BANCO SANTANDER SA;5493006QMFDDMYWIAM13;LEI code;Parent;false;PORTUGAL;Not applicable (Contractual recognition of bail-in powers);1,33;0;Euro;2021-12-31;2022-01-03;2099-01-31;Unsecured;0;N/A;Non-structured/Vanilla;0;No;0
488;r0390 - Non-financial liabilities;c004x   - Institutions;Rank 9 - Ranking in insolvency (master scale);262304820023910;BANCO SANTANDER SA;5493006QMFDDMYWIAM13;LEI code;Parent;false;PORTUGAL;Not applicable (Contractual recognition of bail-in powers);3,11;0;Euro;2021-12-31;2022-01-03;2099-01-31;Unsecured;0;N/A;Non-structured/Vanilla;0;No;0
489;r0390 - Non-financial liabilities;c004x   - Institutions;Rank 9 - Ranking in insolvency (master scale);588804815653320;BANCO SANTANDER SA;5493006QMFDDMYWIAM13;LEI code;Parent;false;PORTUGAL;Not applicable (Contractual recognition of bail-in powers);0,1;0;Euro;2021-12-31;2022-01-03;2099-01-31;Unsecured;0;N/A;Non-structured/Vanilla;0;No;0
490;r0390 - Non-financial liabilities;c004x   - Institutions;Rank 9 - Ranking in insolvency (master scale);588804815655520;BANCO SANTANDER SA;5493006QMFDDMYWIAM13;LEI code;Parent;false;PORTUGAL;Not applicable (Contractual recognition of bail-in powers);0,01;0;Euro;2021-12-31;2022-01-03;2099-01-31;Unsecured;0;N/A;Non-structured/Vanilla;0;No;0
491;r0390 - Non-financial liabilities;c004x   - Institutions;Rank 9 - Ranking in insolvency (master scale);588804815653700;BANCO SANTANDER SA;5493006QMFDDMYWIAM13;LEI code;Parent;false;PORTUGAL;Not applicable (Contractual recognition of bail-in powers);0,24;0;Euro;2021-12-31;2022-01-03;2099-01-31;Unsecured;0;N/A;Non-structured/Vanilla;0;No;0
492;r0390 - Non-financial liabilities;c004x   - Institutions;Rank 9 - Ranking in insolvency (master scale);599904831634040;BANCO SANTANDER SA;5493006QMFDDMYWIAM13;LEI code;Parent;false;PORTUGAL;Not applicable (Contractual recognition of bail-in powers);0,17;0;Euro;2021-12-31;2022-01-03;2099-01-31;Unsecured;0;N/A;Non-structured/Vanilla;0;No;0
493;r0390 - Non-financial liabilities;c004x   - Institutions;Rank 9 - Ranking in insolvency (master scale);588804815654380;BANCO SANTANDER SA;5493006QMFDDMYWIAM13;LEI code;Parent;false;PORTUGAL;Not applicable (Contractual recognition of bail-in powers);0,1;0;Euro;2021-12-31;2022-01-03;2099-01-31;Unsecured;0;N/A;Non-structured/Vanilla;0;No;0
494;r0390 - Non-financial liabilities;c004x   - Institutions;Rank 9 - Ranking in insolvency (master scale);588804815682550;BANCO SANTANDER SA;5493006QMFDDMYWIAM13;LEI code;Parent;false;PORTUGAL;Not applicable (Contractual recognition of bail-in powers);0,01;0;Euro;2021-12-31;2022-01-03;2099-01-31;Unsecured;0;N/A;Non-structured/Vanilla;0;No;0
495;r0390 - Non-financial liabilities;c004x   - Institutions;Rank 9 - Ranking in insolvency (master scale);588804815655670;BANCO SANTANDER SA;5493006QMFDDMYWIAM13;LEI code;Parent;false;PORTUGAL;Not applicable (Contractual recognition of bail-in powers);0,01;0;Euro;2021-12-31;2022-01-03;2099-01-31;Unsecured;0;N/A;Non-structured/Vanilla;0;No;0
496;r0390 - Non-financial liabilities;c003x   - Corporates;Rank 9 - Ranking in insolvency (master scale);262304840017910;CONSULTEAM-CONSULTORES GESTAO,SA;5100262318;Type of identifier, other than LEI or MFI code;Sister;false;PORTUGAL;Not applicable (Contractual recognition of bail-in powers);5,74;0;Euro;2021-12-31;2022-01-03;2099-01-31;Unsecured;0;N/A;Non-structured/Vanilla;0;No;0
497;r0120 - Secured liabilities - collateralized part (BRRD art. 44/2/b);c005x   - Other financial corporations;Rank 20 - Ranking in insolvency (master scale);030900000000000;HIPOTOTTA 5 PLC;7400987939;Type of identifier, other than LEI or MFI code;Sister;true;PORTUGAL;Not applicable (Contractual recognition of bail-in powers);33243,17;59,11;Euro;2021-12-31;2022-01-03;2065-12-14;Secured;0;N/A;Non-structured/Vanilla;0;No;0
498;r0390 - Non-financial liabilities;c004x   - Institutions;Rank 9 - Ranking in insolvency (master scale);588804830644890;BANCO SANTANDER SA;5493006QMFDDMYWIAM13;LEI code;Parent;false;PORTUGAL;Not applicable (Contractual recognition of bail-in powers);0,25;0;Euro;2021-12-31;2022-01-03;2099-01-31;Unsecured;0;N/A;Non-structured/Vanilla;0;No;0
499;r0120 - Secured liabilities - collateralized part (BRRD art. 44/2/b);c005x   - Other financial corporations;Rank 20 - Ranking in insolvency (master scale);024200000000000;HIPOTOTTA Nº 4 PLC;7400615058;Type of identifier, other than LEI or MFI code;Sister;true;PORTUGAL;Not applicable (Contractual recognition of bail-in powers);80307,37;86,04;Euro;2021-12-31;2022-01-03;2065-12-14;Secured;0;N/A;Non-structured/Vanilla;0;No;0
500;r0390 - Non-financial liabilities;c003x   - Corporates;Rank 9 - Ranking in insolvency (master scale);262304840018860;CONSULTEAM-CONSULTORES GESTAO,SA;5100262318;Type of identifier, other than LEI or MFI code;Sister;false;PORTUGAL;Not applicable (Contractual recognition of bail-in powers);4,59;0;Euro;2021-12-31;2022-01-03;2099-01-31;Unsecured;0;N/A;Non-structured/Vanilla;0;No;0
501;r0120 - Secured liabilities - collateralized part (BRRD art. 44/2/b);c005x   - Other financial corporations;Rank 20 - Ranking in insolvency (master scale);031900000000000;HIPOTOTTA Nº 4 PLC;7400615058;Type of identifier, other than LEI or MFI code;Sister;true;PORTUGAL;Not applicable (Contractual recognition of bail-in powers);191225,14;26,28;Euro;2021-12-31;2022-01-03;2065-12-14;Secured;0;N/A;Non-structured/Vanilla;0;No;0
502;r0390 - Non-financial liabilities;c004x   - Institutions;Rank 9 - Ranking in insolvency (master scale);599904815282560;BANCO SANTANDER SA;5493006QMFDDMYWIAM13;LEI code;Parent;false;PORTUGAL;Not applicable (Contractual recognition of bail-in powers);0,06;0;Euro;2021-12-31;2022-01-03;2099-01-31;Unsecured;0;N/A;Non-structured/Vanilla;0;No;0
503;r0390 - Non-financial liabilities;c004x   - Institutions;Rank 9 - Ranking in insolvency (master scale);588804831738600;BANCO SANTANDER SA;5493006QMFDDMYWIAM13;LEI code;Parent;false;PORTUGAL;Not applicable (Contractual recognition of bail-in powers);0,57;0;Euro;2021-12-31;2022-01-03;2099-01-31;Unsecured;0;N/A;Non-structured/Vanilla;0;No;0
504;r0390 - Non-financial liabilities;c003x   - Corporates;Rank 9 - Ranking in insolvency (master scale);599904815306540;TottaUrbe;8000391312;Type of identifier, other than LEI or MFI code;Sister;true;PORTUGAL;Not applicable (Contractual recognition of bail-in powers);5,67;0;Euro;2021-12-31;2022-01-03;2099-01-31;Unsecured;0;N/A;Non-structured/Vanilla;0;No;0
505;r0390 - Non-financial liabilities;c004x   - Institutions;Rank 9 - Ranking in insolvency (master scale);588804830753910;BANCO SANTANDER SA;5493006QMFDDMYWIAM13;LEI code;Parent;false;PORTUGAL;Not applicable (Contractual recognition of bail-in powers);0,1;0;Euro;2021-12-31;2022-01-03;2099-01-31;Unsecured;0;N/A;Non-structured/Vanilla;0;No;0
506;r0390 - Non-financial liabilities;c004x   - Institutions;Rank 9 - Ranking in insolvency (master scale);599904815136520;BANCO SANTANDER SA;5493006QMFDDMYWIAM13;LEI code;Parent;false;PORTUGAL;Not applicable (Contractual recognition of bail-in powers);1,21;0;Euro;2021-12-31;2022-01-03;2099-01-31;Unsecured;0;N/A;Non-structured/Vanilla;0;No;0
507;r0390 - Non-financial liabilities;c004x   - Institutions;Rank 9 - Ranking in insolvency (master scale);588804831316870;BANCO SANTANDER SA;5493006QMFDDMYWIAM13;LEI code;Parent;false;PORTUGAL;Not applicable (Contractual recognition of bail-in powers);0,28;0;Euro;2021-12-31;2022-01-03;2099-01-31;Unsecured;0;N/A;Non-structured/Vanilla;0;No;0
508;r0390 - Non-financial liabilities;c004x   - Institutions;Rank 9 - Ranking in insolvency (master scale);588804832535910;BANCO SANTANDER SA;5493006QMFDDMYWIAM13;LEI code;Parent;false;PORTUGAL;Not applicable (Contractual recognition of bail-in powers);0,11;0;Euro;2021-12-31;2022-01-03;2099-01-31;Unsecured;0;N/A;Non-structured/Vanilla;0;No;0
509;r0120 - Secured liabilities - collateralized part (BRRD art. 44/2/b);c005x   - Other financial corporations;Rank 20 - Ranking in insolvency (master scale);033300000000000;GAMMA SOC TITULARIZACAO CREDITOS, SA;2101355138;Type of identifier, other than LEI or MFI code;Sister;true;PORTUGAL;Not applicable (Contractual recognition of bail-in powers);152815,19;125,54;Euro;2021-12-31;2022-01-03;2065-12-14;Secured;0;N/A;Non-structured/Vanilla;0;No;0
510;r0390 - Non-financial liabilities;c004x   - Institutions;Rank 9 - Ranking in insolvency (master scale);599904815004320;BANCO SANTANDER SA;5493006QMFDDMYWIAM13;LEI code;Parent;false;PORTUGAL;Not applicable (Contractual recognition of bail-in powers);0,96;0;Euro;2021-12-31;2022-01-03;2099-01-31;Unsecured;0;N/A;Non-structured/Vanilla;0;No;0
511;r0390 - Non-financial liabilities;c004x   - Institutions;Rank 9 - Ranking in insolvency (master scale);599904815285140;BANCO SANTANDER SA;5493006QMFDDMYWIAM13;LEI code;Parent;false;PORTUGAL;Not applicable (Contractual recognition of bail-in powers);0,05;0;Euro;2021-12-31;2022-01-03;2099-01-31;Unsecured;0;N/A;Non-structured/Vanilla;0;No;0
512;r0390 - Non-financial liabilities;c004x   - Institutions;Rank 9 - Ranking in insolvency (master scale);599904815137010;BANCO SANTANDER SA;5493006QMFDDMYWIAM13;LEI code;Parent;false;PORTUGAL;Not applicable (Contractual recognition of bail-in powers);0,05;0;Euro;2021-12-31;2022-01-03;2099-01-31;Unsecured;0;N/A;Non-structured/Vanilla;0;No;0
513;r0390 - Non-financial liabilities;c004x   - Institutions;Rank 9 - Ranking in insolvency (master scale);000000000000000;BANCO SANTANDER SA;5493006QMFDDMYWIAM13;LEI code;Parent;false;PORTUGAL;Not applicable (Contractual recognition of bail-in powers);1151699,06;0;Euro;2021-12-31;2022-01-03;2099-01-31;Unsecured;0;N/A;Non-structured/Vanilla;0;No;0
514;r0390 - Non-financial liabilities;c004x   - Institutions;Rank 9 - Ranking in insolvency (master scale);599904815137400;BANCO SANTANDER SA;5493006QMFDDMYWIAM13;LEI code;Parent;false;PORTUGAL;Not applicable (Contractual recognition of bail-in powers);0,06;0;Euro;2021-12-31;2022-01-03;2099-01-31;Unsecured;0;N/A;Non-structured/Vanilla;0;No;0
515;r0390 - Non-financial liabilities;c003x   - Corporates;Rank 9 - Ranking in insolvency (master scale);262304840018520;CONSULTEAM-CONSULTORES GESTAO,SA;5100262318;Type of identifier, other than LEI or MFI code;Sister;false;PORTUGAL;Not applicable (Contractual recognition of bail-in powers);0,93;0;Euro;2021-12-31;2022-01-03;2099-01-31;Unsecured;0;N/A;Non-structured/Vanilla;0;No;0
516;r0390 - Non-financial liabilities;c004x   - Institutions;Rank 9 - Ranking in insolvency (master scale);599904815280930;BANCO SANTANDER SA;5493006QMFDDMYWIAM13;LEI code;Parent;false;PORTUGAL;Not applicable (Contractual recognition of bail-in powers);0,14;0;Euro;2021-12-31;2022-01-03;2099-01-31;Unsecured;0;N/A;Non-structured/Vanilla;0;No;0
517;r0120 - Secured liabilities - collateralized part (BRRD art. 44/2/b);c005x   - Other financial corporations;Rank 20 - Ranking in insolvency (master scale);033400000000000;HIPOTOTTA Nº 4 PLC;7400615058;Type of identifier, other than LEI or MFI code;Sister;true;PORTUGAL;Not applicable (Contractual recognition of bail-in powers);1953113,64;1116,53;Euro;2021-12-31;2022-01-03;2065-12-14;Secured;0;N/A;Non-structured/Vanilla;0;No;0
518;r0390 - Non-financial liabilities;c004x   - Institutions;Rank 9 - Ranking in insolvency (master scale);599904815282750;BANCO SANTANDER SA;5493006QMFDDMYWIAM13;LEI code;Parent;false;PORTUGAL;Not applicable (Contractual recognition of bail-in powers);0,01;0;Euro;2021-12-31;2022-01-03;2099-01-31;Unsecured;0;N/A;Non-structured/Vanilla;0;No;0
519;r0390 - Non-financial liabilities;c003x   - Corporates;Rank 9 - Ranking in insolvency (master scale);599904815307790;TottaUrbe;8000391312;Type of identifier, other than LEI or MFI code;Sister;true;PORTUGAL;Not applicable (Contractual recognition of bail-in powers);221,69;0;Euro;2021-12-31;2022-01-03;2099-01-31;Unsecured;0;N/A;Non-structured/Vanilla;0;No;0
520;r0390 - Non-financial liabilities;c004x   - Institutions;Rank 9 - Ranking in insolvency (master scale);599904815283660;BANCO SANTANDER SA;5493006QMFDDMYWIAM13;LEI code;Parent;false;PORTUGAL;Not applicable (Contractual recognition of bail-in powers);0,03;0;Euro;2021-12-31;2022-01-03;2099-01-31;Unsecured;0;N/A;Non-structured/Vanilla;0;No;0
521;r0120 - Secured liabilities - collateralized part (BRRD art. 44/2/b);c005x   - Other financial corporations;Rank 20 - Ranking in insolvency (master scale);024600000000000;GAMMA SOC TITULARIZACAO CREDITOS, SA;2101355138;Type of identifier, other than LEI or MFI code;Sister;true;PORTUGAL;Not applicable (Contractual recognition of bail-in powers);117772,99;-0,42;Euro;2021-12-31;2022-01-03;2065-12-14;Secured;0;N/A;Non-structured/Vanilla;0;No;0
522;r0390 - Non-financial liabilities;c004x   - Institutions;Rank 9 - Ranking in insolvency (master scale);599904815284800;BANCO SANTANDER SA;5493006QMFDDMYWIAM13;LEI code;Parent;false;PORTUGAL;Not applicable (Contractual recognition of bail-in powers);0,01;0;Euro;2021-12-31;2022-01-03;2099-01-31;Unsecured;0;N/A;Non-structured/Vanilla;0;No;0
523;r0390 - Non-financial liabilities;c004x   - Institutions;Rank 9 - Ranking in insolvency (master scale);599904816347200;BANCO SANTANDER SA;5493006QMFDDMYWIAM13;LEI code;Parent;false;PORTUGAL;Not applicable (Contractual recognition of bail-in powers);0,01;0;Euro;2021-12-31;2022-01-03;2099-01-31;Unsecured;0;N/A;Non-structured/Vanilla;0;No;0
524;r0390 - Non-financial liabilities;c003x   - Corporates;Rank 9 - Ranking in insolvency (master scale);599904815306350;TottaUrbe;8000391312;Type of identifier, other than LEI or MFI code;Sister;true;PORTUGAL;Not applicable (Contractual recognition of bail-in powers);5,11;0;Euro;2021-12-31;2022-01-03;2099-01-31;Unsecured;0;N/A;Non-structured/Vanilla;0;No;0
525;r0120 - Secured liabilities - collateralized part (BRRD art. 44/2/b);c005x   - Other financial corporations;Rank 20 - Ranking in insolvency (master scale);033500000000000;HIPOTOTTA 5 PLC;7400987939;Type of identifier, other than LEI or MFI code;Sister;true;PORTUGAL;Not applicable (Contractual recognition of bail-in powers);106890,09;124,56;Euro;2021-12-31;2022-01-03;2065-12-14;Secured;0;N/A;Non-structured/Vanilla;0;No;0
526;r0390 - Non-financial liabilities;c003x   - Corporates;Rank 9 - Ranking in insolvency (master scale);599904815306690;TottaUrbe;8000391312;Type of identifier, other than LEI or MFI code;Sister;true;PORTUGAL;Not applicable (Contractual recognition of bail-in powers);4,65;0;Euro;2021-12-31;2022-01-03;2099-01-31;Unsecured;0;N/A;Non-structured/Vanilla;0;No;0
527;r0390 - Non-financial liabilities;c004x   - Institutions;Rank 9 - Ranking in insolvency (master scale);599904815741280;BANCO SANTANDER SA;5493006QMFDDMYWIAM13;LEI code;Parent;false;PORTUGAL;Not applicable (Contractual recognition of bail-in powers);0,01;0;Euro;2021-12-31;2022-01-03;2099-01-31;Unsecured;0;N/A;Non-structured/Vanilla;0;No;0
528;r0390 - Non-financial liabilities;c003x   - Corporates;Rank 9 - Ranking in insolvency (master scale);599904815307070;TottaUrbe;8000391312;Type of identifier, other than LEI or MFI code;Sister;true;PORTUGAL;Not applicable (Contractual recognition of bail-in powers);7,15;0;Euro;2021-12-31;2022-01-03;2099-01-31;Unsecured;0;N/A;Non-structured/Vanilla;0;No;0
529;r0390 - Non-financial liabilities;c005x   - Other financial corporations;Rank 9 - Ranking in insolvency (master scale);000000000000000;FINCANCEIRA EL CORTE INGLES EFC SA;3471008280;Type of identifier, other than LEI or MFI code;Sister;false;PORTUGAL;Not applicable (Contractual recognition of bail-in powers);145,66;0;Euro;2021-12-31;2022-01-03;2099-01-31;Unsecured;0;N/A;Non-structured/Vanilla;0;No;0
530;r0390 - Non-financial liabilities;c003x   - Corporates;Rank 9 - Ranking in insolvency (master scale);599904815307450;TottaUrbe;8000391312;Type of identifier, other than LEI or MFI code;Sister;true;PORTUGAL;Not applicable (Contractual recognition of bail-in powers);4,95;0;Euro;2021-12-31;2022-01-03;2099-01-31;Unsecured;0;N/A;Non-structured/Vanilla;0;No;0
531;r0390 - Non-financial liabilities;c004x   - Institutions;Rank 9 - Ranking in insolvency (master scale);262304840019360;BANCO SANTANDER SA;5493006QMFDDMYWIAM13;LEI code;Parent;false;PORTUGAL;Not applicable (Contractual recognition of bail-in powers);1,4;0;Euro;2021-12-31;2022-01-03;2099-01-31;Unsecured;0;N/A;Non-structured/Vanilla;0;No;0
532;r0390 - Non-financial liabilities;c004x   - Institutions;Rank 9 - Ranking in insolvency (master scale);599904815382490;BANCO SANTANDER SA;5493006QMFDDMYWIAM13;LEI code;Parent;false;PORTUGAL;Not applicable (Contractual recognition of bail-in powers);0,09;0;Euro;2021-12-31;2022-01-03;2099-01-31;Unsecured;0;N/A;Non-structured/Vanilla;0;No;0
533;r0120 - Secured liabilities - collateralized part (BRRD art. 44/2/b);c005x   - Other financial corporations;Rank 20 - Ranking in insolvency (master scale);033700000000000;HIPOTOTTA Nº 4 PLC;7400615058;Type of identifier, other than LEI or MFI code;Sister;true;PORTUGAL;Not applicable (Contractual recognition of bail-in powers);1063226,8;593,91;Euro;2021-12-31;2022-01-03;2065-12-14;Secured;0;N/A;Non-structured/Vanilla;0;No;0
534;r0390 - Non-financial liabilities;c004x   - Institutions;Rank 9 - Ranking in insolvency (master scale);599904815644120;BANCO SANTANDER SA;5493006QMFDDMYWIAM13;LEI code;Parent;false;PORTUGAL;Not applicable (Contractual recognition of bail-in powers);0,02;0;Euro;2021-12-31;2022-01-03;2099-01-31;Unsecured;0;N/A;Non-structured/Vanilla;0;No;0
535;r0390 - Non-financial liabilities;c004x   - Institutions;Rank 9 - Ranking in insolvency (master scale);599904816261560;BANCO SANTANDER SA;5493006QMFDDMYWIAM13;LEI code;Parent;false;PORTUGAL;Not applicable (Contractual recognition of bail-in powers);0,08;0;Euro;2021-12-31;2022-01-03;2099-01-31;Unsecured;0;N/A;Non-structured/Vanilla;0;No;0
536;r0390 - Non-financial liabilities;c004x   - Institutions;Rank 9 - Ranking in insolvency (master scale);599904815675020;BANCO SANTANDER SA;5493006QMFDDMYWIAM13;LEI code;Parent;false;PORTUGAL;Not applicable (Contractual recognition of bail-in powers);0,03;0;Euro;2021-12-31;2022-01-03;2099-01-31;Unsecured;0;N/A;Non-structured/Vanilla;0;No;0
537;r0120 - Secured liabilities - collateralized part (BRRD art. 44/2/b);c005x   - Other financial corporations;Rank 20 - Ranking in insolvency (master scale);024700000000000;HIPOTOTTA Nº 4 PLC;7400615058;Type of identifier, other than LEI or MFI code;Sister;true;PORTUGAL;Not applicable (Contractual recognition of bail-in powers);950918,4;145,97;Euro;2021-12-31;2022-01-03;2065-12-14;Secured;0;N/A;Non-structured/Vanilla;0;No;0
538;r0390 - Non-financial liabilities;c004x   - Institutions;Rank 9 - Ranking in insolvency (master scale);599904815675400;BANCO SANTANDER SA;5493006QMFDDMYWIAM13;LEI code;Parent;false;PORTUGAL;Not applicable (Contractual recognition of bail-in powers);0,01;0;Euro;2021-12-31;2022-01-03;2099-01-31;Unsecured;0;N/A;Non-structured/Vanilla;0;No;0
539;r0390 - Non-financial liabilities;c004x   - Institutions;Rank 9 - Ranking in insolvency (master scale);862304840007790;BANCO SANTANDER SA;5493006QMFDDMYWIAM13;LEI code;Parent;false;PORTUGAL;Not applicable (Contractual recognition of bail-in powers);5,23;0;Euro;2021-12-31;2022-01-03;2099-01-31;Unsecured;0;N/A;Non-structured/Vanilla;0;No;0
540;r0390 - Non-financial liabilities;c004x   - Institutions;Rank 9 - Ranking in insolvency (master scale);599904815742570;BANCO SANTANDER SA;5493006QMFDDMYWIAM13;LEI code;Parent;false;PORTUGAL;Not applicable (Contractual recognition of bail-in powers);0,02;0;Euro;2021-12-31;2022-01-03;2099-01-31;Unsecured;0;N/A;Non-structured/Vanilla;0;No;0
541;r0120 - Secured liabilities - collateralized part (BRRD art. 44/2/b);c005x   - Other financial corporations;Rank 20 - Ranking in insolvency (master scale);033800000000000;HIPOTOTTA 5 PLC;7400987939;Type of identifier, other than LEI or MFI code;Sister;true;PORTUGAL;Not applicable (Contractual recognition of bail-in powers);204885,81;14,04;Euro;2021-12-31;2022-01-03;2065-12-14;Secured;0;N/A;Non-structured/Vanilla;0;No;0
542;r0390 - Non-financial liabilities;c004x   - Institutions;Rank 9 - Ranking in insolvency (master scale);599904815790430;BANCO SANTANDER SA;5493006QMFDDMYWIAM13;LEI code;Parent;false;PORTUGAL;Not applicable (Contractual recognition of bail-in powers);0,07;0;Euro;2021-12-31;2022-01-03;2099-01-31;Unsecured;0;N/A;Non-structured/Vanilla;0;No;0
543;r0390 - Non-financial liabilities;c004x   - Institutions;Rank 9 - Ranking in insolvency (master scale);599904816263190;BANCO SANTANDER SA;5493006QMFDDMYWIAM13;LEI code;Parent;false;PORTUGAL;Not applicable (Contractual recognition of bail-in powers);0,63;0;Euro;2021-12-31;2022-01-03;2099-01-31;Unsecured;0;N/A;Non-structured/Vanilla;0;No;0
544;r0390 - Non-financial liabilities;c004x   - Institutions;Rank 9 - Ranking in insolvency (master scale);599904816094760;BANCO SANTANDER SA;5493006QMFDDMYWIAM13;LEI code;Parent;false;PORTUGAL;Not applicable (Contractual recognition of bail-in powers);0,01;0;Euro;2021-12-31;2022-01-03;2099-01-31;Unsecured;0;N/A;Non-structured/Vanilla;0;No;0
545;r0390 - Non-financial liabilities;c004x   - Institutions;Rank 9 - Ranking in insolvency (master scale);000000000000000;BANCO SANTANDER SA;5493006QMFDDMYWIAM13;LEI code;Parent;false;PORTUGAL;Not applicable (Contractual recognition of bail-in powers);1560,17;0;Euro;2021-12-31;2022-01-03;2099-01-31;Unsecured;0;N/A;Non-structured/Vanilla;0;No;0
546;r0390 - Non-financial liabilities;c004x   - Institutions;Rank 9 - Ranking in insolvency (master scale);599904816160530;BANCO SANTANDER SA;5493006QMFDDMYWIAM13;LEI code;Parent;false;PORTUGAL;Not applicable (Contractual recognition of bail-in powers);0,2;0;Euro;2021-12-31;2022-01-03;2099-01-31;Unsecured;0;N/A;Non-structured/Vanilla;0;No;0
547;r0390 - Non-financial liabilities;c003x   - Corporates;Rank 9 - Ranking in insolvency (master scale);262304840020020;CONSULTEAM-CONSULTORES GESTAO,SA;5100262318;Type of identifier, other than LEI or MFI code;Sister;false;PORTUGAL;Not applicable (Contractual recognition of bail-in powers);0,69;0;Euro;2021-12-31;2022-01-03;2099-01-31;Unsecured;0;N/A;Non-structured/Vanilla;0;No;0
548;r0390 - Non-financial liabilities;c004x   - Institutions;Rank 9 - Ranking in insolvency (master scale);599904816261600;BANCO SANTANDER SA;5493006QMFDDMYWIAM13;LEI code;Parent;false;PORTUGAL;Not applicable (Contractual recognition of bail-in powers);0,07;0;Euro;2021-12-31;2022-01-03;2099-01-31;Unsecured;0;N/A;Non-structured/Vanilla;0;No;0
549;r0120 - Secured liabilities - collateralized part (BRRD art. 44/2/b);c005x   - Other financial corporations;Rank 20 - Ranking in insolvency (master scale);034000000000000;GAMMA SOC TITULARIZACAO CREDITOS, SA;2101355138;Type of identifier, other than LEI or MFI code;Sister;true;PORTUGAL;Not applicable (Contractual recognition of bail-in powers);5732,23;0,28;Euro;2021-12-31;2022-01-03;2065-12-14;Secured;0;N/A;Non-structured/Vanilla;0;No;0
550;r0390 - Non-financial liabilities;c004x   - Institutions;Rank 9 - Ranking in insolvency (master scale);599904816262090;BANCO SANTANDER SA;5493006QMFDDMYWIAM13;LEI code;Parent;false;PORTUGAL;Not applicable (Contractual recognition of bail-in powers);0,03;0;Euro;2021-12-31;2022-01-03;2099-01-31;Unsecured;0;N/A;Non-structured/Vanilla;0;No;0
551;r0390 - Non-financial liabilities;c004x   - Institutions;Rank 9 - Ranking in insolvency (master scale);599904816264710;BANCO SANTANDER SA;5493006QMFDDMYWIAM13;LEI code;Parent;false;PORTUGAL;Not applicable (Contractual recognition of bail-in powers);0,13;0;Euro;2021-12-31;2022-01-03;2099-01-31;Unsecured;0;N/A;Non-structured/Vanilla;0;No;0
552;r0390 - Non-financial liabilities;c004x   - Institutions;Rank 9 - Ranking in insolvency (master scale);599904816262470;BANCO SANTANDER SA;5493006QMFDDMYWIAM13;LEI code;Parent;false;PORTUGAL;Not applicable (Contractual recognition of bail-in powers);0,06;0;Euro;2021-12-31;2022-01-03;2099-01-31;Unsecured;0;N/A;Non-structured/Vanilla;0;No;0
553;r0120 - Secured liabilities - collateralized part (BRRD art. 44/2/b);c005x   - Other financial corporations;Rank 20 - Ranking in insolvency (master scale);024900000000000;HIPOTOTTA Nº 4 PLC;7400615058;Type of identifier, other than LEI or MFI code;Sister;true;PORTUGAL;Not applicable (Contractual recognition of bail-in powers);515288,24;209,38;Euro;2021-12-31;2022-01-03;2065-12-14;Secured;0;N/A;Non-structured/Vanilla;0;No;0
554;r0390 - Non-financial liabilities;c004x   - Institutions;Rank 9 - Ranking in insolvency (master scale);599904816262850;BANCO SANTANDER SA;5493006QMFDDMYWIAM13;LEI code;Parent;false;PORTUGAL;Not applicable (Contractual recognition of bail-in powers);0,17;0;Euro;2021-12-31;2022-01-03;2099-01-31;Unsecured;0;N/A;Non-structured/Vanilla;0;No;0
555;r0390 - Non-financial liabilities;c004x   - Institutions;Rank 9 - Ranking in insolvency (master scale);599904831355910;BANCO SANTANDER SA;5493006QMFDDMYWIAM13;LEI code;Parent;false;PORTUGAL;Not applicable (Contractual recognition of bail-in powers);0,1;0;Euro;2021-12-31;2022-01-03;2099-01-31;Unsecured;0;N/A;Non-structured/Vanilla;0;No;0
556;r0390 - Non-financial liabilities;c004x   - Institutions;Rank 9 - Ranking in insolvency (master scale);599904816263230;BANCO SANTANDER SA;5493006QMFDDMYWIAM13;LEI code;Parent;false;PORTUGAL;Not applicable (Contractual recognition of bail-in powers);0,14;0;Euro;2021-12-31;2022-01-03;2099-01-31;Unsecured;0;N/A;Non-structured/Vanilla;0;No;0
557;r0120 - Secured liabilities - collateralized part (BRRD art. 44/2/b);c005x   - Other financial corporations;Rank 20 - Ranking in insolvency (master scale);034100000000000;HIPOTOTTA Nº 4 PLC;7400615058;Type of identifier, other than LEI or MFI code;Sister;true;PORTUGAL;Not applicable (Contractual recognition of bail-in powers);903259,95;299,13;Euro;2021-12-31;2022-01-03;2065-12-14;Secured;0;N/A;Non-structured/Vanilla;0;No;0
558;r0390 - Non-financial liabilities;c004x   - Institutions;Rank 9 - Ranking in insolvency (master scale);599904816263610;BANCO SANTANDER SA;5493006QMFDDMYWIAM13;LEI code;Parent;false;PORTUGAL;Not applicable (Contractual recognition of bail-in powers);0,35;0;Euro;2021-12-31;2022-01-03;2099-01-31;Unsecured;0;N/A;Non-structured/Vanilla;0;No;0
559;r0390 - Non-financial liabilities;c004x   - Institutions;Rank 9 - Ranking in insolvency (master scale);599904816326400;BANCO SANTANDER SA;5493006QMFDDMYWIAM13;LEI code;Parent;false;PORTUGAL;Not applicable (Contractual recognition of bail-in powers);0,03;0;Euro;2021-12-31;2022-01-03;2099-01-31;Unsecured;0;N/A;Non-structured/Vanilla;0;No;0
560;r0390 - Non-financial liabilities;c004x   - Institutions;Rank 9 - Ranking in insolvency (master scale);599904816264000;BANCO SANTANDER SA;5493006QMFDDMYWIAM13;LEI code;Parent;false;PORTUGAL;Not applicable (Contractual recognition of bail-in powers);0,11;0;Euro;2021-12-31;2022-01-03;2099-01-31;Unsecured;0;N/A;Non-structured/Vanilla;0;No;0
561;r0390 - Non-financial liabilities;c006x   - Insurance firms & pension funds;Rank 9 - Ranking in insolvency (master scale);962304840171880;Totta Seguros - Comp. Seg. Vida, SA.;54930006K2IUPA083C07;LEI code;Sister;true;PORTUGAL;Not applicable (Contractual recognition of bail-in powers);0,04;0;Euro;2021-12-31;2022-01-03;2099-01-31;Unsecured;0;N/A;Non-structured/Vanilla;0;No;0
562;r0390 - Non-financial liabilities;c004x   - Institutions;Rank 9 - Ranking in insolvency (master scale);599904816264480;BANCO SANTANDER SA;5493006QMFDDMYWIAM13;LEI code;Parent;false;PORTUGAL;Not applicable (Contractual recognition of bail-in powers);0,22;0;Euro;2021-12-31;2022-01-03;2099-01-31;Unsecured;0;N/A;Non-structured/Vanilla;0;No;0
563;r0390 - Non-financial liabilities;c003x   - Corporates;Rank 9 - Ranking in insolvency (master scale);262304840021200;CONSULTEAM-CONSULTORES GESTAO,SA;5100262318;Type of identifier, other than LEI or MFI code;Sister;false;PORTUGAL;Not applicable (Contractual recognition of bail-in powers);6,07;0;Euro;2021-12-31;2022-01-03;2099-01-31;Unsecured;0;N/A;Non-structured/Vanilla;0;No;0
564;r0390 - Non-financial liabilities;c004x   - Institutions;Rank 9 - Ranking in insolvency (master scale);599904816264860;BANCO SANTANDER SA;5493006QMFDDMYWIAM13;LEI code;Parent;false;PORTUGAL;Not applicable (Contractual recognition of bail-in powers);0,15;0;Euro;2021-12-31;2022-01-03;2099-01-31;Unsecured;0;N/A;Non-structured/Vanilla;0;No;0
565;r0120 - Secured liabilities - collateralized part (BRRD art. 44/2/b);c005x   - Other financial corporations;Rank 20 - Ranking in insolvency (master scale);034200000000000;HIPOTOTTA 5 PLC;7400987939;Type of identifier, other than LEI or MFI code;Sister;true;PORTUGAL;Not applicable (Contractual recognition of bail-in powers);66017,11;35,18;Euro;2021-12-31;2022-01-03;2065-12-14;Secured;0;N/A;Non-structured/Vanilla;0;No;0
566;r0390 - Non-financial liabilities;c004x   - Institutions;Rank 9 - Ranking in insolvency (master scale);262304820025250;BANCO SANTANDER SA;5493006QMFDDMYWIAM13;LEI code;Parent;false;PORTUGAL;Not applicable (Contractual recognition of bail-in powers);0,11;0;Euro;2021-12-31;2022-01-03;2099-01-31;Unsecured;0;N/A;Non-structured/Vanilla;0;No;0
567;r0390 - Non-financial liabilities;c004x   - Institutions;Rank 9 - Ranking in insolvency (master scale);599904830044470;BANCO SANTANDER SA;5493006QMFDDMYWIAM13;LEI code;Parent;false;PORTUGAL;Not applicable (Contractual recognition of bail-in powers);0,12;0;Euro;2021-12-31;2022-01-03;2099-01-31;Unsecured;0;N/A;Non-structured/Vanilla;0;No;0
568;r0390 - Non-financial liabilities;c004x   - Institutions;Rank 9 - Ranking in insolvency (master scale);599904816265430;BANCO SANTANDER SA;5493006QMFDDMYWIAM13;LEI code;Parent;false;PORTUGAL;Not applicable (Contractual recognition of bail-in powers);0,13;0;Euro;2021-12-31;2022-01-03;2099-01-31;Unsecured;0;N/A;Non-structured/Vanilla;0;No;0
569;r0120 - Secured liabilities - collateralized part (BRRD art. 44/2/b);c005x   - Other financial corporations;Rank 20 - Ranking in insolvency (master scale);025100000000000;HIPOTOTTA Nº 4 PLC;7400615058;Type of identifier, other than LEI or MFI code;Sister;true;PORTUGAL;Not applicable (Contractual recognition of bail-in powers);2780324,3;371,03;Euro;2021-12-31;2022-01-03;2065-12-14;Secured;0;N/A;Non-structured/Vanilla;0;No;0
570;r0390 - Non-financial liabilities;c004x   - Institutions;Rank 9 - Ranking in insolvency (master scale);599904816307430;BANCO SANTANDER SA;5493006QMFDDMYWIAM13;LEI code;Parent;false;PORTUGAL;Not applicable (Contractual recognition of bail-in powers);0,01;0;Euro;2021-12-31;2022-01-03;2099-01-31;Unsecured;0;N/A;Non-structured/Vanilla;0;No;0
571;r0390 - Non-financial liabilities;c004x   - Institutions;Rank 9 - Ranking in insolvency (master scale);362304840002560;BANCO SANTANDER SA;5493006QMFDDMYWIAM13;LEI code;Parent;false;PORTUGAL;Not applicable (Contractual recognition of bail-in powers);0,29;0;Euro;2021-12-31;2022-01-03;2099-01-31;Unsecured;0;N/A;Non-structured/Vanilla;0;No;0
572;r0390 - Non-financial liabilities;c004x   - Institutions;Rank 9 - Ranking in insolvency (master scale);599904816326360;BANCO SANTANDER SA;5493006QMFDDMYWIAM13;LEI code;Parent;false;PORTUGAL;Not applicable (Contractual recognition of bail-in powers);0,03;0;Euro;2021-12-31;2022-01-03;2099-01-31;Unsecured;0;N/A;Non-structured/Vanilla;0;No;0
573;r0120 - Secured liabilities - collateralized part (BRRD art. 44/2/b);c005x   - Other financial corporations;Rank 20 - Ranking in insolvency (master scale);034500000000000;GAMMA SOC TITULARIZACAO CREDITOS, SA;2101355138;Type of identifier, other than LEI or MFI code;Sister;true;PORTUGAL;Not applicable (Contractual recognition of bail-in powers);164528,09;60,32;Euro;2021-12-31;2022-01-03;2065-12-14;Secured;0;N/A;Non-structured/Vanilla;0;No;0
574;r0390 - Non-financial liabilities;c004x   - Institutions;Rank 9 - Ranking in insolvency (master scale);599904816347150;BANCO SANTANDER SA;5493006QMFDDMYWIAM13;LEI code;Parent;false;PORTUGAL;Not applicable (Contractual recognition of bail-in powers);0,02;0;Euro;2021-12-31;2022-01-03;2099-01-31;Unsecured;0;N/A;Non-structured/Vanilla;0;No;0
575;r0390 - Non-financial liabilities;c004x   - Institutions;Rank 9 - Ranking in insolvency (master scale);599904830441010;BANCO SANTANDER SA;5493006QMFDDMYWIAM13;LEI code;Parent;false;PORTUGAL;Not applicable (Contractual recognition of bail-in powers);0,19;0;Euro;2021-12-31;2022-01-03;2099-01-31;Unsecured;0;N/A;Non-structured/Vanilla;0;No;0
576;r0390 - Non-financial liabilities;c004x   - Institutions;Rank 9 - Ranking in insolvency (master scale);599904816348100;BANCO SANTANDER SA;5493006QMFDDMYWIAM13;LEI code;Parent;false;PORTUGAL;Not applicable (Contractual recognition of bail-in powers);0,01;0;Euro;2021-12-31;2022-01-03;2099-01-31;Unsecured;0;N/A;Non-structured/Vanilla;0;No;0
577;r0390 - Non-financial liabilities;c004x   - Institutions;Rank 9 - Ranking in insolvency (master scale);599904830098020;BANCO SANTANDER SA;5493006QMFDDMYWIAM13;LEI code;Parent;false;PORTUGAL;Not applicable (Contractual recognition of bail-in powers);0,1;0;Euro;2021-12-31;2022-01-03;2099-01-31;Unsecured;0;N/A;Non-structured/Vanilla;0;No;0
578;r0390 - Non-financial liabilities;c004x   - Institutions;Rank 9 - Ranking in insolvency (master scale);599904816718300;BANCO SANTANDER SA;5493006QMFDDMYWIAM13;LEI code;Parent;false;PORTUGAL;Not applicable (Contractual recognition of bail-in powers);0,01;0;Euro;2021-12-31;2022-01-03;2099-01-31;Unsecured;0;N/A;Non-structured/Vanilla;0;No;0
579;r0390 - Non-financial liabilities;c004x   - Institutions;Rank 9 - Ranking in insolvency (master scale);262304840022270;BANCO SANTANDER SA;5493006QMFDDMYWIAM13;LEI code;Parent;false;PORTUGAL;Not applicable (Contractual recognition of bail-in powers);0,35;0;Euro;2021-12-31;2022-01-03;2099-01-31;Unsecured;0;N/A;Non-structured/Vanilla;0;No;0
580;r0390 - Non-financial liabilities;c004x   - Institutions;Rank 9 - Ranking in insolvency (master scale);599904817123520;BANCO SANTANDER SA;5493006QMFDDMYWIAM13;LEI code;Parent;false;PORTUGAL;Not applicable (Contractual recognition of bail-in powers);1,03;0;Euro;2021-12-31;2022-01-03;2099-01-31;Unsecured;0;N/A;Non-structured/Vanilla;0;No;0
581;r0120 - Secured liabilities - collateralized part (BRRD art. 44/2/b);c005x   - Other financial corporations;Rank 20 - Ranking in insolvency (master scale);034600000000000;HIPOTOTTA 5 PLC;7400987939;Type of identifier, other than LEI or MFI code;Sister;true;PORTUGAL;Not applicable (Contractual recognition of bail-in powers);42667,65;0,01;Euro;2021-12-31;2022-01-03;2065-12-14;Secured;0;N/A;Non-structured/Vanilla;0;No;0
582;r0390 - Non-financial liabilities;c004x   - Institutions;Rank 9 - Ranking in insolvency (master scale);599904830084230;BANCO SANTANDER SA;5493006QMFDDMYWIAM13;LEI code;Parent;false;PORTUGAL;Not applicable (Contractual recognition of bail-in powers);0,12;0;Euro;2021-12-31;2022-01-03;2099-01-31;Unsecured;0;N/A;Non-structured/Vanilla;0;No;0
583;r0390 - Non-financial liabilities;c004x   - Institutions;Rank 9 - Ranking in insolvency (master scale);599904830930300;BANCO SANTANDER SA;5493006QMFDDMYWIAM13;LEI code;Parent;false;PORTUGAL;Not applicable (Contractual recognition of bail-in powers);0,33;0;Euro;2021-12-31;2022-01-03;2099-01-31;Unsecured;0;N/A;Non-structured/Vanilla;0;No;0
584;r0120 - Secured liabilities - collateralized part (BRRD art. 44/2/b);c005x   - Other financial corporations;Rank 20 - Ranking in insolvency (master scale);034600000000000;HIPOTOTTA Nº 4 PLC;7400615058;Type of identifier, other than LEI or MFI code;Sister;true;PORTUGAL;Not applicable (Contractual recognition of bail-in powers);1204536,6;395,05;Euro;2021-12-31;2022-01-03;2065-12-14;Secured;0;N/A;Non-structured/Vanilla;0;No;0
585;r0120 - Secured liabilities - collateralized part (BRRD art. 44/2/b);c005x   - Other financial corporations;Rank 20 - Ranking in insolvency (master scale);025200000000000;HIPOTOTTA 5 PLC;7400987939;Type of identifier, other than LEI or MFI code;Sister;true;PORTUGAL;Not applicable (Contractual recognition of bail-in powers);24332,8;1,17;Euro;2021-12-31;2022-01-03;2065-12-14;Secured;0;N/A;Non-structured/Vanilla;0;No;0
586;r0120 - Secured liabilities - collateralized part (BRRD art. 44/2/b);c005x   - Other financial corporations;Rank 20 - Ranking in insolvency (master scale);025200000000000;HIPOTOTTA Nº 4 PLC;7400615058;Type of identifier, other than LEI or MFI code;Sister;true;PORTUGAL;Not applicable (Contractual recognition of bail-in powers);984628,51;274,43;Euro;2021-12-31;2022-01-03;2065-12-14;Secured;0;N/A;Non-structured/Vanilla;0;No;0
587;r0390 - Non-financial liabilities;c004x   - Institutions;Rank 9 - Ranking in insolvency (master scale);599904832838470;BANCO SANTANDER SA;5493006QMFDDMYWIAM13;LEI code;Parent;false;PORTUGAL;Not applicable (Contractual recognition of bail-in powers);0,09;0;Euro;2021-12-31;2022-01-03;2099-01-31;Unsecured;0;N/A;Non-structured/Vanilla;0;No;0
588;r0120 - Secured liabilities - collateralized part (BRRD art. 44/2/b);c005x   - Other financial corporations;Rank 20 - Ranking in insolvency (master scale);034700000000000;GAMMA SOC TITULARIZACAO CREDITOS, SA;2101355138;Type of identifier, other than LEI or MFI code;Sister;true;PORTUGAL;Not applicable (Contractual recognition of bail-in powers);68477,17;28,57;Euro;2021-12-31;2022-01-03;2065-12-14;Secured;0;N/A;Non-structured/Vanilla;0;No;0
589;r0120 - Secured liabilities - collateralized part (BRRD art. 44/2/b);c005x   - Other financial corporations;Rank 20 - Ranking in insolvency (master scale);034800000000000;GAMMA SOC TITULARIZACAO CREDITOS, SA;2101355138;Type of identifier, other than LEI or MFI code;Sister;true;PORTUGAL;Not applicable (Contractual recognition of bail-in powers);282158,48;-2,91;Euro;2021-12-31;2022-01-03;2065-12-14;Secured;0;N/A;Non-structured/Vanilla;0;No;0
590;r0390 - Non-financial liabilities;c004x   - Institutions;Rank 9 - Ranking in insolvency (master scale);599904831241620;BANCO SANTANDER SA;5493006QMFDDMYWIAM13;LEI code;Parent;false;PORTUGAL;Not applicable (Contractual recognition of bail-in powers);0,14;0;Euro;2021-12-31;2022-01-03;2099-01-31;Unsecured;0;N/A;Non-structured/Vanilla;0;No;0
591;r0120 - Secured liabilities - collateralized part (BRRD art. 44/2/b);c005x   - Other financial corporations;Rank 20 - Ranking in insolvency (master scale);034700000000000;HIPOTOTTA 5 PLC;7400987939;Type of identifier, other than LEI or MFI code;Sister;true;PORTUGAL;Not applicable (Contractual recognition of bail-in powers);140677,44;148,57;Euro;2021-12-31;2022-01-03;2065-12-14;Secured;0;N/A;Non-structured/Vanilla;0;No;0
592;r0390 - Non-financial liabilities;c005x   - Other financial corporations;Rank 9 - Ranking in insolvency (master scale);000000000000000;BANCO SANTANDER SA;5493006QMFDDMYWIAM13;LEI code;Parent;false;PORTUGAL;Not applicable (Contractual recognition of bail-in powers);358560,31;0;Euro;2021-12-31;2022-01-03;2099-01-31;Unsecured;0;N/A;Non-structured/Vanilla;0;No;0
593;r0120 - Secured liabilities - collateralized part (BRRD art. 44/2/b);c005x   - Other financial corporations;Rank 20 - Ranking in insolvency (master scale);025300000000000;GAMMA SOC TITULARIZACAO CREDITOS, SA;2101355138;Type of identifier, other than LEI or MFI code;Sister;true;PORTUGAL;Not applicable (Contractual recognition of bail-in powers);8193,35;-0,96;Euro;2021-12-31;2022-01-03;2065-12-14;Secured;0;N/A;Non-structured/Vanilla;0;No;0
594;r0390 - Non-financial liabilities;c004x   - Institutions;Rank 9 - Ranking in insolvency (master scale);262304840022930;BANCO SANTANDER SA;5493006QMFDDMYWIAM13;LEI code;Parent;false;PORTUGAL;Not applicable (Contractual recognition of bail-in powers);0,37;0;Euro;2021-12-31;2022-01-03;2099-01-31;Unsecured;0;N/A;Non-structured/Vanilla;0;No;0
595;r0120 - Secured liabilities - collateralized part (BRRD art. 44/2/b);c005x   - Other financial corporations;Rank 20 - Ranking in insolvency (master scale);034800000000000;HIPOTOTTA Nº 4 PLC;7400615058;Type of identifier, other than LEI or MFI code;Sister;true;PORTUGAL;Not applicable (Contractual recognition of bail-in powers);1734975,45;507,05;Euro;2021-12-31;2022-01-03;2065-12-14;Secured;0;N/A;Non-structured/Vanilla;0;No;0
596;r0120 - Secured liabilities - collateralized part (BRRD art. 44/2/b);c005x   - Other financial corporations;Rank 20 - Ranking in insolvency (master scale);035000000000000;HIPOTOTTA Nº 4 PLC;7400615058;Type of identifier, other than LEI or MFI code;Sister;true;PORTUGAL;Not applicable (Contractual recognition of bail-in powers);71573,24;45,78;Euro;2021-12-31;2022-01-03;2065-12-14;Secured;0;N/A;Non-structured/Vanilla;0;No;0
597;r0390 - Non-financial liabilities;c006x   - Insurance firms & pension funds;Rank 9 - Ranking in insolvency (master scale);962304840171880;Totta Seguros - Comp. Seg. Vida, SA.;54930006K2IUPA083C07;LEI code;Sister;true;PORTUGAL;Not applicable (Contractual recognition of bail-in powers);1,83;0;Euro;2021-12-31;2022-01-03;2099-01-31;Unsecured;0;N/A;Non-structured/Vanilla;0;No;0
598;r0390 - Non-financial liabilities;c004x   - Institutions;Rank 9 - Ranking in insolvency (master scale);599904831565540;BANCO SANTANDER SA;5493006QMFDDMYWIAM13;LEI code;Parent;false;PORTUGAL;Not applicable (Contractual recognition of bail-in powers);0,09;0;Euro;2021-12-31;2022-01-03;2099-01-31;Unsecured;0;N/A;Non-structured/Vanilla;0;No;0
599;r0120 - Secured liabilities - collateralized part (BRRD art. 44/2/b);c005x   - Other financial corporations;Rank 20 - Ranking in insolvency (master scale);034900000000000;HIPOTOTTA Nº 4 PLC;7400615058;Type of identifier, other than LEI or MFI code;Sister;true;PORTUGAL;Not applicable (Contractual recognition of bail-in powers);997036,75;508,49;Euro;2021-12-31;2022-01-03;2065-12-14;Secured;0;N/A;Non-structured/Vanilla;0;No;0
600;r0120 - Secured liabilities - collateralized part (BRRD art. 44/2/b);c005x   - Other financial corporations;Rank 20 - Ranking in insolvency (master scale);025400000000000;GAMMA SOC TITULARIZACAO CREDITOS, SA;2101355138;Type of identifier, other than LEI or MFI code;Sister;true;PORTUGAL;Not applicable (Contractual recognition of bail-in powers);27285,69;0;Euro;2021-12-31;2022-01-03;2065-12-14;Secured;0;N/A;Non-structured/Vanilla;0;No;0
601;r0120 - Secured liabilities - collateralized part (BRRD art. 44/2/b);c005x   - Other financial corporations;Rank 20 - Ranking in insolvency (master scale);025300000000000;HIPOTOTTA 5 PLC;7400987939;Type of identifier, other than LEI or MFI code;Sister;true;PORTUGAL;Not applicable (Contractual recognition of bail-in powers);94300;12,14;Euro;2021-12-31;2022-01-03;2065-12-14;Secured;0;N/A;Non-structured/Vanilla;0;No;0
602;r0120 - Secured liabilities - collateralized part (BRRD art. 44/2/b);c005x   - Other financial corporations;Rank 20 - Ranking in insolvency (master scale);349000000000000;HIPOTOTTA Nº 4 PLC;7400615058;Type of identifier, other than LEI or MFI code;Sister;true;PORTUGAL;Not applicable (Contractual recognition of bail-in powers);252807,7;169,28;Euro;2021-12-31;2022-01-03;2065-12-14;Secured;0;N/A;Non-structured/Vanilla;0;No;0
603;r0120 - Secured liabilities - collateralized part (BRRD art. 44/2/b);c005x   - Other financial corporations;Rank 20 - Ranking in insolvency (master scale);035000000000000;HIPOTOTTA 5 PLC;7400987939;Type of identifier, other than LEI or MFI code;Sister;true;PORTUGAL;Not applicable (Contractual recognition of bail-in powers);32134,82;0,15;Euro;2021-12-31;2022-01-03;2065-12-14;Secured;0;N/A;Non-structured/Vanilla;0;No;0
604;r0120 - Secured liabilities - collateralized part (BRRD art. 44/2/b);c005x   - Other financial corporations;Rank 20 - Ranking in insolvency (master scale);035100000000000;HIPOTOTTA 5 PLC;7400987939;Type of identifier, other than LEI or MFI code;Sister;true;PORTUGAL;Not applicable (Contractual recognition of bail-in powers);100063,05;25,53;Euro;2021-12-31;2022-01-03;2065-12-14;Secured;0;N/A;Non-structured/Vanilla;0;No;0
605;r0390 - Non-financial liabilities;c004x   - Institutions;Rank 9 - Ranking in insolvency (master scale);599904832221680;BANCO SANTANDER SA;5493006QMFDDMYWIAM13;LEI code;Parent;false;PORTUGAL;Not applicable (Contractual recognition of bail-in powers);0,66;0;Euro;2021-12-31;2022-01-03;2099-01-31;Unsecured;0;N/A;Non-structured/Vanilla;0;No;0
606;r0120 - Secured liabilities - collateralized part (BRRD art. 44/2/b);c005x   - Other financial corporations;Rank 20 - Ranking in insolvency (master scale);035100000000000;HIPOTOTTA Nº 4 PLC;7400615058;Type of identifier, other than LEI or MFI code;Sister;true;PORTUGAL;Not applicable (Contractual recognition of bail-in powers);4296597,21;1748,58;Euro;2021-12-31;2022-01-03;2065-12-14;Secured;0;N/A;Non-structured/Vanilla;0;No;0
607;r0120 - Secured liabilities - collateralized part (BRRD art. 44/2/b);c005x   - Other financial corporations;Rank 20 - Ranking in insolvency (master scale);025400000000000;HIPOTOTTA Nº 4 PLC;7400615058;Type of identifier, other than LEI or MFI code;Sister;true;PORTUGAL;Not applicable (Contractual recognition of bail-in powers);542859,8;88,15;Euro;2021-12-31;2022-01-03;2065-12-14;Secured;0;N/A;Non-structured/Vanilla;0;No;0
608;r0390 - Non-financial liabilities;c004x   - Institutions;Rank 9 - Ranking in insolvency (master scale);262304840023880;BANCO SANTANDER SA;5493006QMFDDMYWIAM13;LEI code;Parent;false;PORTUGAL;Not applicable (Contractual recognition of bail-in powers);1,03;0;Euro;2021-12-31;2022-01-03;2099-01-31;Unsecured;0;N/A;Non-structured/Vanilla;0;No;0
609;r0120 - Secured liabilities - collateralized part (BRRD art. 44/2/b);c005x   - Other financial corporations;Rank 20 - Ranking in insolvency (master scale);035200000000000;HIPOTOTTA Nº 4 PLC;7400615058;Type of identifier, other than LEI or MFI code;Sister;true;PORTUGAL;Not applicable (Contractual recognition of bail-in powers);870069,65;350,05;Euro;2021-12-31;2022-01-03;2065-12-14;Secured;0;N/A;Non-structured/Vanilla;0;No;0
610;r0120 - Secured liabilities - collateralized part (BRRD art. 44/2/b);c005x   - Other financial corporations;Rank 20 - Ranking in insolvency (master scale);035300000000000;HIPOTOTTA 5 PLC;7400987939;Type of identifier, other than LEI or MFI code;Sister;true;PORTUGAL;Not applicable (Contractual recognition of bail-in powers);47871,63;30,33;Euro;2021-12-31;2022-01-03;2065-12-14;Secured;0;N/A;Non-structured/Vanilla;0;No;0
611;r0390 - Non-financial liabilities;c004x   - Institutions;Rank 9 - Ranking in insolvency (master scale);599904832516560;BANCO SANTANDER SA;5493006QMFDDMYWIAM13;LEI code;Parent;false;PORTUGAL;Not applicable (Contractual recognition of bail-in powers);0,1;0;Euro;2021-12-31;2022-01-03;2099-01-31;Unsecured;0;N/A;Non-structured/Vanilla;0;No;0
612;r0120 - Secured liabilities - collateralized part (BRRD art. 44/2/b);c005x   - Other financial corporations;Rank 20 - Ranking in insolvency (master scale);035300000000000;HIPOTOTTA Nº 4 PLC;7400615058;Type of identifier, other than LEI or MFI code;Sister;true;PORTUGAL;Not applicable (Contractual recognition of bail-in powers);713141,83;366,2;Euro;2021-12-31;2022-01-03;2065-12-14;Secured;0;N/A;Non-structured/Vanilla;0;No;0
613;r0120 - Secured liabilities - collateralized part (BRRD art. 44/2/b);c005x   - Other financial corporations;Rank 20 - Ranking in insolvency (master scale);025500000000000;HIPOTOTTA 5 PLC;7400987939;Type of identifier, other than LEI or MFI code;Sister;true;PORTUGAL;Not applicable (Contractual recognition of bail-in powers);42791,77;0,46;Euro;2021-12-31;2022-01-03;2065-12-14;Secured;0;N/A;Non-structured/Vanilla;0;No;0
614;r0120 - Secured liabilities - collateralized part (BRRD art. 44/2/b);c005x   - Other financial corporations;Rank 20 - Ranking in insolvency (master scale);025500000000000;HIPOTOTTA Nº 4 PLC;7400615058;Type of identifier, other than LEI or MFI code;Sister;true;PORTUGAL;Not applicable (Contractual recognition of bail-in powers);560975,07;65,41;Euro;2021-12-31;2022-01-03;2065-12-14;Secured;0;N/A;Non-structured/Vanilla;0;No;0
615;r0390 - Non-financial liabilities;c004x   - Institutions;Rank 9 - Ranking in insolvency (master scale);862304840033050;BANCO SANTANDER SA;5493006QMFDDMYWIAM13;LEI code;Parent;false;PORTUGAL;Not applicable (Contractual recognition of bail-in powers);1,33;0;Euro;2021-12-31;2022-01-03;2099-01-31;Unsecured;0;N/A;Non-structured/Vanilla;0;No;0
616;r0120 - Secured liabilities - collateralized part (BRRD art. 44/2/b);c005x   - Other financial corporations;Rank 20 - Ranking in insolvency (master scale);035500000000000;GAMMA SOC TITULARIZACAO CREDITOS, SA;2101355138;Type of identifier, other than LEI or MFI code;Sister;true;PORTUGAL;Not applicable (Contractual recognition of bail-in powers);238077,66;11,91;Euro;2021-12-31;2022-01-03;2065-12-14;Secured;0;N/A;Non-structured/Vanilla;0;No;0
617;r0120 - Secured liabilities - collateralized part (BRRD art. 44/2/b);c005x   - Other financial corporations;Rank 20 - Ranking in insolvency (master scale);035600000000000;GAMMA SOC TITULARIZACAO CREDITOS, SA;2101355138;Type of identifier, other than LEI or MFI code;Sister;true;PORTUGAL;Not applicable (Contractual recognition of bail-in powers);106207,46;-1,3;Euro;2021-12-31;2022-01-03;2065-12-14;Secured;0;N/A;Non-structured/Vanilla;0;No;0
618;r0390 - Non-financial liabilities;c004x   - Institutions;Rank 9 - Ranking in insolvency (master scale);599904832822520;BANCO SANTANDER SA;5493006QMFDDMYWIAM13;LEI code;Parent;false;PORTUGAL;Not applicable (Contractual recognition of bail-in powers);0,3;0;Euro;2021-12-31;2022-01-03;2099-01-31;Unsecured;0;N/A;Non-structured/Vanilla;0;No;0
619;r0120 - Secured liabilities - collateralized part (BRRD art. 44/2/b);c005x   - Other financial corporations;Rank 20 - Ranking in insolvency (master scale);035500000000000;HIPOTOTTA 5 PLC;7400987939;Type of identifier, other than LEI or MFI code;Sister;true;PORTUGAL;Not applicable (Contractual recognition of bail-in powers);205026,65;12,16;Euro;2021-12-31;2022-01-03;2065-12-14;Secured;0;N/A;Non-structured/Vanilla;0;No;0
620;r0120 - Secured liabilities - collateralized part (BRRD art. 44/2/b);c005x   - Other financial corporations;Rank 20 - Ranking in insolvency (master scale);025600000000000;GAMMA SOC TITULARIZACAO CREDITOS, SA;2101355138;Type of identifier, other than LEI or MFI code;Sister;true;PORTUGAL;Not applicable (Contractual recognition of bail-in powers);2768,11;0,04;Euro;2021-12-31;2022-01-03;2065-12-14;Secured;0;N/A;Non-structured/Vanilla;0;No;0
621;r0390 - Non-financial liabilities;c004x   - Institutions;Rank 9 - Ranking in insolvency (master scale);262304840025090;BANCO SANTANDER SA;5493006QMFDDMYWIAM13;LEI code;Parent;false;PORTUGAL;Not applicable (Contractual recognition of bail-in powers);0,3;0;Euro;2021-12-31;2022-01-03;2099-01-31;Unsecured;0;N/A;Structured;0;No;0
622;r0120 - Secured liabilities - collateralized part (BRRD art. 44/2/b);c005x   - Other financial corporations;Rank 20 - Ranking in insolvency (master scale);035600000000000;HIPOTOTTA Nº 4 PLC;7400615058;Type of identifier, other than LEI or MFI code;Sister;true;PORTUGAL;Not applicable (Contractual recognition of bail-in powers);1406107,34;694,15;Euro;2021-12-31;2022-01-03;2065-12-14;Secured;0;N/A;Non-structured/Vanilla;0;No;0
623;r0120 - Secured liabilities - collateralized part (BRRD art. 44/2/b);c005x   - Other financial corporations;Rank 20 - Ranking in insolvency (master scale);035700000000000;HIPOTOTTA Nº 4 PLC;7400615058;Type of identifier, other than LEI or MFI code;Sister;true;PORTUGAL;Not applicable (Contractual recognition of bail-in powers);694307,58;76,79;Euro;2021-12-31;2022-01-03;2065-12-14;Secured;0;N/A;Non-structured/Vanilla;0;No;0
624;r0390 - Non-financial liabilities;c004x   - Institutions;Rank 9 - Ranking in insolvency (master scale);599904832573620;BANCO SANTANDER SA;5493006QMFDDMYWIAM13;LEI code;Parent;false;PORTUGAL;Not applicable (Contractual recognition of bail-in powers);0,3;0;Euro;2021-12-31;2022-01-03;2099-01-31;Unsecured;0;N/A;Structured;0;No;0
625;r0390 - Non-financial liabilities;c004x   - Institutions;Rank 9 - Ranking in insolvency (master scale);599904833246280;BANCO SANTANDER SA;5493006QMFDDMYWIAM13;LEI code;Parent;false;PORTUGAL;Not applicable (Contractual recognition of bail-in powers);0,14;0;Euro;2021-12-31;2022-01-03;2099-01-31;Unsecured;0;N/A;Structured;0;No;0
626;r0390 - Non-financial liabilities;c004x   - Institutions;Rank 9 - Ranking in insolvency (master scale);599904832711680;BANCO SANTANDER SA;5493006QMFDDMYWIAM13;LEI code;Parent;false;PORTUGAL;Not applicable (Contractual recognition of bail-in powers);0,1;0;Euro;2021-12-31;2022-01-03;2099-01-31;Unsecured;0;N/A;Structured;0;No;0
627;r0120 - Secured liabilities - collateralized part (BRRD art. 44/2/b);c005x   - Other financial corporations;Rank 20 - Ranking in insolvency (master scale);025700000000000;GAMMA SOC TITULARIZACAO CREDITOS, SA;2101355138;Type of identifier, other than LEI or MFI code;Sister;true;PORTUGAL;Not applicable (Contractual recognition of bail-in powers);412908,14;254,08;Euro;2021-12-31;2022-01-03;2065-12-14;Secured;0;N/A;Non-structured/Vanilla;0;No;0
628;r0390 - Non-financial liabilities;c004x   - Institutions;Rank 9 - Ranking in insolvency (master scale);599904832822140;BANCO SANTANDER SA;5493006QMFDDMYWIAM13;LEI code;Parent;false;PORTUGAL;Not applicable (Contractual recognition of bail-in powers);0,09;0;Euro;2021-12-31;2022-01-03;2099-01-31;Unsecured;0;N/A;Structured;0;No;0
629;r0390 - Non-financial liabilities;c004x   - Institutions;Rank 9 - Ranking in insolvency (master scale);599904832822670;BANCO SANTANDER SA;5493006QMFDDMYWIAM13;LEI code;Parent;false;PORTUGAL;Not applicable (Contractual recognition of bail-in powers);0,36;0;Euro;2021-12-31;2022-01-03;2099-01-31;Unsecured;0;N/A;Structured;0;No;0
630;r0120 - Secured liabilities - collateralized part (BRRD art. 44/2/b);c005x   - Other financial corporations;Rank 20 - Ranking in insolvency (master scale);035900000000000;GAMMA SOC TITULARIZACAO CREDITOS, SA;2101355138;Type of identifier, other than LEI or MFI code;Sister;true;PORTUGAL;Not applicable (Contractual recognition of bail-in powers);14309,01;3,46;Euro;2021-12-31;2022-01-03;2065-12-14;Secured;0;N/A;Non-structured/Vanilla;0;No;0
631;r0390 - Non-financial liabilities;c004x   - Institutions;Rank 9 - Ranking in insolvency (master scale);599904832849910;BANCO SANTANDER SA;5493006QMFDDMYWIAM13;LEI code;Parent;false;PORTUGAL;Not applicable (Contractual recognition of bail-in powers);0,12;0;Euro;2021-12-31;2022-01-03;2099-01-31;Unsecured;0;N/A;Structured;0;No;0
632;r0390 - Non-financial liabilities;c004x   - Institutions;Rank 9 - Ranking in insolvency (master scale);599904836495230;BANCO SANTANDER SA;5493006QMFDDMYWIAM13;LEI code;Parent;false;PORTUGAL;Not applicable (Contractual recognition of bail-in powers);2,35;0;Euro;2021-12-31;2022-01-03;2099-01-31;Unsecured;0;N/A;Structured;0;No;0
633;r0390 - Non-financial liabilities;c004x   - Institutions;Rank 9 - Ranking in insolvency (master scale);599904832899930;BANCO SANTANDER SA;5493006QMFDDMYWIAM13;LEI code;Parent;false;PORTUGAL;Not applicable (Contractual recognition of bail-in powers);0,32;0;Euro;2021-12-31;2022-01-03;2099-01-31;Unsecured;0;N/A;Structured;0;No;0
634;r0390 - Non-financial liabilities;c005x   - Other financial corporations;Rank 9 - Ranking in insolvency (master scale);000000000000000;BANCO SANTANDER SA;5493006QMFDDMYWIAM13;LEI code;Parent;false;PORTUGAL;Not applicable (Contractual recognition of bail-in powers);3953346,19;0;Euro;2021-12-31;2022-01-03;2099-01-31;Unsecured;0;N/A;Structured;0;No;0
635;r0390 - Non-financial liabilities;c004x   - Institutions;Rank 9 - Ranking in insolvency (master scale);599904833212120;BANCO SANTANDER SA;5493006QMFDDMYWIAM13;LEI code;Parent;false;PORTUGAL;Not applicable (Contractual recognition of bail-in powers);0,23;0;Euro;2021-12-31;2022-01-03;2099-01-31;Unsecured;0;N/A;Structured;0;No;0
636;r0390 - Non-financial liabilities;c004x   - Institutions;Rank 9 - Ranking in insolvency (master scale);262304840026450;BANCO SANTANDER SA;5493006QMFDDMYWIAM13;LEI code;Parent;false;PORTUGAL;Not applicable (Contractual recognition of bail-in powers);0,61;0;Euro;2021-12-31;2022-01-03;2099-01-31;Unsecured;0;N/A;Structured;0;No;0
637;r0390 - Non-financial liabilities;c004x   - Institutions;Rank 9 - Ranking in insolvency (master scale);599904833277030;BANCO SANTANDER SA;5493006QMFDDMYWIAM13;LEI code;Parent;false;PORTUGAL;Not applicable (Contractual recognition of bail-in powers);0,11;0;Euro;2021-12-31;2022-01-03;2099-01-31;Unsecured;0;N/A;Structured;0;No;0
638;r0120 - Secured liabilities - collateralized part (BRRD art. 44/2/b);c005x   - Other financial corporations;Rank 20 - Ranking in insolvency (master scale);036100000000000;HIPOTOTTA Nº 4 PLC;7400615058;Type of identifier, other than LEI or MFI code;Sister;true;PORTUGAL;Not applicable (Contractual recognition of bail-in powers);355939,37;286,48;Euro;2021-12-31;2022-01-03;2065-12-14;Secured;0;N/A;Non-structured/Vanilla;0;No;0
639;r0390 - Non-financial liabilities;c004x   - Institutions;Rank 9 - Ranking in insolvency (master scale);599904833381800;BANCO SANTANDER SA;5493006QMFDDMYWIAM13;LEI code;Parent;false;PORTUGAL;Not applicable (Contractual recognition of bail-in powers);0,11;0;Euro;2021-12-31;2022-01-03;2099-01-31;Unsecured;0;N/A;Structured;0;No;0
640;r0390 - Non-financial liabilities;c004x   - Institutions;Rank 9 - Ranking in insolvency (master scale);862304840007670;BANCO SANTANDER SA;5493006QMFDDMYWIAM13;LEI code;Parent;false;PORTUGAL;Not applicable (Contractual recognition of bail-in powers);1,6;0;Euro;2021-12-31;2022-01-03;2099-01-31;Unsecured;0;N/A;Structured;0;No;0
641;r0390 - Non-financial liabilities;c003x   - Corporates;Rank 9 - Ranking in insolvency (master scale);599904833903700;TottaUrbe;8000391312;Type of identifier, other than LEI or MFI code;Sister;true;PORTUGAL;Not applicable (Contractual recognition of bail-in powers);157,02;0;Euro;2021-12-31;2022-01-03;2099-01-31;Unsecured;0;N/A;Structured;0;No;0
642;r0120 - Secured liabilities - collateralized part (BRRD art. 44/2/b);c005x   - Other financial corporations;Rank 20 - Ranking in insolvency (master scale);025800000000000;HIPOTOTTA Nº 4 PLC;7400615058;Type of identifier, other than LEI or MFI code;Sister;true;PORTUGAL;Not applicable (Contractual recognition of bail-in powers);1582564,9;765,8;Euro;2021-12-31;2022-01-03;2065-12-14;Secured;0;N/A;Non-structured/Vanilla;0;No;0
643;r0390 - Non-financial liabilities;c004x   - Institutions;Rank 9 - Ranking in insolvency (master scale);599904836292030;BANCO SANTANDER SA;5493006QMFDDMYWIAM13;LEI code;Parent;false;PORTUGAL;Not applicable (Contractual recognition of bail-in powers);0,18;0;Euro;2021-12-31;2022-01-03;2099-01-31;Unsecured;0;N/A;Structured;0;No;0
644;r0120 - Secured liabilities - collateralized part (BRRD art. 44/2/b);c005x   - Other financial corporations;Rank 20 - Ranking in insolvency (master scale);313500000000000;HIPOTOTTA Nº 4 PLC;7400615058;Type of identifier, other than LEI or MFI code;Sister;true;PORTUGAL;Not applicable (Contractual recognition of bail-in powers);75168,27;58,14;Euro;2021-12-31;2022-01-03;2065-12-14;Secured;0;N/A;Non-structured/Vanilla;0;No;0
645;r0390 - Non-financial liabilities;c004x   - Institutions;Rank 9 - Ranking in insolvency (master scale);599904836790850;BANCO SANTANDER SA;5493006QMFDDMYWIAM13;LEI code;Parent;false;PORTUGAL;Not applicable (Contractual recognition of bail-in powers);0,96;0;Euro;2021-12-31;2022-01-03;2099-01-31;Unsecured;0;N/A;Structured;0;No;0
646;r0120 - Secured liabilities - collateralized part (BRRD art. 44/2/b);c005x   - Other financial corporations;Rank 20 - Ranking in insolvency (master scale);036300000000000;HIPOTOTTA Nº 4 PLC;7400615058;Type of identifier, other than LEI or MFI code;Sister;true;PORTUGAL;Not applicable (Contractual recognition of bail-in powers);1104942,46;494,75;Euro;2021-12-31;2022-01-03;2065-12-14;Secured;0;N/A;Non-structured/Vanilla;0;No;0
647;r0120 - Secured liabilities - collateralized part (BRRD art. 44/2/b);c005x   - Other financial corporations;Rank 20 - Ranking in insolvency (master scale);662600000000000;HIPOTOTTA Nº 4 PLC;7400615058;Type of identifier, other than LEI or MFI code;Sister;true;PORTUGAL;Not applicable (Contractual recognition of bail-in powers);1656393,64;897,11;Euro;2021-12-31;2022-01-03;2065-12-14;Secured;0;N/A;Non-structured/Vanilla;0;No;0
648;r0390 - Non-financial liabilities;c004x   - Institutions;Rank 9 - Ranking in insolvency (master scale);862304840027360;BANCO SANTANDER SA;5493006QMFDDMYWIAM13;LEI code;Parent;false;PORTUGAL;Not applicable (Contractual recognition of bail-in powers);2,69;0;Euro;2021-12-31;2022-01-03;2099-01-31;Unsecured;0;N/A;Structured;0;No;0
649;r0390 - Non-financial liabilities;c004x   - Institutions;Rank 9 - Ranking in insolvency (master scale);862304840002110;BANCO SANTANDER SA;5493006QMFDDMYWIAM13;LEI code;Parent;false;PORTUGAL;Not applicable (Contractual recognition of bail-in powers);1,05;0;Euro;2021-12-31;2022-01-03;2099-01-31;Unsecured;0;N/A;Structured;0;No;0
650;r0390 - Non-financial liabilities;c004x   - Institutions;Rank 9 - Ranking in insolvency (master scale);862304840005380;BANCO SANTANDER SA;5493006QMFDDMYWIAM13;LEI code;Parent;false;PORTUGAL;Not applicable (Contractual recognition of bail-in powers);25,64;0;Euro;2021-12-31;2022-01-03;2099-01-31;Unsecured;0;N/A;Structured;0;No;0
651;r0120 - Secured liabilities - collateralized part (BRRD art. 44/2/b);c005x   - Other financial corporations;Rank 20 - Ranking in insolvency (master scale);036900000000000;HIPOTOTTA Nº 4 PLC;7400615058;Type of identifier, other than LEI or MFI code;Sister;true;PORTUGAL;Not applicable (Contractual recognition of bail-in powers);997552,81;583,09;Euro;2021-12-31;2022-01-03;2065-12-14;Secured;0;N/A;Non-structured/Vanilla;0;No;0
652;r0390 - Non-financial liabilities;c004x   - Institutions;Rank 9 - Ranking in insolvency (master scale);862304840007750;BANCO SANTANDER SA;5493006QMFDDMYWIAM13;LEI code;Parent;false;PORTUGAL;Not applicable (Contractual recognition of bail-in powers);57,17;0;Euro;2021-12-31;2022-01-03;2099-01-31;Unsecured;0;N/A;Structured;0;No;0
653;r0120 - Secured liabilities - collateralized part (BRRD art. 44/2/b);c005x   - Other financial corporations;Rank 20 - Ranking in insolvency (master scale);036500000000000;HIPOTOTTA Nº 4 PLC;7400615058;Type of identifier, other than LEI or MFI code;Sister;true;PORTUGAL;Not applicable (Contractual recognition of bail-in powers);708836,39;300,85;Euro;2021-12-31;2022-01-03;2065-12-14;Secured;0;N/A;Non-structured/Vanilla;0;No;0
654;r0390 - Non-financial liabilities;c004x   - Institutions;Rank 9 - Ranking in insolvency (master scale);262304820024990;BANCO SANTANDER SA;5493006QMFDDMYWIAM13;LEI code;Parent;false;PORTUGAL;Not applicable (Contractual recognition of bail-in powers);8,93;0;Euro;2021-12-31;2022-01-03;2099-01-31;Unsecured;0;N/A;Structured;0;No;0
655;r0390 - Non-financial liabilities;c004x   - Institutions;Rank 9 - Ranking in insolvency (master scale);862304840042940;BANCO SANTANDER SA;5493006QMFDDMYWIAM13;LEI code;Parent;false;PORTUGAL;Not applicable (Contractual recognition of bail-in powers);1,41;0;Euro;2021-12-31;2022-01-03;2099-01-31;Unsecured;0;N/A;Structured;0;No;0
656;r0120 - Secured liabilities - collateralized part (BRRD art. 44/2/b);c005x   - Other financial corporations;Rank 20 - Ranking in insolvency (master scale);036400000000000;HIPOTOTTA 5 PLC;7400987939;Type of identifier, other than LEI or MFI code;Sister;true;PORTUGAL;Not applicable (Contractual recognition of bail-in powers);138092,66;32,78;Euro;2021-12-31;2022-01-03;2065-12-14;Secured;0;N/A;Non-structured/Vanilla;0;No;0
657;r0120 - Secured liabilities - collateralized part (BRRD art. 44/2/b);c005x   - Other financial corporations;Rank 20 - Ranking in insolvency (master scale);026000000000000;HIPOTOTTA 5 PLC;7400987939;Type of identifier, other than LEI or MFI code;Sister;true;PORTUGAL;Not applicable (Contractual recognition of bail-in powers);15460,25;6,09;Euro;2021-12-31;2022-01-03;2065-12-14;Secured;0;N/A;Non-structured/Vanilla;0;No;0
658;r0120 - Secured liabilities - collateralized part (BRRD art. 44/2/b);c005x   - Other financial corporations;Rank 20 - Ranking in insolvency (master scale);026000000000000;HIPOTOTTA Nº 4 PLC;7400615058;Type of identifier, other than LEI or MFI code;Sister;true;PORTUGAL;Not applicable (Contractual recognition of bail-in powers);470030,11;140,34;Euro;2021-12-31;2022-01-03;2065-12-14;Secured;0;N/A;Non-structured/Vanilla;0;No;0
659;r0120 - Secured liabilities - collateralized part (BRRD art. 44/2/b);c005x   - Other financial corporations;Rank 20 - Ranking in insolvency (master scale);036500000000000;HIPOTOTTA 5 PLC;7400987939;Type of identifier, other than LEI or MFI code;Sister;true;PORTUGAL;Not applicable (Contractual recognition of bail-in powers);75395,46;34,01;Euro;2021-12-31;2022-01-03;2065-12-14;Secured;0;N/A;Non-structured/Vanilla;0;No;0
660;r0120 - Secured liabilities - collateralized part (BRRD art. 44/2/b);c005x   - Other financial corporations;Rank 20 - Ranking in insolvency (master scale);036700000000000;HIPOTOTTA Nº 4 PLC;7400615058;Type of identifier, other than LEI or MFI code;Sister;true;PORTUGAL;Not applicable (Contractual recognition of bail-in powers);351254,46;285,28;Euro;2021-12-31;2022-01-03;2065-12-14;Secured;0;N/A;Non-structured/Vanilla;0;No;0
661;r0390 - Non-financial liabilities;c004x   - Institutions;Rank 9 - Ranking in insolvency (master scale);262304880011230;BANCO SANTANDER SA;5493006QMFDDMYWIAM13;LEI code;Parent;false;PORTUGAL;Not applicable (Contractual recognition of bail-in powers);9,17;0;Euro;2021-12-31;2022-01-03;2099-01-31;Unsecured;0;N/A;Structured;0;No;0
662;r0120 - Secured liabilities - collateralized part (BRRD art. 44/2/b);c005x   - Other financial corporations;Rank 20 - Ranking in insolvency (master scale);036600000000000;HIPOTOTTA 5 PLC;7400987939;Type of identifier, other than LEI or MFI code;Sister;true;PORTUGAL;Not applicable (Contractual recognition of bail-in powers);84357,29;18,95;Euro;2021-12-31;2022-01-03;2065-12-14;Secured;0;N/A;Non-structured/Vanilla;0;No;0
663;r0120 - Secured liabilities - collateralized part (BRRD art. 44/2/b);c005x   - Other financial corporations;Rank 20 - Ranking in insolvency (master scale);000000000114001;GAMMA SOC TITULARIZACAO CREDITOS, SA;2101355138;Type of identifier, other than LEI or MFI code;Sister;true;PORTUGAL;Not applicable (Contractual recognition of bail-in powers);21065,18;0;Euro;2021-12-31;2022-01-03;2065-12-14;Secured;0;N/A;Non-structured/Vanilla;0;No;0
664;r0120 - Secured liabilities - collateralized part (BRRD art. 44/2/b);c005x   - Other financial corporations;Rank 20 - Ranking in insolvency (master scale);026100000000000;GAMMA SOC TITULARIZACAO CREDITOS, SA;2101355138;Type of identifier, other than LEI or MFI code;Sister;true;PORTUGAL;Not applicable (Contractual recognition of bail-in powers);86493,32;-1,17;Euro;2021-12-31;2022-01-03;2065-12-14;Secured;0;N/A;Non-structured/Vanilla;0;No;0
665;r0120 - Secured liabilities - collateralized part (BRRD art. 44/2/b);c005x   - Other financial corporations;Rank 20 - Ranking in insolvency (master scale);037200000000000;HIPOTOTTA Nº 4 PLC;7400615058;Type of identifier, other than LEI or MFI code;Sister;true;PORTUGAL;Not applicable (Contractual recognition of bail-in powers);920475,16;79,4;Euro;2021-12-31;2022-01-03;2065-12-14;Secured;0;N/A;Non-structured/Vanilla;0;No;0
666;r0120 - Secured liabilities - collateralized part (BRRD art. 44/2/b);c005x   - Other financial corporations;Rank 20 - Ranking in insolvency (master scale);036700000000000;HIPOTOTTA 5 PLC;7400987939;Type of identifier, other than LEI or MFI code;Sister;true;PORTUGAL;Not applicable (Contractual recognition of bail-in powers);147333,59;1,6;Euro;2021-12-31;2022-01-03;2065-12-14;Secured;0;N/A;Non-structured/Vanilla;0;No;0
667;r0120 - Secured liabilities - collateralized part (BRRD art. 44/2/b);c005x   - Other financial corporations;Rank 20 - Ranking in insolvency (master scale);026100000000000;HIPOTOTTA 5 PLC;7400987939;Type of identifier, other than LEI or MFI code;Sister;true;PORTUGAL;Not applicable (Contractual recognition of bail-in powers);77770,94;11,21;Euro;2021-12-31;2022-01-03;2065-12-14;Secured;0;N/A;Non-structured/Vanilla;0;No;0
668;r0120 - Secured liabilities - collateralized part (BRRD art. 44/2/b);c005x   - Other financial corporations;Rank 20 - Ranking in insolvency (master scale);000000000114001;HIPOTOTTA Nº 4 PLC;7400615058;Type of identifier, other than LEI or MFI code;Sister;true;PORTUGAL;Not applicable (Contractual recognition of bail-in powers);13868,47;0;Euro;2021-12-31;2022-01-03;2065-12-14;Secured;0;N/A;Non-structured/Vanilla;0;No;0
669;r0120 - Secured liabilities - collateralized part (BRRD art. 44/2/b);c005x   - Other financial corporations;Rank 20 - Ranking in insolvency (master scale);024300000000000;GAMMA SOC TITULARIZACAO CREDITOS, SA;2101355138;Type of identifier, other than LEI or MFI code;Sister;true;PORTUGAL;Not applicable (Contractual recognition of bail-in powers);141177,01;9,41;Euro;2021-12-31;2022-01-03;2065-12-14;Secured;0;N/A;Non-structured/Vanilla;0;No;0
670;r0120 - Secured liabilities - collateralized part (BRRD art. 44/2/b);c005x   - Other financial corporations;Rank 20 - Ranking in insolvency (master scale);336000000000000;HIPOTOTTA 5 PLC;7400987939;Type of identifier, other than LEI or MFI code;Sister;true;PORTUGAL;Not applicable (Contractual recognition of bail-in powers);38998,89;0;Euro;2021-12-31;2022-01-03;2065-12-14;Secured;0;N/A;Non-structured/Vanilla;0;No;0
671;r0390 - Non-financial liabilities;c004x   - Institutions;Rank 9 - Ranking in insolvency (master scale);962304820288710;BANCO SANTANDER SA;5493006QMFDDMYWIAM13;LEI code;Parent;false;PORTUGAL;Not applicable (Contractual recognition of bail-in powers);33,33;0;Euro;2021-12-31;2022-01-03;2099-01-31;Unsecured;0;N/A;Structured;0;No;0
672;r0120 - Secured liabilities - collateralized part (BRRD art. 44/2/b);c005x   - Other financial corporations;Rank 20 - Ranking in insolvency (master scale);026300000000000;GAMMA SOC TITULARIZACAO CREDITOS, SA;2101355138;Type of identifier, other than LEI or MFI code;Sister;true;PORTUGAL;Not applicable (Contractual recognition of bail-in powers);59459,65;2,23;Euro;2021-12-31;2022-01-03;2065-12-14;Secured;0;N/A;Non-structured/Vanilla;0;No;0
673;r0390 - Non-financial liabilities;c004x   - Institutions;Rank 9 - Ranking in insolvency (master scale);962304820344260;BANCO SANTANDER SA;5493006QMFDDMYWIAM13;LEI code;Parent;false;PORTUGAL;Not applicable (Contractual recognition of bail-in powers);0,5;0;Euro;2021-12-31;2022-01-03;2099-01-31;Unsecured;0;N/A;Structured;0;No;0
674;r0120 - Secured liabilities - collateralized part (BRRD art. 44/2/b);c005x   - Other financial corporations;Rank 20 - Ranking in insolvency (master scale);317800000000000;HIPOTOTTA 5 PLC;7400987939;Type of identifier, other than LEI or MFI code;Sister;true;PORTUGAL;Not applicable (Contractual recognition of bail-in powers);19844,95;55,6;Euro;2021-12-31;2022-01-03;2065-12-14;Secured;0;N/A;Non-structured/Vanilla;0;No;0
675;r0390 - Non-financial liabilities;c004x   - Institutions;Rank 9 - Ranking in insolvency (master scale);962304820300790;BANCO SANTANDER SA;5493006QMFDDMYWIAM13;LEI code;Parent;false;PORTUGAL;Not applicable (Contractual recognition of bail-in powers);1,89;0;Euro;2021-12-31;2022-01-03;2099-01-31;Unsecured;0;N/A;Structured;0;No;0
676;r0390 - Non-financial liabilities;c006x   - Insurance firms & pension funds;Rank 9 - Ranking in insolvency (master scale);000000000000000;Totta Seguros - Comp. Seg. Vida, SA.;54930006K2IUPA083C07;LEI code;Sister;true;PORTUGAL;Not applicable (Contractual recognition of bail-in powers);3109589,39;0;Euro;2021-12-31;2022-01-03;2099-01-31;Unsecured;0;N/A;Structured;0;No;0
677;r0390 - Non-financial liabilities;c004x   - Institutions;Rank 9 - Ranking in insolvency (master scale);962304820251950;BANCO SANTANDER SA;5493006QMFDDMYWIAM13;LEI code;Parent;false;PORTUGAL;Not applicable (Contractual recognition of bail-in powers);3,33;0;Euro;2021-12-31;2022-01-03;2099-01-31;Unsecured;0;N/A;Structured;0;No;0
678;r0120 - Secured liabilities - collateralized part (BRRD art. 44/2/b);c005x   - Other financial corporations;Rank 20 - Ranking in insolvency (master scale);038200000000000;GAMMA SOC TITULARIZACAO CREDITOS, SA;2101355138;Type of identifier, other than LEI or MFI code;Sister;true;PORTUGAL;Not applicable (Contractual recognition of bail-in powers);18097,06;0,96;Euro;2021-12-31;2022-01-03;2065-12-14;Secured;0;N/A;Non-structured/Vanilla;0;No;0
679;r0390 - Non-financial liabilities;c004x   - Institutions;Rank 9 - Ranking in insolvency (master scale);962304820276890;BANCO SANTANDER SA;5493006QMFDDMYWIAM13;LEI code;Parent;false;PORTUGAL;Not applicable (Contractual recognition of bail-in powers);94,44;0;Euro;2021-12-31;2022-01-03;2099-01-31;Unsecured;0;N/A;Structured;0;No;0
680;r0120 - Secured liabilities - collateralized part (BRRD art. 44/2/b);c005x   - Other financial corporations;Rank 20 - Ranking in insolvency (master scale);026300000000000;HIPOTOTTA 5 PLC;7400987939;Type of identifier, other than LEI or MFI code;Sister;true;PORTUGAL;Not applicable (Contractual recognition of bail-in powers);69222,6;0,27;Euro;2021-12-31;2022-01-03;2065-12-14;Secured;0;N/A;Non-structured/Vanilla;0;No;0
681;r0390 - Non-financial liabilities;c004x   - Institutions;Rank 9 - Ranking in insolvency (master scale);962304820174780;BANCO SANTANDER SA;5493006QMFDDMYWIAM13;LEI code;Parent;false;PORTUGAL;Not applicable (Contractual recognition of bail-in powers);0,29;0;Euro;2021-12-31;2022-01-03;2099-01-31;Unsecured;0;N/A;Structured;0;No;0
682;r0120 - Secured liabilities - collateralized part (BRRD art. 44/2/b);c005x   - Other financial corporations;Rank 20 - Ranking in insolvency (master scale);316000000000000;GAMMA SOC TITULARIZACAO CREDITOS, SA;2101355138;Type of identifier, other than LEI or MFI code;Sister;true;PORTUGAL;Not applicable (Contractual recognition of bail-in powers);41522,38;22,36;Euro;2021-12-31;2022-01-03;2065-12-14;Secured;0;N/A;Non-structured/Vanilla;0;No;0
683;r0390 - Non-financial liabilities;c004x   - Institutions;Rank 9 - Ranking in insolvency (master scale);962304820211210;BANCO SANTANDER SA;5493006QMFDDMYWIAM13;LEI code;Parent;false;PORTUGAL;Not applicable (Contractual recognition of bail-in powers);297,78;0;Euro;2021-12-31;2022-01-03;2099-01-31;Unsecured;0;N/A;Structured;0;No;0
684;r0390 - Non-financial liabilities;c004x   - Institutions;Rank 9 - Ranking in insolvency (master scale);962304820340410;BANCO SANTANDER PARIS;7400416227;Type of identifier, other than LEI or MFI code;Sister;false;PORTUGAL;Not applicable (Contractual recognition of bail-in powers);1,17;0;Euro;2021-12-31;2022-01-03;2099-01-31;Unsecured;0;N/A;Structured;0;No;0
685;r0390 - Non-financial liabilities;c004x   - Institutions;Rank 9 - Ranking in insolvency (master scale);962304820365740;BANCO SANTANDER SA;5493006QMFDDMYWIAM13;LEI code;Parent;false;PORTUGAL;Not applicable (Contractual recognition of bail-in powers);30,91;0;Euro;2021-12-31;2022-01-03;2099-01-31;Unsecured;0;N/A;Structured;0;No;0
686;r0120 - Secured liabilities - collateralized part (BRRD art. 44/2/b);c005x   - Other financial corporations;Rank 20 - Ranking in insolvency (master scale);026400000000000;HIPOTOTTA Nº 4 PLC;7400615058;Type of identifier, other than LEI or MFI code;Sister;true;PORTUGAL;Not applicable (Contractual recognition of bail-in powers);1633093,6;320,37;Euro;2021-12-31;2022-01-03;2065-12-14;Secured;0;N/A;Non-structured/Vanilla;0;No;0
687;r0390 - Non-financial liabilities;c005x   - Other financial corporations;Rank 9 - Ranking in insolvency (master scale);962304880186890;NOVIMOVEST;7400685089;Type of identifier, other than LEI or MFI code;Sister;true;PORTUGAL;Not applicable (Contractual recognition of bail-in powers);0,14;0;Euro;2021-12-31;2022-01-03;2099-01-31;Unsecured;0;N/A;Structured;0;No;0
688;r0120 - Secured liabilities - collateralized part (BRRD art. 44/2/b);c005x   - Other financial corporations;Rank 20 - Ranking in insolvency (master scale);323500000000000;HIPOTOTTA Nº 4 PLC;7400615058;Type of identifier, other than LEI or MFI code;Sister;true;PORTUGAL;Not applicable (Contractual recognition of bail-in powers);461771,5;267,4;Euro;2021-12-31;2022-01-03;2065-12-14;Secured;0;N/A;Non-structured/Vanilla;0;No;0
689;r0390 - Non-financial liabilities;c004x   - Institutions;Rank 9 - Ranking in insolvency (master scale);962304820287070;BANCO SANTANDER SA;5493006QMFDDMYWIAM13;LEI code;Parent;false;PORTUGAL;Not applicable (Contractual recognition of bail-in powers);18,63;0;Euro;2021-12-31;2022-01-03;2099-01-31;Unsecured;0;N/A;Structured;0;No;0
690;r0390 - Non-financial liabilities;c004x   - Institutions;Rank 9 - Ranking in insolvency (master scale);962304820296300;BANCO SANTANDER SA;5493006QMFDDMYWIAM13;LEI code;Parent;false;PORTUGAL;Not applicable (Contractual recognition of bail-in powers);69,63;0;Euro;2021-12-31;2022-01-03;2099-01-31;Unsecured;0;N/A;Structured;0;No;0
691;r0120 - Secured liabilities - collateralized part (BRRD art. 44/2/b);c005x   - Other financial corporations;Rank 20 - Ranking in insolvency (master scale);038000000000000;HIPOTOTTA Nº 4 PLC;7400615058;Type of identifier, other than LEI or MFI code;Sister;true;PORTUGAL;Not applicable (Contractual recognition of bail-in powers);546736,92;256,3;Euro;2021-12-31;2022-01-03;2065-12-14;Secured;0;N/A;Non-structured/Vanilla;0;No;0
692;r0390 - Non-financial liabilities;c004x   - Institutions;Rank 9 - Ranking in insolvency (master scale);962304820307850;Banco Santander Brasil S.A.;6511000505;Type of identifier, other than LEI or MFI code;Sister;false;PORTUGAL;Not applicable (Contractual recognition of bail-in powers);5746,96;0;Euro;2021-12-31;2022-01-03;2099-01-31;Unsecured;0;N/A;Structured;0;No;0
693;r0120 - Secured liabilities - collateralized part (BRRD art. 44/2/b);c005x   - Other financial corporations;Rank 20 - Ranking in insolvency (master scale);026500000000000;HIPOTOTTA Nº 4 PLC;7400615058;Type of identifier, other than LEI or MFI code;Sister;true;PORTUGAL;Not applicable (Contractual recognition of bail-in powers);585563;121,13;Euro;2021-12-31;2022-01-03;2065-12-14;Secured;0;N/A;Non-structured/Vanilla;0;No;0
694;r0390 - Non-financial liabilities;c004x   - Institutions;Rank 9 - Ranking in insolvency (master scale);962304820311050;Sucursal BSCH Frankfurt;0000046859;Type of identifier, other than LEI or MFI code;Sister;false;PORTUGAL;Not applicable (Contractual recognition of bail-in powers);0,58;0;Euro;2021-12-31;2022-01-03;2099-01-31;Unsecured;0;N/A;Structured;0;No;0
695;r0120 - Secured liabilities - collateralized part (BRRD art. 44/2/b);c005x   - Other financial corporations;Rank 20 - Ranking in insolvency (master scale);322000000000000;HIPOTOTTA 5 PLC;7400987939;Type of identifier, other than LEI or MFI code;Sister;true;PORTUGAL;Not applicable (Contractual recognition of bail-in powers);60481,86;8,43;Euro;2021-12-31;2022-01-03;2065-12-14;Secured;0;N/A;Non-structured/Vanilla;0;No;0
696;r0390 - Non-financial liabilities;c004x   - Institutions;Rank 9 - Ranking in insolvency (master scale);962304820324550;BANCO SANTANDER SA;5493006QMFDDMYWIAM13;LEI code;Parent;false;PORTUGAL;Not applicable (Contractual recognition of bail-in powers);64,44;0;Euro;2021-12-31;2022-01-03;2099-01-31;Unsecured;0;N/A;Structured;0;No;0
697;r0120 - Secured liabilities - collateralized part (BRRD art. 44/2/b);c005x   - Other financial corporations;Rank 20 - Ranking in insolvency (master scale);000300000000000;GAMMA SOC TITULARIZACAO CREDITOS, SA;2101355138;Type of identifier, other than LEI or MFI code;Sister;true;PORTUGAL;Not applicable (Contractual recognition of bail-in powers);1201971179;756640,12;Euro;2021-12-31;2022-01-03;2065-12-14;Secured;0;N/A;Non-structured/Vanilla;0;No;0
698;r0390 - Non-financial liabilities;c004x   - Institutions;Rank 9 - Ranking in insolvency (master scale);862304880236820;BANCO SANTANDER SA;5493006QMFDDMYWIAM13;LEI code;Parent;false;PORTUGAL;Not applicable (Contractual recognition of bail-in powers);2,48;0;Euro;2021-12-31;2022-01-03;2099-01-31;Unsecured;0;N/A;Structured;0;No;0
699;r0120 - Secured liabilities - collateralized part (BRRD art. 44/2/b);c005x   - Other financial corporations;Rank 20 - Ranking in insolvency (master scale);333500000000000;GAMMA SOC TITULARIZACAO CREDITOS, SA;2101355138;Type of identifier, other than LEI or MFI code;Sister;true;PORTUGAL;Not applicable (Contractual recognition of bail-in powers);75414,77;-7,56;Euro;2021-12-31;2022-01-03;2065-12-14;Secured;0;N/A;Non-structured/Vanilla;0;No;0
700;r0390 - Non-financial liabilities;c004x   - Institutions;Rank 9 - Ranking in insolvency (master scale);862304880011880;BANCO SANTANDER SA;5493006QMFDDMYWIAM13;LEI code;Parent;false;PORTUGAL;Not applicable (Contractual recognition of bail-in powers);6,93;0;Euro;2021-12-31;2022-01-03;2099-01-31;Unsecured;0;N/A;Structured;0;No;0
701;r0120 - Secured liabilities - collateralized part (BRRD art. 44/2/b);c005x   - Other financial corporations;Rank 20 - Ranking in insolvency (master scale);026600000000000;GAMMA SOC TITULARIZACAO CREDITOS, SA;2101355138;Type of identifier, other than LEI or MFI code;Sister;true;PORTUGAL;Not applicable (Contractual recognition of bail-in powers);94478,59;11,35;Euro;2021-12-31;2022-01-03;2065-12-14;Secured;0;N/A;Non-structured/Vanilla;0;No;0
702;r0390 - Non-financial liabilities;c004x   - Institutions;Rank 9 - Ranking in insolvency (master scale);962304820072940;BANCO SANTANDER SA;5493006QMFDDMYWIAM13;LEI code;Parent;false;PORTUGAL;Not applicable (Contractual recognition of bail-in powers);11,33;0;Euro;2021-12-31;2022-01-03;2099-01-31;Unsecured;0;N/A;Structured;0;No;0
703;r0120 - Secured liabilities - collateralized part (BRRD art. 44/2/b);c005x   - Other financial corporations;Rank 20 - Ranking in insolvency (master scale);324000000000000;HIPOTOTTA Nº 4 PLC;7400615058;Type of identifier, other than LEI or MFI code;Sister;true;PORTUGAL;Not applicable (Contractual recognition of bail-in powers);28141,45;45,87;Euro;2021-12-31;2022-01-03;2065-12-14;Secured;0;N/A;Non-structured/Vanilla;0;No;0
704;r0390 - Non-financial liabilities;c004x   - Institutions;Rank 9 - Ranking in insolvency (master scale);862304840237260;BANCO SANTANDER SA;5493006QMFDDMYWIAM13;LEI code;Parent;false;PORTUGAL;Not applicable (Contractual recognition of bail-in powers);7,6;0;Euro;2021-12-31;2022-01-03;2099-01-31;Unsecured;0;N/A;Structured;0;No;0
705;r0390 - Non-financial liabilities;c005x   - Other financial corporations;Rank 9 - Ranking in insolvency (master scale);000000000000000;UNICRE;0000002716;Type of identifier, other than LEI or MFI code;Sister;true;PORTUGAL;Not applicable (Contractual recognition of bail-in powers);52,46;0;Euro;2021-12-31;2022-01-03;2099-01-31;Unsecured;0;N/A;Structured;0;No;0
706;r0390 - Non-financial liabilities;c004x   - Institutions;Rank 9 - Ranking in insolvency (master scale);962304820139030;BANCO SANTANDER SA;5493006QMFDDMYWIAM13;LEI code;Parent;false;PORTUGAL;Not applicable (Contractual recognition of bail-in powers);3,47;0;Euro;2021-12-31;2022-01-03;2099-01-31;Unsecured;0;N/A;Structured;0;No;0
707;r0390 - Non-financial liabilities;c005x   - Other financial corporations;Rank 9 - Ranking in insolvency (master scale);000000000000000;BANCO SANTANDER SA;5493006QMFDDMYWIAM13;LEI code;Parent;false;PORTUGAL;Not applicable (Contractual recognition of bail-in powers);13231,42286;0; US Dollar;2021-12-31;2022-01-03;2099-01-31;Unsecured;0;N/A;Structured;0;No;0
708;r0390 - Non-financial liabilities;c004x   - Institutions;Rank 9 - Ranking in insolvency (master scale);862304880012770;BANCO SANTANDER SA;5493006QMFDDMYWIAM13;LEI code;Parent;false;PORTUGAL;Not applicable (Contractual recognition of bail-in powers);0,7;0;Euro;2021-12-31;2022-01-03;2099-01-31;Unsecured;0;N/A;Structured;0;No;0
709;r0120 - Secured liabilities - collateralized part (BRRD art. 44/2/b);c005x   - Other financial corporations;Rank 20 - Ranking in insolvency (master scale);038100000000000;HIPOTOTTA Nº 4 PLC;7400615058;Type of identifier, other than LEI or MFI code;Sister;true;PORTUGAL;Not applicable (Contractual recognition of bail-in powers);1180232,37;701,53;Euro;2021-12-31;2022-01-03;2065-12-14;Secured;0;N/A;Non-structured/Vanilla;0;No;0
710;r0390 - Non-financial liabilities;c004x   - Institutions;Rank 9 - Ranking in insolvency (master scale);962304820150010;BANCO SANTANDER SA;5493006QMFDDMYWIAM13;LEI code;Parent;false;PORTUGAL;Not applicable (Contractual recognition of bail-in powers);17,78;0;Euro;2021-12-31;2022-01-03;2099-01-31;Unsecured;0;N/A;Structured;0;No;0
711;r0120 - Secured liabilities - collateralized part (BRRD art. 44/2/b);c005x   - Other financial corporations;Rank 20 - Ranking in insolvency (master scale);325900000000000;HIPOTOTTA Nº 4 PLC;7400615058;Type of identifier, other than LEI or MFI code;Sister;true;PORTUGAL;Not applicable (Contractual recognition of bail-in powers);4945,51;13,82;Euro;2021-12-31;2022-01-03;2065-12-14;Secured;0;N/A;Non-structured/Vanilla;0;No;0
712;r0390 - Non-financial liabilities;c004x   - Institutions;Rank 9 - Ranking in insolvency (master scale);862304840054380;BANCO SANTANDER SA;5493006QMFDDMYWIAM13;LEI code;Parent;false;PORTUGAL;Not applicable (Contractual recognition of bail-in powers);0,61;0;Euro;2021-12-31;2022-01-03;2099-01-31;Unsecured;0;N/A;Structured;0;No;0
713;r0120 - Secured liabilities - collateralized part (BRRD art. 44/2/b);c005x   - Other financial corporations;Rank 20 - Ranking in insolvency (master scale);000300000000000;HIPOTOTTA 5 PLC;7400987939;Type of identifier, other than LEI or MFI code;Sister;true;PORTUGAL;Not applicable (Contractual recognition of bail-in powers);433568360;96652,23;Euro;2021-12-31;2022-01-03;2065-12-14;Secured;0;N/A;Non-structured/Vanilla;0;No;0
714;r0390 - Non-financial liabilities;c004x   - Institutions;Rank 9 - Ranking in insolvency (master scale);862304880020020;BANCO SANTANDER SA;5493006QMFDDMYWIAM13;LEI code;Parent;false;PORTUGAL;Not applicable (Contractual recognition of bail-in powers);4,59;0;Euro;2021-12-31;2022-01-03;2099-01-31;Unsecured;0;N/A;Structured;0;No;0
715;r0120 - Secured liabilities - collateralized part (BRRD art. 44/2/b);c005x   - Other financial corporations;Rank 20 - Ranking in insolvency (master scale);027400000000000;HIPOTOTTA 5 PLC;7400987939;Type of identifier, other than LEI or MFI code;Sister;true;PORTUGAL;Not applicable (Contractual recognition of bail-in powers);80357,09;14,18;Euro;2021-12-31;2022-01-03;2065-12-14;Secured;0;N/A;Non-structured/Vanilla;0;No;0
716;r0390 - Non-financial liabilities;c004x   - Institutions;Rank 9 - Ranking in insolvency (master scale);862304880010260;BANCO SANTANDER SA;5493006QMFDDMYWIAM13;LEI code;Parent;false;PORTUGAL;Not applicable (Contractual recognition of bail-in powers);5,34;0;Euro;2021-12-31;2022-01-03;2099-01-31;Unsecured;0;N/A;Structured;0;No;0
717;r0120 - Secured liabilities - collateralized part (BRRD art. 44/2/b);c005x   - Other financial corporations;Rank 20 - Ranking in insolvency (master scale);026700000000000;HIPOTOTTA Nº 4 PLC;7400615058;Type of identifier, other than LEI or MFI code;Sister;true;PORTUGAL;Not applicable (Contractual recognition of bail-in powers);2037205,94;811,25;Euro;2021-12-31;2022-01-03;2065-12-14;Secured;0;N/A;Non-structured/Vanilla;0;No;0
718;r0390 - Non-financial liabilities;c004x   - Institutions;Rank 9 - Ranking in insolvency (master scale);862304880021990;BANCO SANTANDER SA;5493006QMFDDMYWIAM13;LEI code;Parent;false;PORTUGAL;Not applicable (Contractual recognition of bail-in powers);0,41;0;Euro;2021-12-31;2022-01-03;2099-01-31;Unsecured;0;N/A;Structured;0;No;0
719;r0120 - Secured liabilities - collateralized part (BRRD art. 44/2/b);c005x   - Other financial corporations;Rank 20 - Ranking in insolvency (master scale);328400000000000;GAMMA SOC TITULARIZACAO CREDITOS, SA;2101355138;Type of identifier, other than LEI or MFI code;Sister;true;PORTUGAL;Not applicable (Contractual recognition of bail-in powers);43312,3;1,22;Euro;2021-12-31;2022-01-03;2065-12-14;Secured;0;N/A;Non-structured/Vanilla;0;No;0
720;r0390 - Non-financial liabilities;c004x   - Institutions;Rank 9 - Ranking in insolvency (master scale);862304840097700;BANCO SANTANDER SA;5493006QMFDDMYWIAM13;LEI code;Parent;false;PORTUGAL;Not applicable (Contractual recognition of bail-in powers);0,15;0;Euro;2021-12-31;2022-01-03;2099-01-31;Unsecured;0;N/A;Structured;0;No;0
721;r0390 - Non-financial liabilities;c004x   - Institutions;Rank 9 - Ranking in insolvency (master scale);862304880024790;BANCO SANTANDER SA;5493006QMFDDMYWIAM13;LEI code;Parent;false;PORTUGAL;Not applicable (Contractual recognition of bail-in powers);0,77;0;Euro;2021-12-31;2022-01-03;2099-01-31;Unsecured;0;N/A;Structured;0;No;0
722;r0120 - Secured liabilities - collateralized part (BRRD art. 44/2/b);c005x   - Other financial corporations;Rank 20 - Ranking in insolvency (master scale);038600000000000;GAMMA SOC TITULARIZACAO CREDITOS, SA;2101355138;Type of identifier, other than LEI or MFI code;Sister;true;PORTUGAL;Not applicable (Contractual recognition of bail-in powers);87516,37;-1,26;Euro;2021-12-31;2022-01-03;2065-12-14;Secured;0;N/A;Non-structured/Vanilla;0;No;0
723;r0390 - Non-financial liabilities;c004x   - Institutions;Rank 9 - Ranking in insolvency (master scale);862304880010740;BANCO SANTANDER SA;5493006QMFDDMYWIAM13;LEI code;Parent;false;PORTUGAL;Not applicable (Contractual recognition of bail-in powers);50,9;0;Euro;2021-12-31;2022-01-03;2099-01-31;Unsecured;0;N/A;Structured;0;No;0
724;r0120 - Secured liabilities - collateralized part (BRRD art. 44/2/b);c005x   - Other financial corporations;Rank 20 - Ranking in insolvency (master scale);026800000000000;GAMMA SOC TITULARIZACAO CREDITOS, SA;2101355138;Type of identifier, other than LEI or MFI code;Sister;true;PORTUGAL;Not applicable (Contractual recognition of bail-in powers);45859,35;2,51;Euro;2021-12-31;2022-01-03;2065-12-14;Secured;0;N/A;Non-structured/Vanilla;0;No;0
725;r0390 - Non-financial liabilities;c004x   - Institutions;Rank 9 - Ranking in insolvency (master scale);862304880028330;BANCO SANTANDER SA;5493006QMFDDMYWIAM13;LEI code;Parent;false;PORTUGAL;Not applicable (Contractual recognition of bail-in powers);0,22;0;Euro;2021-12-31;2022-01-03;2099-01-31;Unsecured;0;N/A;Structured;0;No;0
726;r0120 - Secured liabilities - collateralized part (BRRD art. 44/2/b);c005x   - Other financial corporations;Rank 20 - Ranking in insolvency (master scale);330500000000000;GAMMA SOC TITULARIZACAO CREDITOS, SA;2101355138;Type of identifier, other than LEI or MFI code;Sister;true;PORTUGAL;Not applicable (Contractual recognition of bail-in powers);122162,58;47,04;Euro;2021-12-31;2022-01-03;2065-12-14;Secured;0;N/A;Non-structured/Vanilla;0;No;0
727;r0390 - Non-financial liabilities;c004x   - Institutions;Rank 9 - Ranking in insolvency (master scale);962304820334350;BANCO SANTANDER SA;5493006QMFDDMYWIAM13;LEI code;Parent;false;PORTUGAL;Not applicable (Contractual recognition of bail-in powers);48,25;0;Euro;2021-12-31;2022-01-03;2099-01-31;Unsecured;0;N/A;Structured;0;No;0
728;r0390 - Non-financial liabilities;c005x   - Other financial corporations;Rank 9 - Ranking in insolvency (master scale);001520210347352;UNION DE CREDITOS INMOBILIARIOS, SA - SUC.PORTUGAL;3481003857;Type of identifier, other than LEI or MFI code;Sister;false;PORTUGAL;Not applicable (Contractual recognition of bail-in powers);74,73;0;Euro;2021-12-31;2022-01-03;2099-01-31;Unsecured;0;N/A;Structured;0;No;0
729;r0390 - Non-financial liabilities;c004x   - Institutions;Rank 9 - Ranking in insolvency (master scale);962304820338290;BANCO SANTANDER SA;5493006QMFDDMYWIAM13;LEI code;Parent;false;PORTUGAL;Not applicable (Contractual recognition of bail-in powers);0,42;0;Euro;2021-12-31;2022-01-03;2099-01-31;Unsecured;0;N/A;Structured;0;No;0
730;r0120 - Secured liabilities - collateralized part (BRRD art. 44/2/b);c005x   - Other financial corporations;Rank 20 - Ranking in insolvency (master scale);342200000000000;HIPOTOTTA Nº 4 PLC;7400615058;Type of identifier, other than LEI or MFI code;Sister;true;PORTUGAL;Not applicable (Contractual recognition of bail-in powers);27137,45;6,16;Euro;2021-12-31;2022-01-03;2065-12-14;Secured;0;N/A;Non-structured/Vanilla;0;No;0
731;r0390 - Non-financial liabilities;c004x   - Institutions;Rank 9 - Ranking in insolvency (master scale);962304820340110;BANCO SANTANDER PARIS;7400416227;Type of identifier, other than LEI or MFI code;Sister;false;PORTUGAL;Not applicable (Contractual recognition of bail-in powers);2,18;0;Euro;2021-12-31;2022-01-03;2099-01-31;Unsecured;0;N/A;Structured;0;No;0
732;r0120 - Secured liabilities - collateralized part (BRRD art. 44/2/b);c005x   - Other financial corporations;Rank 20 - Ranking in insolvency (master scale);026800000000000;HIPOTOTTA 5 PLC;7400987939;Type of identifier, other than LEI or MFI code;Sister;true;PORTUGAL;Not applicable (Contractual recognition of bail-in powers);4724,7;0,72;Euro;2021-12-31;2022-01-03;2065-12-14;Secured;0;N/A;Non-structured/Vanilla;0;No;0
733;r0390 - Non-financial liabilities;c004x   - Institutions;Rank 9 - Ranking in insolvency (master scale);962304820340440;BANCO SANTANDER PARIS;7400416227;Type of identifier, other than LEI or MFI code;Sister;false;PORTUGAL;Not applicable (Contractual recognition of bail-in powers);2,88;0;Euro;2021-12-31;2022-01-03;2099-01-31;Unsecured;0;N/A;Structured;0;No;0
734;r0120 - Secured liabilities - collateralized part (BRRD art. 44/2/b);c005x   - Other financial corporations;Rank 20 - Ranking in insolvency (master scale);333000000000000;HIPOTOTTA Nº 4 PLC;7400615058;Type of identifier, other than LEI or MFI code;Sister;true;PORTUGAL;Not applicable (Contractual recognition of bail-in powers);32173,71;30,02;Euro;2021-12-31;2022-01-03;2065-12-14;Secured;0;N/A;Non-structured/Vanilla;0;No;0
735;r0390 - Non-financial liabilities;c004x   - Institutions;Rank 9 - Ranking in insolvency (master scale);962304820345580;BANCO SANTANDER SA;5493006QMFDDMYWIAM13;LEI code;Parent;false;PORTUGAL;Not applicable (Contractual recognition of bail-in powers);82,38;0;Euro;2021-12-31;2022-01-03;2099-01-31;Unsecured;0;N/A;Structured;0;No;0
736;r0120 - Secured liabilities - collateralized part (BRRD art. 44/2/b);c005x   - Other financial corporations;Rank 20 - Ranking in insolvency (master scale);024300000000000;HIPOTOTTA 5 PLC;7400987939;Type of identifier, other than LEI or MFI code;Sister;true;PORTUGAL;Not applicable (Contractual recognition of bail-in powers);123576,27;-1,89;Euro;2021-12-31;2022-01-03;2065-12-14;Secured;0;N/A;Non-structured/Vanilla;0;No;0
737;r0390 - Non-financial liabilities;c004x   - Institutions;Rank 9 - Ranking in insolvency (master scale);962304820358120;BANCO SANTANDER SA;5493006QMFDDMYWIAM13;LEI code;Parent;false;PORTUGAL;Not applicable (Contractual recognition of bail-in powers);1,16;0;Euro;2021-12-31;2022-01-03;2099-01-31;Unsecured;0;N/A;Structured;0;No;0
738;r0120 - Secured liabilities - collateralized part (BRRD art. 44/2/b);c005x   - Other financial corporations;Rank 20 - Ranking in insolvency (master scale);038900000000000;GAMMA SOC TITULARIZACAO CREDITOS, SA;2101355138;Type of identifier, other than LEI or MFI code;Sister;true;PORTUGAL;Not applicable (Contractual recognition of bail-in powers);219107,24;152,67;Euro;2021-12-31;2022-01-03;2065-12-14;Secured;0;N/A;Non-structured/Vanilla;0;No;0
739;r0390 - Non-financial liabilities;c004x   - Institutions;Rank 9 - Ranking in insolvency (master scale);962304820358740;BANCO SANTANDER PARIS;7400416227;Type of identifier, other than LEI or MFI code;Sister;false;PORTUGAL;Not applicable (Contractual recognition of bail-in powers);3,68;0;Euro;2021-12-31;2022-01-03;2099-01-31;Unsecured;0;N/A;Structured;0;No;0
740;r0390 - Non-financial liabilities;c004x   - Institutions;Rank 9 - Ranking in insolvency (master scale);962304820368340;BANCO SANTANDER SA;5493006QMFDDMYWIAM13;LEI code;Parent;false;PORTUGAL;Not applicable (Contractual recognition of bail-in powers);1,38;0;Euro;2021-12-31;2022-01-03;2099-01-31;Unsecured;0;N/A;Structured;0;No;0
741;r0120 - Secured liabilities - collateralized part (BRRD art. 44/2/b);c005x   - Other financial corporations;Rank 20 - Ranking in insolvency (master scale);336000000000000;GAMMA SOC TITULARIZACAO CREDITOS, SA;2101355138;Type of identifier, other than LEI or MFI code;Sister;true;PORTUGAL;Not applicable (Contractual recognition of bail-in powers);175531,14;66,25;Euro;2021-12-31;2022-01-03;2065-12-14;Secured;0;N/A;Non-structured/Vanilla;0;No;0
742;r0390 - Non-financial liabilities;c004x   - Institutions;Rank 9 - Ranking in insolvency (master scale);962304870326550;BANCO SANTANDER SA;5493006QMFDDMYWIAM13;LEI code;Parent;false;PORTUGAL;Not applicable (Contractual recognition of bail-in powers);4,68;0;Euro;2021-12-31;2022-01-03;2099-01-31;Unsecured;0;N/A;Structured;0;No;0
743;r0120 - Secured liabilities - collateralized part (BRRD art. 44/2/b);c005x   - Other financial corporations;Rank 20 - Ranking in insolvency (master scale);333000000000000;GAMMA SOC TITULARIZACAO CREDITOS, SA;2101355138;Type of identifier, other than LEI or MFI code;Sister;true;PORTUGAL;Not applicable (Contractual recognition of bail-in powers);73408,46;0;Euro;2021-12-31;2022-01-03;2065-12-14;Secured;0;N/A;Non-structured/Vanilla;0;No;0
744;r0390 - Non-financial liabilities;c004x   - Institutions;Rank 9 - Ranking in insolvency (master scale);962304870352140;BANCO SANTANDER SA;5493006QMFDDMYWIAM13;LEI code;Parent;false;PORTUGAL;Not applicable (Contractual recognition of bail-in powers);7,54;0;Euro;2021-12-31;2022-01-03;2099-01-31;Unsecured;0;N/A;Structured;0;No;0
745;r0390 - Non-financial liabilities;c005x   - Other financial corporations;Rank 9 - Ranking in insolvency (master scale);962304880000810;NOVIMOVEST;7400685089;Type of identifier, other than LEI or MFI code;Sister;true;PORTUGAL;Not applicable (Contractual recognition of bail-in powers);1,35;0;Euro;2021-12-31;2022-01-03;2099-01-31;Unsecured;0;N/A;Structured;0;No;0
746;r0120 - Secured liabilities - collateralized part (BRRD art. 44/2/b);c005x   - Other financial corporations;Rank 20 - Ranking in insolvency (master scale);333500000000000;HIPOTOTTA Nº 4 PLC;7400615058;Type of identifier, other than LEI or MFI code;Sister;true;PORTUGAL;Not applicable (Contractual recognition of bail-in powers);5067,9;5,7;Euro;2021-12-31;2022-01-03;2065-12-14;Secured;0;N/A;Non-structured/Vanilla;0;No;0
747;r0390 - Non-financial liabilities;c004x   - Institutions;Rank 9 - Ranking in insolvency (master scale);962304880335480;BANCO SANTANDER SA;5493006QMFDDMYWIAM13;LEI code;Parent;false;PORTUGAL;Not applicable (Contractual recognition of bail-in powers);1268,22;0;Euro;2021-12-31;2022-01-03;2099-01-31;Unsecured;0;N/A;Structured;0;No;0
748;r0120 - Secured liabilities - collateralized part (BRRD art. 44/2/b);c005x   - Other financial corporations;Rank 20 - Ranking in insolvency (master scale);346000000000000;HIPOTOTTA Nº 4 PLC;7400615058;Type of identifier, other than LEI or MFI code;Sister;true;PORTUGAL;Not applicable (Contractual recognition of bail-in powers);80055,98;-14,64;Euro;2021-12-31;2022-01-03;2065-12-14;Secured;0;N/A;Non-structured/Vanilla;0;No;0
749;r0120 - Secured liabilities - collateralized part (BRRD art. 44/2/b);c005x   - Other financial corporations;Rank 20 - Ranking in insolvency (master scale);027000000000000;HIPOTOTTA Nº 4 PLC;7400615058;Type of identifier, other than LEI or MFI code;Sister;true;PORTUGAL;Not applicable (Contractual recognition of bail-in powers);1179358,04;435,15;Euro;2021-12-31;2022-01-03;2065-12-14;Secured;0;N/A;Non-structured/Vanilla;0;No;0
750;r0120 - Secured liabilities - collateralized part (BRRD art. 44/2/b);c005x   - Other financial corporations;Rank 20 - Ranking in insolvency (master scale);027100000000000;HIPOTOTTA Nº 4 PLC;7400615058;Type of identifier, other than LEI or MFI code;Sister;true;PORTUGAL;Not applicable (Contractual recognition of bail-in powers);875706,58;418,55;Euro;2021-12-31;2022-01-03;2065-12-14;Secured;0;N/A;Non-structured/Vanilla;0;No;0
751;r0120 - Secured liabilities - collateralized part (BRRD art. 44/2/b);c005x   - Other financial corporations;Rank 20 - Ranking in insolvency (master scale);038700000000000;GAMMA SOC TITULARIZACAO CREDITOS, SA;2101355138;Type of identifier, other than LEI or MFI code;Sister;true;PORTUGAL;Not applicable (Contractual recognition of bail-in powers);56112,6;91,93;Euro;2021-12-31;2022-01-03;2065-12-14;Secured;0;N/A;Non-structured/Vanilla;0;No;0
752;r0390 - Non-financial liabilities;c005x   - Other financial corporations;Rank 9 - Ranking in insolvency (master scale);000000000000000;BANCO SANTANDER SA;5493006QMFDDMYWIAM13;LEI code;Parent;false;PORTUGAL;Not applicable (Contractual recognition of bail-in powers);6847,926075;0;Euro;2021-12-31;2022-01-03;2099-01-31;Unsecured;0;N/A;Structured;0;No;0
753;r0120 - Secured liabilities - collateralized part (BRRD art. 44/2/b);c005x   - Other financial corporations;Rank 20 - Ranking in insolvency (master scale);336500000000000;GAMMA SOC TITULARIZACAO CREDITOS, SA;2101355138;Type of identifier, other than LEI or MFI code;Sister;true;PORTUGAL;Not applicable (Contractual recognition of bail-in powers);56040,2;-8,69;Euro;2021-12-31;2022-01-03;2065-12-14;Secured;0;N/A;Non-structured/Vanilla;0;No;0
754;r0390 - Non-financial liabilities;c004x   - Institutions;Rank 9 - Ranking in insolvency (master scale);962304820287830;BANCO SANTANDER SA;5493006QMFDDMYWIAM13;LEI code;Parent;false;PORTUGAL;Not applicable (Contractual recognition of bail-in powers);0,69;0;Euro;2021-12-31;2022-01-03;2099-01-31;Unsecured;0;N/A;Structured;0;No;0
755;r0120 - Secured liabilities - collateralized part (BRRD art. 44/2/b);c005x   - Other financial corporations;Rank 20 - Ranking in insolvency (master scale);339500000000000;HIPOTOTTA Nº 4 PLC;7400615058;Type of identifier, other than LEI or MFI code;Sister;true;PORTUGAL;Not applicable (Contractual recognition of bail-in powers);2974,61;4,76;Euro;2021-12-31;2022-01-03;2065-12-14;Secured;0;N/A;Non-structured/Vanilla;0;No;0
756;r0390 - Non-financial liabilities;c004x   - Institutions;Rank 9 - Ranking in insolvency (master scale);962304820290020;BANCO SANTANDER SA;5493006QMFDDMYWIAM13;LEI code;Parent;false;PORTUGAL;Not applicable (Contractual recognition of bail-in powers);0,03;0;Euro;2021-12-31;2022-01-03;2099-01-31;Unsecured;0;N/A;Structured;0;No;0
757;r0120 - Secured liabilities - collateralized part (BRRD art. 44/2/b);c005x   - Other financial corporations;Rank 20 - Ranking in insolvency (master scale);337500000000000;GAMMA SOC TITULARIZACAO CREDITOS, SA;2101355138;Type of identifier, other than LEI or MFI code;Sister;true;PORTUGAL;Not applicable (Contractual recognition of bail-in powers);62423,09;19,36;Euro;2021-12-31;2022-01-03;2065-12-14;Secured;0;N/A;Non-structured/Vanilla;0;No;0
758;r0390 - Non-financial liabilities;c004x   - Institutions;Rank 9 - Ranking in insolvency (master scale);962304820292740;BANCO SANTANDER SA;5493006QMFDDMYWIAM13;LEI code;Parent;false;PORTUGAL;Not applicable (Contractual recognition of bail-in powers);3,28;0;Euro;2021-12-31;2022-01-03;2099-01-31;Unsecured;0;N/A;Structured;0;No;0
759;r0120 - Secured liabilities - collateralized part (BRRD art. 44/2/b);c005x   - Other financial corporations;Rank 20 - Ranking in insolvency (master scale);352000000000000;HIPOTOTTA 5 PLC;7400987939;Type of identifier, other than LEI or MFI code;Sister;true;PORTUGAL;Not applicable (Contractual recognition of bail-in powers);26628,12;3,71;Euro;2021-12-31;2022-01-03;2065-12-14;Secured;0;N/A;Non-structured/Vanilla;0;No;0
760;r0390 - Non-financial liabilities;c004x   - Institutions;Rank 9 - Ranking in insolvency (master scale);962304820295820;BANCO SANTANDER SA;5493006QMFDDMYWIAM13;LEI code;Parent;false;PORTUGAL;Not applicable (Contractual recognition of bail-in powers);36,67;0;Euro;2021-12-31;2022-01-03;2099-01-31;Unsecured;0;N/A;Structured;0;No;0
761;r0120 - Secured liabilities - collateralized part (BRRD art. 44/2/b);c005x   - Other financial corporations;Rank 20 - Ranking in insolvency (master scale);338000000000000;GAMMA SOC TITULARIZACAO CREDITOS, SA;2101355138;Type of identifier, other than LEI or MFI code;Sister;true;PORTUGAL;Not applicable (Contractual recognition of bail-in powers);87653,37;13,06;Euro;2021-12-31;2022-01-03;2065-12-14;Secured;0;N/A;Non-structured/Vanilla;0;No;0
762;r0390 - Non-financial liabilities;c004x   - Institutions;Rank 9 - Ranking in insolvency (master scale);962304820296300;BANCO SANTANDER SA;5493006QMFDDMYWIAM13;LEI code;Parent;false;PORTUGAL;Not applicable (Contractual recognition of bail-in powers);866,19;0;Euro;2021-12-31;2022-01-03;2099-01-31;Unsecured;0;N/A;Structured;0;No;0
763;r0120 - Secured liabilities - collateralized part (BRRD art. 44/2/b);c005x   - Other financial corporations;Rank 20 - Ranking in insolvency (master scale);341500000000000;HIPOTOTTA Nº 4 PLC;7400615058;Type of identifier, other than LEI or MFI code;Sister;true;PORTUGAL;Not applicable (Contractual recognition of bail-in powers);63966,21;-5,26;Euro;2021-12-31;2022-01-03;2065-12-14;Secured;0;N/A;Non-structured/Vanilla;0;No;0
764;r0390 - Non-financial liabilities;c004x   - Institutions;Rank 9 - Ranking in insolvency (master scale);962304820300790;BANCO SANTANDER SA;5493006QMFDDMYWIAM13;LEI code;Parent;false;PORTUGAL;Not applicable (Contractual recognition of bail-in powers);71,11;0;Euro;2021-12-31;2022-01-03;2099-01-31;Unsecured;0;N/A;Structured;0;No;0
765;r0120 - Secured liabilities - collateralized part (BRRD art. 44/2/b);c005x   - Other financial corporations;Rank 20 - Ranking in insolvency (master scale);339500000000000;GAMMA SOC TITULARIZACAO CREDITOS, SA;2101355138;Type of identifier, other than LEI or MFI code;Sister;true;PORTUGAL;Not applicable (Contractual recognition of bail-in powers);159213,46;100,02;Euro;2021-12-31;2022-01-03;2065-12-14;Secured;0;N/A;Non-structured/Vanilla;0;No;0
766;r0390 - Non-financial liabilities;c004x   - Institutions;Rank 9 - Ranking in insolvency (master scale);962304820304500;BANCO SANTANDER SA;5493006QMFDDMYWIAM13;LEI code;Parent;false;PORTUGAL;Not applicable (Contractual recognition of bail-in powers);14,44;0;Euro;2021-12-31;2022-01-03;2099-01-31;Unsecured;0;N/A;Structured;0;No;0
767;r0120 - Secured liabilities - collateralized part (BRRD art. 44/2/b);c005x   - Other financial corporations;Rank 20 - Ranking in insolvency (master scale);039400000000000;HIPOTOTTA Nº 4 PLC;7400615058;Type of identifier, other than LEI or MFI code;Sister;true;PORTUGAL;Not applicable (Contractual recognition of bail-in powers);4894335,6;2926,85;Euro;2021-12-31;2022-01-03;2065-12-14;Secured;0;N/A;Non-structured/Vanilla;0;No;0
768;r0390 - Non-financial liabilities;c004x   - Institutions;Rank 9 - Ranking in insolvency (master scale);962304820306090;BANCO SANTANDER SA;5493006QMFDDMYWIAM13;LEI code;Parent;false;PORTUGAL;Not applicable (Contractual recognition of bail-in powers);30;0;Euro;2021-12-31;2022-01-03;2099-01-31;Unsecured;0;N/A;Structured;0;No;0
769;r0120 - Secured liabilities - collateralized part (BRRD art. 44/2/b);c005x   - Other financial corporations;Rank 20 - Ranking in insolvency (master scale);340500000000000;GAMMA SOC TITULARIZACAO CREDITOS, SA;2101355138;Type of identifier, other than LEI or MFI code;Sister;true;PORTUGAL;Not applicable (Contractual recognition of bail-in powers);55732,5;45,32;Euro;2021-12-31;2022-01-03;2065-12-14;Secured;0;N/A;Non-structured/Vanilla;0;No;0
770;r0390 - Non-financial liabilities;c004x   - Institutions;Rank 9 - Ranking in insolvency (master scale);962304820307860;Banco Santander Brasil S.A.;6511000505;Type of identifier, other than LEI or MFI code;Sister;false;PORTUGAL;Not applicable (Contractual recognition of bail-in powers);11687,81;0;Euro;2021-12-31;2022-01-03;2099-01-31;Unsecured;0;N/A;Structured;0;No;0
771;r0120 - Secured liabilities - collateralized part (BRRD art. 44/2/b);c005x   - Other financial corporations;Rank 20 - Ranking in insolvency (master scale);343500000000000;GAMMA SOC TITULARIZACAO CREDITOS, SA;2101355138;Type of identifier, other than LEI or MFI code;Sister;true;PORTUGAL;Not applicable (Contractual recognition of bail-in powers);173737,79;89,32;Euro;2021-12-31;2022-01-03;2065-12-14;Secured;0;N/A;Non-structured/Vanilla;0;No;0
772;r0390 - Non-financial liabilities;c004x   - Institutions;Rank 9 - Ranking in insolvency (master scale);962304820309020;BANCO SANTANDER SA;5493006QMFDDMYWIAM13;LEI code;Parent;false;PORTUGAL;Not applicable (Contractual recognition of bail-in powers);62,22;0;Euro;2021-12-31;2022-01-03;2099-01-31;Unsecured;0;N/A;Structured;0;No;0
773;r0120 - Secured liabilities - collateralized part (BRRD art. 44/2/b);c005x   - Other financial corporations;Rank 20 - Ranking in insolvency (master scale);341500000000000;GAMMA SOC TITULARIZACAO CREDITOS, SA;2101355138;Type of identifier, other than LEI or MFI code;Sister;true;PORTUGAL;Not applicable (Contractual recognition of bail-in powers);112168,04;10,37;Euro;2021-12-31;2022-01-03;2065-12-14;Secured;0;N/A;Non-structured/Vanilla;0;No;0
774;r0390 - Non-financial liabilities;c004x   - Institutions;Rank 9 - Ranking in insolvency (master scale);962304820309460;BANCO SANTANDER SA;5493006QMFDDMYWIAM13;LEI code;Parent;false;PORTUGAL;Not applicable (Contractual recognition of bail-in powers);64,44;0;Euro;2021-12-31;2022-01-03;2099-01-31;Unsecured;0;N/A;Structured;0;No;0
775;r0120 - Secured liabilities - collateralized part (BRRD art. 44/2/b);c005x   - Other financial corporations;Rank 20 - Ranking in insolvency (master scale);023500000000000;HIPOTOTTA 5 PLC;7400987939;Type of identifier, other than LEI or MFI code;Sister;true;PORTUGAL;Not applicable (Contractual recognition of bail-in powers);410005,95;80,7;Euro;2021-12-31;2022-01-03;2065-12-14;Secured;0;N/A;Non-structured/Vanilla;0;No;0
776;r0390 - Non-financial liabilities;c004x   - Institutions;Rank 9 - Ranking in insolvency (master scale);962304820309480;BANCO SANTANDER SA;5493006QMFDDMYWIAM13;LEI code;Parent;false;PORTUGAL;Not applicable (Contractual recognition of bail-in powers);64,44;0;Euro;2021-12-31;2022-01-03;2099-01-31;Unsecured;0;N/A;Structured;0;No;0
777;r0120 - Secured liabilities - collateralized part (BRRD art. 44/2/b);c005x   - Other financial corporations;Rank 20 - Ranking in insolvency (master scale);342200000000000;HIPOTOTTA 5 PLC;7400987939;Type of identifier, other than LEI or MFI code;Sister;true;PORTUGAL;Not applicable (Contractual recognition of bail-in powers);35609,01;2,31;Euro;2021-12-31;2022-01-03;2065-12-14;Secured;0;N/A;Non-structured/Vanilla;0;No;0
778;r0390 - Non-financial liabilities;c004x   - Institutions;Rank 9 - Ranking in insolvency (master scale);962304820311230;BANCO SANTANDER SA;5493006QMFDDMYWIAM13;LEI code;Parent;false;PORTUGAL;Not applicable (Contractual recognition of bail-in powers);3,13;0;Euro;2021-12-31;2022-01-03;2099-01-31;Unsecured;0;N/A;Structured;0;No;0
779;r0120 - Secured liabilities - collateralized part (BRRD art. 44/2/b);c005x   - Other financial corporations;Rank 20 - Ranking in insolvency (master scale);345800000000000;HIPOTOTTA Nº 4 PLC;7400615058;Type of identifier, other than LEI or MFI code;Sister;true;PORTUGAL;Not applicable (Contractual recognition of bail-in powers);102688,42;48,86;Euro;2021-12-31;2022-01-03;2065-12-14;Secured;0;N/A;Non-structured/Vanilla;0;No;0
780;r0390 - Non-financial liabilities;c004x   - Institutions;Rank 9 - Ranking in insolvency (master scale);962304820318630;BANCO SANTANDER SA;5493006QMFDDMYWIAM13;LEI code;Parent;false;PORTUGAL;Not applicable (Contractual recognition of bail-in powers);32,71;0;Euro;2021-12-31;2022-01-03;2099-01-31;Unsecured;0;N/A;Structured;0;No;0
781;r0120 - Secured liabilities - collateralized part (BRRD art. 44/2/b);c005x   - Other financial corporations;Rank 20 - Ranking in insolvency (master scale);343400000000000;HIPOTOTTA 5 PLC;7400987939;Type of identifier, other than LEI or MFI code;Sister;true;PORTUGAL;Not applicable (Contractual recognition of bail-in powers);7253,65;11,53;Euro;2021-12-31;2022-01-03;2065-12-14;Secured;0;N/A;Non-structured/Vanilla;0;No;0
782;r0390 - Non-financial liabilities;c004x   - Institutions;Rank 9 - Ranking in insolvency (master scale);962304820320590;BANCO SANTANDER SA;5493006QMFDDMYWIAM13;LEI code;Parent;false;PORTUGAL;Not applicable (Contractual recognition of bail-in powers);16,67;0;Euro;2021-12-31;2022-01-03;2099-01-31;Unsecured;0;N/A;Structured;0;No;0
783;r0390 - Non-financial liabilities;c004x   - Institutions;Rank 9 - Ranking in insolvency (master scale);162304820739370;BANCO SANTANDER SA;5493006QMFDDMYWIAM13;LEI code;Parent;false;PORTUGAL;Not applicable (Contractual recognition of bail-in powers);40,83;0;Euro;2021-12-31;2022-01-03;2099-01-31;Unsecured;0;N/A;Structured;0;No;0
784;r0390 - Non-financial liabilities;c004x   - Institutions;Rank 9 - Ranking in insolvency (master scale);962304820324540;BANCO SANTANDER SA;5493006QMFDDMYWIAM13;LEI code;Parent;false;PORTUGAL;Not applicable (Contractual recognition of bail-in powers);0,49;0;Euro;2021-12-31;2022-01-03;2099-01-31;Unsecured;0;N/A;Structured;0;No;0
785;r0120 - Secured liabilities - collateralized part (BRRD art. 44/2/b);c005x   - Other financial corporations;Rank 20 - Ranking in insolvency (master scale);344600000000000;GAMMA SOC TITULARIZACAO CREDITOS, SA;2101355138;Type of identifier, other than LEI or MFI code;Sister;true;PORTUGAL;Not applicable (Contractual recognition of bail-in powers);240918,1;67,12;Euro;2021-12-31;2022-01-03;2065-12-14;Secured;0;N/A;Non-structured/Vanilla;0;No;0
786;r0390 - Non-financial liabilities;c004x   - Institutions;Rank 9 - Ranking in insolvency (master scale);962304820325080;BANCO SANTANDER SA;5493006QMFDDMYWIAM13;LEI code;Parent;false;PORTUGAL;Not applicable (Contractual recognition of bail-in powers);9,63;0;Euro;2021-12-31;2022-01-03;2099-01-31;Unsecured;0;N/A;Structured;0;No;0
787;r0120 - Secured liabilities - collateralized part (BRRD art. 44/2/b);c005x   - Other financial corporations;Rank 20 - Ranking in insolvency (master scale);348500000000000;HIPOTOTTA Nº 4 PLC;7400615058;Type of identifier, other than LEI or MFI code;Sister;true;PORTUGAL;Not applicable (Contractual recognition of bail-in powers);23338,41;1,24;Euro;2021-12-31;2022-01-03;2065-12-14;Secured;0;N/A;Non-structured/Vanilla;0;No;0
788;r0390 - Non-financial liabilities;c004x   - Institutions;Rank 9 - Ranking in insolvency (master scale);962304820232660;BANCO SANTANDER SA;5493006QMFDDMYWIAM13;LEI code;Parent;false;PORTUGAL;Not applicable (Contractual recognition of bail-in powers);0,28;0;Euro;2021-12-31;2022-01-03;2099-01-31;Unsecured;0;N/A;Structured;0;No;0
789;r0120 - Secured liabilities - collateralized part (BRRD art. 44/2/b);c005x   - Other financial corporations;Rank 20 - Ranking in insolvency (master scale);345800000000000;GAMMA SOC TITULARIZACAO CREDITOS, SA;2101355138;Type of identifier, other than LEI or MFI code;Sister;true;PORTUGAL;Not applicable (Contractual recognition of bail-in powers);55288,19;21,29;Euro;2021-12-31;2022-01-03;2065-12-14;Secured;0;N/A;Non-structured/Vanilla;0;No;0
790;r0390 - Non-financial liabilities;c004x   - Institutions;Rank 9 - Ranking in insolvency (master scale);962304820241980;BANCO SANTANDER SA;5493006QMFDDMYWIAM13;LEI code;Parent;false;PORTUGAL;Not applicable (Contractual recognition of bail-in powers);0,04;0;Euro;2021-12-31;2022-01-03;2099-01-31;Unsecured;0;N/A;Structured;0;No;0
791;r0120 - Secured liabilities - collateralized part (BRRD art. 44/2/b);c005x   - Other financial corporations;Rank 20 - Ranking in insolvency (master scale);359500000000000;GAMMA SOC TITULARIZACAO CREDITOS, SA;2101355138;Type of identifier, other than LEI or MFI code;Sister;true;PORTUGAL;Not applicable (Contractual recognition of bail-in powers);57398,31;12,3;Euro;2021-12-31;2022-01-03;2065-12-14;Secured;0;N/A;Non-structured/Vanilla;0;No;0
792;r0390 - Non-financial liabilities;c004x   - Institutions;Rank 9 - Ranking in insolvency (master scale);962304820242730;BANCO SANTANDER SA;5493006QMFDDMYWIAM13;LEI code;Parent;false;PORTUGAL;Not applicable (Contractual recognition of bail-in powers);0,43;0;Euro;2021-12-31;2022-01-03;2099-01-31;Unsecured;0;N/A;Structured;0;No;0
793;r0120 - Secured liabilities - collateralized part (BRRD art. 44/2/b);c005x   - Other financial corporations;Rank 20 - Ranking in insolvency (master scale);346500000000000;HIPOTOTTA Nº 4 PLC;7400615058;Type of identifier, other than LEI or MFI code;Sister;true;PORTUGAL;Not applicable (Contractual recognition of bail-in powers);77766,39;48,42;Euro;2021-12-31;2022-01-03;2065-12-14;Secured;0;N/A;Non-structured/Vanilla;0;No;0
794;r0390 - Non-financial liabilities;c004x   - Institutions;Rank 9 - Ranking in insolvency (master scale);962304820242890;BANCO SANTANDER SA;5493006QMFDDMYWIAM13;LEI code;Parent;false;PORTUGAL;Not applicable (Contractual recognition of bail-in powers);0,05;0;Euro;2021-12-31;2022-01-03;2099-01-31;Unsecured;0;N/A;Structured;0;No;0
795;r0120 - Secured liabilities - collateralized part (BRRD art. 44/2/b);c005x   - Other financial corporations;Rank 20 - Ranking in insolvency (master scale);351500000000000;HIPOTOTTA Nº 4 PLC;7400615058;Type of identifier, other than LEI or MFI code;Sister;true;PORTUGAL;Not applicable (Contractual recognition of bail-in powers);4832,36;0;Euro;2021-12-31;2022-01-03;2065-12-14;Secured;0;N/A;Non-structured/Vanilla;0;No;0
796;r0390 - Non-financial liabilities;c004x   - Institutions;Rank 9 - Ranking in insolvency (master scale);962304820246870;BANCO SANTANDER SA;5493006QMFDDMYWIAM13;LEI code;Parent;false;PORTUGAL;Not applicable (Contractual recognition of bail-in powers);0,16;0;Euro;2021-12-31;2022-01-03;2099-01-31;Unsecured;0;N/A;Structured;0;No;0
797;r0120 - Secured liabilities - collateralized part (BRRD art. 44/2/b);c005x   - Other financial corporations;Rank 20 - Ranking in insolvency (master scale);348000000000000;HIPOTOTTA 5 PLC;7400987939;Type of identifier, other than LEI or MFI code;Sister;true;PORTUGAL;Not applicable (Contractual recognition of bail-in powers);19236,64;15,26;Euro;2021-12-31;2022-01-03;2065-12-14;Secured;0;N/A;Non-structured/Vanilla;0;No;0
798;r0390 - Non-financial liabilities;c004x   - Institutions;Rank 9 - Ranking in insolvency (master scale);962304820250510;BANCO SANTANDER SA;5493006QMFDDMYWIAM13;LEI code;Parent;false;PORTUGAL;Not applicable (Contractual recognition of bail-in powers);0,59;0;Euro;2021-12-31;2022-01-03;2099-01-31;Unsecured;0;N/A;Structured;0;No;0
799;r0390 - Non-financial liabilities;c004x   - Institutions;Rank 9 - Ranking in insolvency (master scale);162304840738540;BANCO SANTANDER SA;5493006QMFDDMYWIAM13;LEI code;Parent;false;PORTUGAL;Not applicable (Contractual recognition of bail-in powers);3,06;0;Euro;2021-12-31;2022-01-03;2099-01-31;Unsecured;0;N/A;Structured;0;No;0
800;r0390 - Non-financial liabilities;c004x   - Institutions;Rank 9 - Ranking in insolvency (master scale);962304820250610;BANCO SANTANDER SA;5493006QMFDDMYWIAM13;LEI code;Parent;false;PORTUGAL;Not applicable (Contractual recognition of bail-in powers);0,06;0;Euro;2021-12-31;2022-01-03;2099-01-31;Unsecured;0;N/A;Structured;0;No;0
801;r0120 - Secured liabilities - collateralized part (BRRD art. 44/2/b);c005x   - Other financial corporations;Rank 20 - Ranking in insolvency (master scale);349500000000000;HIPOTOTTA Nº 4 PLC;7400615058;Type of identifier, other than LEI or MFI code;Sister;true;PORTUGAL;Not applicable (Contractual recognition of bail-in powers);135016,56;-2,08;Euro;2021-12-31;2022-01-03;2065-12-14;Secured;0;N/A;Non-structured/Vanilla;0;No;0
802;r0390 - Non-financial liabilities;c004x   - Institutions;Rank 9 - Ranking in insolvency (master scale);962304820251290;Sucursal BSCH Frankfurt;0000046859;Type of identifier, other than LEI or MFI code;Sister;false;PORTUGAL;Not applicable (Contractual recognition of bail-in powers);85,59;0;Euro;2021-12-31;2022-01-03;2099-01-31;Unsecured;0;N/A;Structured;0;No;0
803;r0120 - Secured liabilities - collateralized part (BRRD art. 44/2/b);c005x   - Other financial corporations;Rank 20 - Ranking in insolvency (master scale);354000000000000;GAMMA SOC TITULARIZACAO CREDITOS, SA;2101355138;Type of identifier, other than LEI or MFI code;Sister;true;PORTUGAL;Not applicable (Contractual recognition of bail-in powers);68900,7;-4,29;Euro;2021-12-31;2022-01-03;2065-12-14;Secured;0;N/A;Non-structured/Vanilla;0;No;0
804;r0390 - Non-financial liabilities;c004x   - Institutions;Rank 9 - Ranking in insolvency (master scale);962304820251950;BANCO SANTANDER SA;5493006QMFDDMYWIAM13;LEI code;Parent;false;PORTUGAL;Not applicable (Contractual recognition of bail-in powers);56,67;0;Euro;2021-12-31;2022-01-03;2099-01-31;Unsecured;0;N/A;Structured;0;No;0
805;r0120 - Secured liabilities - collateralized part (BRRD art. 44/2/b);c005x   - Other financial corporations;Rank 20 - Ranking in insolvency (master scale);351500000000000;GAMMA SOC TITULARIZACAO CREDITOS, SA;2101355138;Type of identifier, other than LEI or MFI code;Sister;true;PORTUGAL;Not applicable (Contractual recognition of bail-in powers);203876,25;71,68;Euro;2021-12-31;2022-01-03;2065-12-14;Secured;0;N/A;Non-structured/Vanilla;0;No;0
806;r0390 - Non-financial liabilities;c004x   - Institutions;Rank 9 - Ranking in insolvency (master scale);962304820252950;BANCO SANTANDER SA;5493006QMFDDMYWIAM13;LEI code;Parent;false;PORTUGAL;Not applicable (Contractual recognition of bail-in powers);0,35;0;Euro;2021-12-31;2022-01-03;2099-01-31;Unsecured;0;N/A;Structured;0;No;0
807;r0120 - Secured liabilities - collateralized part (BRRD art. 44/2/b);c005x   - Other financial corporations;Rank 20 - Ranking in insolvency (master scale);028600000000000;HIPOTOTTA 5 PLC;7400987939;Type of identifier, other than LEI or MFI code;Sister;true;PORTUGAL;Not applicable (Contractual recognition of bail-in powers);25787,45;10,27;Euro;2021-12-31;2022-01-03;2065-12-14;Secured;0;N/A;Non-structured/Vanilla;0;No;0
808;r0390 - Non-financial liabilities;c004x   - Institutions;Rank 9 - Ranking in insolvency (master scale);962304820254330;ABBEY NATIONAL FINANTIAL PRODUCTS;7400416271;Type of identifier, other than LEI or MFI code;Sister;false;PORTUGAL;Not applicable (Contractual recognition of bail-in powers);74,03;0;Euro;2021-12-31;2022-01-03;2099-01-31;Unsecured;0;N/A;Structured;0;No;0
809;r0120 - Secured liabilities - collateralized part (BRRD art. 44/2/b);c005x   - Other financial corporations;Rank 20 - Ranking in insolvency (master scale);352500000000000;GAMMA SOC TITULARIZACAO CREDITOS, SA;2101355138;Type of identifier, other than LEI or MFI code;Sister;true;PORTUGAL;Not applicable (Contractual recognition of bail-in powers);88483,77;18,96;Euro;2021-12-31;2022-01-03;2065-12-14;Secured;0;N/A;Non-structured/Vanilla;0;No;0
810;r0390 - Non-financial liabilities;c004x   - Institutions;Rank 9 - Ranking in insolvency (master scale);962304820260590;BANCO SANTANDER SA;5493006QMFDDMYWIAM13;LEI code;Parent;false;PORTUGAL;Not applicable (Contractual recognition of bail-in powers);0,11;0;Euro;2021-12-31;2022-01-03;2099-01-31;Unsecured;0;N/A;Structured;0;No;0
811;r0120 - Secured liabilities - collateralized part (BRRD art. 44/2/b);c005x   - Other financial corporations;Rank 20 - Ranking in insolvency (master scale);356400000000000;GAMMA SOC TITULARIZACAO CREDITOS, SA;2101355138;Type of identifier, other than LEI or MFI code;Sister;true;PORTUGAL;Not applicable (Contractual recognition of bail-in powers);113472,04;36,84;Euro;2021-12-31;2022-01-03;2065-12-14;Secured;0;N/A;Non-structured/Vanilla;0;No;0
812;r0390 - Non-financial liabilities;c004x   - Institutions;Rank 9 - Ranking in insolvency (master scale);962304820267450;BANCO SANTANDER SA;5493006QMFDDMYWIAM13;LEI code;Parent;false;PORTUGAL;Not applicable (Contractual recognition of bail-in powers);0,74;0;Euro;2021-12-31;2022-01-03;2099-01-31;Unsecured;0;N/A;Structured;0;No;0
813;r0120 - Secured liabilities - collateralized part (BRRD art. 44/2/b);c005x   - Other financial corporations;Rank 20 - Ranking in insolvency (master scale);353500000000000;HIPOTOTTA 5 PLC;7400987939;Type of identifier, other than LEI or MFI code;Sister;true;PORTUGAL;Not applicable (Contractual recognition of bail-in powers);24330,72;5,45;Euro;2021-12-31;2022-01-03;2065-12-14;Secured;0;N/A;Non-structured/Vanilla;0;No;0
814;r0390 - Non-financial liabilities;c004x   - Institutions;Rank 9 - Ranking in insolvency (master scale);962304820268980;BANCO SANTANDER SA;5493006QMFDDMYWIAM13;LEI code;Parent;false;PORTUGAL;Not applicable (Contractual recognition of bail-in powers);0,71;0;Euro;2021-12-31;2022-01-03;2099-01-31;Unsecured;0;N/A;Structured;0;No;0
815;r0390 - Non-financial liabilities;c004x   - Institutions;Rank 9 - Ranking in insolvency (master scale);162304880071650;BANCO SANTANDER SA;5493006QMFDDMYWIAM13;LEI code;Parent;false;PORTUGAL;Not applicable (Contractual recognition of bail-in powers);0,01;0;Euro;2021-12-31;2022-01-03;2099-01-31;Unsecured;0;N/A;Structured;0;No;0
816;r0390 - Non-financial liabilities;c004x   - Institutions;Rank 9 - Ranking in insolvency (master scale);962304820270990;BANCO SANTANDER SA;5493006QMFDDMYWIAM13;LEI code;Parent;false;PORTUGAL;Not applicable (Contractual recognition of bail-in powers);0,63;0;Euro;2021-12-31;2022-01-03;2099-01-31;Unsecured;0;N/A;Structured;0;No;0
817;r0120 - Secured liabilities - collateralized part (BRRD art. 44/2/b);c005x   - Other financial corporations;Rank 20 - Ranking in insolvency (master scale);355000000000000;HIPOTOTTA 5 PLC;7400987939;Type of identifier, other than LEI or MFI code;Sister;true;PORTUGAL;Not applicable (Contractual recognition of bail-in powers);64512,23;12,16;Euro;2021-12-31;2022-01-03;2065-12-14;Secured;0;N/A;Non-structured/Vanilla;0;No;0
818;r0390 - Non-financial liabilities;c004x   - Institutions;Rank 9 - Ranking in insolvency (master scale);962304820272510;BANCO SANTANDER SA;5493006QMFDDMYWIAM13;LEI code;Parent;false;PORTUGAL;Not applicable (Contractual recognition of bail-in powers);0,27;0;Euro;2021-12-31;2022-01-03;2099-01-31;Unsecured;0;N/A;Structured;0;No;0
819;r0120 - Secured liabilities - collateralized part (BRRD art. 44/2/b);c005x   - Other financial corporations;Rank 20 - Ranking in insolvency (master scale);358000000000000;GAMMA SOC TITULARIZACAO CREDITOS, SA;2101355138;Type of identifier, other than LEI or MFI code;Sister;true;PORTUGAL;Not applicable (Contractual recognition of bail-in powers);119479,73;6,36;Euro;2021-12-31;2022-01-03;2065-12-14;Secured;0;N/A;Non-structured/Vanilla;0;No;0
820;r0390 - Non-financial liabilities;c004x   - Institutions;Rank 9 - Ranking in insolvency (master scale);962304820272570;BANCO SANTANDER SA;5493006QMFDDMYWIAM13;LEI code;Parent;false;PORTUGAL;Not applicable (Contractual recognition of bail-in powers);10,15;0;Euro;2021-12-31;2022-01-03;2099-01-31;Unsecured;0;N/A;Structured;0;No;0
821;r0120 - Secured liabilities - collateralized part (BRRD art. 44/2/b);c005x   - Other financial corporations;Rank 20 - Ranking in insolvency (master scale);356000000000000;GAMMA SOC TITULARIZACAO CREDITOS, SA;2101355138;Type of identifier, other than LEI or MFI code;Sister;true;PORTUGAL;Not applicable (Contractual recognition of bail-in powers);105650,16;41,27;Euro;2021-12-31;2022-01-03;2065-12-14;Secured;0;N/A;Non-structured/Vanilla;0;No;0
822;r0390 - Non-financial liabilities;c004x   - Institutions;Rank 9 - Ranking in insolvency (master scale);962304820272590;BANCO SANTANDER SA;5493006QMFDDMYWIAM13;LEI code;Parent;false;PORTUGAL;Not applicable (Contractual recognition of bail-in powers);8,14;0;Euro;2021-12-31;2022-01-03;2099-01-31;Unsecured;0;N/A;Structured;0;No;0
823;r0120 - Secured liabilities - collateralized part (BRRD art. 44/2/b);c005x   - Other financial corporations;Rank 20 - Ranking in insolvency (master scale);365700000000000;GAMMA SOC TITULARIZACAO CREDITOS, SA;2101355138;Type of identifier, other than LEI or MFI code;Sister;true;PORTUGAL;Not applicable (Contractual recognition of bail-in powers);76586,34;48;Euro;2021-12-31;2022-01-03;2065-12-14;Secured;0;N/A;Non-structured/Vanilla;0;No;0
824;r0390 - Non-financial liabilities;c004x   - Institutions;Rank 9 - Ranking in insolvency (master scale);962304820272600;BANCO SANTANDER SA;5493006QMFDDMYWIAM13;LEI code;Parent;false;PORTUGAL;Not applicable (Contractual recognition of bail-in powers);3,55;0;Euro;2021-12-31;2022-01-03;2099-01-31;Unsecured;0;N/A;Structured;0;No;0
825;r0120 - Secured liabilities - collateralized part (BRRD art. 44/2/b);c005x   - Other financial corporations;Rank 20 - Ranking in insolvency (master scale);357000000000000;HIPOTOTTA Nº 4 PLC;7400615058;Type of identifier, other than LEI or MFI code;Sister;true;PORTUGAL;Not applicable (Contractual recognition of bail-in powers);96991,91;23,08;Euro;2021-12-31;2022-01-03;2065-12-14;Secured;0;N/A;Non-structured/Vanilla;0;No;0
826;r0390 - Non-financial liabilities;c004x   - Institutions;Rank 9 - Ranking in insolvency (master scale);962304820273560;BANCO SANTANDER SA;5493006QMFDDMYWIAM13;LEI code;Parent;false;PORTUGAL;Not applicable (Contractual recognition of bail-in powers);1,75;0;Euro;2021-12-31;2022-01-03;2099-01-31;Unsecured;0;N/A;Structured;0;No;0
827;r0120 - Secured liabilities - collateralized part (BRRD art. 44/2/b);c005x   - Other financial corporations;Rank 20 - Ranking in insolvency (master scale);359000000000000;HIPOTOTTA Nº 4 PLC;7400615058;Type of identifier, other than LEI or MFI code;Sister;true;PORTUGAL;Not applicable (Contractual recognition of bail-in powers);32173,99;52,98;Euro;2021-12-31;2022-01-03;2065-12-14;Secured;0;N/A;Non-structured/Vanilla;0;No;0
828;r0390 - Non-financial liabilities;c004x   - Institutions;Rank 9 - Ranking in insolvency (master scale);962304820273750;BANCO SANTANDER SA;5493006QMFDDMYWIAM13;LEI code;Parent;false;PORTUGAL;Not applicable (Contractual recognition of bail-in powers);1,29;0;Euro;2021-12-31;2022-01-03;2099-01-31;Unsecured;0;N/A;Structured;0;No;0
829;r0120 - Secured liabilities - collateralized part (BRRD art. 44/2/b);c005x   - Other financial corporations;Rank 20 - Ranking in insolvency (master scale);357600000000000;HIPOTOTTA 5 PLC;7400987939;Type of identifier, other than LEI or MFI code;Sister;true;PORTUGAL;Not applicable (Contractual recognition of bail-in powers);52078,04;82,98;Euro;2021-12-31;2022-01-03;2065-12-14;Secured;0;N/A;Non-structured/Vanilla;0;No;0
830;r0390 - Non-financial liabilities;c004x   - Institutions;Rank 9 - Ranking in insolvency (master scale);962304820274160;BANCO SANTANDER SA;5493006QMFDDMYWIAM13;LEI code;Parent;false;PORTUGAL;Not applicable (Contractual recognition of bail-in powers);0,59;0;Euro;2021-12-31;2022-01-03;2099-01-31;Unsecured;0;N/A;Structured;0;No;0
831;r0120 - Secured liabilities - collateralized part (BRRD art. 44/2/b);c005x   - Other financial corporations;Rank 20 - Ranking in insolvency (master scale);386000000000000;GAMMA SOC TITULARIZACAO CREDITOS, SA;2101355138;Type of identifier, other than LEI or MFI code;Sister;true;PORTUGAL;Not applicable (Contractual recognition of bail-in powers);135326,8;24,22;Euro;2021-12-31;2022-01-03;2065-12-14;Secured;0;N/A;Non-structured/Vanilla;0;No;0
832;r0390 - Non-financial liabilities;c004x   - Institutions;Rank 9 - Ranking in insolvency (master scale);962304820275080;BANCO SANTANDER SA;5493006QMFDDMYWIAM13;LEI code;Parent;false;PORTUGAL;Not applicable (Contractual recognition of bail-in powers);0,87;0;Euro;2021-12-31;2022-01-03;2099-01-31;Unsecured;0;N/A;Structured;0;No;0
833;r0390 - Non-financial liabilities;c004x   - Institutions;Rank 9 - Ranking in insolvency (master scale);162304880071770;BANCO SANTANDER SA;5493006QMFDDMYWIAM13;LEI code;Parent;false;PORTUGAL;Not applicable (Contractual recognition of bail-in powers);0,03;0;Euro;2021-12-31;2022-01-03;2099-01-31;Unsecured;0;N/A;Structured;0;No;0
834;r0390 - Non-financial liabilities;c004x   - Institutions;Rank 9 - Ranking in insolvency (master scale);962304820276890;BANCO SANTANDER SA;5493006QMFDDMYWIAM13;LEI code;Parent;false;PORTUGAL;Not applicable (Contractual recognition of bail-in powers);0,52;0;Euro;2021-12-31;2022-01-03;2099-01-31;Unsecured;0;N/A;Structured;0;No;0
835;r0390 - Non-financial liabilities;c004x   - Institutions;Rank 9 - Ranking in insolvency (master scale);588804815175670;BANCO SANTANDER SA;5493006QMFDDMYWIAM13;LEI code;Parent;false;PORTUGAL;Not applicable (Contractual recognition of bail-in powers);0,44;0;Euro;2021-12-31;2022-01-03;2099-01-31;Unsecured;0;N/A;Structured;0;No;0
836;r0390 - Non-financial liabilities;c004x   - Institutions;Rank 9 - Ranking in insolvency (master scale);962304820277500;BANCO SANTANDER SA;5493006QMFDDMYWIAM13;LEI code;Parent;false;PORTUGAL;Not applicable (Contractual recognition of bail-in powers);0,04;0;Euro;2021-12-31;2022-01-03;2099-01-31;Unsecured;0;N/A;Structured;0;No;0
837;r0120 - Secured liabilities - collateralized part (BRRD art. 44/2/b);c005x   - Other financial corporations;Rank 20 - Ranking in insolvency (master scale);023500000000000;GAMMA SOC TITULARIZACAO CREDITOS, SA;2101355138;Type of identifier, other than LEI or MFI code;Sister;true;PORTUGAL;Not applicable (Contractual recognition of bail-in powers);86706,06;17,1;Euro;2021-12-31;2022-01-03;2065-12-14;Secured;0;N/A;Non-structured/Vanilla;0;No;0
838;r0390 - Non-financial liabilities;c004x   - Institutions;Rank 9 - Ranking in insolvency (master scale);962304820280090;BANCO SANTANDER SA;5493006QMFDDMYWIAM13;LEI code;Parent;false;PORTUGAL;Not applicable (Contractual recognition of bail-in powers);0,98;0;Euro;2021-12-31;2022-01-03;2099-01-31;Unsecured;0;N/A;Structured;0;No;0
839;r0120 - Secured liabilities - collateralized part (BRRD art. 44/2/b);c005x   - Other financial corporations;Rank 20 - Ranking in insolvency (master scale);359000000000000;HIPOTOTTA 5 PLC;7400987939;Type of identifier, other than LEI or MFI code;Sister;true;PORTUGAL;Not applicable (Contractual recognition of bail-in powers);51608,32;-5,28;Euro;2021-12-31;2022-01-03;2065-12-14;Secured;0;N/A;Non-structured/Vanilla;0;No;0
840;r0390 - Non-financial liabilities;c004x   - Institutions;Rank 9 - Ranking in insolvency (master scale);962304820282740;BANCO SANTANDER SA;5493006QMFDDMYWIAM13;LEI code;Parent;false;PORTUGAL;Not applicable (Contractual recognition of bail-in powers);22,42;0;Euro;2021-12-31;2022-01-03;2099-01-31;Unsecured;0;N/A;Structured;0;No;0
841;r0390 - Non-financial liabilities;c004x   - Institutions;Rank 9 - Ranking in insolvency (master scale);162304888017860;BANCO SANTANDER SA;5493006QMFDDMYWIAM13;LEI code;Parent;false;PORTUGAL;Not applicable (Contractual recognition of bail-in powers);0,01;0;Euro;2021-12-31;2022-01-03;2099-01-31;Unsecured;0;N/A;Structured;0;No;0
842;r0390 - Non-financial liabilities;c004x   - Institutions;Rank 9 - Ranking in insolvency (master scale);962304820283590;BANCO SANTANDER SA;5493006QMFDDMYWIAM13;LEI code;Parent;false;PORTUGAL;Not applicable (Contractual recognition of bail-in powers);5,72;0;Euro;2021-12-31;2022-01-03;2099-01-31;Unsecured;0;N/A;Structured;0;No;0
843;r0120 - Secured liabilities - collateralized part (BRRD art. 44/2/b);c005x   - Other financial corporations;Rank 20 - Ranking in insolvency (master scale);023400000000000;HIPOTOTTA 5 PLC;7400987939;Type of identifier, other than LEI or MFI code;Sister;true;PORTUGAL;Not applicable (Contractual recognition of bail-in powers);336618,46;14,28;Euro;2021-12-31;2022-01-03;2065-12-14;Secured;0;N/A;Non-structured/Vanilla;0;No;0
844;r0390 - Non-financial liabilities;c004x   - Institutions;Rank 9 - Ranking in insolvency (master scale);962304820286550;Banco Santander Brasil S.A.;6511000505;Type of identifier, other than LEI or MFI code;Sister;false;PORTUGAL;Not applicable (Contractual recognition of bail-in powers);10040,08;0;Euro;2021-12-31;2022-01-03;2099-01-31;Unsecured;0;N/A;Structured;0;No;0
845;r0390 - Non-financial liabilities;c004x   - Institutions;Rank 9 - Ranking in insolvency (master scale);362304820767670;BANCO SANTANDER SA;5493006QMFDDMYWIAM13;LEI code;Parent;false;PORTUGAL;Not applicable (Contractual recognition of bail-in powers);52,5;0;Euro;2021-12-31;2022-01-03;2099-01-31;Unsecured;0;N/A;Structured;0;No;0
846;r0390 - Non-financial liabilities;c004x   - Institutions;Rank 9 - Ranking in insolvency (master scale);862304840052400;BANCO SANTANDER SA;5493006QMFDDMYWIAM13;LEI code;Parent;false;PORTUGAL;Not applicable (Contractual recognition of bail-in powers);3,07;0;Euro;2021-12-31;2022-01-03;2099-01-31;Unsecured;0;N/A;Structured;0;No;0
847;r0390 - Non-financial liabilities;c005x   - Other financial corporations;Rank 9 - Ranking in insolvency (master scale);227837360000000;Totta Ireland, PLC;8041492238;Type of identifier, other than LEI or MFI code;Sister;true;PORTUGAL;Not applicable (Contractual recognition of bail-in powers);20955,81;0;Euro;2021-12-31;2022-01-03;2099-01-31;Unsecured;0;N/A;Structured;0;No;0
848;r0390 - Non-financial liabilities;c004x   - Institutions;Rank 9 - Ranking in insolvency (master scale);862304880030720;BANCO SANTANDER SA;5493006QMFDDMYWIAM13;LEI code;Parent;false;PORTUGAL;Not applicable (Contractual recognition of bail-in powers);0,33;0;Euro;2021-12-31;2022-01-03;2099-01-31;Unsecured;0;N/A;Structured;0;No;0
849;r0390 - Non-financial liabilities;c004x   - Institutions;Rank 9 - Ranking in insolvency (master scale);362304820798420;BANCO SANTANDER SA;5493006QMFDDMYWIAM13;LEI code;Parent;false;PORTUGAL;Not applicable (Contractual recognition of bail-in powers);93,33;0;Euro;2021-12-31;2022-01-03;2099-01-31;Unsecured;0;N/A;Structured;0;No;0
850;r0390 - Non-financial liabilities;c004x   - Institutions;Rank 9 - Ranking in insolvency (master scale);162304888017770;BANCO SANTANDER SA;5493006QMFDDMYWIAM13;LEI code;Parent;false;PORTUGAL;Not applicable (Contractual recognition of bail-in powers);21,88;0;Euro;2021-12-31;2022-01-03;2099-01-31;Unsecured;0;N/A;Structured;0;No;0
851;r0120 - Secured liabilities - collateralized part (BRRD art. 44/2/b);c005x   - Other financial corporations;Rank 20 - Ranking in insolvency (master scale);366000000000000;HIPOTOTTA 5 PLC;7400987939;Type of identifier, other than LEI or MFI code;Sister;true;PORTUGAL;Not applicable (Contractual recognition of bail-in powers);108596,58;72,31;Euro;2021-12-31;2022-01-03;2065-12-14;Secured;0;N/A;Non-structured/Vanilla;0;No;0
852;r0120 - Secured liabilities - collateralized part (BRRD art. 44/2/b);c005x   - Other financial corporations;Rank 20 - Ranking in insolvency (master scale);028000000000000;GAMMA SOC TITULARIZACAO CREDITOS, SA;2101355138;Type of identifier, other than LEI or MFI code;Sister;true;PORTUGAL;Not applicable (Contractual recognition of bail-in powers);29384,41;25,11;Euro;2021-12-31;2022-01-03;2065-12-14;Secured;0;N/A;Non-structured/Vanilla;0;No;0
853;r0390 - Non-financial liabilities;c004x   - Institutions;Rank 9 - Ranking in insolvency (master scale);162304888017860;BANCO SANTANDER SA;5493006QMFDDMYWIAM13;LEI code;Parent;false;PORTUGAL;Not applicable (Contractual recognition of bail-in powers);1,64;0;Euro;2021-12-31;2022-01-03;2099-01-31;Unsecured;0;N/A;Structured;0;No;0
854;r0390 - Non-financial liabilities;c004x   - Institutions;Rank 9 - Ranking in insolvency (master scale);399904811425540;BANCO SANTANDER SA;5493006QMFDDMYWIAM13;LEI code;Parent;false;PORTUGAL;Not applicable (Contractual recognition of bail-in powers);0,04;0;Euro;2021-12-31;2022-01-03;2099-01-31;Unsecured;0;N/A;Structured;0;No;0
855;r0120 - Secured liabilities - collateralized part (BRRD art. 44/2/b);c005x   - Other financial corporations;Rank 20 - Ranking in insolvency (master scale);023500000000000;HIPOTOTTA Nº 4 PLC;7400615058;Type of identifier, other than LEI or MFI code;Sister;true;PORTUGAL;Not applicable (Contractual recognition of bail-in powers);963338,93;304,22;Euro;2021-12-31;2022-01-03;2065-12-14;Secured;0;N/A;Non-structured/Vanilla;0;No;0
856;r0390 - Non-financial liabilities;c005x   - Other financial corporations;Rank 9 - Ranking in insolvency (master scale);224419050000000;Totta Ireland, PLC;8041492238;Type of identifier, other than LEI or MFI code;Sister;true;PORTUGAL;Not applicable (Contractual recognition of bail-in powers);433795,92;0;Euro;2021-12-31;2022-01-03;2099-01-31;Unsecured;0;N/A;Structured;0;No;0
857;r0390 - Non-financial liabilities;c005x   - Other financial corporations;Rank 9 - Ranking in insolvency (master scale);188858470000000;Totta Ireland, PLC;8041492238;Type of identifier, other than LEI or MFI code;Sister;true;PORTUGAL;Not applicable (Contractual recognition of bail-in powers);13629,48;0;Euro;2021-12-31;2022-01-03;2099-01-31;Unsecured;0;N/A;Structured;0;No;0
858;r0120 - Secured liabilities - collateralized part (BRRD art. 44/2/b);c005x   - Other financial corporations;Rank 20 - Ranking in insolvency (master scale);369400000000000;HIPOTOTTA 5 PLC;7400987939;Type of identifier, other than LEI or MFI code;Sister;true;PORTUGAL;Not applicable (Contractual recognition of bail-in powers);93395,04;20,01;Euro;2021-12-31;2022-01-03;2065-12-14;Secured;0;N/A;Non-structured/Vanilla;0;No;0
859;r0120 - Secured liabilities - collateralized part (BRRD art. 44/2/b);c005x   - Other financial corporations;Rank 20 - Ranking in insolvency (master scale);028000000000000;HIPOTOTTA 5 PLC;7400987939;Type of identifier, other than LEI or MFI code;Sister;true;PORTUGAL;Not applicable (Contractual recognition of bail-in powers);215248,57;14,59;Euro;2021-12-31;2022-01-03;2065-12-14;Secured;0;N/A;Non-structured/Vanilla;0;No;0
860;r0120 - Secured liabilities - collateralized part (BRRD art. 44/2/b);c005x   - Other financial corporations;Rank 20 - Ranking in insolvency (master scale);028100000000000;HIPOTOTTA 5 PLC;7400987939;Type of identifier, other than LEI or MFI code;Sister;true;PORTUGAL;Not applicable (Contractual recognition of bail-in powers);9275,8;0,22;Euro;2021-12-31;2022-01-03;2065-12-14;Secured;0;N/A;Non-structured/Vanilla;0;No;0
861;r0390 - Non-financial liabilities;c005x   - Other financial corporations;Rank 9 - Ranking in insolvency (master scale);218834500000000;Totta Ireland, PLC;8041492238;Type of identifier, other than LEI or MFI code;Sister;true;PORTUGAL;Not applicable (Contractual recognition of bail-in powers);62849,02;0;Euro;2021-12-31;2022-01-03;2099-01-31;Unsecured;0;N/A;Structured;0;No;0
862;r0390 - Non-financial liabilities;c004x   - Institutions;Rank 9 - Ranking in insolvency (master scale);262304820019340;BANCO SANTANDER SA;5493006QMFDDMYWIAM13;LEI code;Parent;false;PORTUGAL;Not applicable (Contractual recognition of bail-in powers);0,07;0;Euro;2021-12-31;2022-01-03;2099-01-31;Unsecured;0;N/A;Structured;0;No;0
863;r0390 - Non-financial liabilities;c005x   - Other financial corporations;Rank 9 - Ranking in insolvency (master scale);220626160000000;Totta Ireland, PLC;8041492238;Type of identifier, other than LEI or MFI code;Sister;true;PORTUGAL;Not applicable (Contractual recognition of bail-in powers);49712,26;0;Euro;2021-12-31;2022-01-03;2099-01-31;Unsecured;0;N/A;Structured;0;No;0
864;r0390 - Non-financial liabilities;c005x   - Other financial corporations;Rank 9 - Ranking in insolvency (master scale);227837420000000;Totta Ireland, PLC;8041492238;Type of identifier, other than LEI or MFI code;Sister;true;PORTUGAL;Not applicable (Contractual recognition of bail-in powers);49950,1;0;Euro;2021-12-31;2022-01-03;2099-01-31;Unsecured;0;N/A;Structured;0;No;0
865;r0120 - Secured liabilities - collateralized part (BRRD art. 44/2/b);c005x   - Other financial corporations;Rank 20 - Ranking in insolvency (master scale);028100000000000;HIPOTOTTA Nº 4 PLC;7400615058;Type of identifier, other than LEI or MFI code;Sister;true;PORTUGAL;Not applicable (Contractual recognition of bail-in powers);831131,02;72,42;Euro;2021-12-31;2022-01-03;2065-12-14;Secured;0;N/A;Non-structured/Vanilla;0;No;0
866;r0120 - Secured liabilities - collateralized part (BRRD art. 44/2/b);c005x   - Other financial corporations;Rank 20 - Ranking in insolvency (master scale);376000000000000;HIPOTOTTA Nº 4 PLC;7400615058;Type of identifier, other than LEI or MFI code;Sister;true;PORTUGAL;Not applicable (Contractual recognition of bail-in powers);151851,36;40,44;Euro;2021-12-31;2022-01-03;2065-12-14;Secured;0;N/A;Non-structured/Vanilla;0;No;0
867;r0390 - Non-financial liabilities;c005x   - Other financial corporations;Rank 9 - Ranking in insolvency (master scale);227816050000000;Totta Ireland, PLC;8041492238;Type of identifier, other than LEI or MFI code;Sister;true;PORTUGAL;Not applicable (Contractual recognition of bail-in powers);42510,02;0;Euro;2021-12-31;2022-01-03;2099-01-31;Unsecured;0;N/A;Structured;0;No;0
868;r0120 - Secured liabilities - collateralized part (BRRD art. 44/2/b);c005x   - Other financial corporations;Rank 20 - Ranking in insolvency (master scale);023600000000000;HIPOTOTTA Nº 4 PLC;7400615058;Type of identifier, other than LEI or MFI code;Sister;true;PORTUGAL;Not applicable (Contractual recognition of bail-in powers);1428508,78;428,25;Euro;2021-12-31;2022-01-03;2065-12-14;Secured;0;N/A;Non-structured/Vanilla;0;No;0
869;r0120 - Secured liabilities - collateralized part (BRRD art. 44/2/b);c005x   - Other financial corporations;Rank 20 - Ranking in insolvency (master scale);023600000000000;GAMMA SOC TITULARIZACAO CREDITOS, SA;2101355138;Type of identifier, other than LEI or MFI code;Sister;true;PORTUGAL;Not applicable (Contractual recognition of bail-in powers);85759,54;-0,17;Euro;2021-12-31;2022-01-03;2065-12-14;Secured;0;N/A;Non-structured/Vanilla;0;No;0
870;r0390 - Non-financial liabilities;c005x   - Other financial corporations;Rank 9 - Ranking in insolvency (master scale);000000000000000;BANCO SANTANDER SA;5493006QMFDDMYWIAM13;LEI code;Parent;false;PORTUGAL;Not applicable (Contractual recognition of bail-in powers);1191,664664;0;Euro;2021-12-31;2022-01-03;2099-01-31;Unsecured;0;N/A;Structured;0;No;0
871;r0390 - Non-financial liabilities;c005x   - Other financial corporations;Rank 9 - Ranking in insolvency (master scale);227837410000000;Totta Ireland, PLC;8041492238;Type of identifier, other than LEI or MFI code;Sister;true;PORTUGAL;Not applicable (Contractual recognition of bail-in powers);26462,73;0;Euro;2021-12-31;2022-01-03;2099-01-31;Unsecured;0;N/A;Structured;0;No;0
872;r0390 - Non-financial liabilities;c005x   - Other financial corporations;Rank 9 - Ranking in insolvency (master scale);228261840000000;Totta Ireland, PLC;8041492238;Type of identifier, other than LEI or MFI code;Sister;true;PORTUGAL;Not applicable (Contractual recognition of bail-in powers);83266,32;0;Euro;2021-12-31;2022-01-03;2099-01-31;Unsecured;0;N/A;Structured;0;No;0
873;r0120 - Secured liabilities - collateralized part (BRRD art. 44/2/b);c005x   - Other financial corporations;Rank 20 - Ranking in insolvency (master scale);028200000000000;GAMMA SOC TITULARIZACAO CREDITOS, SA;2101355138;Type of identifier, other than LEI or MFI code;Sister;true;PORTUGAL;Not applicable (Contractual recognition of bail-in powers);30182,66;1,41;Euro;2021-12-31;2022-01-03;2065-12-14;Secured;0;N/A;Non-structured/Vanilla;0;No;0
874;r0120 - Secured liabilities - collateralized part (BRRD art. 44/2/b);c005x   - Other financial corporations;Rank 20 - Ranking in insolvency (master scale);379500000000000;GAMMA SOC TITULARIZACAO CREDITOS, SA;2101355138;Type of identifier, other than LEI or MFI code;Sister;true;PORTUGAL;Not applicable (Contractual recognition of bail-in powers);84690,36;41,13;Euro;2021-12-31;2022-01-03;2065-12-14;Secured;0;N/A;Non-structured/Vanilla;0;No;0
875;r0390 - Non-financial liabilities;c005x   - Other financial corporations;Rank 9 - Ranking in insolvency (master scale);227837520000000;Totta Ireland, PLC;8041492238;Type of identifier, other than LEI or MFI code;Sister;true;PORTUGAL;Not applicable (Contractual recognition of bail-in powers);40000,49;0;Euro;2021-12-31;2022-01-03;2099-01-31;Unsecured;0;N/A;Structured;0;No;0
876;r0120 - Secured liabilities - collateralized part (BRRD art. 44/2/b);c005x   - Other financial corporations;Rank 20 - Ranking in insolvency (master scale);028300000000000;GAMMA SOC TITULARIZACAO CREDITOS, SA;2101355138;Type of identifier, other than LEI or MFI code;Sister;true;PORTUGAL;Not applicable (Contractual recognition of bail-in powers);705,8;0,02;Euro;2021-12-31;2022-01-03;2065-12-14;Secured;0;N/A;Non-structured/Vanilla;0;No;0
877;r0320 - Deposits, not covered and not preferential;c005x   - Other financial corporations;Rank 12 - Ranking in insolvency (master scale);000000000000000;SANTANDER CONSUMER SERV(PSA GESTAO,ALUGUER VEICUL);8027891356;Type of identifier, other than LEI or MFI code;Sister;false;PORTUGAL;Not applicable (Contractual recognition of bail-in powers);5429,91;0;Euro;2021-12-31;2022-01-03;2022-01-03;Unsecured;0;N/A;Non-structured/Vanilla;0;No;0
878;r0120 - Secured liabilities - collateralized part (BRRD art. 44/2/b);c005x   - Other financial corporations;Rank 20 - Ranking in insolvency (master scale);023800000000000;HIPOTOTTA Nº 4 PLC;7400615058;Type of identifier, other than LEI or MFI code;Sister;true;PORTUGAL;Not applicable (Contractual recognition of bail-in powers);511694,83;60,95;Euro;2021-12-31;2022-01-03;2065-12-14;Secured;0;N/A;Non-structured/Vanilla;0;No;0
879;r0390 - Non-financial liabilities;c005x   - Other financial corporations;Rank 9 - Ranking in insolvency (master scale);227858470000000;Totta Ireland, PLC;8041492238;Type of identifier, other than LEI or MFI code;Sister;true;PORTUGAL;Not applicable (Contractual recognition of bail-in powers);95646,29;0;Euro;2021-12-31;2022-01-03;2099-01-31;Unsecured;0;N/A;Structured;0;No;0
880;r0390 - Non-financial liabilities;c005x   - Other financial corporations;Rank 9 - Ranking in insolvency (master scale);261124580000000;Totta Ireland, PLC;8041492238;Type of identifier, other than LEI or MFI code;Sister;true;PORTUGAL;Not applicable (Contractual recognition of bail-in powers);1229,04;0;Euro;2021-12-31;2022-01-03;2099-01-31;Unsecured;0;N/A;Structured;0;No;0
881;r0120 - Secured liabilities - collateralized part (BRRD art. 44/2/b);c005x   - Other financial corporations;Rank 20 - Ranking in insolvency (master scale);028200000000000;HIPOTOTTA 5 PLC;7400987939;Type of identifier, other than LEI or MFI code;Sister;true;PORTUGAL;Not applicable (Contractual recognition of bail-in powers);73848,31;45,41;Euro;2021-12-31;2022-01-03;2065-12-14;Secured;0;N/A;Non-structured/Vanilla;0;No;0
882;r0120 - Secured liabilities - collateralized part (BRRD art. 44/2/b);c005x   - Other financial corporations;Rank 20 - Ranking in insolvency (master scale);384000000000000;HIPOTOTTA Nº 4 PLC;7400615058;Type of identifier, other than LEI or MFI code;Sister;true;PORTUGAL;Not applicable (Contractual recognition of bail-in powers);49989,74;79,93;Euro;2021-12-31;2022-01-03;2065-12-14;Secured;0;N/A;Non-structured/Vanilla;0;No;0
883;r0390 - Non-financial liabilities;c005x   - Other financial corporations;Rank 9 - Ranking in insolvency (master scale);259823760000000;Totta Ireland, PLC;8041492238;Type of identifier, other than LEI or MFI code;Sister;true;PORTUGAL;Not applicable (Contractual recognition of bail-in powers);579,33;0;Euro;2021-12-31;2022-01-03;2099-01-31;Unsecured;0;N/A;Structured;0;No;0
884;r0320 - Deposits, not covered and not preferential;c004x   - Institutions;Rank 12 - Ranking in insolvency (master scale);000000000000000;Banco Santander Brasil S.A.;6511000505;Type of identifier, other than LEI or MFI code;Sister;false;PORTUGAL;Not applicable (Contractual recognition of bail-in powers);150316,13;0;Euro;2021-12-31;2022-01-03;2022-01-03;Unsecured;0;N/A;Non-structured/Vanilla;0;No;0
885;r0120 - Secured liabilities - collateralized part (BRRD art. 44/2/b);c005x   - Other financial corporations;Rank 20 - Ranking in insolvency (master scale);023600000000000;HIPOTOTTA 5 PLC;7400987939;Type of identifier, other than LEI or MFI code;Sister;true;PORTUGAL;Not applicable (Contractual recognition of bail-in powers);488791,45;-43,56;Euro;2021-12-31;2022-01-03;2065-12-14;Secured;0;N/A;Non-structured/Vanilla;0;No;0
886;r0390 - Non-financial liabilities;c004x   - Institutions;Rank 9 - Ranking in insolvency (master scale);588804815681500;BANCO SANTANDER SA;5493006QMFDDMYWIAM13;LEI code;Parent;false;PORTUGAL;Not applicable (Contractual recognition of bail-in powers);0,02;0;Euro;2021-12-31;2022-01-03;2099-01-31;Unsecured;0;N/A;Structured;0;No;0
887;r0390 - Non-financial liabilities;c005x   - Other financial corporations;Rank 9 - Ranking in insolvency (master scale);261120220000000;Totta Ireland, PLC;8041492238;Type of identifier, other than LEI or MFI code;Sister;true;PORTUGAL;Not applicable (Contractual recognition of bail-in powers);834,88;0;Euro;2021-12-31;2022-01-03;2099-01-31;Unsecured;0;N/A;Structured;0;No;0
888;r0390 - Non-financial liabilities;c004x   - Institutions;Rank 9 - Ranking in insolvency (master scale);262304820009390;BANCO SANTANDER SA;5493006QMFDDMYWIAM13;LEI code;Parent;false;PORTUGAL;Not applicable (Contractual recognition of bail-in powers);0,03;0;Euro;2021-12-31;2022-01-03;2099-01-31;Unsecured;0;N/A;Structured;0;No;0
889;r0120 - Secured liabilities - collateralized part (BRRD art. 44/2/b);c005x   - Other financial corporations;Rank 20 - Ranking in insolvency (master scale);028300000000000;HIPOTOTTA Nº 4 PLC;7400615058;Type of identifier, other than LEI or MFI code;Sister;true;PORTUGAL;Not applicable (Contractual recognition of bail-in powers);696336,75;353,64;Euro;2021-12-31;2022-01-03;2065-12-14;Secured;0;N/A;Non-structured/Vanilla;0;No;0
890;r0120 - Secured liabilities - collateralized part (BRRD art. 44/2/b);c005x   - Other financial corporations;Rank 20 - Ranking in insolvency (master scale);387000000000000;HIPOTOTTA Nº 4 PLC;7400615058;Type of identifier, other than LEI or MFI code;Sister;true;PORTUGAL;Not applicable (Contractual recognition of bail-in powers);45552,32;-8,59;Euro;2021-12-31;2022-01-03;2065-12-14;Secured;0;N/A;Non-structured/Vanilla;0;No;0
891;r0390 - Non-financial liabilities;c004x   - Institutions;Rank 9 - Ranking in insolvency (master scale);262304820005540;BANCO SANTANDER SA;5493006QMFDDMYWIAM13;LEI code;Parent;false;PORTUGAL;Not applicable (Contractual recognition of bail-in powers);0,05;0;Euro;2021-12-31;2022-01-03;2099-01-31;Unsecured;0;N/A;Structured;0;No;0
892;r0120 - Secured liabilities - collateralized part (BRRD art. 44/2/b);c005x   - Other financial corporations;Rank 20 - Ranking in insolvency (master scale);028400000000000;HIPOTOTTA 5 PLC;7400987939;Type of identifier, other than LEI or MFI code;Sister;true;PORTUGAL;Not applicable (Contractual recognition of bail-in powers);81289,31;3,27;Euro;2021-12-31;2022-01-03;2065-12-14;Secured;0;N/A;Non-structured/Vanilla;0;No;0
893;r0390 - Non-financial liabilities;c004x   - Institutions;Rank 9 - Ranking in insolvency (master scale);262304820022550;BANCO SANTANDER SA;5493006QMFDDMYWIAM13;LEI code;Parent;false;PORTUGAL;Not applicable (Contractual recognition of bail-in powers);3,99;0;Euro;2021-12-31;2022-01-03;2099-01-31;Unsecured;0;N/A;Structured;0;No;0
894;r0390 - Non-financial liabilities;c004x   - Institutions;Rank 9 - Ranking in insolvency (master scale);262304820009380;BANCO SANTANDER SA;5493006QMFDDMYWIAM13;LEI code;Parent;false;PORTUGAL;Not applicable (Contractual recognition of bail-in powers);0,2;0;Euro;2021-12-31;2022-01-03;2099-01-31;Unsecured;0;N/A;Structured;0;No;0
895;r0390 - Non-financial liabilities;c004x   - Institutions;Rank 9 - Ranking in insolvency (master scale);262304820019220;BANCO SANTANDER SA;5493006QMFDDMYWIAM13;LEI code;Parent;false;PORTUGAL;Not applicable (Contractual recognition of bail-in powers);0,01;0;Euro;2021-12-31;2022-01-03;2099-01-31;Unsecured;0;N/A;Structured;0;No;0
896;r0120 - Secured liabilities - collateralized part (BRRD art. 44/2/b);c005x   - Other financial corporations;Rank 20 - Ranking in insolvency (master scale);028400000000000;HIPOTOTTA Nº 4 PLC;7400615058;Type of identifier, other than LEI or MFI code;Sister;true;PORTUGAL;Not applicable (Contractual recognition of bail-in powers);1121441,4;616,37;Euro;2021-12-31;2022-01-03;2065-12-14;Secured;0;N/A;Non-structured/Vanilla;0;No;0
897;r0390 - Non-financial liabilities;c004x   - Institutions;Rank 9 - Ranking in insolvency (master scale);399904810290270;BANCO SANTANDER SA;5493006QMFDDMYWIAM13;LEI code;Parent;false;PORTUGAL;Not applicable (Contractual recognition of bail-in powers);0,06;0;Euro;2021-12-31;2022-01-03;2099-01-31;Unsecured;0;N/A;Structured;0;No;0
898;r0390 - Non-financial liabilities;c004x   - Institutions;Rank 9 - Ranking in insolvency (master scale);262304820011790;BANCO SANTANDER SA;5493006QMFDDMYWIAM13;LEI code;Parent;false;PORTUGAL;Not applicable (Contractual recognition of bail-in powers);1,26;0;Euro;2021-12-31;2022-01-03;2099-01-31;Unsecured;0;N/A;Structured;0;No;0
899;r0120 - Secured liabilities - collateralized part (BRRD art. 44/2/b);c005x   - Other financial corporations;Rank 20 - Ranking in insolvency (master scale);023700000000000;HIPOTOTTA 5 PLC;7400987939;Type of identifier, other than LEI or MFI code;Sister;true;PORTUGAL;Not applicable (Contractual recognition of bail-in powers);172935,66;-13,25;Euro;2021-12-31;2022-01-03;2065-12-14;Secured;0;N/A;Non-structured/Vanilla;0;No;0
900;r0120 - Secured liabilities - collateralized part (BRRD art. 44/2/b);c005x   - Other financial corporations;Rank 20 - Ranking in insolvency (master scale);023700000000000;HIPOTOTTA Nº 4 PLC;7400615058;Type of identifier, other than LEI or MFI code;Sister;true;PORTUGAL;Not applicable (Contractual recognition of bail-in powers);741546,77;250,46;Euro;2021-12-31;2022-01-03;2065-12-14;Secured;0;N/A;Non-structured/Vanilla;0;No;0
901;r0120 - Secured liabilities - collateralized part (BRRD art. 44/2/b);c005x   - Other financial corporations;Rank 20 - Ranking in insolvency (master scale);038400000000000;HIPOTOTTA 5 PLC;7400987939;Type of identifier, other than LEI or MFI code;Sister;true;PORTUGAL;Not applicable (Contractual recognition of bail-in powers);16989,25;0,24;Euro;2021-12-31;2022-01-03;2065-12-14;Secured;0;N/A;Non-structured/Vanilla;0;No;0
902;r0390 - Non-financial liabilities;c004x   - Institutions;Rank 9 - Ranking in insolvency (master scale);262304820018490;BANCO SANTANDER SA;5493006QMFDDMYWIAM13;LEI code;Parent;false;PORTUGAL;Not applicable (Contractual recognition of bail-in powers);67,29;0;Euro;2021-12-31;2022-01-03;2099-01-31;Unsecured;0;N/A;Structured;0;No;0
903;r0390 - Non-financial liabilities;c004x   - Institutions;Rank 9 - Ranking in insolvency (master scale);262304820019450;BANCO SANTANDER SA;5493006QMFDDMYWIAM13;LEI code;Parent;false;PORTUGAL;Not applicable (Contractual recognition of bail-in powers);18,02;0;Euro;2021-12-31;2022-01-03;2099-01-31;Unsecured;0;N/A;Structured;0;No;0
904;r0120 - Secured liabilities - collateralized part (BRRD art. 44/2/b);c005x   - Other financial corporations;Rank 20 - Ranking in insolvency (master scale);028500000000000;GAMMA SOC TITULARIZACAO CREDITOS, SA;2101355138;Type of identifier, other than LEI or MFI code;Sister;true;PORTUGAL;Not applicable (Contractual recognition of bail-in powers);161179,55;-9,33;Euro;2021-12-31;2022-01-03;2065-12-14;Secured;0;N/A;Non-structured/Vanilla;0;No;0
905;r0390 - Non-financial liabilities;c004x   - Institutions;Rank 9 - Ranking in insolvency (master scale);399904810461790;BANCO SANTANDER SA;5493006QMFDDMYWIAM13;LEI code;Parent;false;PORTUGAL;Not applicable (Contractual recognition of bail-in powers);0,06;0;Euro;2021-12-31;2022-01-03;2099-01-31;Unsecured;0;N/A;Structured;0;No;0
906;r0390 - Non-financial liabilities;c004x   - Institutions;Rank 9 - Ranking in insolvency (master scale);262304820019220;BANCO SANTANDER SA;5493006QMFDDMYWIAM13;LEI code;Parent;false;PORTUGAL;Not applicable (Contractual recognition of bail-in powers);39,67;0;Euro;2021-12-31;2022-01-03;2099-01-31;Unsecured;0;N/A;Structured;0;No;0
907;r0120 - Secured liabilities - collateralized part (BRRD art. 44/2/b);c005x   - Other financial corporations;Rank 20 - Ranking in insolvency (master scale);028600000000000;GAMMA SOC TITULARIZACAO CREDITOS, SA;2101355138;Type of identifier, other than LEI or MFI code;Sister;true;PORTUGAL;Not applicable (Contractual recognition of bail-in powers);56082,99;-10,52;Euro;2021-12-31;2022-01-03;2065-12-14;Secured;0;N/A;Non-structured/Vanilla;0;No;0
908;r0320 - Deposits, not covered and not preferential;c005x   - Other financial corporations;Rank 12 - Ranking in insolvency (master scale);000000000000000;Santander Consumer Finance, S.A.;8046556500;Type of identifier, other than LEI or MFI code;Sister;false;PORTUGAL;Not applicable (Contractual recognition of bail-in powers);1972,38;0;Euro;2021-12-31;2022-01-03;2022-01-03;Unsecured;0;N/A;Non-structured/Vanilla;0;No;0
909;r0120 - Secured liabilities - collateralized part (BRRD art. 44/2/b);c005x   - Other financial corporations;Rank 20 - Ranking in insolvency (master scale);029100000000000;HIPOTOTTA 5 PLC;7400987939;Type of identifier, other than LEI or MFI code;Sister;true;PORTUGAL;Not applicable (Contractual recognition of bail-in powers);44834,31;-2,18;Euro;2021-12-31;2022-01-03;2065-12-14;Secured;0;N/A;Non-structured/Vanilla;0;No;0
910;r0390 - Non-financial liabilities;c004x   - Institutions;Rank 9 - Ranking in insolvency (master scale);262304820019340;BANCO SANTANDER SA;5493006QMFDDMYWIAM13;LEI code;Parent;false;PORTUGAL;Not applicable (Contractual recognition of bail-in powers);67,06;0;Euro;2021-12-31;2022-01-03;2099-01-31;Unsecured;0;N/A;Structured;0;No;0
911;r0390 - Non-financial liabilities;c004x   - Institutions;Rank 9 - Ranking in insolvency (master scale);262304820020190;BANCO SANTANDER SA;5493006QMFDDMYWIAM13;LEI code;Parent;false;PORTUGAL;Not applicable (Contractual recognition of bail-in powers);0,37;0;Euro;2021-12-31;2022-01-03;2099-01-31;Unsecured;0;N/A;Structured;0;No;0
912;r0120 - Secured liabilities - collateralized part (BRRD art. 44/2/b);c005x   - Other financial corporations;Rank 20 - Ranking in insolvency (master scale);028500000000000;HIPOTOTTA 5 PLC;7400987939;Type of identifier, other than LEI or MFI code;Sister;true;PORTUGAL;Not applicable (Contractual recognition of bail-in powers);166528,9;-0,52;Euro;2021-12-31;2022-01-03;2065-12-14;Secured;0;N/A;Non-structured/Vanilla;0;No;0
913;r0390 - Non-financial liabilities;c004x   - Institutions;Rank 9 - Ranking in insolvency (master scale);399904811255440;BANCO SANTANDER SA;5493006QMFDDMYWIAM13;LEI code;Parent;false;PORTUGAL;Not applicable (Contractual recognition of bail-in powers);1,09;0;Euro;2021-12-31;2022-01-03;2099-01-31;Unsecured;0;N/A;Structured;0;No;0
914;r0390 - Non-financial liabilities;c004x   - Institutions;Rank 9 - Ranking in insolvency (master scale);262304820019710;BANCO SANTANDER SA;5493006QMFDDMYWIAM13;LEI code;Parent;false;PORTUGAL;Not applicable (Contractual recognition of bail-in powers);3,63;0;Euro;2021-12-31;2022-01-03;2099-01-31;Unsecured;0;N/A;Structured;0;No;0
915;r0320 - Deposits, not covered and not preferential;c004x   - Institutions;Rank 12 - Ranking in insolvency (master scale);000000000000000;OPEN BANK SANTANDER CONSUMER, S.A.;6511000031;Type of identifier, other than LEI or MFI code;Sister;false;PORTUGAL;Not applicable (Contractual recognition of bail-in powers);72149,49;0;Euro;2021-12-31;2022-01-03;2022-01-03;Unsecured;0;N/A;Non-structured/Vanilla;0;No;0
916;r0120 - Secured liabilities - collateralized part (BRRD art. 44/2/b);c005x   - Other financial corporations;Rank 20 - Ranking in insolvency (master scale);023800000000000;GAMMA SOC TITULARIZACAO CREDITOS, SA;2101355138;Type of identifier, other than LEI or MFI code;Sister;true;PORTUGAL;Not applicable (Contractual recognition of bail-in powers);49718,97;0;Euro;2021-12-31;2022-01-03;2065-12-14;Secured;0;N/A;Non-structured/Vanilla;0;No;0
917;r0120 - Secured liabilities - collateralized part (BRRD art. 44/2/b);c005x   - Other financial corporations;Rank 20 - Ranking in insolvency (master scale);035600000000000;HIPOTOTTA 5 PLC;7400987939;Type of identifier, other than LEI or MFI code;Sister;true;PORTUGAL;Not applicable (Contractual recognition of bail-in powers);301500,68;-3,25;Euro;2021-12-31;2022-01-03;2065-12-14;Secured;0;N/A;Non-structured/Vanilla;0;No;0
918;r0390 - Non-financial liabilities;c004x   - Institutions;Rank 9 - Ranking in insolvency (master scale);262304820019730;BANCO SANTANDER SA;5493006QMFDDMYWIAM13;LEI code;Parent;false;PORTUGAL;Not applicable (Contractual recognition of bail-in powers);3,85;0;Euro;2021-12-31;2022-01-03;2099-01-31;Unsecured;0;N/A;Structured;0;No;0
919;r0390 - Non-financial liabilities;c004x   - Institutions;Rank 9 - Ranking in insolvency (master scale);262304820021210;BANCO SANTANDER SA;5493006QMFDDMYWIAM13;LEI code;Parent;false;PORTUGAL;Not applicable (Contractual recognition of bail-in powers);12,89;0;Euro;2021-12-31;2022-01-03;2099-01-31;Unsecured;0;N/A;Structured;0;No;0
920;r0120 - Secured liabilities - collateralized part (BRRD art. 44/2/b);c005x   - Other financial corporations;Rank 20 - Ranking in insolvency (master scale);028600000000000;HIPOTOTTA Nº 4 PLC;7400615058;Type of identifier, other than LEI or MFI code;Sister;true;PORTUGAL;Not applicable (Contractual recognition of bail-in powers);598433,62;334,64;Euro;2021-12-31;2022-01-03;2065-12-14;Secured;0;N/A;Non-structured/Vanilla;0;No;0
921;r0390 - Non-financial liabilities;c004x   - Institutions;Rank 9 - Ranking in insolvency (master scale);399904844726000;BANCO SANTANDER SA;5493006QMFDDMYWIAM13;LEI code;Parent;false;PORTUGAL;Not applicable (Contractual recognition of bail-in powers);0,66;0;Euro;2021-12-31;2022-01-03;2099-01-31;Unsecured;0;N/A;Structured;0;No;0
922;r0390 - Non-financial liabilities;c004x   - Institutions;Rank 9 - Ranking in insolvency (master scale);262304820020190;BANCO SANTANDER SA;5493006QMFDDMYWIAM13;LEI code;Parent;false;PORTUGAL;Not applicable (Contractual recognition of bail-in powers);36,83;0;Euro;2021-12-31;2022-01-03;2099-01-31;Unsecured;0;N/A;Structured;0;No;0
923;r0120 - Secured liabilities - collateralized part (BRRD art. 44/2/b);c005x   - Other financial corporations;Rank 20 - Ranking in insolvency (master scale);028800000000000;GAMMA SOC TITULARIZACAO CREDITOS, SA;2101355138;Type of identifier, other than LEI or MFI code;Sister;true;PORTUGAL;Not applicable (Contractual recognition of bail-in powers);146827,85;-13,45;Euro;2021-12-31;2022-01-03;2065-12-14;Secured;0;N/A;Non-structured/Vanilla;0;No;0
924;r0320 - Deposits, not covered and not preferential;c005x   - Other financial corporations;Rank 12 - Ranking in insolvency (master scale);000000000000000;Santander  SGFIM;549300VC136NI5Z05Q45;LEI code;Sister;false;PORTUGAL;Not applicable (Contractual recognition of bail-in powers);15039517,85;23061,78;Euro;2021-12-31;2022-01-03;2022-01-03;Unsecured;0;N/A;Non-structured/Vanilla;0;No;0
925;r0390 - Non-financial liabilities;c004x   - Institutions;Rank 9 - Ranking in insolvency (master scale);262304820023210;BANCO SANTANDER SA;5493006QMFDDMYWIAM13;LEI code;Parent;false;PORTUGAL;Not applicable (Contractual recognition of bail-in powers);0,5;0;Euro;2021-12-31;2022-01-03;2099-01-31;Unsecured;0;N/A;Structured;0;No;0
926;r0390 - Non-financial liabilities;c004x   - Institutions;Rank 9 - Ranking in insolvency (master scale);399904810437210;BANCO SANTANDER SA;5493006QMFDDMYWIAM13;LEI code;Parent;false;PORTUGAL;Not applicable (Contractual recognition of bail-in powers);0,07;0;Euro;2021-12-31;2022-01-03;2099-01-31;Unsecured;0;N/A;Structured;0;No;0
927;r0390 - Non-financial liabilities;c004x   - Institutions;Rank 9 - Ranking in insolvency (master scale);262304820021840;BANCO SANTANDER SA;5493006QMFDDMYWIAM13;LEI code;Parent;false;PORTUGAL;Not applicable (Contractual recognition of bail-in powers);15,78;0;Euro;2021-12-31;2022-01-03;2099-01-31;Unsecured;0;N/A;Structured;0;No;0
928;r0390 - Non-financial liabilities;c004x   - Institutions;Rank 9 - Ranking in insolvency (master scale);399904810479030;BANCO SANTANDER SA;5493006QMFDDMYWIAM13;LEI code;Parent;false;PORTUGAL;Not applicable (Contractual recognition of bail-in powers);0,96;0;Euro;2021-12-31;2022-01-03;2099-01-31;Unsecured;0;N/A;Structured;0;No;0
929;r0120 - Secured liabilities - collateralized part (BRRD art. 44/2/b);c005x   - Other financial corporations;Rank 20 - Ranking in insolvency (master scale);534000000000000;HIPOTOTTA Nº 4 PLC;7400615058;Type of identifier, other than LEI or MFI code;Sister;true;PORTUGAL;Not applicable (Contractual recognition of bail-in powers);2028,74;2,38;Euro;2021-12-31;2022-01-03;2065-12-14;Secured;0;N/A;Non-structured/Vanilla;0;No;0
930;r0390 - Non-financial liabilities;c004x   - Institutions;Rank 9 - Ranking in insolvency (master scale);399904810531930;BANCO SANTANDER SA;5493006QMFDDMYWIAM13;LEI code;Parent;false;PORTUGAL;Not applicable (Contractual recognition of bail-in powers);0,03;0;Euro;2021-12-31;2022-01-03;2099-01-31;Unsecured;0;N/A;Structured;0;No;0
931;r0120 - Secured liabilities - collateralized part (BRRD art. 44/2/b);c005x   - Other financial corporations;Rank 20 - Ranking in insolvency (master scale);023900000000000;GAMMA SOC TITULARIZACAO CREDITOS, SA;2101355138;Type of identifier, other than LEI or MFI code;Sister;true;PORTUGAL;Not applicable (Contractual recognition of bail-in powers);16516,15;0,51;Euro;2021-12-31;2022-01-03;2065-12-14;Secured;0;N/A;Non-structured/Vanilla;0;No;0
932;r0390 - Non-financial liabilities;c004x   - Institutions;Rank 9 - Ranking in insolvency (master scale);399904810597970;BANCO SANTANDER SA;5493006QMFDDMYWIAM13;LEI code;Parent;false;PORTUGAL;Not applicable (Contractual recognition of bail-in powers);0,09;0;Euro;2021-12-31;2022-01-03;2099-01-31;Unsecured;0;N/A;Structured;0;No;0
933;r0320 - Deposits, not covered and not preferential;c004x   - Institutions;Rank 12 - Ranking in insolvency (master scale);000000000000000;BANCO SANTANDER PARIS;7400416227;Type of identifier, other than LEI or MFI code;Sister;false;PORTUGAL;Not applicable (Contractual recognition of bail-in powers);9059193,69;0;Euro;2021-12-31;2022-01-03;2022-01-03;Unsecured;0;N/A;Non-structured/Vanilla;0;No;0
934;r0390 - Non-financial liabilities;c004x   - Institutions;Rank 9 - Ranking in insolvency (master scale);399904811239040;BANCO SANTANDER SA;5493006QMFDDMYWIAM13;LEI code;Parent;false;PORTUGAL;Not applicable (Contractual recognition of bail-in powers);1,46;0;Euro;2021-12-31;2022-01-03;2099-01-31;Unsecured;0;N/A;Structured;0;No;0
935;r0390 - Non-financial liabilities;c004x   - Institutions;Rank 9 - Ranking in insolvency (master scale);262304820022630;BANCO SANTANDER SA;5493006QMFDDMYWIAM13;LEI code;Parent;false;PORTUGAL;Not applicable (Contractual recognition of bail-in powers);5,33;0;Euro;2021-12-31;2022-01-03;2099-01-31;Unsecured;0;N/A;Structured;0;No;0
936;r0390 - Non-financial liabilities;c004x   - Institutions;Rank 9 - Ranking in insolvency (master scale);399904811255570;BANCO SANTANDER SA;5493006QMFDDMYWIAM13;LEI code;Parent;false;PORTUGAL;Not applicable (Contractual recognition of bail-in powers);0,31;0;Euro;2021-12-31;2022-01-03;2099-01-31;Unsecured;0;N/A;Structured;0;No;0
937;r0390 - Non-financial liabilities;c004x   - Institutions;Rank 9 - Ranking in insolvency (master scale);588804815653470;BANCO SANTANDER SA;5493006QMFDDMYWIAM13;LEI code;Parent;false;PORTUGAL;Not applicable (Contractual recognition of bail-in powers);0,33;0;Euro;2021-12-31;2022-01-03;2099-01-31;Unsecured;0;N/A;Structured;0;No;0
938;r0390 - Non-financial liabilities;c004x   - Institutions;Rank 9 - Ranking in insolvency (master scale);399904811255720;BANCO SANTANDER SA;5493006QMFDDMYWIAM13;LEI code;Parent;false;PORTUGAL;Not applicable (Contractual recognition of bail-in powers);1,02;0;Euro;2021-12-31;2022-01-03;2099-01-31;Unsecured;0;N/A;Structured;0;No;0
939;r0120 - Secured liabilities - collateralized part (BRRD art. 44/2/b);c005x   - Other financial corporations;Rank 20 - Ranking in insolvency (master scale);029000000000000;HIPOTOTTA Nº 4 PLC;7400615058;Type of identifier, other than LEI or MFI code;Sister;true;PORTUGAL;Not applicable (Contractual recognition of bail-in powers);500603,7;325,17;Euro;2021-12-31;2022-01-03;2065-12-14;Secured;0;N/A;Non-structured/Vanilla;0;No;0
940;r0390 - Non-financial liabilities;c004x   - Institutions;Rank 9 - Ranking in insolvency (master scale);399904811497630;BANCO SANTANDER SA;5493006QMFDDMYWIAM13;LEI code;Parent;false;PORTUGAL;Not applicable (Contractual recognition of bail-in powers);0,13;0;Euro;2021-12-31;2022-01-03;2099-01-31;Unsecured;0;N/A;Structured;0;No;0
941;r0120 - Secured liabilities - collateralized part (BRRD art. 44/2/b);c005x   - Other financial corporations;Rank 20 - Ranking in insolvency (master scale);025000000000000;HIPOTOTTA Nº 4 PLC;7400615058;Type of identifier, other than LEI or MFI code;Sister;true;PORTUGAL;Not applicable (Contractual recognition of bail-in powers);955470,74;381,23;Euro;2021-12-31;2022-01-03;2065-12-14;Secured;0;N/A;Non-structured/Vanilla;0;No;0
942;r0390 - Non-financial liabilities;c004x   - Institutions;Rank 9 - Ranking in insolvency (master scale);399904811642910;BANCO SANTANDER SA;5493006QMFDDMYWIAM13;LEI code;Parent;false;PORTUGAL;Not applicable (Contractual recognition of bail-in powers);0,58;0;Euro;2021-12-31;2022-01-03;2099-01-31;Unsecured;0;N/A;Structured;0;No;0
943;r0390 - Non-financial liabilities;c004x   - Institutions;Rank 9 - Ranking in insolvency (master scale);262304820022820;BANCO SANTANDER SA;5493006QMFDDMYWIAM13;LEI code;Parent;false;PORTUGAL;Not applicable (Contractual recognition of bail-in powers);4,11;0;Euro;2021-12-31;2022-01-03;2099-01-31;Unsecured;0;N/A;Structured;0;No;0
944;r0390 - Non-financial liabilities;c003x   - Corporates;Rank 9 - Ranking in insolvency (master scale);399904875248090;TottaUrbe;8000391312;Type of identifier, other than LEI or MFI code;Sister;true;PORTUGAL;Not applicable (Contractual recognition of bail-in powers);0,02;0;Euro;2021-12-31;2022-01-03;2099-01-31;Unsecured;0;N/A;Structured;0;No;0
945;r0390 - Non-financial liabilities;c004x   - Institutions;Rank 9 - Ranking in insolvency (master scale);588804815654420;BANCO SANTANDER SA;5493006QMFDDMYWIAM13;LEI code;Parent;false;PORTUGAL;Not applicable (Contractual recognition of bail-in powers);0,11;0;Euro;2021-12-31;2022-01-03;2099-01-31;Unsecured;0;N/A;Structured;0;No;0
946;r0390 - Non-financial liabilities;c004x   - Institutions;Rank 9 - Ranking in insolvency (master scale);399904898776070;BANCO SANTANDER SA;5493006QMFDDMYWIAM13;LEI code;Parent;false;PORTUGAL;Not applicable (Contractual recognition of bail-in powers);0,32;0;Euro;2021-12-31;2022-01-03;2099-01-31;Unsecured;0;N/A;Structured;0;No;0
947;r0390 - Non-financial liabilities;c004x   - Institutions;Rank 9 - Ranking in insolvency (master scale);588804815175860;BANCO SANTANDER SA;5493006QMFDDMYWIAM13;LEI code;Parent;false;PORTUGAL;Not applicable (Contractual recognition of bail-in powers);0,73;0;Euro;2021-12-31;2022-01-03;2099-01-31;Unsecured;0;N/A;Structured;0;No;0
948;r0120 - Secured liabilities - collateralized part (BRRD art. 44/2/b);c005x   - Other financial corporations;Rank 20 - Ranking in insolvency (master scale);462600000000000;GAMMA SOC TITULARIZACAO CREDITOS, SA;2101355138;Type of identifier, other than LEI or MFI code;Sister;true;PORTUGAL;Not applicable (Contractual recognition of bail-in powers);13126295,44;6007,38;Euro;2021-12-31;2022-01-03;2065-12-14;Secured;0;N/A;Non-structured/Vanilla;0;No;0
949;r0390 - Non-financial liabilities;c004x   - Institutions;Rank 9 - Ranking in insolvency (master scale);599904832573580;BANCO SANTANDER SA;5493006QMFDDMYWIAM13;LEI code;Parent;false;PORTUGAL;Not applicable (Contractual recognition of bail-in powers);0,09;0;Euro;2021-12-31;2022-01-03;2099-01-31;Unsecured;0;N/A;Structured;0;No;0
950;r0120 - Secured liabilities - collateralized part (BRRD art. 44/2/b);c005x   - Other financial corporations;Rank 20 - Ranking in insolvency (master scale);462600000000000;HIPOTOTTA 5 PLC;7400987939;Type of identifier, other than LEI or MFI code;Sister;true;PORTUGAL;Not applicable (Contractual recognition of bail-in powers);3421273,79;1178,06;Euro;2021-12-31;2022-01-03;2065-12-14;Secured;0;N/A;Non-structured/Vanilla;0;No;0
951;r0390 - Non-financial liabilities;c004x   - Institutions;Rank 9 - Ranking in insolvency (master scale);262304820022850;BANCO SANTANDER SA;5493006QMFDDMYWIAM13;LEI code;Parent;false;PORTUGAL;Not applicable (Contractual recognition of bail-in powers);18,05;0;Euro;2021-12-31;2022-01-03;2099-01-31;Unsecured;0;N/A;Structured;0;No;0
952;r0390 - Non-financial liabilities;c004x   - Institutions;Rank 9 - Ranking in insolvency (master scale);562304840000020;BANCO SANTANDER SA;5493006QMFDDMYWIAM13;LEI code;Parent;false;PORTUGAL;Not applicable (Contractual recognition of bail-in powers);0,43;0;Euro;2021-12-31;2022-01-03;2099-01-31;Unsecured;0;N/A;Structured;0;No;0
953;r0390 - Non-financial liabilities;c004x   - Institutions;Rank 9 - Ranking in insolvency (master scale);588804815682360;BANCO SANTANDER SA;5493006QMFDDMYWIAM13;LEI code;Parent;false;PORTUGAL;Not applicable (Contractual recognition of bail-in powers);0,02;0;Euro;2021-12-31;2022-01-03;2099-01-31;Unsecured;0;N/A;Structured;0;No;0
954;r0390 - Non-financial liabilities;c004x   - Institutions;Rank 9 - Ranking in insolvency (master scale);588804815139970;BANCO SANTANDER SA;5493006QMFDDMYWIAM13;LEI code;Parent;false;PORTUGAL;Not applicable (Contractual recognition of bail-in powers);0,14;0;Euro;2021-12-31;2022-01-03;2099-01-31;Unsecured;0;N/A;Structured;0;No;0
955;r0120 - Secured liabilities - collateralized part (BRRD art. 44/2/b);c005x   - Other financial corporations;Rank 20 - Ranking in insolvency (master scale);030800000000000;HIPOTOTTA 5 PLC;7400987939;Type of identifier, other than LEI or MFI code;Sister;true;PORTUGAL;Not applicable (Contractual recognition of bail-in powers);47325,96;22,32;Euro;2021-12-31;2022-01-03;2065-12-14;Secured;0;N/A;Non-structured/Vanilla;0;No;0
956;r0390 - Non-financial liabilities;c004x   - Institutions;Rank 9 - Ranking in insolvency (master scale);588804832515310;BANCO SANTANDER SA;5493006QMFDDMYWIAM13;LEI code;Parent;false;PORTUGAL;Not applicable (Contractual recognition of bail-in powers);0,14;0;Euro;2021-12-31;2022-01-03;2099-01-31;Unsecured;0;N/A;Structured;0;No;0
957;r0390 - Non-financial liabilities;c004x   - Institutions;Rank 9 - Ranking in insolvency (master scale);262304840019630;BANCO SANTANDER SA;5493006QMFDDMYWIAM13;LEI code;Parent;false;PORTUGAL;Not applicable (Contractual recognition of bail-in powers);8,4;0;Euro;2021-12-31;2022-01-03;2099-01-31;Unsecured;0;N/A;Structured;0;No;0
958;r0390 - Non-financial liabilities;c004x   - Institutions;Rank 9 - Ranking in insolvency (master scale);262304820022840;BANCO SANTANDER SA;5493006QMFDDMYWIAM13;LEI code;Parent;false;PORTUGAL;Not applicable (Contractual recognition of bail-in powers);60,44;0;Euro;2021-12-31;2022-01-03;2099-01-31;Unsecured;0;N/A;Structured;0;No;0
959;r0390 - Non-financial liabilities;c004x   - Institutions;Rank 9 - Ranking in insolvency (master scale);262304820023080;BANCO SANTANDER SA;5493006QMFDDMYWIAM13;LEI code;Parent;false;PORTUGAL;Not applicable (Contractual recognition of bail-in powers);0,56;0;Euro;2021-12-31;2022-01-03;2099-01-31;Unsecured;0;N/A;Structured;0;No;0
960;r0120 - Secured liabilities - collateralized part (BRRD art. 44/2/b);c005x   - Other financial corporations;Rank 20 - Ranking in insolvency (master scale);030800000000000;HIPOTOTTA Nº 4 PLC;7400615058;Type of identifier, other than LEI or MFI code;Sister;true;PORTUGAL;Not applicable (Contractual recognition of bail-in powers);1640186,37;224,63;Euro;2021-12-31;2022-01-03;2065-12-14;Secured;0;N/A;Non-structured/Vanilla;0;No;0
961;r0390 - Non-financial liabilities;c004x   - Institutions;Rank 9 - Ranking in insolvency (master scale);588804830050560;BANCO SANTANDER SA;5493006QMFDDMYWIAM13;LEI code;Parent;false;PORTUGAL;Not applicable (Contractual recognition of bail-in powers);0,71;0;Euro;2021-12-31;2022-01-03;2099-01-31;Unsecured;0;N/A;Structured;0;No;0
962;r0390 - Non-financial liabilities;c004x   - Institutions;Rank 9 - Ranking in insolvency (master scale);262304820022850;BANCO SANTANDER SA;5493006QMFDDMYWIAM13;LEI code;Parent;false;PORTUGAL;Not applicable (Contractual recognition of bail-in powers);581,99;0;Euro;2021-12-31;2022-01-03;2099-01-31;Unsecured;0;N/A;Structured;0;No;0
963;r0120 - Secured liabilities - collateralized part (BRRD art. 44/2/b);c005x   - Other financial corporations;Rank 20 - Ranking in insolvency (master scale);024100000000000;HIPOTOTTA 5 PLC;7400987939;Type of identifier, other than LEI or MFI code;Sister;true;PORTUGAL;Not applicable (Contractual recognition of bail-in powers);187513,08;95,32;Euro;2021-12-31;2022-01-03;2065-12-14;Secured;0;N/A;Non-structured/Vanilla;0;No;0
964;r0120 - Secured liabilities - collateralized part (BRRD art. 44/2/b);c005x   - Other financial corporations;Rank 20 - Ranking in insolvency (master scale);024100000000000;HIPOTOTTA Nº 4 PLC;7400615058;Type of identifier, other than LEI or MFI code;Sister;true;PORTUGAL;Not applicable (Contractual recognition of bail-in powers);1103681,01;311,94;Euro;2021-12-31;2022-01-03;2065-12-14;Secured;0;N/A;Non-structured/Vanilla;0;No;0
965;r0120 - Secured liabilities - collateralized part (BRRD art. 44/2/b);c005x   - Other financial corporations;Rank 20 - Ranking in insolvency (master scale);322300000000000;HIPOTOTTA 5 PLC;7400987939;Type of identifier, other than LEI or MFI code;Sister;true;PORTUGAL;Not applicable (Contractual recognition of bail-in powers);33552,38;2,3;Euro;2021-12-31;2022-01-03;2065-12-14;Secured;0;N/A;Non-structured/Vanilla;0;No;0
966;r0390 - Non-financial liabilities;c004x   - Institutions;Rank 9 - Ranking in insolvency (master scale);262304820022860;BANCO SANTANDER SA;5493006QMFDDMYWIAM13;LEI code;Parent;false;PORTUGAL;Not applicable (Contractual recognition of bail-in powers);60,44;0;Euro;2021-12-31;2022-01-03;2099-01-31;Unsecured;0;N/A;Structured;0;No;0
967;r0390 - Non-financial liabilities;c004x   - Institutions;Rank 9 - Ranking in insolvency (master scale);262304820023840;BANCO SANTANDER SA;5493006QMFDDMYWIAM13;LEI code;Parent;false;PORTUGAL;Not applicable (Contractual recognition of bail-in powers);3,03;0;Euro;2021-12-31;2022-01-03;2099-01-31;Unsecured;0;N/A;Structured;0;No;0
968;r0120 - Secured liabilities - collateralized part (BRRD art. 44/2/b);c005x   - Other financial corporations;Rank 20 - Ranking in insolvency (master scale);030900000000000;GAMMA SOC TITULARIZACAO CREDITOS, SA;2101355138;Type of identifier, other than LEI or MFI code;Sister;true;PORTUGAL;Not applicable (Contractual recognition of bail-in powers);100702,29;10,33;Euro;2021-12-31;2022-01-03;2065-12-14;Secured;0;N/A;Non-structured/Vanilla;0;No;0
969;r0120 - Secured liabilities - collateralized part (BRRD art. 44/2/b);c005x   - Other financial corporations;Rank 20 - Ranking in insolvency (master scale);033600000000000;HIPOTOTTA 5 PLC;7400987939;Type of identifier, other than LEI or MFI code;Sister;true;PORTUGAL;Not applicable (Contractual recognition of bail-in powers);103433,09;-9,2;Euro;2021-12-31;2022-01-03;2065-12-14;Secured;0;N/A;Non-structured/Vanilla;0;No;0
970;r0390 - Non-financial liabilities;c004x   - Institutions;Rank 9 - Ranking in insolvency (master scale);262304820023080;BANCO SANTANDER SA;5493006QMFDDMYWIAM13;LEI code;Parent;false;PORTUGAL;Not applicable (Contractual recognition of bail-in powers);30,22;0;Euro;2021-12-31;2022-01-03;2099-01-31;Unsecured;0;N/A;Structured;0;No;0
971;r0120 - Secured liabilities - collateralized part (BRRD art. 44/2/b);c005x   - Other financial corporations;Rank 20 - Ranking in insolvency (master scale);031200000000000;HIPOTOTTA Nº 4 PLC;7400615058;Type of identifier, other than LEI or MFI code;Sister;true;PORTUGAL;Not applicable (Contractual recognition of bail-in powers);58590,72;18,46;Euro;2021-12-31;2022-01-03;2065-12-14;Secured;0;N/A;Non-structured/Vanilla;0;No;0
972;r0390 - Non-financial liabilities;c004x   - Institutions;Rank 9 - Ranking in insolvency (master scale);588804815681790;BANCO SANTANDER SA;5493006QMFDDMYWIAM13;LEI code;Parent;false;PORTUGAL;Not applicable (Contractual recognition of bail-in powers);0,01;0;Euro;2021-12-31;2022-01-03;2099-01-31;Unsecured;0;N/A;Structured;0;No;0
973;r0390 - Non-financial liabilities;c004x   - Institutions;Rank 9 - Ranking in insolvency (master scale);599904816263570;BANCO SANTANDER SA;5493006QMFDDMYWIAM13;LEI code;Parent;false;PORTUGAL;Not applicable (Contractual recognition of bail-in powers);0,12;0;Euro;2021-12-31;2022-01-03;2099-01-31;Unsecured;0;N/A;Structured;0;No;0
974;r0390 - Non-financial liabilities;c004x   - Institutions;Rank 9 - Ranking in insolvency (master scale);588804815682170;BANCO SANTANDER SA;5493006QMFDDMYWIAM13;LEI code;Parent;false;PORTUGAL;Not applicable (Contractual recognition of bail-in powers);0,01;0;Euro;2021-12-31;2022-01-03;2099-01-31;Unsecured;0;N/A;Structured;0;No;0
975;r0390 - Non-financial liabilities;c004x   - Institutions;Rank 9 - Ranking in insolvency (master scale);262304820024790;BANCO SANTANDER SA;5493006QMFDDMYWIAM13;LEI code;Parent;false;PORTUGAL;Not applicable (Contractual recognition of bail-in powers);0,19;0;Euro;2021-12-31;2022-01-03;2099-01-31;Unsecured;0;N/A;Structured;0;No;0
976;r0390 - Non-financial liabilities;c004x   - Institutions;Rank 9 - Ranking in insolvency (master scale);588804815682400;BANCO SANTANDER SA;5493006QMFDDMYWIAM13;LEI code;Parent;false;PORTUGAL;Not applicable (Contractual recognition of bail-in powers);0,43;0;Euro;2021-12-31;2022-01-03;2099-01-31;Unsecured;0;N/A;Structured;0;No;0
977;r0390 - Non-financial liabilities;c004x   - Institutions;Rank 9 - Ranking in insolvency (master scale);599904815643400;BANCO SANTANDER SA;5493006QMFDDMYWIAM13;LEI code;Parent;false;PORTUGAL;Not applicable (Contractual recognition of bail-in powers);0,01;0;Euro;2021-12-31;2022-01-03;2099-01-31;Unsecured;0;N/A;Structured;0;No;0
978;r0390 - Non-financial liabilities;c004x   - Institutions;Rank 9 - Ranking in insolvency (master scale);588804816094420;BANCO SANTANDER SA;5493006QMFDDMYWIAM13;LEI code;Parent;false;PORTUGAL;Not applicable (Contractual recognition of bail-in powers);0,01;0;Euro;2021-12-31;2022-01-03;2099-01-31;Unsecured;0;N/A;Structured;0;No;0
979;r0120 - Secured liabilities - collateralized part (BRRD art. 44/2/b);c005x   - Other financial corporations;Rank 20 - Ranking in insolvency (master scale);024400000000000;HIPOTOTTA Nº 4 PLC;7400615058;Type of identifier, other than LEI or MFI code;Sister;true;PORTUGAL;Not applicable (Contractual recognition of bail-in powers);623752,81;170,41;Euro;2021-12-31;2022-01-03;2065-12-14;Secured;0;N/A;Non-structured/Vanilla;0;No;0
980;r0390 - Non-financial liabilities;c004x   - Institutions;Rank 9 - Ranking in insolvency (master scale);588804816095000;BANCO SANTANDER SA;5493006QMFDDMYWIAM13;LEI code;Parent;false;PORTUGAL;Not applicable (Contractual recognition of bail-in powers);0,01;0;Euro;2021-12-31;2022-01-03;2099-01-31;Unsecured;0;N/A;Structured;0;No;0
981;r0390 - Non-financial liabilities;c004x   - Institutions;Rank 9 - Ranking in insolvency (master scale);262304840021890;BANCO SANTANDER SA;5493006QMFDDMYWIAM13;LEI code;Parent;false;PORTUGAL;Not applicable (Contractual recognition of bail-in powers);1,06;0;Euro;2021-12-31;2022-01-03;2099-01-31;Unsecured;0;N/A;Structured;0;No;0
982;r0390 - Non-financial liabilities;c004x   - Institutions;Rank 9 - Ranking in insolvency (master scale);588804816095480;BANCO SANTANDER SA;5493006QMFDDMYWIAM13;LEI code;Parent;false;PORTUGAL;Not applicable (Contractual recognition of bail-in powers);0,01;0;Euro;2021-12-31;2022-01-03;2099-01-31;Unsecured;0;N/A;Structured;0;No;0
983;r0390 - Non-financial liabilities;c004x   - Institutions;Rank 9 - Ranking in insolvency (master scale);262304820027080;BANCO SANTANDER SA;5493006QMFDDMYWIAM13;LEI code;Parent;false;PORTUGAL;Not applicable (Contractual recognition of bail-in powers);0,21;0;Euro;2021-12-31;2022-01-03;2099-01-31;Unsecured;0;N/A;Structured;0;No;0
984;r0390 - Non-financial liabilities;c004x   - Institutions;Rank 9 - Ranking in insolvency (master scale);588804830385540;BANCO SANTANDER SA;5493006QMFDDMYWIAM13;LEI code;Parent;false;PORTUGAL;Not applicable (Contractual recognition of bail-in powers);0,11;0;Euro;2021-12-31;2022-01-03;2099-01-31;Unsecured;0;N/A;Structured;0;No;0
985;r0390 - Non-financial liabilities;c004x   - Institutions;Rank 9 - Ranking in insolvency (master scale);262304840015000;BANCO SANTANDER SA;5493006QMFDDMYWIAM13;LEI code;Parent;false;PORTUGAL;Not applicable (Contractual recognition of bail-in powers);4,78;0;Euro;2021-12-31;2022-01-03;2099-01-31;Unsecured;0;N/A;Structured;0;No;0
986;r0390 - Non-financial liabilities;c004x   - Institutions;Rank 9 - Ranking in insolvency (master scale);588804830644930;BANCO SANTANDER SA;5493006QMFDDMYWIAM13;LEI code;Parent;false;PORTUGAL;Not applicable (Contractual recognition of bail-in powers);0,96;0;Euro;2021-12-31;2022-01-03;2099-01-31;Unsecured;0;N/A;Structured;0;No;0
987;r0390 - Non-financial liabilities;c004x   - Institutions;Rank 9 - Ranking in insolvency (master scale);599904815278860;BANCO SANTANDER SA;5493006QMFDDMYWIAM13;LEI code;Parent;false;PORTUGAL;Not applicable (Contractual recognition of bail-in powers);0,1;0;Euro;2021-12-31;2022-01-03;2099-01-31;Unsecured;0;N/A;Structured;0;No;0
988;r0120 - Secured liabilities - collateralized part (BRRD art. 44/2/b);c005x   - Other financial corporations;Rank 20 - Ranking in insolvency (master scale);033100000000000;HIPOTOTTA Nº 4 PLC;7400615058;Type of identifier, other than LEI or MFI code;Sister;true;PORTUGAL;Not applicable (Contractual recognition of bail-in powers);1328948,14;451,1;Euro;2021-12-31;2022-01-03;2065-12-14;Secured;0;N/A;Non-structured/Vanilla;0;No;0
989;r0390 - Non-financial liabilities;c004x   - Institutions;Rank 9 - Ranking in insolvency (master scale);599904816261940;BANCO SANTANDER SA;5493006QMFDDMYWIAM13;LEI code;Parent;false;PORTUGAL;Not applicable (Contractual recognition of bail-in powers);0,04;0;Euro;2021-12-31;2022-01-03;2099-01-31;Unsecured;0;N/A;Structured;0;No;0
990;r0390 - Non-financial liabilities;c004x   - Institutions;Rank 9 - Ranking in insolvency (master scale);588804831263660;BANCO SANTANDER SA;5493006QMFDDMYWIAM13;LEI code;Parent;false;PORTUGAL;Not applicable (Contractual recognition of bail-in powers);0,13;0;Euro;2021-12-31;2022-01-03;2099-01-31;Unsecured;0;N/A;Structured;0;No;0
991;r0390 - Non-financial liabilities;c004x   - Institutions;Rank 9 - Ranking in insolvency (master scale);599904815137350;BANCO SANTANDER SA;5493006QMFDDMYWIAM13;LEI code;Parent;false;PORTUGAL;Not applicable (Contractual recognition of bail-in powers);0,49;0;Euro;2021-12-31;2022-01-03;2099-01-31;Unsecured;0;N/A;Structured;0;No;0
992;r0390 - Non-financial liabilities;c004x   - Institutions;Rank 9 - Ranking in insolvency (master scale);262304820025250;BANCO SANTANDER SA;5493006QMFDDMYWIAM13;LEI code;Parent;false;PORTUGAL;Not applicable (Contractual recognition of bail-in powers);11,78;0;Euro;2021-12-31;2022-01-03;2099-01-31;Unsecured;0;N/A;Structured;0;No;0
993;r0390 - Non-financial liabilities;c004x   - Institutions;Rank 9 - Ranking in insolvency (master scale);599904815284760;BANCO SANTANDER SA;5493006QMFDDMYWIAM13;LEI code;Parent;false;PORTUGAL;Not applicable (Contractual recognition of bail-in powers);0,01;0;Euro;2021-12-31;2022-01-03;2099-01-31;Unsecured;0;N/A;Structured;0;No;0
994;r0120 - Secured liabilities - collateralized part (BRRD art. 44/2/b);c005x   - Other financial corporations;Rank 20 - Ranking in insolvency (master scale);024300000000000;HIPOTOTTA Nº 4 PLC;7400615058;Type of identifier, other than LEI or MFI code;Sister;true;PORTUGAL;Not applicable (Contractual recognition of bail-in powers);1057143,27;374,86;Euro;2021-12-31;2022-01-03;2065-12-14;Secured;0;N/A;Non-structured/Vanilla;0;No;0
995;r0390 - Non-financial liabilities;c004x   - Institutions;Rank 9 - Ranking in insolvency (master scale);599904815013560;BANCO SANTANDER SA;5493006QMFDDMYWIAM13;LEI code;Parent;false;PORTUGAL;Not applicable (Contractual recognition of bail-in powers);0,05;0;Euro;2021-12-31;2022-01-03;2099-01-31;Unsecured;0;N/A;Structured;0;No;0
996;r0390 - Non-financial liabilities;c004x   - Institutions;Rank 9 - Ranking in insolvency (master scale);262304820025410;BANCO SANTANDER SA;5493006QMFDDMYWIAM13;LEI code;Parent;false;PORTUGAL;Not applicable (Contractual recognition of bail-in powers);0,01;0;Euro;2021-12-31;2022-01-03;2099-01-31;Unsecured;0;N/A;Structured;0;No;0
997;r0120 - Secured liabilities - collateralized part (BRRD art. 44/2/b);c005x   - Other financial corporations;Rank 20 - Ranking in insolvency (master scale);033100000000000;HIPOTOTTA 5 PLC;7400987939;Type of identifier, other than LEI or MFI code;Sister;true;PORTUGAL;Not applicable (Contractual recognition of bail-in powers);943611,45;-74,59;Euro;2021-12-31;2022-01-03;2065-12-14;Secured;0;N/A;Non-structured/Vanilla;0;No;0
998;r0390 - Non-financial liabilities;c004x   - Institutions;Rank 9 - Ranking in insolvency (master scale);599904815137160;BANCO SANTANDER SA;5493006QMFDDMYWIAM13;LEI code;Parent;false;PORTUGAL;Not applicable (Contractual recognition of bail-in powers);0,05;0;Euro;2021-12-31;2022-01-03;2099-01-31;Unsecured;0;N/A;Structured;0;No;0
999;r0390 - Non-financial liabilities;c004x   - Institutions;Rank 9 - Ranking in insolvency (master scale);262304820025500;BANCO SANTANDER SA;5493006QMFDDMYWIAM13;LEI code;Parent;false;PORTUGAL;Not applicable (Contractual recognition of bail-in powers);9,29;0;Euro;2021-12-31;2022-01-03;2099-01-31;Unsecured;0;N/A;Structured;0;No;0
1000;r0390 - Non-financial liabilities;c004x   - Institutions;Rank 9 - Ranking in insolvency (master scale);262304840000980;BANCO SANTANDER SA;5493006QMFDDMYWIAM13;LEI code;Parent;false;PORTUGAL;Not applicable (Contractual recognition of bail-in powers);1,92;0;Euro;2021-12-31;2022-01-03;2099-01-31;Unsecured;0;N/A;Structured;0;No;0
1001;r0390 - Non-financial liabilities;c004x   - Institutions;Rank 9 - Ranking in insolvency (master scale);588804830744900;BANCO SANTANDER SA;5493006QMFDDMYWIAM13;LEI code;Parent;false;PORTUGAL;Not applicable (Contractual recognition of bail-in powers);0,5;0;Euro;2021-12-31;2022-01-03;2099-01-31;Unsecured;0;N/A;Structured;0;No;0
1002;r0390 - Non-financial liabilities;c004x   - Institutions;Rank 9 - Ranking in insolvency (master scale);599904815137540;BANCO SANTANDER SA;5493006QMFDDMYWIAM13;LEI code;Parent;false;PORTUGAL;Not applicable (Contractual recognition of bail-in powers);0,04;0;Euro;2021-12-31;2022-01-03;2099-01-31;Unsecured;0;N/A;Structured;0;No;0
1003;r0390 - Non-financial liabilities;c004x   - Institutions;Rank 9 - Ranking in insolvency (master scale);262304820025720;BANCO SANTANDER SA;5493006QMFDDMYWIAM13;LEI code;Parent;false;PORTUGAL;Not applicable (Contractual recognition of bail-in powers);7,56;0;Euro;2021-12-31;2022-01-03;2099-01-31;Unsecured;0;N/A;Structured;0;No;0
1004;r0390 - Non-financial liabilities;c004x   - Institutions;Rank 9 - Ranking in insolvency (master scale);599904815675360;BANCO SANTANDER SA;5493006QMFDDMYWIAM13;LEI code;Parent;false;PORTUGAL;Not applicable (Contractual recognition of bail-in powers);0,02;0;Euro;2021-12-31;2022-01-03;2099-01-31;Unsecured;0;N/A;Structured;0;No;0
1005;r0120 - Secured liabilities - collateralized part (BRRD art. 44/2/b);c005x   - Other financial corporations;Rank 20 - Ranking in insolvency (master scale);033200000000000;HIPOTOTTA 5 PLC;7400987939;Type of identifier, other than LEI or MFI code;Sister;true;PORTUGAL;Not applicable (Contractual recognition of bail-in powers);281626,21;64,99;Euro;2021-12-31;2022-01-03;2065-12-14;Secured;0;N/A;Non-structured/Vanilla;0;No;0
1006;r0390 - Non-financial liabilities;c004x   - Institutions;Rank 9 - Ranking in insolvency (master scale);599904815281080;BANCO SANTANDER SA;5493006QMFDDMYWIAM13;LEI code;Parent;false;PORTUGAL;Not applicable (Contractual recognition of bail-in powers);2,75;0;Euro;2021-12-31;2022-01-03;2099-01-31;Unsecured;0;N/A;Structured;0;No;0
1007;r0390 - Non-financial liabilities;c004x   - Institutions;Rank 9 - Ranking in insolvency (master scale);262304820026620;BANCO SANTANDER SA;5493006QMFDDMYWIAM13;LEI code;Parent;false;PORTUGAL;Not applicable (Contractual recognition of bail-in powers);9,59;0;Euro;2021-12-31;2022-01-03;2099-01-31;Unsecured;0;N/A;Structured;0;No;0
1008;r0120 - Secured liabilities - collateralized part (BRRD art. 44/2/b);c005x   - Other financial corporations;Rank 20 - Ranking in insolvency (master scale);033500000000000;GAMMA SOC TITULARIZACAO CREDITOS, SA;2101355138;Type of identifier, other than LEI or MFI code;Sister;true;PORTUGAL;Not applicable (Contractual recognition of bail-in powers);419874,64;88,55;Euro;2021-12-31;2022-01-03;2065-12-14;Secured;0;N/A;Non-structured/Vanilla;0;No;0
1009;r0120 - Secured liabilities - collateralized part (BRRD art. 44/2/b);c005x   - Other financial corporations;Rank 20 - Ranking in insolvency (master scale);024400000000000;GAMMA SOC TITULARIZACAO CREDITOS, SA;2101355138;Type of identifier, other than LEI or MFI code;Sister;true;PORTUGAL;Not applicable (Contractual recognition of bail-in powers);14707,96;0;Euro;2021-12-31;2022-01-03;2065-12-14;Secured;0;N/A;Non-structured/Vanilla;0;No;0
1010;r0390 - Non-financial liabilities;c004x   - Institutions;Rank 9 - Ranking in insolvency (master scale);599904815283090;BANCO SANTANDER SA;5493006QMFDDMYWIAM13;LEI code;Parent;false;PORTUGAL;Not applicable (Contractual recognition of bail-in powers);0,02;0;Euro;2021-12-31;2022-01-03;2099-01-31;Unsecured;0;N/A;Structured;0;No;0
1011;r0390 - Non-financial liabilities;c004x   - Institutions;Rank 9 - Ranking in insolvency (master scale);262304820026870;BANCO SANTANDER SA;5493006QMFDDMYWIAM13;LEI code;Parent;false;PORTUGAL;Not applicable (Contractual recognition of bail-in powers);27,66;0;Euro;2021-12-31;2022-01-03;2099-01-31;Unsecured;0;N/A;Structured;0;No;0
1012;r0390 - Non-financial liabilities;c004x   - Institutions;Rank 9 - Ranking in insolvency (master scale);599904830085000;BANCO SANTANDER SA;5493006QMFDDMYWIAM13;LEI code;Parent;false;PORTUGAL;Not applicable (Contractual recognition of bail-in powers);0,28;0;Euro;2021-12-31;2022-01-03;2099-01-31;Unsecured;0;N/A;Structured;0;No;0
1013;r0120 - Secured liabilities - collateralized part (BRRD art. 44/2/b);c005x   - Other financial corporations;Rank 20 - Ranking in insolvency (master scale);033300000000000;HIPOTOTTA Nº 4 PLC;7400615058;Type of identifier, other than LEI or MFI code;Sister;true;PORTUGAL;Not applicable (Contractual recognition of bail-in powers);837761,71;206,6;Euro;2021-12-31;2022-01-03;2065-12-14;Secured;0;N/A;Non-structured/Vanilla;0;No;0
1014;r0390 - Non-financial liabilities;c004x   - Institutions;Rank 9 - Ranking in insolvency (master scale);599904815283850;BANCO SANTANDER SA;5493006QMFDDMYWIAM13;LEI code;Parent;false;PORTUGAL;Not applicable (Contractual recognition of bail-in powers);0,09;0;Euro;2021-12-31;2022-01-03;2099-01-31;Unsecured;0;N/A;Structured;0;No;0
1015;r0390 - Non-financial liabilities;c004x   - Institutions;Rank 9 - Ranking in insolvency (master scale);262304820026980;BANCO SANTANDER SA;5493006QMFDDMYWIAM13;LEI code;Parent;false;PORTUGAL;Not applicable (Contractual recognition of bail-in powers);86,67;0;Euro;2021-12-31;2022-01-03;2099-01-31;Unsecured;0;N/A;Structured;0;No;0
1016;r0390 - Non-financial liabilities;c004x   - Institutions;Rank 9 - Ranking in insolvency (master scale);262304840016590;BANCO SANTANDER SA;5493006QMFDDMYWIAM13;LEI code;Parent;false;PORTUGAL;Not applicable (Contractual recognition of bail-in powers);0,63;0;Euro;2021-12-31;2022-01-03;2099-01-31;Unsecured;0;N/A;Structured;0;No;0
1017;r0120 - Secured liabilities - collateralized part (BRRD art. 44/2/b);c005x   - Other financial corporations;Rank 20 - Ranking in insolvency (master scale);000000000000000;GAMMA SOC TITULARIZACAO CREDITOS, SA;2101355138;Type of identifier, other than LEI or MFI code;Sister;true;PORTUGAL;Not applicable (Contractual recognition of bail-in powers);1589895,14;155,99;Euro;2021-12-31;2022-01-03;2065-12-14;Secured;0;N/A;Non-structured/Vanilla;0;No;0
1018;r0390 - Non-financial liabilities;c004x   - Institutions;Rank 9 - Ranking in insolvency (master scale);599904815284950;BANCO SANTANDER SA;5493006QMFDDMYWIAM13;LEI code;Parent;false;PORTUGAL;Not applicable (Contractual recognition of bail-in powers);0,01;0;Euro;2021-12-31;2022-01-03;2099-01-31;Unsecured;0;N/A;Structured;0;No;0
1019;r0390 - Non-financial liabilities;c004x   - Institutions;Rank 9 - Ranking in insolvency (master scale);262304820027080;BANCO SANTANDER SA;5493006QMFDDMYWIAM13;LEI code;Parent;false;PORTUGAL;Not applicable (Contractual recognition of bail-in powers);3,33;0;Euro;2021-12-31;2022-01-03;2099-01-31;Unsecured;0;N/A;Structured;0;No;0
1020;r0390 - Non-financial liabilities;c004x   - Institutions;Rank 9 - Ranking in insolvency (master scale);599904816160490;BANCO SANTANDER SA;5493006QMFDDMYWIAM13;LEI code;Parent;false;PORTUGAL;Not applicable (Contractual recognition of bail-in powers);0,04;0;Euro;2021-12-31;2022-01-03;2099-01-31;Unsecured;0;N/A;Structured;0;No;0
1021;r0120 - Secured liabilities - collateralized part (BRRD art. 44/2/b);c005x   - Other financial corporations;Rank 20 - Ranking in insolvency (master scale);033400000000000;GAMMA SOC TITULARIZACAO CREDITOS, SA;2101355138;Type of identifier, other than LEI or MFI code;Sister;true;PORTUGAL;Not applicable (Contractual recognition of bail-in powers);138606,66;21,92;Euro;2021-12-31;2022-01-03;2065-12-14;Secured;0;N/A;Non-structured/Vanilla;0;No;0
1022;r0390 - Non-financial liabilities;c003x   - Corporates;Rank 9 - Ranking in insolvency (master scale);599904815306400;TottaUrbe;8000391312;Type of identifier, other than LEI or MFI code;Sister;true;PORTUGAL;Not applicable (Contractual recognition of bail-in powers);5,03;0;Euro;2021-12-31;2022-01-03;2099-01-31;Unsecured;0;N/A;Structured;0;No;0
1023;r0390 - Non-financial liabilities;c004x   - Institutions;Rank 9 - Ranking in insolvency (master scale);262304820027220;BANCO SANTANDER SA;5493006QMFDDMYWIAM13;LEI code;Parent;false;PORTUGAL;Not applicable (Contractual recognition of bail-in powers);41,11;0;Euro;2021-12-31;2022-01-03;2099-01-31;Unsecured;0;N/A;Structured;0;No;0
1024;r0390 - Non-financial liabilities;c004x   - Institutions;Rank 9 - Ranking in insolvency (master scale);000000000000000;BANCO SANTANDER SA;5493006QMFDDMYWIAM13;LEI code;Parent;false;PORTUGAL;Not applicable (Contractual recognition of bail-in powers);16455074,02;0;Euro;2021-12-31;2022-01-03;2099-01-31;Unsecured;0;N/A;Structured;0;No;0
1025;r0120 - Secured liabilities - collateralized part (BRRD art. 44/2/b);c005x   - Other financial corporations;Rank 20 - Ranking in insolvency (master scale);024400000000000;HIPOTOTTA 5 PLC;7400987939;Type of identifier, other than LEI or MFI code;Sister;true;PORTUGAL;Not applicable (Contractual recognition of bail-in powers);111105,8;13,41;Euro;2021-12-31;2022-01-03;2065-12-14;Secured;0;N/A;Non-structured/Vanilla;0;No;0
1026;r0390 - Non-financial liabilities;c003x   - Corporates;Rank 9 - Ranking in insolvency (master scale);599904815306730;TottaUrbe;8000391312;Type of identifier, other than LEI or MFI code;Sister;true;PORTUGAL;Not applicable (Contractual recognition of bail-in powers);4,65;0;Euro;2021-12-31;2022-01-03;2099-01-31;Unsecured;0;N/A;Structured;0;No;0
1027;r0390 - Non-financial liabilities;c004x   - Institutions;Rank 9 - Ranking in insolvency (master scale);262304840010120;BANCO SANTANDER SA;5493006QMFDDMYWIAM13;LEI code;Parent;false;PORTUGAL;Not applicable (Contractual recognition of bail-in powers);0,26;0;Euro;2021-12-31;2022-01-03;2099-01-31;Unsecured;0;N/A;Structured;0;No;0
1028;r0120 - Secured liabilities - collateralized part (BRRD art. 44/2/b);c005x   - Other financial corporations;Rank 20 - Ranking in insolvency (master scale);310500000000000;GAMMA SOC TITULARIZACAO CREDITOS, SA;2101355138;Type of identifier, other than LEI or MFI code;Sister;true;PORTUGAL;Not applicable (Contractual recognition of bail-in powers);303437,48;52,78;Euro;2021-12-31;2022-01-03;2065-12-14;Secured;0;N/A;Non-structured/Vanilla;0;No;0
1029;r0120 - Secured liabilities - collateralized part (BRRD art. 44/2/b);c005x   - Other financial corporations;Rank 20 - Ranking in insolvency (master scale);033400000000000;HIPOTOTTA 5 PLC;7400987939;Type of identifier, other than LEI or MFI code;Sister;true;PORTUGAL;Not applicable (Contractual recognition of bail-in powers);323404,14;102,2;Euro;2021-12-31;2022-01-03;2065-12-14;Secured;0;N/A;Non-structured/Vanilla;0;No;0
1030;r0390 - Non-financial liabilities;c003x   - Corporates;Rank 9 - Ranking in insolvency (master scale);599904815307110;TottaUrbe;8000391312;Type of identifier, other than LEI or MFI code;Sister;true;PORTUGAL;Not applicable (Contractual recognition of bail-in powers);7,15;0;Euro;2021-12-31;2022-01-03;2099-01-31;Unsecured;0;N/A;Structured;0;No;0
1031;r0390 - Non-financial liabilities;c004x   - Institutions;Rank 9 - Ranking in insolvency (master scale);262304840014630;BANCO SANTANDER SA;5493006QMFDDMYWIAM13;LEI code;Parent;false;PORTUGAL;Not applicable (Contractual recognition of bail-in powers);1,22;0;Euro;2021-12-31;2022-01-03;2099-01-31;Unsecured;0;N/A;Structured;0;No;0
1032;r0390 - Non-financial liabilities;c004x   - Institutions;Rank 9 - Ranking in insolvency (master scale);262304840018350;BANCO SANTANDER SA;5493006QMFDDMYWIAM13;LEI code;Parent;false;PORTUGAL;Not applicable (Contractual recognition of bail-in powers);23,7;0;Euro;2021-12-31;2022-01-03;2099-01-31;Unsecured;0;N/A;Structured;0;No;0
1033;r0390 - Non-financial liabilities;c005x   - Other financial corporations;Rank 9 - Ranking in insolvency (master scale);000000000000000;BANCO SANTANDER SA;5493006QMFDDMYWIAM13;LEI code;Parent;false;PORTUGAL;Not applicable (Contractual recognition of bail-in powers);17602326,8;0;Euro;2021-12-31;2022-01-03;2099-01-31;Unsecured;0;N/A;Structured;0;No;0
1034;r0390 - Non-financial liabilities;c003x   - Corporates;Rank 9 - Ranking in insolvency (master scale);599904815307500;TottaUrbe;8000391312;Type of identifier, other than LEI or MFI code;Sister;true;PORTUGAL;Not applicable (Contractual recognition of bail-in powers);4,95;0;Euro;2021-12-31;2022-01-03;2099-01-31;Unsecured;0;N/A;Structured;0;No;0
1035;r0390 - Non-financial liabilities;c004x   - Institutions;Rank 9 - Ranking in insolvency (master scale);262304840015500;BANCO SANTANDER SA;5493006QMFDDMYWIAM13;LEI code;Parent;false;PORTUGAL;Not applicable (Contractual recognition of bail-in powers);1,4;0;Euro;2021-12-31;2022-01-03;2099-01-31;Unsecured;0;N/A;Structured;0;No;0
1036;r0390 - Non-financial liabilities;c004x   - Institutions;Rank 9 - Ranking in insolvency (master scale);599904816262700;BANCO SANTANDER SA;5493006QMFDDMYWIAM13;LEI code;Parent;false;PORTUGAL;Not applicable (Contractual recognition of bail-in powers);0,29;0;Euro;2021-12-31;2022-01-03;2099-01-31;Unsecured;0;N/A;Structured;0;No;0
1037;r0120 - Secured liabilities - collateralized part (BRRD art. 44/2/b);c005x   - Other financial corporations;Rank 20 - Ranking in insolvency (master scale);033500000000000;HIPOTOTTA Nº 4 PLC;7400615058;Type of identifier, other than LEI or MFI code;Sister;true;PORTUGAL;Not applicable (Contractual recognition of bail-in powers);1863051,7;829,92;Euro;2021-12-31;2022-01-03;2065-12-14;Secured;0;N/A;Non-structured/Vanilla;0;No;0
1038;r0390 - Non-financial liabilities;c004x   - Institutions;Rank 9 - Ranking in insolvency (master scale);599904815383780;BANCO SANTANDER SA;5493006QMFDDMYWIAM13;LEI code;Parent;false;PORTUGAL;Not applicable (Contractual recognition of bail-in powers);0,04;0;Euro;2021-12-31;2022-01-03;2099-01-31;Unsecured;0;N/A;Structured;0;No;0
1039;r0390 - Non-financial liabilities;c004x   - Institutions;Rank 9 - Ranking in insolvency (master scale);262304840016510;BANCO SANTANDER SA;5493006QMFDDMYWIAM13;LEI code;Parent;false;PORTUGAL;Not applicable (Contractual recognition of bail-in powers);0,38;0;Euro;2021-12-31;2022-01-03;2099-01-31;Unsecured;0;N/A;Structured;0;No;0
1040;r0120 - Secured liabilities - collateralized part (BRRD art. 44/2/b);c005x   - Other financial corporations;Rank 20 - Ranking in insolvency (master scale);033800000000000;GAMMA SOC TITULARIZACAO CREDITOS, SA;2101355138;Type of identifier, other than LEI or MFI code;Sister;true;PORTUGAL;Not applicable (Contractual recognition of bail-in powers);130139,17;124,32;Euro;2021-12-31;2022-01-03;2065-12-14;Secured;0;N/A;Non-structured/Vanilla;0;No;0
1041;r0120 - Secured liabilities - collateralized part (BRRD art. 44/2/b);c005x   - Other financial corporations;Rank 20 - Ranking in insolvency (master scale);024600000000000;HIPOTOTTA Nº 4 PLC;7400615058;Type of identifier, other than LEI or MFI code;Sister;true;PORTUGAL;Not applicable (Contractual recognition of bail-in powers);1603264,3;321,89;Euro;2021-12-31;2022-01-03;2065-12-14;Secured;0;N/A;Non-structured/Vanilla;0;No;0
1042;r0390 - Non-financial liabilities;c004x   - Institutions;Rank 9 - Ranking in insolvency (master scale);599904815644650;BANCO SANTANDER SA;5493006QMFDDMYWIAM13;LEI code;Parent;false;PORTUGAL;Not applicable (Contractual recognition of bail-in powers);0,01;0;Euro;2021-12-31;2022-01-03;2099-01-31;Unsecured;0;N/A;Structured;0;No;0
1043;r0390 - Non-financial liabilities;c004x   - Institutions;Rank 9 - Ranking in insolvency (master scale);262304840017180;BANCO SANTANDER SA;5493006QMFDDMYWIAM13;LEI code;Parent;false;PORTUGAL;Not applicable (Contractual recognition of bail-in powers);8,36;0;Euro;2021-12-31;2022-01-03;2099-01-31;Unsecured;0;N/A;Structured;0;No;0
1044;r0390 - Non-financial liabilities;c004x   - Institutions;Rank 9 - Ranking in insolvency (master scale);262304840020690;BANCO SANTANDER SA;5493006QMFDDMYWIAM13;LEI code;Parent;false;PORTUGAL;Not applicable (Contractual recognition of bail-in powers);1,74;0;Euro;2021-12-31;2022-01-03;2099-01-31;Unsecured;0;N/A;Structured;0;No;0
1045;r0120 - Secured liabilities - collateralized part (BRRD art. 44/2/b);c005x   - Other financial corporations;Rank 20 - Ranking in insolvency (master scale);033600000000000;HIPOTOTTA Nº 4 PLC;7400615058;Type of identifier, other than LEI or MFI code;Sister;true;PORTUGAL;Not applicable (Contractual recognition of bail-in powers);1276539,05;447,51;Euro;2021-12-31;2022-01-03;2065-12-14;Secured;0;N/A;Non-structured/Vanilla;0;No;0
1046;r0390 - Non-financial liabilities;c004x   - Institutions;Rank 9 - Ranking in insolvency (master scale);599904815675170;BANCO SANTANDER SA;5493006QMFDDMYWIAM13;LEI code;Parent;false;PORTUGAL;Not applicable (Contractual recognition of bail-in powers);0,06;0;Euro;2021-12-31;2022-01-03;2099-01-31;Unsecured;0;N/A;Structured;0;No;0
1047;r0390 - Non-financial liabilities;c004x   - Institutions;Rank 9 - Ranking in insolvency (master scale);262304840017280;BANCO SANTANDER SA;5493006QMFDDMYWIAM13;LEI code;Parent;false;PORTUGAL;Not applicable (Contractual recognition of bail-in powers);3,55;0;Euro;2021-12-31;2022-01-03;2099-01-31;Unsecured;0;N/A;Structured;0;No;0
1048;r0390 - Non-financial liabilities;c003x   - Corporates;Rank 9 - Ranking in insolvency (master scale);262304840018720;CONSULTEAM-CONSULTORES GESTAO,SA;5100262318;Type of identifier, other than LEI or MFI code;Sister;false;PORTUGAL;Not applicable (Contractual recognition of bail-in powers);0,9;0;Euro;2021-12-31;2022-01-03;2099-01-31;Unsecured;0;N/A;Structured;0;No;0
1049;r0390 - Non-financial liabilities;c006x   - Insurance firms & pension funds;Rank 9 - Ranking in insolvency (master scale);262304840015490;POPULAR SEGUROS - COMPANHIA DE SEGUROS, SA;213800DS888O1NMGEJ90;LEI code;Sister;true;PORTUGAL;Not applicable (Contractual recognition of bail-in powers);681,69;0;Euro;2021-12-31;2022-01-03;2099-01-31;Unsecured;0;N/A;Structured;0;No;0
1050;r0390 - Non-financial liabilities;c004x   - Institutions;Rank 9 - Ranking in insolvency (master scale);599904815675600;BANCO SANTANDER SA;5493006QMFDDMYWIAM13;LEI code;Parent;false;PORTUGAL;Not applicable (Contractual recognition of bail-in powers);0,05;0;Euro;2021-12-31;2022-01-03;2099-01-31;Unsecured;0;N/A;Structured;0;No;0
1051;r0390 - Non-financial liabilities;c003x   - Corporates;Rank 9 - Ranking in insolvency (master scale);262304840017920;CONSULTEAM-CONSULTORES GESTAO,SA;5100262318;Type of identifier, other than LEI or MFI code;Sister;false;PORTUGAL;Not applicable (Contractual recognition of bail-in powers);0,76;0;Euro;2021-12-31;2022-01-03;2099-01-31;Unsecured;0;N/A;Structured;0;No;0
1052;r0390 - Non-financial liabilities;c004x   - Institutions;Rank 9 - Ranking in insolvency (master scale);599904816264330;BANCO SANTANDER SA;5493006QMFDDMYWIAM13;LEI code;Parent;false;PORTUGAL;Not applicable (Contractual recognition of bail-in powers);0,18;0;Euro;2021-12-31;2022-01-03;2099-01-31;Unsecured;0;N/A;Structured;0;No;0
1053;r0120 - Secured liabilities - collateralized part (BRRD art. 44/2/b);c005x   - Other financial corporations;Rank 20 - Ranking in insolvency (master scale);033700000000000;GAMMA SOC TITULARIZACAO CREDITOS, SA;2101355138;Type of identifier, other than LEI or MFI code;Sister;true;PORTUGAL;Not applicable (Contractual recognition of bail-in powers);21277,37;1,86;Euro;2021-12-31;2022-01-03;2065-12-14;Secured;0;N/A;Non-structured/Vanilla;0;No;0
1054;r0390 - Non-financial liabilities;c004x   - Institutions;Rank 9 - Ranking in insolvency (master scale);599904815745530;BANCO SANTANDER SA;5493006QMFDDMYWIAM13;LEI code;Parent;false;PORTUGAL;Not applicable (Contractual recognition of bail-in powers);0,04;0;Euro;2021-12-31;2022-01-03;2099-01-31;Unsecured;0;N/A;Structured;0;No;0
1055;r0390 - Non-financial liabilities;c003x   - Corporates;Rank 9 - Ranking in insolvency (master scale);262304840018240;CONSULTEAM-CONSULTORES GESTAO,SA;5100262318;Type of identifier, other than LEI or MFI code;Sister;false;PORTUGAL;Not applicable (Contractual recognition of bail-in powers);0,57;0;Euro;2021-12-31;2022-01-03;2099-01-31;Unsecured;0;N/A;Structured;0;No;0
1056;r0120 - Secured liabilities - collateralized part (BRRD art. 44/2/b);c005x   - Other financial corporations;Rank 20 - Ranking in insolvency (master scale);024800000000000;HIPOTOTTA Nº 4 PLC;7400615058;Type of identifier, other than LEI or MFI code;Sister;true;PORTUGAL;Not applicable (Contractual recognition of bail-in powers);689285,54;94,97;Euro;2021-12-31;2022-01-03;2065-12-14;Secured;0;N/A;Non-structured/Vanilla;0;No;0
1057;r0120 - Secured liabilities - collateralized part (BRRD art. 44/2/b);c005x   - Other financial corporations;Rank 20 - Ranking in insolvency (master scale);024700000000000;GAMMA SOC TITULARIZACAO CREDITOS, SA;2101355138;Type of identifier, other than LEI or MFI code;Sister;true;PORTUGAL;Not applicable (Contractual recognition of bail-in powers);51352,83;14,32;Euro;2021-12-31;2022-01-03;2065-12-14;Secured;0;N/A;Non-structured/Vanilla;0;No;0
1058;r0390 - Non-financial liabilities;c004x   - Institutions;Rank 9 - Ranking in insolvency (master scale);599904815790580;BANCO SANTANDER SA;5493006QMFDDMYWIAM13;LEI code;Parent;false;PORTUGAL;Not applicable (Contractual recognition of bail-in powers);1,64;0;Euro;2021-12-31;2022-01-03;2099-01-31;Unsecured;0;N/A;Structured;0;No;0
1059;r0390 - Non-financial liabilities;c004x   - Institutions;Rank 9 - Ranking in insolvency (master scale);262304840018370;BANCO SANTANDER SA;5493006QMFDDMYWIAM13;LEI code;Parent;false;PORTUGAL;Not applicable (Contractual recognition of bail-in powers);0,08;0;Euro;2021-12-31;2022-01-03;2099-01-31;Unsecured;0;N/A;Structured;0;No;0
1060;r0390 - Non-financial liabilities;c004x   - Institutions;Rank 9 - Ranking in insolvency (master scale);362304840008310;BANCO SANTANDER SA;5493006QMFDDMYWIAM13;LEI code;Parent;false;PORTUGAL;Not applicable (Contractual recognition of bail-in powers);0,09;0;Euro;2021-12-31;2022-01-03;2099-01-31;Unsecured;0;N/A;Structured;0;No;0
1061;r0120 - Secured liabilities - collateralized part (BRRD art. 44/2/b);c005x   - Other financial corporations;Rank 20 - Ranking in insolvency (master scale);033700000000000;HIPOTOTTA 5 PLC;7400987939;Type of identifier, other than LEI or MFI code;Sister;true;PORTUGAL;Not applicable (Contractual recognition of bail-in powers);136306,14;107,3;Euro;2021-12-31;2022-01-03;2065-12-14;Secured;0;N/A;Non-structured/Vanilla;0;No;0
1062;r0390 - Non-financial liabilities;c004x   - Institutions;Rank 9 - Ranking in insolvency (master scale);599904816094950;BANCO SANTANDER SA;5493006QMFDDMYWIAM13;LEI code;Parent;false;PORTUGAL;Not applicable (Contractual recognition of bail-in powers);0,01;0;Euro;2021-12-31;2022-01-03;2099-01-31;Unsecured;0;N/A;Structured;0;No;0
1063;r0390 - Non-financial liabilities;c003x   - Corporates;Rank 9 - Ranking in insolvency (master scale);262304840018430;CONSULTEAM-CONSULTORES GESTAO,SA;5100262318;Type of identifier, other than LEI or MFI code;Sister;false;PORTUGAL;Not applicable (Contractual recognition of bail-in powers);3,01;0;Euro;2021-12-31;2022-01-03;2099-01-31;Unsecured;0;N/A;Structured;0;No;0
1064;r0390 - Non-financial liabilities;c004x   - Institutions;Rank 9 - Ranking in insolvency (master scale);262304840019170;BANCO SANTANDER SA;5493006QMFDDMYWIAM13;LEI code;Parent;false;PORTUGAL;Not applicable (Contractual recognition of bail-in powers);1,37;0;Euro;2021-12-31;2022-01-03;2099-01-31;Unsecured;0;N/A;Structured;0;No;0
1065;r0320 - Deposits, not covered and not preferential;c005x   - Other financial corporations;Rank 12 - Ranking in insolvency (master scale);000001000000000;NOVIMOVEST;7400685089;Type of identifier, other than LEI or MFI code;Sister;true;PORTUGAL;Not applicable (Contractual recognition of bail-in powers);163772,35;2,23;Euro;2021-12-31;2022-01-03;2022-01-03;Unsecured;0;N/A;Non-structured/Vanilla;0;No;0
1066;r0390 - Non-financial liabilities;c004x   - Institutions;Rank 9 - Ranking in insolvency (master scale);599904816238600;BANCO SANTANDER SA;5493006QMFDDMYWIAM13;LEI code;Parent;false;PORTUGAL;Not applicable (Contractual recognition of bail-in powers);0,01;0;Euro;2021-12-31;2022-01-03;2099-01-31;Unsecured;0;N/A;Structured;0;No;0
1067;r0390 - Non-financial liabilities;c004x   - Institutions;Rank 9 - Ranking in insolvency (master scale);262304840018530;BANCO SANTANDER SA;5493006QMFDDMYWIAM13;LEI code;Parent;false;PORTUGAL;Not applicable (Contractual recognition of bail-in powers);12,87;0;Euro;2021-12-31;2022-01-03;2099-01-31;Unsecured;0;N/A;Structured;0;No;0
1068;r0390 - Non-financial liabilities;c004x   - Institutions;Rank 9 - Ranking in insolvency (master scale);599904816307580;BANCO SANTANDER SA;5493006QMFDDMYWIAM13;LEI code;Parent;false;PORTUGAL;Not applicable (Contractual recognition of bail-in powers);0,01;0;Euro;2021-12-31;2022-01-03;2099-01-31;Unsecured;0;N/A;Structured;0;No;0
1069;r0120 - Secured liabilities - collateralized part (BRRD art. 44/2/b);c005x   - Other financial corporations;Rank 20 - Ranking in insolvency (master scale);033800000000000;HIPOTOTTA Nº 4 PLC;7400615058;Type of identifier, other than LEI or MFI code;Sister;true;PORTUGAL;Not applicable (Contractual recognition of bail-in powers);1493864,33;657,71;Euro;2021-12-31;2022-01-03;2065-12-14;Secured;0;N/A;Non-structured/Vanilla;0;No;0
1070;r0390 - Non-financial liabilities;c004x   - Institutions;Rank 9 - Ranking in insolvency (master scale);599904816261750;BANCO SANTANDER SA;5493006QMFDDMYWIAM13;LEI code;Parent;false;PORTUGAL;Not applicable (Contractual recognition of bail-in powers);0,03;0;Euro;2021-12-31;2022-01-03;2099-01-31;Unsecured;0;N/A;Structured;0;No;0
1071;r0390 - Non-financial liabilities;c004x   - Institutions;Rank 9 - Ranking in insolvency (master scale);262304840018710;BANCO SANTANDER SA;5493006QMFDDMYWIAM13;LEI code;Parent;false;PORTUGAL;Not applicable (Contractual recognition of bail-in powers);0,94;0;Euro;2021-12-31;2022-01-03;2099-01-31;Unsecured;0;N/A;Structured;0;No;0
1072;r0120 - Secured liabilities - collateralized part (BRRD art. 44/2/b);c005x   - Other financial corporations;Rank 20 - Ranking in insolvency (master scale);034000000000000;HIPOTOTTA 5 PLC;7400987939;Type of identifier, other than LEI or MFI code;Sister;true;PORTUGAL;Not applicable (Contractual recognition of bail-in powers);6767,83;0,05;Euro;2021-12-31;2022-01-03;2065-12-14;Secured;0;N/A;Non-structured/Vanilla;0;No;0
1073;r0120 - Secured liabilities - collateralized part (BRRD art. 44/2/b);c005x   - Other financial corporations;Rank 20 - Ranking in insolvency (master scale);024700000000000;HIPOTOTTA 5 PLC;7400987939;Type of identifier, other than LEI or MFI code;Sister;true;PORTUGAL;Not applicable (Contractual recognition of bail-in powers);49861,39;19,65;Euro;2021-12-31;2022-01-03;2065-12-14;Secured;0;N/A;Non-structured/Vanilla;0;No;0
1074;r0390 - Non-financial liabilities;c004x   - Institutions;Rank 9 - Ranking in insolvency (master scale);599904816262130;BANCO SANTANDER SA;5493006QMFDDMYWIAM13;LEI code;Parent;false;PORTUGAL;Not applicable (Contractual recognition of bail-in powers);0,02;0;Euro;2021-12-31;2022-01-03;2099-01-31;Unsecured;0;N/A;Structured;0;No;0
1075;r0390 - Non-financial liabilities;c004x   - Institutions;Rank 9 - Ranking in insolvency (master scale);262304840018730;BANCO SANTANDER SA;5493006QMFDDMYWIAM13;LEI code;Parent;false;PORTUGAL;Not applicable (Contractual recognition of bail-in powers);2,08;0;Euro;2021-12-31;2022-01-03;2099-01-31;Unsecured;0;N/A;Structured;0;No;0
1076;r0120 - Secured liabilities - collateralized part (BRRD art. 44/2/b);c005x   - Other financial corporations;Rank 20 - Ranking in insolvency (master scale);034800000000000;HIPOTOTTA 5 PLC;7400987939;Type of identifier, other than LEI or MFI code;Sister;true;PORTUGAL;Not applicable (Contractual recognition of bail-in powers);100282,36;4,94;Euro;2021-12-31;2022-01-03;2065-12-14;Secured;0;N/A;Non-structured/Vanilla;0;No;0
1077;r0120 - Secured liabilities - collateralized part (BRRD art. 44/2/b);c005x   - Other financial corporations;Rank 20 - Ranking in insolvency (master scale);033900000000000;GAMMA SOC TITULARIZACAO CREDITOS, SA;2101355138;Type of identifier, other than LEI or MFI code;Sister;true;PORTUGAL;Not applicable (Contractual recognition of bail-in powers);53543,77;35,78;Euro;2021-12-31;2022-01-03;2065-12-14;Secured;0;N/A;Non-structured/Vanilla;0;No;0
1078;r0390 - Non-financial liabilities;c004x   - Institutions;Rank 9 - Ranking in insolvency (master scale);599904816262510;BANCO SANTANDER SA;5493006QMFDDMYWIAM13;LEI code;Parent;false;PORTUGAL;Not applicable (Contractual recognition of bail-in powers);0,29;0;Euro;2021-12-31;2022-01-03;2099-01-31;Unsecured;0;N/A;Structured;0;No;0
1079;r0390 - Non-financial liabilities;c003x   - Corporates;Rank 9 - Ranking in insolvency (master scale);262304840018800;CONSULTEAM-CONSULTORES GESTAO,SA;5100262318;Type of identifier, other than LEI or MFI code;Sister;false;PORTUGAL;Not applicable (Contractual recognition of bail-in powers);0,3;0;Euro;2021-12-31;2022-01-03;2099-01-31;Unsecured;0;N/A;Structured;0;No;0
1080;r0390 - Non-financial liabilities;c004x   - Institutions;Rank 9 - Ranking in insolvency (master scale);262304840019420;BANCO SANTANDER SA;5493006QMFDDMYWIAM13;LEI code;Parent;false;PORTUGAL;Not applicable (Contractual recognition of bail-in powers);0,71;0;Euro;2021-12-31;2022-01-03;2099-01-31;Unsecured;0;N/A;Structured;0;No;0
1081;r0320 - Deposits, not covered and not preferential;c004x   - Institutions;Rank 12 - Ranking in insolvency (master scale);000000000000000;BANCO SANTANDER SA;5493006QMFDDMYWIAM13;LEI code;Parent;false;PORTUGAL;Not applicable (Contractual recognition of bail-in powers);9819757,16;0;Euro;2021-12-31;2022-01-03;2022-01-03;Unsecured;0;N/A;Non-structured/Vanilla;0;No;0
1082;r0390 - Non-financial liabilities;c004x   - Institutions;Rank 9 - Ranking in insolvency (master scale);599904816262900;BANCO SANTANDER SA;5493006QMFDDMYWIAM13;LEI code;Parent;false;PORTUGAL;Not applicable (Contractual recognition of bail-in powers);0,11;0;Euro;2021-12-31;2022-01-03;2099-01-31;Unsecured;0;N/A;Structured;0;No;0
1083;r0390 - Non-financial liabilities;c003x   - Corporates;Rank 9 - Ranking in insolvency (master scale);262304840018920;CONSULTEAM-CONSULTORES GESTAO,SA;5100262318;Type of identifier, other than LEI or MFI code;Sister;false;PORTUGAL;Not applicable (Contractual recognition of bail-in powers);8,29;0;Euro;2021-12-31;2022-01-03;2099-01-31;Unsecured;0;N/A;Structured;0;No;0
1084;r0390 - Non-financial liabilities;c004x   - Institutions;Rank 9 - Ranking in insolvency (master scale);599904816718440;BANCO SANTANDER SA;5493006QMFDDMYWIAM13;LEI code;Parent;false;PORTUGAL;Not applicable (Contractual recognition of bail-in powers);0,02;0;Euro;2021-12-31;2022-01-03;2099-01-31;Unsecured;0;N/A;Structured;0;No;0
1085;r0120 - Secured liabilities - collateralized part (BRRD art. 44/2/b);c005x   - Other financial corporations;Rank 20 - Ranking in insolvency (master scale);033900000000000;HIPOTOTTA 5 PLC;7400987939;Type of identifier, other than LEI or MFI code;Sister;true;PORTUGAL;Not applicable (Contractual recognition of bail-in powers);30059,27;-3,81;Euro;2021-12-31;2022-01-03;2065-12-14;Secured;0;N/A;Non-structured/Vanilla;0;No;0
1086;r0390 - Non-financial liabilities;c004x   - Institutions;Rank 9 - Ranking in insolvency (master scale);599904816263380;BANCO SANTANDER SA;5493006QMFDDMYWIAM13;LEI code;Parent;false;PORTUGAL;Not applicable (Contractual recognition of bail-in powers);0,12;0;Euro;2021-12-31;2022-01-03;2099-01-31;Unsecured;0;N/A;Structured;0;No;0
1087;r0390 - Non-financial liabilities;c004x   - Institutions;Rank 9 - Ranking in insolvency (master scale);262304840019110;BANCO SANTANDER SA;5493006QMFDDMYWIAM13;LEI code;Parent;false;PORTUGAL;Not applicable (Contractual recognition of bail-in powers);0,44;0;Euro;2021-12-31;2022-01-03;2099-01-31;Unsecured;0;N/A;Structured;0;No;0
1088;r0390 - Non-financial liabilities;c005x   - Other financial corporations;Rank 9 - Ranking in insolvency (master scale);000000000000000;BANCO SANTANDER SA;5493006QMFDDMYWIAM13;LEI code;Parent;false;PORTUGAL;Not applicable (Contractual recognition of bail-in powers);6354,62;0;Euro;2021-12-31;2022-01-03;2099-01-31;Unsecured;0;N/A;Structured;0;No;0
1089;r0120 - Secured liabilities - collateralized part (BRRD art. 44/2/b);c005x   - Other financial corporations;Rank 20 - Ranking in insolvency (master scale);024800000000000;HIPOTOTTA 5 PLC;7400987939;Type of identifier, other than LEI or MFI code;Sister;true;PORTUGAL;Not applicable (Contractual recognition of bail-in powers);31981,76;10,34;Euro;2021-12-31;2022-01-03;2065-12-14;Secured;0;N/A;Non-structured/Vanilla;0;No;0
1090;r0390 - Non-financial liabilities;c004x   - Institutions;Rank 9 - Ranking in insolvency (master scale);599904816263760;BANCO SANTANDER SA;5493006QMFDDMYWIAM13;LEI code;Parent;false;PORTUGAL;Not applicable (Contractual recognition of bail-in powers);0,35;0;Euro;2021-12-31;2022-01-03;2099-01-31;Unsecured;0;N/A;Structured;0;No;0
1091;r0390 - Non-financial liabilities;c003x   - Corporates;Rank 9 - Ranking in insolvency (master scale);262304840019270;CONSULTEAM-CONSULTORES GESTAO,SA;5100262318;Type of identifier, other than LEI or MFI code;Sister;false;PORTUGAL;Not applicable (Contractual recognition of bail-in powers);1,28;0;Euro;2021-12-31;2022-01-03;2099-01-31;Unsecured;0;N/A;Structured;0;No;0
1092;r0390 - Non-financial liabilities;c004x   - Institutions;Rank 9 - Ranking in insolvency (master scale);599904833381760;BANCO SANTANDER SA;5493006QMFDDMYWIAM13;LEI code;Parent;false;PORTUGAL;Not applicable (Contractual recognition of bail-in powers);0,14;0;Euro;2021-12-31;2022-01-03;2099-01-31;Unsecured;0;N/A;Structured;0;No;0
1093;r0120 - Secured liabilities - collateralized part (BRRD art. 44/2/b);c005x   - Other financial corporations;Rank 20 - Ranking in insolvency (master scale);034000000000000;HIPOTOTTA Nº 4 PLC;7400615058;Type of identifier, other than LEI or MFI code;Sister;true;PORTUGAL;Not applicable (Contractual recognition of bail-in powers);920804,63;197,3;Euro;2021-12-31;2022-01-03;2065-12-14;Secured;0;N/A;Non-structured/Vanilla;0;No;0
1094;r0390 - Non-financial liabilities;c004x   - Institutions;Rank 9 - Ranking in insolvency (master scale);599904816264140;BANCO SANTANDER SA;5493006QMFDDMYWIAM13;LEI code;Parent;false;PORTUGAL;Not applicable (Contractual recognition of bail-in powers);0,25;0;Euro;2021-12-31;2022-01-03;2099-01-31;Unsecured;0;N/A;Structured;0;No;0
1095;r0390 - Non-financial liabilities;c003x   - Corporates;Rank 9 - Ranking in insolvency (master scale);262304840019300;CONSULTEAM-CONSULTORES GESTAO,SA;5100262318;Type of identifier, other than LEI or MFI code;Sister;false;PORTUGAL;Not applicable (Contractual recognition of bail-in powers);1,93;0;Euro;2021-12-31;2022-01-03;2099-01-31;Unsecured;0;N/A;Structured;0;No;0
1096;r0390 - Non-financial liabilities;c003x   - Corporates;Rank 9 - Ranking in insolvency (master scale);262304840019910;CONSULTEAM-CONSULTORES GESTAO,SA;5100262318;Type of identifier, other than LEI or MFI code;Sister;false;PORTUGAL;Not applicable (Contractual recognition of bail-in powers);0,34;0;Euro;2021-12-31;2022-01-03;2099-01-31;Unsecured;0;N/A;Structured;0;No;0
1097;r0390 - Non-financial liabilities;c004x   - Institutions;Rank 9 - Ranking in insolvency (master scale);599904816264520;BANCO SANTANDER SA;5493006QMFDDMYWIAM13;LEI code;Parent;false;PORTUGAL;Not applicable (Contractual recognition of bail-in powers);0,47;0;Euro;2021-12-31;2022-01-03;2099-01-31;Unsecured;0;N/A;Structured;0;No;0
1098;r0390 - Non-financial liabilities;c004x   - Institutions;Rank 9 - Ranking in insolvency (master scale);262304840019370;BANCO SANTANDER SA;5493006QMFDDMYWIAM13;LEI code;Parent;false;PORTUGAL;Not applicable (Contractual recognition of bail-in powers);0,51;0;Euro;2021-12-31;2022-01-03;2099-01-31;Unsecured;0;N/A;Structured;0;No;0
1099;r0390 - Non-financial liabilities;c004x   - Institutions;Rank 9 - Ranking in insolvency (master scale);599904830389560;BANCO SANTANDER SA;5493006QMFDDMYWIAM13;LEI code;Parent;false;PORTUGAL;Not applicable (Contractual recognition of bail-in powers);0,88;0;Euro;2021-12-31;2022-01-03;2099-01-31;Unsecured;0;N/A;Structured;0;No;0
1100;r0120 - Secured liabilities - collateralized part (BRRD art. 44/2/b);c005x   - Other financial corporations;Rank 20 - Ranking in insolvency (master scale);034100000000000;GAMMA SOC TITULARIZACAO CREDITOS, SA;2101355138;Type of identifier, other than LEI or MFI code;Sister;true;PORTUGAL;Not applicable (Contractual recognition of bail-in powers);41060,69;1;Euro;2021-12-31;2022-01-03;2065-12-14;Secured;0;N/A;Non-structured/Vanilla;0;No;0
1101;r0390 - Non-financial liabilities;c004x   - Institutions;Rank 9 - Ranking in insolvency (master scale);599904816264900;BANCO SANTANDER SA;5493006QMFDDMYWIAM13;LEI code;Parent;false;PORTUGAL;Not applicable (Contractual recognition of bail-in powers);0,48;0;Euro;2021-12-31;2022-01-03;2099-01-31;Unsecured;0;N/A;Structured;0;No;0
1102;r0390 - Non-financial liabilities;c003x   - Corporates;Rank 9 - Ranking in insolvency (master scale);262304840019410;CONSULTEAM-CONSULTORES GESTAO,SA;5100262318;Type of identifier, other than LEI or MFI code;Sister;false;PORTUGAL;Not applicable (Contractual recognition of bail-in powers);1,52;0;Euro;2021-12-31;2022-01-03;2099-01-31;Unsecured;0;N/A;Structured;0;No;0
1103;r0120 - Secured liabilities - collateralized part (BRRD art. 44/2/b);c005x   - Other financial corporations;Rank 20 - Ranking in insolvency (master scale);034300000000000;HIPOTOTTA Nº 4 PLC;7400615058;Type of identifier, other than LEI or MFI code;Sister;true;PORTUGAL;Not applicable (Contractual recognition of bail-in powers);3221773,99;907,02;Euro;2021-12-31;2022-01-03;2065-12-14;Secured;0;N/A;Non-structured/Vanilla;0;No;0
1104;r0120 - Secured liabilities - collateralized part (BRRD art. 44/2/b);c005x   - Other financial corporations;Rank 20 - Ranking in insolvency (master scale);024900000000000;HIPOTOTTA 5 PLC;7400987939;Type of identifier, other than LEI or MFI code;Sister;true;PORTUGAL;Not applicable (Contractual recognition of bail-in powers);77724,54;31,4;Euro;2021-12-31;2022-01-03;2065-12-14;Secured;0;N/A;Non-structured/Vanilla;0;No;0
1105;r0390 - Non-financial liabilities;c004x   - Institutions;Rank 9 - Ranking in insolvency (master scale);599904816265390;BANCO SANTANDER SA;5493006QMFDDMYWIAM13;LEI code;Parent;false;PORTUGAL;Not applicable (Contractual recognition of bail-in powers);0,15;0;Euro;2021-12-31;2022-01-03;2099-01-31;Unsecured;0;N/A;Structured;0;No;0
1106;r0390 - Non-financial liabilities;c004x   - Institutions;Rank 9 - Ranking in insolvency (master scale);262304840019550;BANCO SANTANDER SA;5493006QMFDDMYWIAM13;LEI code;Parent;false;PORTUGAL;Not applicable (Contractual recognition of bail-in powers);1,27;0;Euro;2021-12-31;2022-01-03;2099-01-31;Unsecured;0;N/A;Structured;0;No;0
1107;r0390 - Non-financial liabilities;c004x   - Institutions;Rank 9 - Ranking in insolvency (master scale);262304840022580;BANCO SANTANDER SA;5493006QMFDDMYWIAM13;LEI code;Parent;false;PORTUGAL;Not applicable (Contractual recognition of bail-in powers);0,57;0;Euro;2021-12-31;2022-01-03;2099-01-31;Unsecured;0;N/A;Structured;0;No;0
1108;r0120 - Secured liabilities - collateralized part (BRRD art. 44/2/b);c005x   - Other financial corporations;Rank 20 - Ranking in insolvency (master scale);034100000000000;HIPOTOTTA 5 PLC;7400987939;Type of identifier, other than LEI or MFI code;Sister;true;PORTUGAL;Not applicable (Contractual recognition of bail-in powers);129946,98;-15,07;Euro;2021-12-31;2022-01-03;2065-12-14;Secured;0;N/A;Non-structured/Vanilla;0;No;0
1109;r0390 - Non-financial liabilities;c004x   - Institutions;Rank 9 - Ranking in insolvency (master scale);599904816265770;BANCO SANTANDER SA;5493006QMFDDMYWIAM13;LEI code;Parent;false;PORTUGAL;Not applicable (Contractual recognition of bail-in powers);0,95;0;Euro;2021-12-31;2022-01-03;2099-01-31;Unsecured;0;N/A;Structured;0;No;0
1110;r0390 - Non-financial liabilities;c003x   - Corporates;Rank 9 - Ranking in insolvency (master scale);262304840019610;CONSULTEAM-CONSULTORES GESTAO,SA;5100262318;Type of identifier, other than LEI or MFI code;Sister;false;PORTUGAL;Not applicable (Contractual recognition of bail-in powers);0,05;0;Euro;2021-12-31;2022-01-03;2099-01-31;Unsecured;0;N/A;Structured;0;No;0
1111;r0390 - Non-financial liabilities;c004x   - Institutions;Rank 9 - Ranking in insolvency (master scale);262304840020520;BANCO SANTANDER SA;5493006QMFDDMYWIAM13;LEI code;Parent;false;PORTUGAL;Not applicable (Contractual recognition of bail-in powers);1,06;0;Euro;2021-12-31;2022-01-03;2099-01-31;Unsecured;0;N/A;Structured;0;No;0
1112;r0120 - Secured liabilities - collateralized part (BRRD art. 44/2/b);c005x   - Other financial corporations;Rank 20 - Ranking in insolvency (master scale);032000000000000;HIPOTOTTA Nº 4 PLC;7400615058;Type of identifier, other than LEI or MFI code;Sister;true;PORTUGAL;Not applicable (Contractual recognition of bail-in powers);784070,1;349,92;Euro;2021-12-31;2022-01-03;2065-12-14;Secured;0;N/A;Non-structured/Vanilla;0;No;0
1113;r0390 - Non-financial liabilities;c004x   - Institutions;Rank 9 - Ranking in insolvency (master scale);599904816311510;BANCO SANTANDER SA;5493006QMFDDMYWIAM13;LEI code;Parent;false;PORTUGAL;Not applicable (Contractual recognition of bail-in powers);0,49;0;Euro;2021-12-31;2022-01-03;2099-01-31;Unsecured;0;N/A;Structured;0;No;0
1114;r0390 - Non-financial liabilities;c004x   - Institutions;Rank 9 - Ranking in insolvency (master scale);588804830676600;BANCO SANTANDER SA;5493006QMFDDMYWIAM13;LEI code;Parent;false;PORTUGAL;Not applicable (Contractual recognition of bail-in powers);0,46;0;Euro;2021-12-31;2022-01-03;2099-01-31;Unsecured;0;N/A;Structured;0;No;0
1115;r0390 - Non-financial liabilities;c004x   - Institutions;Rank 9 - Ranking in insolvency (master scale);599904830686130;BANCO SANTANDER SA;5493006QMFDDMYWIAM13;LEI code;Parent;false;PORTUGAL;Not applicable (Contractual recognition of bail-in powers);0,53;0;Euro;2021-12-31;2022-01-03;2099-01-31;Unsecured;0;N/A;Structured;0;No;0
1116;r0390 - Non-financial liabilities;c003x   - Corporates;Rank 9 - Ranking in insolvency (master scale);262304840019810;CONSULTEAM-CONSULTORES GESTAO,SA;5100262318;Type of identifier, other than LEI or MFI code;Sister;false;PORTUGAL;Not applicable (Contractual recognition of bail-in powers);1,15;0;Euro;2021-12-31;2022-01-03;2099-01-31;Unsecured;0;N/A;Structured;0;No;0
1117;r0390 - Non-financial liabilities;c004x   - Institutions;Rank 9 - Ranking in insolvency (master scale);599904816347000;BANCO SANTANDER SA;5493006QMFDDMYWIAM13;LEI code;Parent;false;PORTUGAL;Not applicable (Contractual recognition of bail-in powers);0,02;0;Euro;2021-12-31;2022-01-03;2099-01-31;Unsecured;0;N/A;Structured;0;No;0
1118;r0120 - Secured liabilities - collateralized part (BRRD art. 44/2/b);c005x   - Other financial corporations;Rank 20 - Ranking in insolvency (master scale);034200000000000;HIPOTOTTA Nº 4 PLC;7400615058;Type of identifier, other than LEI or MFI code;Sister;true;PORTUGAL;Not applicable (Contractual recognition of bail-in powers);1023709,63;470,42;Euro;2021-12-31;2022-01-03;2065-12-14;Secured;0;N/A;Non-structured/Vanilla;0;No;0
1119;r0120 - Secured liabilities - collateralized part (BRRD art. 44/2/b);c005x   - Other financial corporations;Rank 20 - Ranking in insolvency (master scale);025200000000000;GAMMA SOC TITULARIZACAO CREDITOS, SA;2101355138;Type of identifier, other than LEI or MFI code;Sister;true;PORTUGAL;Not applicable (Contractual recognition of bail-in powers);12081,21;0,81;Euro;2021-12-31;2022-01-03;2065-12-14;Secured;0;N/A;Non-structured/Vanilla;0;No;0
1120;r0390 - Non-financial liabilities;c003x   - Corporates;Rank 9 - Ranking in insolvency (master scale);262304840019840;CONSULTEAM-CONSULTORES GESTAO,SA;5100262318;Type of identifier, other than LEI or MFI code;Sister;false;PORTUGAL;Not applicable (Contractual recognition of bail-in powers);0,11;0;Euro;2021-12-31;2022-01-03;2099-01-31;Unsecured;0;N/A;Structured;0;No;0
1121;r0390 - Non-financial liabilities;c004x   - Institutions;Rank 9 - Ranking in insolvency (master scale);599904816347720;BANCO SANTANDER SA;5493006QMFDDMYWIAM13;LEI code;Parent;false;PORTUGAL;Not applicable (Contractual recognition of bail-in powers);0,01;0;Euro;2021-12-31;2022-01-03;2099-01-31;Unsecured;0;N/A;Structured;0;No;0
1122;r0120 - Secured liabilities - collateralized part (BRRD art. 44/2/b);c005x   - Other financial corporations;Rank 20 - Ranking in insolvency (master scale);025100000000000;GAMMA SOC TITULARIZACAO CREDITOS, SA;2101355138;Type of identifier, other than LEI or MFI code;Sister;true;PORTUGAL;Not applicable (Contractual recognition of bail-in powers);194021,11;22;Euro;2021-12-31;2022-01-03;2065-12-14;Secured;0;N/A;Non-structured/Vanilla;0;No;0
1123;r0320 - Deposits, not covered and not preferential;c004x   - Institutions;Rank 12 - Ranking in insolvency (master scale);000000000000000;SANTANDER CONSUMER FINANCE, MADRID;5493000LM0MZ4JPMGM90;LEI code;Sister;false;PORTUGAL;Not applicable (Contractual recognition of bail-in powers);482676,81;0;Euro;2021-12-31;2022-01-03;2022-01-03;Unsecured;0;N/A;Non-structured/Vanilla;0;No;0
1124;r0390 - Non-financial liabilities;c004x   - Institutions;Rank 9 - Ranking in insolvency (master scale);262304840019950;BANCO SANTANDER SA;5493006QMFDDMYWIAM13;LEI code;Parent;false;PORTUGAL;Not applicable (Contractual recognition of bail-in powers);1,5;0;Euro;2021-12-31;2022-01-03;2099-01-31;Unsecured;0;N/A;Structured;0;No;0
1125;r0390 - Non-financial liabilities;c004x   - Institutions;Rank 9 - Ranking in insolvency (master scale);599904816718250;BANCO SANTANDER SA;5493006QMFDDMYWIAM13;LEI code;Parent;false;PORTUGAL;Not applicable (Contractual recognition of bail-in powers);0,02;0;Euro;2021-12-31;2022-01-03;2099-01-31;Unsecured;0;N/A;Structured;0;No;0
1126;r0120 - Secured liabilities - collateralized part (BRRD art. 44/2/b);c005x   - Other financial corporations;Rank 20 - Ranking in insolvency (master scale);034300000000000;GAMMA SOC TITULARIZACAO CREDITOS, SA;2101355138;Type of identifier, other than LEI or MFI code;Sister;true;PORTUGAL;Not applicable (Contractual recognition of bail-in powers);174238,31;39,71;Euro;2021-12-31;2022-01-03;2065-12-14;Secured;0;N/A;Non-structured/Vanilla;0;No;0
1127;r0390 - Non-financial liabilities;c004x   - Institutions;Rank 9 - Ranking in insolvency (master scale);262304840020960;BANCO SANTANDER SA;5493006QMFDDMYWIAM13;LEI code;Parent;false;PORTUGAL;Not applicable (Contractual recognition of bail-in powers);0,95;0;Euro;2021-12-31;2022-01-03;2099-01-31;Unsecured;0;N/A;Structured;0;No;0
1128;r0390 - Non-financial liabilities;c003x   - Corporates;Rank 9 - Ranking in insolvency (master scale);262304840019990;CONSULTEAM-CONSULTORES GESTAO,SA;5100262318;Type of identifier, other than LEI or MFI code;Sister;false;PORTUGAL;Not applicable (Contractual recognition of bail-in powers);0,93;0;Euro;2021-12-31;2022-01-03;2099-01-31;Unsecured;0;N/A;Structured;0;No;0
1129;r0390 - Non-financial liabilities;c004x   - Institutions;Rank 9 - Ranking in insolvency (master scale);599904816718630;BANCO SANTANDER SA;5493006QMFDDMYWIAM13;LEI code;Parent;false;PORTUGAL;Not applicable (Contractual recognition of bail-in powers);0,01;0;Euro;2021-12-31;2022-01-03;2099-01-31;Unsecured;0;N/A;Structured;0;No;0
1130;r0320 - Deposits, not covered and not preferential;c005x   - Other financial corporations;Rank 12 - Ranking in insolvency (master scale);000000000000000;Santander  SGFIM;549300VC136NI5Z05Q45;LEI code;Sister;false;PORTUGAL;Not applicable (Contractual recognition of bail-in powers);61918,51492;0;Euro;2021-12-31;2022-01-03;2022-01-03;Unsecured;0;N/A;Non-structured/Vanilla;0;No;0
1131;r0390 - Non-financial liabilities;c004x   - Institutions;Rank 9 - Ranking in insolvency (master scale);599904831208120;BANCO SANTANDER SA;5493006QMFDDMYWIAM13;LEI code;Parent;false;PORTUGAL;Not applicable (Contractual recognition of bail-in powers);0,09;0;Euro;2021-12-31;2022-01-03;2099-01-31;Unsecured;0;N/A;Structured;0;No;0
1132;r0390 - Non-financial liabilities;c003x   - Corporates;Rank 9 - Ranking in insolvency (master scale);262304840020050;CONSULTEAM-CONSULTORES GESTAO,SA;5100262318;Type of identifier, other than LEI or MFI code;Sister;false;PORTUGAL;Not applicable (Contractual recognition of bail-in powers);0,1;0;Euro;2021-12-31;2022-01-03;2099-01-31;Unsecured;0;N/A;Structured;0;No;0
1133;r0390 - Non-financial liabilities;c004x   - Institutions;Rank 9 - Ranking in insolvency (master scale);599904830061240;BANCO SANTANDER SA;5493006QMFDDMYWIAM13;LEI code;Parent;false;PORTUGAL;Not applicable (Contractual recognition of bail-in powers);0,25;0;Euro;2021-12-31;2022-01-03;2099-01-31;Unsecured;0;N/A;Structured;0;No;0
1134;r0120 - Secured liabilities - collateralized part (BRRD art. 44/2/b);c005x   - Other financial corporations;Rank 20 - Ranking in insolvency (master scale);034300000000000;HIPOTOTTA 5 PLC;7400987939;Type of identifier, other than LEI or MFI code;Sister;true;PORTUGAL;Not applicable (Contractual recognition of bail-in powers);98866,46;1,38;Euro;2021-12-31;2022-01-03;2065-12-14;Secured;0;N/A;Non-structured/Vanilla;0;No;0
1135;r0120 - Secured liabilities - collateralized part (BRRD art. 44/2/b);c005x   - Other financial corporations;Rank 20 - Ranking in insolvency (master scale);034700000000000;HIPOTOTTA Nº 4 PLC;7400615058;Type of identifier, other than LEI or MFI code;Sister;true;PORTUGAL;Not applicable (Contractual recognition of bail-in powers);1546295,59;584,67;Euro;2021-12-31;2022-01-03;2065-12-14;Secured;0;N/A;Non-structured/Vanilla;0;No;0
1136;r0390 - Non-financial liabilities;c004x   - Institutions;Rank 9 - Ranking in insolvency (master scale);262304840020170;BANCO SANTANDER SA;5493006QMFDDMYWIAM13;LEI code;Parent;false;PORTUGAL;Not applicable (Contractual recognition of bail-in powers);13,84;0;Euro;2021-12-31;2022-01-03;2099-01-31;Unsecured;0;N/A;Structured;0;No;0
1137;r0390 - Non-financial liabilities;c004x   - Institutions;Rank 9 - Ranking in insolvency (master scale);599904830098170;BANCO SANTANDER SA;5493006QMFDDMYWIAM13;LEI code;Parent;false;PORTUGAL;Not applicable (Contractual recognition of bail-in powers);0,11;0;Euro;2021-12-31;2022-01-03;2099-01-31;Unsecured;0;N/A;Structured;0;No;0
1138;r0120 - Secured liabilities - collateralized part (BRRD art. 44/2/b);c005x   - Other financial corporations;Rank 20 - Ranking in insolvency (master scale);025100000000000;HIPOTOTTA 5 PLC;7400987939;Type of identifier, other than LEI or MFI code;Sister;true;PORTUGAL;Not applicable (Contractual recognition of bail-in powers);357331,55;-41,39;Euro;2021-12-31;2022-01-03;2065-12-14;Secured;0;N/A;Non-structured/Vanilla;0;No;0
1139;r0320 - Deposits, not covered and not preferential;c004x   - Institutions;Rank 12 - Ranking in insolvency (master scale);000000000000000;ABBEY NATIONAL PLC;7400507283;Type of identifier, other than LEI or MFI code;Sister;false;PORTUGAL;Not applicable (Contractual recognition of bail-in powers);28400,91;0;Euro;2021-12-31;2022-01-03;2022-01-03;Unsecured;0;N/A;Non-structured/Vanilla;0;No;0
1140;r0390 - Non-financial liabilities;c004x   - Institutions;Rank 9 - Ranking in insolvency (master scale);262304840020600;BANCO SANTANDER SA;5493006QMFDDMYWIAM13;LEI code;Parent;false;PORTUGAL;Not applicable (Contractual recognition of bail-in powers);0,56;0;Euro;2021-12-31;2022-01-03;2099-01-31;Unsecured;0;N/A;Structured;0;No;0
1141;r0390 - Non-financial liabilities;c004x   - Institutions;Rank 9 - Ranking in insolvency (master scale);599904830182910;BANCO SANTANDER SA;5493006QMFDDMYWIAM13;LEI code;Parent;false;PORTUGAL;Not applicable (Contractual recognition of bail-in powers);0,19;0;Euro;2021-12-31;2022-01-03;2099-01-31;Unsecured;0;N/A;Structured;0;No;0
1142;r0120 - Secured liabilities - collateralized part (BRRD art. 44/2/b);c005x   - Other financial corporations;Rank 20 - Ranking in insolvency (master scale);034500000000000;HIPOTOTTA Nº 4 PLC;7400615058;Type of identifier, other than LEI or MFI code;Sister;true;PORTUGAL;Not applicable (Contractual recognition of bail-in powers);1103843,31;600,42;Euro;2021-12-31;2022-01-03;2065-12-14;Secured;0;N/A;Non-structured/Vanilla;0;No;0
1143;r0390 - Non-financial liabilities;c004x   - Institutions;Rank 9 - Ranking in insolvency (master scale);262304840021720;BANCO SANTANDER SA;5493006QMFDDMYWIAM13;LEI code;Parent;false;PORTUGAL;Not applicable (Contractual recognition of bail-in powers);4,23;0;Euro;2021-12-31;2022-01-03;2099-01-31;Unsecured;0;N/A;Structured;0;No;0
1144;r0390 - Non-financial liabilities;c004x   - Institutions;Rank 9 - Ranking in insolvency (master scale);262304840020670;BANCO SANTANDER SA;5493006QMFDDMYWIAM13;LEI code;Parent;false;PORTUGAL;Not applicable (Contractual recognition of bail-in powers);0,8;0;Euro;2021-12-31;2022-01-03;2099-01-31;Unsecured;0;N/A;Structured;0;No;0
1145;r0390 - Non-financial liabilities;c004x   - Institutions;Rank 9 - Ranking in insolvency (master scale);599904830412460;BANCO SANTANDER SA;5493006QMFDDMYWIAM13;LEI code;Parent;false;PORTUGAL;Not applicable (Contractual recognition of bail-in powers);1,75;0;Euro;2021-12-31;2022-01-03;2099-01-31;Unsecured;0;N/A;Structured;0;No;0
1146;r0390 - Non-financial liabilities;c004x   - Institutions;Rank 9 - Ranking in insolvency (master scale);599904831401380;BANCO SANTANDER SA;5493006QMFDDMYWIAM13;LEI code;Parent;false;PORTUGAL;Not applicable (Contractual recognition of bail-in powers);0,11;0;Euro;2021-12-31;2022-01-03;2099-01-31;Unsecured;0;N/A;Structured;0;No;0
1147;r0390 - Non-financial liabilities;c004x   - Institutions;Rank 9 - Ranking in insolvency (master scale);599904830123080;BANCO SANTANDER SA;5493006QMFDDMYWIAM13;LEI code;Parent;false;PORTUGAL;Not applicable (Contractual recognition of bail-in powers);0,17;0;Euro;2021-12-31;2022-01-03;2099-01-31;Unsecured;0;N/A;Structured;0;No;0
1148;r0390 - Non-financial liabilities;c004x   - Institutions;Rank 9 - Ranking in insolvency (master scale);599904830441200;BANCO SANTANDER SA;5493006QMFDDMYWIAM13;LEI code;Parent;false;PORTUGAL;Not applicable (Contractual recognition of bail-in powers);0,11;0;Euro;2021-12-31;2022-01-03;2099-01-31;Unsecured;0;N/A;Structured;0;No;0
1149;r0390 - Non-financial liabilities;c004x   - Institutions;Rank 9 - Ranking in insolvency (master scale);599904830145540;BANCO SANTANDER SA;5493006QMFDDMYWIAM13;LEI code;Parent;false;PORTUGAL;Not applicable (Contractual recognition of bail-in powers);0,18;0;Euro;2021-12-31;2022-01-03;2099-01-31;Unsecured;0;N/A;Structured;0;No;0
1150;r0390 - Non-financial liabilities;c004x   - Institutions;Rank 9 - Ranking in insolvency (master scale);599904830386640;BANCO SANTANDER SA;5493006QMFDDMYWIAM13;LEI code;Parent;false;PORTUGAL;Not applicable (Contractual recognition of bail-in powers);0,1;0;Euro;2021-12-31;2022-01-03;2099-01-31;Unsecured;0;N/A;Structured;0;No;0
1151;r0390 - Non-financial liabilities;c004x   - Institutions;Rank 9 - Ranking in insolvency (master scale);599904830632240;BANCO SANTANDER SA;5493006QMFDDMYWIAM13;LEI code;Parent;false;PORTUGAL;Not applicable (Contractual recognition of bail-in powers);0,15;0;Euro;2021-12-31;2022-01-03;2099-01-31;Unsecured;0;N/A;Structured;0;No;0
1152;r0390 - Non-financial liabilities;c004x   - Institutions;Rank 9 - Ranking in insolvency (master scale);599904830395650;BANCO SANTANDER SA;5493006QMFDDMYWIAM13;LEI code;Parent;false;PORTUGAL;Not applicable (Contractual recognition of bail-in powers);0,21;0;Euro;2021-12-31;2022-01-03;2099-01-31;Unsecured;0;N/A;Structured;0;No;0
1153;r0390 - Non-financial liabilities;c004x   - Institutions;Rank 9 - Ranking in insolvency (master scale);862304840044920;BANCO SANTANDER SA;5493006QMFDDMYWIAM13;LEI code;Parent;false;PORTUGAL;Not applicable (Contractual recognition of bail-in powers);1,22;0;Euro;2021-12-31;2022-01-03;2099-01-31;Unsecured;0;N/A;Structured;0;No;0
1154;r0390 - Non-financial liabilities;c004x   - Institutions;Rank 9 - Ranking in insolvency (master scale);599904830435070;BANCO SANTANDER SA;5493006QMFDDMYWIAM13;LEI code;Parent;false;PORTUGAL;Not applicable (Contractual recognition of bail-in powers);0,34;0;Euro;2021-12-31;2022-01-03;2099-01-31;Unsecured;0;N/A;Structured;0;No;0
1155;r0390 - Non-financial liabilities;c004x   - Institutions;Rank 9 - Ranking in insolvency (master scale);599904830662040;BANCO SANTANDER SA;5493006QMFDDMYWIAM13;LEI code;Parent;false;PORTUGAL;Not applicable (Contractual recognition of bail-in powers);0,32;0;Euro;2021-12-31;2022-01-03;2099-01-31;Unsecured;0;N/A;Structured;0;No;0
1156;r0390 - Non-financial liabilities;c004x   - Institutions;Rank 9 - Ranking in insolvency (master scale);599904830441160;BANCO SANTANDER SA;5493006QMFDDMYWIAM13;LEI code;Parent;false;PORTUGAL;Not applicable (Contractual recognition of bail-in powers);0,26;0;Euro;2021-12-31;2022-01-03;2099-01-31;Unsecured;0;N/A;Structured;0;No;0
1157;r0390 - Non-financial liabilities;c004x   - Institutions;Rank 9 - Ranking in insolvency (master scale);262304840022150;BANCO SANTANDER SA;5493006QMFDDMYWIAM13;LEI code;Parent;false;PORTUGAL;Not applicable (Contractual recognition of bail-in powers);5,91;0;Euro;2021-12-31;2022-01-03;2099-01-31;Unsecured;0;N/A;Structured;0;No;0
1158;r0390 - Non-financial liabilities;c004x   - Institutions;Rank 9 - Ranking in insolvency (master scale);599904830508690;BANCO SANTANDER SA;5493006QMFDDMYWIAM13;LEI code;Parent;false;PORTUGAL;Not applicable (Contractual recognition of bail-in powers);0,12;0;Euro;2021-12-31;2022-01-03;2099-01-31;Unsecured;0;N/A;Structured;0;No;0
1159;r0390 - Non-financial liabilities;c004x   - Institutions;Rank 9 - Ranking in insolvency (master scale);599904830905040;BANCO SANTANDER SA;5493006QMFDDMYWIAM13;LEI code;Parent;false;PORTUGAL;Not applicable (Contractual recognition of bail-in powers);0,14;0;Euro;2021-12-31;2022-01-03;2099-01-31;Unsecured;0;N/A;Structured;0;No;0
1160;r0390 - Non-financial liabilities;c004x   - Institutions;Rank 9 - Ranking in insolvency (master scale);599904830601490;BANCO SANTANDER SA;5493006QMFDDMYWIAM13;LEI code;Parent;false;PORTUGAL;Not applicable (Contractual recognition of bail-in powers);0,33;0;Euro;2021-12-31;2022-01-03;2099-01-31;Unsecured;0;N/A;Structured;0;No;0
1161;r0390 - Non-financial liabilities;c004x   - Institutions;Rank 9 - Ranking in insolvency (master scale);599904831752220;BANCO SANTANDER SA;5493006QMFDDMYWIAM13;LEI code;Parent;false;PORTUGAL;Not applicable (Contractual recognition of bail-in powers);0,11;0;Euro;2021-12-31;2022-01-03;2099-01-31;Unsecured;0;N/A;Structured;0;No;0
1162;r0390 - Non-financial liabilities;c004x   - Institutions;Rank 9 - Ranking in insolvency (master scale);599904830652990;BANCO SANTANDER SA;5493006QMFDDMYWIAM13;LEI code;Parent;false;PORTUGAL;Not applicable (Contractual recognition of bail-in powers);0,11;0;Euro;2021-12-31;2022-01-03;2099-01-31;Unsecured;0;N/A;Structured;0;No;0
1163;r0390 - Non-financial liabilities;c004x   - Institutions;Rank 9 - Ranking in insolvency (master scale);599904830971830;BANCO SANTANDER SA;5493006QMFDDMYWIAM13;LEI code;Parent;false;PORTUGAL;Not applicable (Contractual recognition of bail-in powers);0,53;0;Euro;2021-12-31;2022-01-03;2099-01-31;Unsecured;0;N/A;Structured;0;No;0
1164;r0390 - Non-financial liabilities;c004x   - Institutions;Rank 9 - Ranking in insolvency (master scale);599904830658530;BANCO SANTANDER SA;5493006QMFDDMYWIAM13;LEI code;Parent;false;PORTUGAL;Not applicable (Contractual recognition of bail-in powers);0,11;0;Euro;2021-12-31;2022-01-03;2099-01-31;Unsecured;0;N/A;Structured;0;No;0
1165;r0120 - Secured liabilities - collateralized part (BRRD art. 44/2/b);c005x   - Other financial corporations;Rank 20 - Ranking in insolvency (master scale);035100000000000;GAMMA SOC TITULARIZACAO CREDITOS, SA;2101355138;Type of identifier, other than LEI or MFI code;Sister;true;PORTUGAL;Not applicable (Contractual recognition of bail-in powers);466297,72;137,83;Euro;2021-12-31;2022-01-03;2065-12-14;Secured;0;N/A;Non-structured/Vanilla;0;No;0
1166;r0390 - Non-financial liabilities;c004x   - Institutions;Rank 9 - Ranking in insolvency (master scale);599904830669740;BANCO SANTANDER SA;5493006QMFDDMYWIAM13;LEI code;Parent;false;PORTUGAL;Not applicable (Contractual recognition of bail-in powers);0,03;0;Euro;2021-12-31;2022-01-03;2099-01-31;Unsecured;0;N/A;Structured;0;No;0
1167;r0390 - Non-financial liabilities;c004x   - Institutions;Rank 9 - Ranking in insolvency (master scale);599904831108000;BANCO SANTANDER SA;5493006QMFDDMYWIAM13;LEI code;Parent;false;PORTUGAL;Not applicable (Contractual recognition of bail-in powers);0,39;0;Euro;2021-12-31;2022-01-03;2099-01-31;Unsecured;0;N/A;Structured;0;No;0
1168;r0390 - Non-financial liabilities;c004x   - Institutions;Rank 9 - Ranking in insolvency (master scale);599904830809470;BANCO SANTANDER SA;5493006QMFDDMYWIAM13;LEI code;Parent;false;PORTUGAL;Not applicable (Contractual recognition of bail-in powers);0,18;0;Euro;2021-12-31;2022-01-03;2099-01-31;Unsecured;0;N/A;Structured;0;No;0
1169;r0390 - Non-financial liabilities;c004x   - Institutions;Rank 9 - Ranking in insolvency (master scale);262304840024440;BANCO SANTANDER SA;5493006QMFDDMYWIAM13;LEI code;Parent;false;PORTUGAL;Not applicable (Contractual recognition of bail-in powers);0,51;0;Euro;2021-12-31;2022-01-03;2099-01-31;Unsecured;0;N/A;Structured;0;No;0
1170;r0390 - Non-financial liabilities;c004x   - Institutions;Rank 9 - Ranking in insolvency (master scale);599904830926210;BANCO SANTANDER SA;5493006QMFDDMYWIAM13;LEI code;Parent;false;PORTUGAL;Not applicable (Contractual recognition of bail-in powers);0,1;0;Euro;2021-12-31;2022-01-03;2099-01-31;Unsecured;0;N/A;Structured;0;No;0
1171;r0390 - Non-financial liabilities;c004x   - Institutions;Rank 9 - Ranking in insolvency (master scale);599904831156010;BANCO SANTANDER SA;5493006QMFDDMYWIAM13;LEI code;Parent;false;PORTUGAL;Not applicable (Contractual recognition of bail-in powers);0,11;0;Euro;2021-12-31;2022-01-03;2099-01-31;Unsecured;0;N/A;Structured;0;No;0
1172;r0390 - Non-financial liabilities;c004x   - Institutions;Rank 9 - Ranking in insolvency (master scale);599904830936470;BANCO SANTANDER SA;5493006QMFDDMYWIAM13;LEI code;Parent;false;PORTUGAL;Not applicable (Contractual recognition of bail-in powers);0,1;0;Euro;2021-12-31;2022-01-03;2099-01-31;Unsecured;0;N/A;Structured;0;No;0
1173;r0390 - Non-financial liabilities;c004x   - Institutions;Rank 9 - Ranking in insolvency (master scale);262304840022480;BANCO SANTANDER SA;5493006QMFDDMYWIAM13;LEI code;Parent;false;PORTUGAL;Not applicable (Contractual recognition of bail-in powers);0,45;0;Euro;2021-12-31;2022-01-03;2099-01-31;Unsecured;0;N/A;Structured;0;No;0
1174;r0390 - Non-financial liabilities;c004x   - Institutions;Rank 9 - Ranking in insolvency (master scale);599904831017190;BANCO SANTANDER SA;5493006QMFDDMYWIAM13;LEI code;Parent;false;PORTUGAL;Not applicable (Contractual recognition of bail-in powers);0,12;0;Euro;2021-12-31;2022-01-03;2099-01-31;Unsecured;0;N/A;Structured;0;No;0
1175;r0390 - Non-financial liabilities;c004x   - Institutions;Rank 9 - Ranking in insolvency (master scale);599904831217850;BANCO SANTANDER SA;5493006QMFDDMYWIAM13;LEI code;Parent;false;PORTUGAL;Not applicable (Contractual recognition of bail-in powers);0,14;0;Euro;2021-12-31;2022-01-03;2099-01-31;Unsecured;0;N/A;Structured;0;No;0
1176;r0390 - Non-financial liabilities;c004x   - Institutions;Rank 9 - Ranking in insolvency (master scale);599904831095190;BANCO SANTANDER SA;5493006QMFDDMYWIAM13;LEI code;Parent;false;PORTUGAL;Not applicable (Contractual recognition of bail-in powers);0,13;0;Euro;2021-12-31;2022-01-03;2099-01-31;Unsecured;0;N/A;Structured;0;No;0
1177;r0390 - Non-financial liabilities;c004x   - Institutions;Rank 9 - Ranking in insolvency (master scale);599904832482470;BANCO SANTANDER SA;5493006QMFDDMYWIAM13;LEI code;Parent;false;PORTUGAL;Not applicable (Contractual recognition of bail-in powers);0,11;0;Euro;2021-12-31;2022-01-03;2099-01-31;Unsecured;0;N/A;Structured;0;No;0
1178;r0390 - Non-financial liabilities;c004x   - Institutions;Rank 9 - Ranking in insolvency (master scale);599904831114050;BANCO SANTANDER SA;5493006QMFDDMYWIAM13;LEI code;Parent;false;PORTUGAL;Not applicable (Contractual recognition of bail-in powers);0,31;0;Euro;2021-12-31;2022-01-03;2099-01-31;Unsecured;0;N/A;Structured;0;No;0
1179;r0390 - Non-financial liabilities;c004x   - Institutions;Rank 9 - Ranking in insolvency (master scale);599904831300160;BANCO SANTANDER SA;5493006QMFDDMYWIAM13;LEI code;Parent;false;PORTUGAL;Not applicable (Contractual recognition of bail-in powers);0,56;0;Euro;2021-12-31;2022-01-03;2099-01-31;Unsecured;0;N/A;Structured;0;No;0
1180;r0390 - Non-financial liabilities;c004x   - Institutions;Rank 9 - Ranking in insolvency (master scale);599904831122910;BANCO SANTANDER SA;5493006QMFDDMYWIAM13;LEI code;Parent;false;PORTUGAL;Not applicable (Contractual recognition of bail-in powers);0,1;0;Euro;2021-12-31;2022-01-03;2099-01-31;Unsecured;0;N/A;Structured;0;No;0
1181;r0120 - Secured liabilities - collateralized part (BRRD art. 44/2/b);c005x   - Other financial corporations;Rank 20 - Ranking in insolvency (master scale);025400000000000;HIPOTOTTA 5 PLC;7400987939;Type of identifier, other than LEI or MFI code;Sister;true;PORTUGAL;Not applicable (Contractual recognition of bail-in powers);61017,93;10,99;Euro;2021-12-31;2022-01-03;2065-12-14;Secured;0;N/A;Non-structured/Vanilla;0;No;0
1182;r0390 - Non-financial liabilities;c004x   - Institutions;Rank 9 - Ranking in insolvency (master scale);599904831166990;BANCO SANTANDER SA;5493006QMFDDMYWIAM13;LEI code;Parent;false;PORTUGAL;Not applicable (Contractual recognition of bail-in powers);1,4;0;Euro;2021-12-31;2022-01-03;2099-01-31;Unsecured;0;N/A;Structured;0;No;0
1183;r0390 - Non-financial liabilities;c004x   - Institutions;Rank 9 - Ranking in insolvency (master scale);599904831359210;BANCO SANTANDER SA;5493006QMFDDMYWIAM13;LEI code;Parent;false;PORTUGAL;Not applicable (Contractual recognition of bail-in powers);0,31;0;Euro;2021-12-31;2022-01-03;2099-01-31;Unsecured;0;N/A;Structured;0;No;0
1184;r0390 - Non-financial liabilities;c004x   - Institutions;Rank 9 - Ranking in insolvency (master scale);599904831214600;BANCO SANTANDER SA;5493006QMFDDMYWIAM13;LEI code;Parent;false;PORTUGAL;Not applicable (Contractual recognition of bail-in powers);0,1;0;Euro;2021-12-31;2022-01-03;2099-01-31;Unsecured;0;N/A;Structured;0;No;0
1185;r0320 - Deposits, not covered and not preferential;c004x   - Institutions;Rank 12 - Ranking in insolvency (master scale);000000000000000;SANTANDER SECURITIES SERVICES;95980020140005970915;LEI code;Sister;false;PORTUGAL;Not applicable (Contractual recognition of bail-in powers);103205,84;0;Euro;2021-12-31;2022-01-03;2022-01-03;Unsecured;0;N/A;Non-structured/Vanilla;0;No;0
1186;r0390 - Non-financial liabilities;c004x   - Institutions;Rank 9 - Ranking in insolvency (master scale);599904831229300;BANCO SANTANDER SA;5493006QMFDDMYWIAM13;LEI code;Parent;false;PORTUGAL;Not applicable (Contractual recognition of bail-in powers);0,11;0;Euro;2021-12-31;2022-01-03;2099-01-31;Unsecured;0;N/A;Structured;0;No;0
1187;r0390 - Non-financial liabilities;c004x   - Institutions;Rank 9 - Ranking in insolvency (master scale);599904831386430;BANCO SANTANDER SA;5493006QMFDDMYWIAM13;LEI code;Parent;false;PORTUGAL;Not applicable (Contractual recognition of bail-in powers);0,95;0;Euro;2021-12-31;2022-01-03;2099-01-31;Unsecured;0;N/A;Structured;0;No;0
1188;r0390 - Non-financial liabilities;c004x   - Institutions;Rank 9 - Ranking in insolvency (master scale);599904831297900;BANCO SANTANDER SA;5493006QMFDDMYWIAM13;LEI code;Parent;false;PORTUGAL;Not applicable (Contractual recognition of bail-in powers);1,12;0;Euro;2021-12-31;2022-01-03;2099-01-31;Unsecured;0;N/A;Structured;0;No;0
1189;r0390 - Non-financial liabilities;c004x   - Institutions;Rank 9 - Ranking in insolvency (master scale);262304840022740;BANCO SANTANDER SA;5493006QMFDDMYWIAM13;LEI code;Parent;false;PORTUGAL;Not applicable (Contractual recognition of bail-in powers);3,04;0;Euro;2021-12-31;2022-01-03;2099-01-31;Unsecured;0;N/A;Structured;0;No;0
1190;r0390 - Non-financial liabilities;c004x   - Institutions;Rank 9 - Ranking in insolvency (master scale);599904831352190;BANCO SANTANDER SA;5493006QMFDDMYWIAM13;LEI code;Parent;false;PORTUGAL;Not applicable (Contractual recognition of bail-in powers);0,14;0;Euro;2021-12-31;2022-01-03;2099-01-31;Unsecured;0;N/A;Structured;0;No;0
1191;r0390 - Non-financial liabilities;c004x   - Institutions;Rank 9 - Ranking in insolvency (master scale);599904831524870;BANCO SANTANDER SA;5493006QMFDDMYWIAM13;LEI code;Parent;false;PORTUGAL;Not applicable (Contractual recognition of bail-in powers);0,15;0;Euro;2021-12-31;2022-01-03;2099-01-31;Unsecured;0;N/A;Structured;0;No;0
1192;r0390 - Non-financial liabilities;c004x   - Institutions;Rank 9 - Ranking in insolvency (master scale);599904831356060;BANCO SANTANDER SA;5493006QMFDDMYWIAM13;LEI code;Parent;false;PORTUGAL;Not applicable (Contractual recognition of bail-in powers);0,16;0;Euro;2021-12-31;2022-01-03;2099-01-31;Unsecured;0;N/A;Structured;0;No;0
1193;r0390 - Non-financial liabilities;c004x   - Institutions;Rank 9 - Ranking in insolvency (master scale);599904832808140;BANCO SANTANDER SA;5493006QMFDDMYWIAM13;LEI code;Parent;false;PORTUGAL;Not applicable (Contractual recognition of bail-in powers);0,23;0;Euro;2021-12-31;2022-01-03;2099-01-31;Unsecured;0;N/A;Structured;0;No;0
1194;r0390 - Non-financial liabilities;c004x   - Institutions;Rank 9 - Ranking in insolvency (master scale);599904831382560;BANCO SANTANDER SA;5493006QMFDDMYWIAM13;LEI code;Parent;false;PORTUGAL;Not applicable (Contractual recognition of bail-in powers);0,59;0;Euro;2021-12-31;2022-01-03;2099-01-31;Unsecured;0;N/A;Structured;0;No;0
1195;r0390 - Non-financial liabilities;c004x   - Institutions;Rank 9 - Ranking in insolvency (master scale);599904831618370;BANCO SANTANDER SA;5493006QMFDDMYWIAM13;LEI code;Parent;false;PORTUGAL;Not applicable (Contractual recognition of bail-in powers);0,25;0;Euro;2021-12-31;2022-01-03;2099-01-31;Unsecured;0;N/A;Structured;0;No;0
1196;r0390 - Non-financial liabilities;c004x   - Institutions;Rank 9 - Ranking in insolvency (master scale);599904831386390;BANCO SANTANDER SA;5493006QMFDDMYWIAM13;LEI code;Parent;false;PORTUGAL;Not applicable (Contractual recognition of bail-in powers);0,95;0;Euro;2021-12-31;2022-01-03;2099-01-31;Unsecured;0;N/A;Structured;0;No;0
1197;r0120 - Secured liabilities - collateralized part (BRRD art. 44/2/b);c005x   - Other financial corporations;Rank 20 - Ranking in insolvency (master scale);035500000000000;HIPOTOTTA Nº 4 PLC;7400615058;Type of identifier, other than LEI or MFI code;Sister;true;PORTUGAL;Not applicable (Contractual recognition of bail-in powers);198890,92;88,85;Euro;2021-12-31;2022-01-03;2065-12-14;Secured;0;N/A;Non-structured/Vanilla;0;No;0
1198;r0390 - Non-financial liabilities;c004x   - Institutions;Rank 9 - Ranking in insolvency (master scale);599904831393960;BANCO SANTANDER SA;5493006QMFDDMYWIAM13;LEI code;Parent;false;PORTUGAL;Not applicable (Contractual recognition of bail-in powers);0,61;0;Euro;2021-12-31;2022-01-03;2099-01-31;Unsecured;0;N/A;Structured;0;No;0
1199;r0390 - Non-financial liabilities;c004x   - Institutions;Rank 9 - Ranking in insolvency (master scale);599904831655400;BANCO SANTANDER SA;5493006QMFDDMYWIAM13;LEI code;Parent;false;PORTUGAL;Not applicable (Contractual recognition of bail-in powers);0,33;0;Euro;2021-12-31;2022-01-03;2099-01-31;Unsecured;0;N/A;Structured;0;No;0
1200;r0390 - Non-financial liabilities;c004x   - Institutions;Rank 9 - Ranking in insolvency (master scale);599904831436490;BANCO SANTANDER SA;5493006QMFDDMYWIAM13;LEI code;Parent;false;PORTUGAL;Not applicable (Contractual recognition of bail-in powers);0,47;0;Euro;2021-12-31;2022-01-03;2099-01-31;Unsecured;0;N/A;Structured;0;No;0
1201;r0120 - Secured liabilities - collateralized part (BRRD art. 44/2/b);c005x   - Other financial corporations;Rank 20 - Ranking in insolvency (master scale);026300000000000;HIPOTOTTA Nº 4 PLC;7400615058;Type of identifier, other than LEI or MFI code;Sister;true;PORTUGAL;Not applicable (Contractual recognition of bail-in powers);2131925,9;1026,06;Euro;2021-12-31;2022-01-03;2065-12-14;Secured;0;N/A;Non-structured/Vanilla;0;No;0
1202;r0390 - Non-financial liabilities;c004x   - Institutions;Rank 9 - Ranking in insolvency (master scale);599904831545280;BANCO SANTANDER SA;5493006QMFDDMYWIAM13;LEI code;Parent;false;PORTUGAL;Not applicable (Contractual recognition of bail-in powers);0,1;0;Euro;2021-12-31;2022-01-03;2099-01-31;Unsecured;0;N/A;Structured;0;No;0
1203;r0390 - Non-financial liabilities;c004x   - Institutions;Rank 9 - Ranking in insolvency (master scale);599904831749770;BANCO SANTANDER SA;5493006QMFDDMYWIAM13;LEI code;Parent;false;PORTUGAL;Not applicable (Contractual recognition of bail-in powers);0,14;0;Euro;2021-12-31;2022-01-03;2099-01-31;Unsecured;0;N/A;Structured;0;No;0
1204;r0390 - Non-financial liabilities;c004x   - Institutions;Rank 9 - Ranking in insolvency (master scale);599904831618220;BANCO SANTANDER SA;5493006QMFDDMYWIAM13;LEI code;Parent;false;PORTUGAL;Not applicable (Contractual recognition of bail-in powers);0,12;0;Euro;2021-12-31;2022-01-03;2099-01-31;Unsecured;0;N/A;Structured;0;No;0
1205;r0390 - Non-financial liabilities;c004x   - Institutions;Rank 9 - Ranking in insolvency (master scale);262304840023130;BANCO SANTANDER SA;5493006QMFDDMYWIAM13;LEI code;Parent;false;PORTUGAL;Not applicable (Contractual recognition of bail-in powers);0,98;0;Euro;2021-12-31;2022-01-03;2099-01-31;Unsecured;0;N/A;Structured;0;No;0
1206;r0390 - Non-financial liabilities;c004x   - Institutions;Rank 9 - Ranking in insolvency (master scale);599904831629960;BANCO SANTANDER SA;5493006QMFDDMYWIAM13;LEI code;Parent;false;PORTUGAL;Not applicable (Contractual recognition of bail-in powers);0,33;0;Euro;2021-12-31;2022-01-03;2099-01-31;Unsecured;0;N/A;Structured;0;No;0
1207;r0390 - Non-financial liabilities;c004x   - Institutions;Rank 9 - Ranking in insolvency (master scale);599904831758970;BANCO SANTANDER SA;5493006QMFDDMYWIAM13;LEI code;Parent;false;PORTUGAL;Not applicable (Contractual recognition of bail-in powers);1,09;0;Euro;2021-12-31;2022-01-03;2099-01-31;Unsecured;0;N/A;Structured;0;No;0
1208;r0390 - Non-financial liabilities;c004x   - Institutions;Rank 9 - Ranking in insolvency (master scale);599904831638300;BANCO SANTANDER SA;5493006QMFDDMYWIAM13;LEI code;Parent;false;PORTUGAL;Not applicable (Contractual recognition of bail-in powers);0,19;0;Euro;2021-12-31;2022-01-03;2099-01-31;Unsecured;0;N/A;Structured;0;No;0
1209;r0120 - Secured liabilities - collateralized part (BRRD art. 44/2/b);c005x   - Other financial corporations;Rank 20 - Ranking in insolvency (master scale);036400000000000;HIPOTOTTA Nº 4 PLC;7400615058;Type of identifier, other than LEI or MFI code;Sister;true;PORTUGAL;Not applicable (Contractual recognition of bail-in powers);1200474,93;571,87;Euro;2021-12-31;2022-01-03;2065-12-14;Secured;0;N/A;Non-structured/Vanilla;0;No;0
1210;r0390 - Non-financial liabilities;c004x   - Institutions;Rank 9 - Ranking in insolvency (master scale);599904831672470;BANCO SANTANDER SA;5493006QMFDDMYWIAM13;LEI code;Parent;false;PORTUGAL;Not applicable (Contractual recognition of bail-in powers);0,15;0;Euro;2021-12-31;2022-01-03;2099-01-31;Unsecured;0;N/A;Structured;0;No;0
1211;r0390 - Non-financial liabilities;c004x   - Institutions;Rank 9 - Ranking in insolvency (master scale);599904832298600;BANCO SANTANDER SA;5493006QMFDDMYWIAM13;LEI code;Parent;false;PORTUGAL;Not applicable (Contractual recognition of bail-in powers);0,14;0;Euro;2021-12-31;2022-01-03;2099-01-31;Unsecured;0;N/A;Structured;0;No;0
1212;r0390 - Non-financial liabilities;c004x   - Institutions;Rank 9 - Ranking in insolvency (master scale);599904831731960;BANCO SANTANDER SA;5493006QMFDDMYWIAM13;LEI code;Parent;false;PORTUGAL;Not applicable (Contractual recognition of bail-in powers);0,23;0;Euro;2021-12-31;2022-01-03;2099-01-31;Unsecured;0;N/A;Structured;0;No;0
1213;r0390 - Non-financial liabilities;c004x   - Institutions;Rank 9 - Ranking in insolvency (master scale);599904833172510;BANCO SANTANDER SA;5493006QMFDDMYWIAM13;LEI code;Parent;false;PORTUGAL;Not applicable (Contractual recognition of bail-in powers);0,26;0;Euro;2021-12-31;2022-01-03;2099-01-31;Unsecured;0;N/A;Structured;0;No;0
1214;r0390 - Non-financial liabilities;c004x   - Institutions;Rank 9 - Ranking in insolvency (master scale);599904831752180;BANCO SANTANDER SA;5493006QMFDDMYWIAM13;LEI code;Parent;false;PORTUGAL;Not applicable (Contractual recognition of bail-in powers);0,13;0;Euro;2021-12-31;2022-01-03;2099-01-31;Unsecured;0;N/A;Structured;0;No;0
1215;r0390 - Non-financial liabilities;c004x   - Institutions;Rank 9 - Ranking in insolvency (master scale);599904832399590;BANCO SANTANDER SA;5493006QMFDDMYWIAM13;LEI code;Parent;false;PORTUGAL;Not applicable (Contractual recognition of bail-in powers);0,13;0;Euro;2021-12-31;2022-01-03;2099-01-31;Unsecured;0;N/A;Structured;0;No;0
1216;r0390 - Non-financial liabilities;c004x   - Institutions;Rank 9 - Ranking in insolvency (master scale);599904831758780;BANCO SANTANDER SA;5493006QMFDDMYWIAM13;LEI code;Parent;false;PORTUGAL;Not applicable (Contractual recognition of bail-in powers);0,16;0;Euro;2021-12-31;2022-01-03;2099-01-31;Unsecured;0;N/A;Structured;0;No;0
1217;r0120 - Secured liabilities - collateralized part (BRRD art. 44/2/b);c005x   - Other financial corporations;Rank 20 - Ranking in insolvency (master scale);316500000000000;HIPOTOTTA 5 PLC;7400987939;Type of identifier, other than LEI or MFI code;Sister;true;PORTUGAL;Not applicable (Contractual recognition of bail-in powers);182730,71;23,01;Euro;2021-12-31;2022-01-03;2065-12-14;Secured;0;N/A;Non-structured/Vanilla;0;No;0
1218;r0390 - Non-financial liabilities;c004x   - Institutions;Rank 9 - Ranking in insolvency (master scale);599904831791750;BANCO SANTANDER SA;5493006QMFDDMYWIAM13;LEI code;Parent;false;PORTUGAL;Not applicable (Contractual recognition of bail-in powers);0,66;0;Euro;2021-12-31;2022-01-03;2099-01-31;Unsecured;0;N/A;Structured;0;No;0
1219;r0390 - Non-financial liabilities;c004x   - Institutions;Rank 9 - Ranking in insolvency (master scale);599904832468850;BANCO SANTANDER SA;5493006QMFDDMYWIAM13;LEI code;Parent;false;PORTUGAL;Not applicable (Contractual recognition of bail-in powers);0,25;0;Euro;2021-12-31;2022-01-03;2099-01-31;Unsecured;0;N/A;Structured;0;No;0
1220;r0390 - Non-financial liabilities;c004x   - Institutions;Rank 9 - Ranking in insolvency (master scale);599904832284390;BANCO SANTANDER SA;5493006QMFDDMYWIAM13;LEI code;Parent;false;PORTUGAL;Not applicable (Contractual recognition of bail-in powers);0,22;0;Euro;2021-12-31;2022-01-03;2099-01-31;Unsecured;0;N/A;Structured;0;No;0
1221;r0390 - Non-financial liabilities;c004x   - Institutions;Rank 9 - Ranking in insolvency (master scale);262304840023580;BANCO SANTANDER SA;5493006QMFDDMYWIAM13;LEI code;Parent;false;PORTUGAL;Not applicable (Contractual recognition of bail-in powers);0,87;0;Euro;2021-12-31;2022-01-03;2099-01-31;Unsecured;0;N/A;Structured;0;No;0
1222;r0390 - Non-financial liabilities;c004x   - Institutions;Rank 9 - Ranking in insolvency (master scale);599904832317190;BANCO SANTANDER SA;5493006QMFDDMYWIAM13;LEI code;Parent;false;PORTUGAL;Not applicable (Contractual recognition of bail-in powers);0,26;0;Euro;2021-12-31;2022-01-03;2099-01-31;Unsecured;0;N/A;Structured;0;No;0
1223;r0390 - Non-financial liabilities;c004x   - Institutions;Rank 9 - Ranking in insolvency (master scale);599904832487060;BANCO SANTANDER SA;5493006QMFDDMYWIAM13;LEI code;Parent;false;PORTUGAL;Not applicable (Contractual recognition of bail-in powers);0,1;0;Euro;2021-12-31;2022-01-03;2099-01-31;Unsecured;0;N/A;Structured;0;No;0
1224;r0390 - Non-financial liabilities;c004x   - Institutions;Rank 9 - Ranking in insolvency (master scale);599904832399440;BANCO SANTANDER SA;5493006QMFDDMYWIAM13;LEI code;Parent;false;PORTUGAL;Not applicable (Contractual recognition of bail-in powers);0,21;0;Euro;2021-12-31;2022-01-03;2099-01-31;Unsecured;0;N/A;Structured;0;No;0
1225;r0390 - Non-financial liabilities;c004x   - Institutions;Rank 9 - Ranking in insolvency (master scale);599904835787360;BANCO SANTANDER SA;5493006QMFDDMYWIAM13;LEI code;Parent;false;PORTUGAL;Not applicable (Contractual recognition of bail-in powers);0,22;0;Euro;2021-12-31;2022-01-03;2099-01-31;Unsecured;0;N/A;Structured;0;No;0
1226;r0390 - Non-financial liabilities;c004x   - Institutions;Rank 9 - Ranking in insolvency (master scale);599904832399630;BANCO SANTANDER SA;5493006QMFDDMYWIAM13;LEI code;Parent;false;PORTUGAL;Not applicable (Contractual recognition of bail-in powers);0,26;0;Euro;2021-12-31;2022-01-03;2099-01-31;Unsecured;0;N/A;Structured;0;No;0
1227;r0390 - Non-financial liabilities;c004x   - Institutions;Rank 9 - Ranking in insolvency (master scale);599904832529820;BANCO SANTANDER SA;5493006QMFDDMYWIAM13;LEI code;Parent;false;PORTUGAL;Not applicable (Contractual recognition of bail-in powers);0,09;0;Euro;2021-12-31;2022-01-03;2099-01-31;Unsecured;0;N/A;Structured;0;No;0
1228;r0390 - Non-financial liabilities;c004x   - Institutions;Rank 9 - Ranking in insolvency (master scale);599904832439770;BANCO SANTANDER SA;5493006QMFDDMYWIAM13;LEI code;Parent;false;PORTUGAL;Not applicable (Contractual recognition of bail-in powers);0,16;0;Euro;2021-12-31;2022-01-03;2099-01-31;Unsecured;0;N/A;Structured;0;No;0
1229;r0120 - Secured liabilities - collateralized part (BRRD art. 44/2/b);c005x   - Other financial corporations;Rank 20 - Ranking in insolvency (master scale);035800000000000;GAMMA SOC TITULARIZACAO CREDITOS, SA;2101355138;Type of identifier, other than LEI or MFI code;Sister;true;PORTUGAL;Not applicable (Contractual recognition of bail-in powers);10721,86;0;Euro;2021-12-31;2022-01-03;2065-12-14;Secured;0;N/A;Non-structured/Vanilla;0;No;0
1230;r0390 - Non-financial liabilities;c004x   - Institutions;Rank 9 - Ranking in insolvency (master scale);599904832479910;BANCO SANTANDER SA;5493006QMFDDMYWIAM13;LEI code;Parent;false;PORTUGAL;Not applicable (Contractual recognition of bail-in powers);0,13;0;Euro;2021-12-31;2022-01-03;2099-01-31;Unsecured;0;N/A;Structured;0;No;0
1231;r0390 - Non-financial liabilities;c004x   - Institutions;Rank 9 - Ranking in insolvency (master scale);599904832580100;BANCO SANTANDER SA;5493006QMFDDMYWIAM13;LEI code;Parent;false;PORTUGAL;Not applicable (Contractual recognition of bail-in powers);0,14;0;Euro;2021-12-31;2022-01-03;2099-01-31;Unsecured;0;N/A;Structured;0;No;0
1232;r0390 - Non-financial liabilities;c004x   - Institutions;Rank 9 - Ranking in insolvency (master scale);599904832486720;BANCO SANTANDER SA;5493006QMFDDMYWIAM13;LEI code;Parent;false;PORTUGAL;Not applicable (Contractual recognition of bail-in powers);0,13;0;Euro;2021-12-31;2022-01-03;2099-01-31;Unsecured;0;N/A;Structured;0;No;0
1233;r0390 - Non-financial liabilities;c004x   - Institutions;Rank 9 - Ranking in insolvency (master scale);262304840027070;BANCO SANTANDER SA;5493006QMFDDMYWIAM13;LEI code;Parent;false;PORTUGAL;Not applicable (Contractual recognition of bail-in powers);0,31;0;Euro;2021-12-31;2022-01-03;2099-01-31;Unsecured;0;N/A;Structured;0;No;0
1234;r0390 - Non-financial liabilities;c004x   - Institutions;Rank 9 - Ranking in insolvency (master scale);599904832497550;BANCO SANTANDER SA;5493006QMFDDMYWIAM13;LEI code;Parent;false;PORTUGAL;Not applicable (Contractual recognition of bail-in powers);0,12;0;Euro;2021-12-31;2022-01-03;2099-01-31;Unsecured;0;N/A;Structured;0;No;0
1235;r0390 - Non-financial liabilities;c004x   - Institutions;Rank 9 - Ranking in insolvency (master scale);599904832711720;BANCO SANTANDER SA;5493006QMFDDMYWIAM13;LEI code;Parent;false;PORTUGAL;Not applicable (Contractual recognition of bail-in powers);0,09;0;Euro;2021-12-31;2022-01-03;2099-01-31;Unsecured;0;N/A;Structured;0;No;0
1236;r0390 - Non-financial liabilities;c004x   - Institutions;Rank 9 - Ranking in insolvency (master scale);599904832527100;BANCO SANTANDER SA;5493006QMFDDMYWIAM13;LEI code;Parent;false;PORTUGAL;Not applicable (Contractual recognition of bail-in powers);0,12;0;Euro;2021-12-31;2022-01-03;2099-01-31;Unsecured;0;N/A;Structured;0;No;0
1237;r0390 - Non-financial liabilities;c004x   - Institutions;Rank 9 - Ranking in insolvency (master scale);262304840024110;BANCO SANTANDER SA;5493006QMFDDMYWIAM13;LEI code;Parent;false;PORTUGAL;Not applicable (Contractual recognition of bail-in powers);2,61;0;Euro;2021-12-31;2022-01-03;2099-01-31;Unsecured;0;N/A;Structured;0;No;0
1238;r0390 - Non-financial liabilities;c004x   - Institutions;Rank 9 - Ranking in insolvency (master scale);599904832537730;BANCO SANTANDER SA;5493006QMFDDMYWIAM13;LEI code;Parent;false;PORTUGAL;Not applicable (Contractual recognition of bail-in powers);0,24;0;Euro;2021-12-31;2022-01-03;2099-01-31;Unsecured;0;N/A;Structured;0;No;0
1239;r0390 - Non-financial liabilities;c004x   - Institutions;Rank 9 - Ranking in insolvency (master scale);599904832822290;BANCO SANTANDER SA;5493006QMFDDMYWIAM13;LEI code;Parent;false;PORTUGAL;Not applicable (Contractual recognition of bail-in powers);0,13;0;Euro;2021-12-31;2022-01-03;2099-01-31;Unsecured;0;N/A;Structured;0;No;0
1240;r0390 - Non-financial liabilities;c004x   - Institutions;Rank 9 - Ranking in insolvency (master scale);262304840023370;BANCO SANTANDER SA;5493006QMFDDMYWIAM13;LEI code;Parent;false;PORTUGAL;Not applicable (Contractual recognition of bail-in powers);0,34;0;Euro;2021-12-31;2022-01-03;2099-01-31;Unsecured;0;N/A;Structured;0;No;0
1241;r0390 - Non-financial liabilities;c004x   - Institutions;Rank 9 - Ranking in insolvency (master scale);862304840004970;BANCO SANTANDER SA;5493006QMFDDMYWIAM13;LEI code;Parent;false;PORTUGAL;Not applicable (Contractual recognition of bail-in powers);0,09;0;Euro;2021-12-31;2022-01-03;2099-01-31;Unsecured;0;N/A;Structured;0;No;0
1242;r0120 - Secured liabilities - collateralized part (BRRD art. 44/2/b);c005x   - Other financial corporations;Rank 20 - Ranking in insolvency (master scale);035700000000000;GAMMA SOC TITULARIZACAO CREDITOS, SA;2101355138;Type of identifier, other than LEI or MFI code;Sister;true;PORTUGAL;Not applicable (Contractual recognition of bail-in powers);88219,37;59,4;Euro;2021-12-31;2022-01-03;2065-12-14;Secured;0;N/A;Non-structured/Vanilla;0;No;0
1243;r0390 - Non-financial liabilities;c004x   - Institutions;Rank 9 - Ranking in insolvency (master scale);599904832838280;BANCO SANTANDER SA;5493006QMFDDMYWIAM13;LEI code;Parent;false;PORTUGAL;Not applicable (Contractual recognition of bail-in powers);0,1;0;Euro;2021-12-31;2022-01-03;2099-01-31;Unsecured;0;N/A;Structured;0;No;0
1244;r0390 - Non-financial liabilities;c004x   - Institutions;Rank 9 - Ranking in insolvency (master scale);262304840023550;BANCO SANTANDER SA;5493006QMFDDMYWIAM13;LEI code;Parent;false;PORTUGAL;Not applicable (Contractual recognition of bail-in powers);18,29;0;Euro;2021-12-31;2022-01-03;2099-01-31;Unsecured;0;N/A;Structured;0;No;0
1245;r0120 - Secured liabilities - collateralized part (BRRD art. 44/2/b);c005x   - Other financial corporations;Rank 20 - Ranking in insolvency (master scale);025700000000000;HIPOTOTTA 5 PLC;7400987939;Type of identifier, other than LEI or MFI code;Sister;true;PORTUGAL;Not applicable (Contractual recognition of bail-in powers);124454,74;26,11;Euro;2021-12-31;2022-01-03;2065-12-14;Secured;0;N/A;Non-structured/Vanilla;0;No;0
1246;r0120 - Secured liabilities - collateralized part (BRRD art. 44/2/b);c005x   - Other financial corporations;Rank 20 - Ranking in insolvency (master scale);025600000000000;HIPOTOTTA 5 PLC;7400987939;Type of identifier, other than LEI or MFI code;Sister;true;PORTUGAL;Not applicable (Contractual recognition of bail-in powers);19726,88;0,45;Euro;2021-12-31;2022-01-03;2065-12-14;Secured;0;N/A;Non-structured/Vanilla;0;No;0
1247;r0390 - Non-financial liabilities;c004x   - Institutions;Rank 9 - Ranking in insolvency (master scale);599904832884660;BANCO SANTANDER SA;5493006QMFDDMYWIAM13;LEI code;Parent;false;PORTUGAL;Not applicable (Contractual recognition of bail-in powers);0,1;0;Euro;2021-12-31;2022-01-03;2099-01-31;Unsecured;0;N/A;Structured;0;No;0
1248;r0390 - Non-financial liabilities;c004x   - Institutions;Rank 9 - Ranking in insolvency (master scale);262304840023740;BANCO SANTANDER SA;5493006QMFDDMYWIAM13;LEI code;Parent;false;PORTUGAL;Not applicable (Contractual recognition of bail-in powers);0,72;0;Euro;2021-12-31;2022-01-03;2099-01-31;Unsecured;0;N/A;Structured;0;No;0
1249;r0120 - Secured liabilities - collateralized part (BRRD art. 44/2/b);c005x   - Other financial corporations;Rank 20 - Ranking in insolvency (master scale);028300000000000;HIPOTOTTA 5 PLC;7400987939;Type of identifier, other than LEI or MFI code;Sister;true;PORTUGAL;Not applicable (Contractual recognition of bail-in powers);45538,34;75,06;Euro;2021-12-31;2022-01-03;2065-12-14;Secured;0;N/A;Non-structured/Vanilla;0;No;0
1250;r0120 - Secured liabilities - collateralized part (BRRD art. 44/2/b);c005x   - Other financial corporations;Rank 20 - Ranking in insolvency (master scale);035700000000000;HIPOTOTTA 5 PLC;7400987939;Type of identifier, other than LEI or MFI code;Sister;true;PORTUGAL;Not applicable (Contractual recognition of bail-in powers);9589,29;0,09;Euro;2021-12-31;2022-01-03;2065-12-14;Secured;0;N/A;Non-structured/Vanilla;0;No;0
1251;r0390 - Non-financial liabilities;c004x   - Institutions;Rank 9 - Ranking in insolvency (master scale);599904832900180;BANCO SANTANDER SA;5493006QMFDDMYWIAM13;LEI code;Parent;false;PORTUGAL;Not applicable (Contractual recognition of bail-in powers);0,28;0;Euro;2021-12-31;2022-01-03;2099-01-31;Unsecured;0;N/A;Structured;0;No;0
1252;r0390 - Non-financial liabilities;c004x   - Institutions;Rank 9 - Ranking in insolvency (master scale);262304840023770;BANCO SANTANDER SA;5493006QMFDDMYWIAM13;LEI code;Parent;false;PORTUGAL;Not applicable (Contractual recognition of bail-in powers);0,37;0;Euro;2021-12-31;2022-01-03;2099-01-31;Unsecured;0;N/A;Structured;0;No;0
1253;r0390 - Non-financial liabilities;c004x   - Institutions;Rank 9 - Ranking in insolvency (master scale);262304840024860;BANCO SANTANDER SA;5493006QMFDDMYWIAM13;LEI code;Parent;false;PORTUGAL;Not applicable (Contractual recognition of bail-in powers);0,63;0;Euro;2021-12-31;2022-01-03;2099-01-31;Unsecured;0;N/A;Structured;0;No;0
1254;r0390 - Non-financial liabilities;c004x   - Institutions;Rank 9 - Ranking in insolvency (master scale);000000000000000;BANCO SANTANDER SA;5493006QMFDDMYWIAM13;LEI code;Parent;false;PORTUGAL;Not applicable (Contractual recognition of bail-in powers);2672402,53;0;Euro;2021-12-31;2022-01-03;2099-01-31;Unsecured;0;N/A;Structured;0;No;0
1255;r0390 - Non-financial liabilities;c004x   - Institutions;Rank 9 - Ranking in insolvency (master scale);599904833215760;BANCO SANTANDER SA;5493006QMFDDMYWIAM13;LEI code;Parent;false;PORTUGAL;Not applicable (Contractual recognition of bail-in powers);0,32;0;Euro;2021-12-31;2022-01-03;2099-01-31;Unsecured;0;N/A;Structured;0;No;0
1256;r0390 - Non-financial liabilities;c004x   - Institutions;Rank 9 - Ranking in insolvency (master scale);262304840023990;BANCO SANTANDER SA;5493006QMFDDMYWIAM13;LEI code;Parent;false;PORTUGAL;Not applicable (Contractual recognition of bail-in powers);0,31;0;Euro;2021-12-31;2022-01-03;2099-01-31;Unsecured;0;N/A;Structured;0;No;0
1257;r0390 - Non-financial liabilities;c004x   - Institutions;Rank 9 - Ranking in insolvency (master scale);862304840020430;BANCO SANTANDER SA;5493006QMFDDMYWIAM13;LEI code;Parent;false;PORTUGAL;Not applicable (Contractual recognition of bail-in powers);1,14;0;Euro;2021-12-31;2022-01-03;2099-01-31;Unsecured;0;N/A;Structured;0;No;0
1258;r0120 - Secured liabilities - collateralized part (BRRD art. 44/2/b);c005x   - Other financial corporations;Rank 20 - Ranking in insolvency (master scale);035800000000000;HIPOTOTTA Nº 4 PLC;7400615058;Type of identifier, other than LEI or MFI code;Sister;true;PORTUGAL;Not applicable (Contractual recognition of bail-in powers);923272,92;278,77;Euro;2021-12-31;2022-01-03;2065-12-14;Secured;0;N/A;Non-structured/Vanilla;0;No;0
1259;r0390 - Non-financial liabilities;c004x   - Institutions;Rank 9 - Ranking in insolvency (master scale);599904833295100;BANCO SANTANDER SA;5493006QMFDDMYWIAM13;LEI code;Parent;false;PORTUGAL;Not applicable (Contractual recognition of bail-in powers);0,21;0;Euro;2021-12-31;2022-01-03;2099-01-31;Unsecured;0;N/A;Structured;0;No;0
1260;r0390 - Non-financial liabilities;c004x   - Institutions;Rank 9 - Ranking in insolvency (master scale);262304840024040;BANCO SANTANDER SA;5493006QMFDDMYWIAM13;LEI code;Parent;false;PORTUGAL;Not applicable (Contractual recognition of bail-in powers);0,52;0;Euro;2021-12-31;2022-01-03;2099-01-31;Unsecured;0;N/A;Structured;0;No;0
1261;r0120 - Secured liabilities - collateralized part (BRRD art. 44/2/b);c005x   - Other financial corporations;Rank 20 - Ranking in insolvency (master scale);036200000000000;HIPOTOTTA Nº 4 PLC;7400615058;Type of identifier, other than LEI or MFI code;Sister;true;PORTUGAL;Not applicable (Contractual recognition of bail-in powers);608789,67;499,99;Euro;2021-12-31;2022-01-03;2065-12-14;Secured;0;N/A;Non-structured/Vanilla;0;No;0
1262;r0120 - Secured liabilities - collateralized part (BRRD art. 44/2/b);c005x   - Other financial corporations;Rank 20 - Ranking in insolvency (master scale);025700000000000;HIPOTOTTA Nº 4 PLC;7400615058;Type of identifier, other than LEI or MFI code;Sister;true;PORTUGAL;Not applicable (Contractual recognition of bail-in powers);3380915,47;1162,2;Euro;2021-12-31;2022-01-03;2065-12-14;Secured;0;N/A;Non-structured/Vanilla;0;No;0
1263;r0390 - Non-financial liabilities;c004x   - Institutions;Rank 9 - Ranking in insolvency (master scale);599904833750130;BANCO SANTANDER SA;5493006QMFDDMYWIAM13;LEI code;Parent;false;PORTUGAL;Not applicable (Contractual recognition of bail-in powers);0,51;0;Euro;2021-12-31;2022-01-03;2099-01-31;Unsecured;0;N/A;Structured;0;No;0
1264;r0390 - Non-financial liabilities;c004x   - Institutions;Rank 9 - Ranking in insolvency (master scale);262304840024160;BANCO SANTANDER SA;5493006QMFDDMYWIAM13;LEI code;Parent;false;PORTUGAL;Not applicable (Contractual recognition of bail-in powers);0,32;0;Euro;2021-12-31;2022-01-03;2099-01-31;Unsecured;0;N/A;Structured;0;No;0
1265;r0120 - Secured liabilities - collateralized part (BRRD art. 44/2/b);c005x   - Other financial corporations;Rank 20 - Ranking in insolvency (master scale);000000000114001;HIPOTOTTA 5 PLC;7400987939;Type of identifier, other than LEI or MFI code;Sister;true;PORTUGAL;Not applicable (Contractual recognition of bail-in powers);5953,03;0;Euro;2021-12-31;2022-01-03;2065-12-14;Secured;0;N/A;Non-structured/Vanilla;0;No;0
1266;r0120 - Secured liabilities - collateralized part (BRRD art. 44/2/b);c005x   - Other financial corporations;Rank 20 - Ranking in insolvency (master scale);035900000000000;HIPOTOTTA Nº 4 PLC;7400615058;Type of identifier, other than LEI or MFI code;Sister;true;PORTUGAL;Not applicable (Contractual recognition of bail-in powers);911364,59;385,86;Euro;2021-12-31;2022-01-03;2065-12-14;Secured;0;N/A;Non-structured/Vanilla;0;No;0
1267;r0390 - Non-financial liabilities;c004x   - Institutions;Rank 9 - Ranking in insolvency (master scale);599904834357780;BANCO SANTANDER SA;5493006QMFDDMYWIAM13;LEI code;Parent;false;PORTUGAL;Not applicable (Contractual recognition of bail-in powers);0,5;0;Euro;2021-12-31;2022-01-03;2099-01-31;Unsecured;0;N/A;Structured;0;No;0
1268;r0390 - Non-financial liabilities;c004x   - Institutions;Rank 9 - Ranking in insolvency (master scale);262304840024430;BANCO SANTANDER SA;5493006QMFDDMYWIAM13;LEI code;Parent;false;PORTUGAL;Not applicable (Contractual recognition of bail-in powers);0,32;0;Euro;2021-12-31;2022-01-03;2099-01-31;Unsecured;0;N/A;Structured;0;No;0
1269;r0390 - Non-financial liabilities;c004x   - Institutions;Rank 9 - Ranking in insolvency (master scale);262304840025340;BANCO SANTANDER SA;5493006QMFDDMYWIAM13;LEI code;Parent;false;PORTUGAL;Not applicable (Contractual recognition of bail-in powers);2,26;0;Euro;2021-12-31;2022-01-03;2099-01-31;Unsecured;0;N/A;Structured;0;No;0
1270;r0320 - Deposits, not covered and not preferential;c004x   - Institutions;Rank 12 - Ranking in insolvency (master scale);000000000000000;CACEIS BANK, GERMANY BRANCH;96950023SCR9X9F3L662;LEI code;Sister;false;PORTUGAL;Not applicable (Contractual recognition of bail-in powers);17781,32;0;Euro;2021-12-31;2022-01-03;2022-01-03;Unsecured;0;N/A;Non-structured/Vanilla;0;No;0
1271;r0390 - Non-financial liabilities;c003x   - Corporates;Rank 9 - Ranking in insolvency (master scale);599904836417420;TottaUrbe;8000391312;Type of identifier, other than LEI or MFI code;Sister;true;PORTUGAL;Not applicable (Contractual recognition of bail-in powers);0,07;0;Euro;2021-12-31;2022-01-03;2099-01-31;Unsecured;0;N/A;Structured;0;No;0
1272;r0390 - Non-financial liabilities;c004x   - Institutions;Rank 9 - Ranking in insolvency (master scale);262304840024560;BANCO SANTANDER SA;5493006QMFDDMYWIAM13;LEI code;Parent;false;PORTUGAL;Not applicable (Contractual recognition of bail-in powers);0,8;0;Euro;2021-12-31;2022-01-03;2099-01-31;Unsecured;0;N/A;Structured;0;No;0
1273;r0390 - Non-financial liabilities;c004x   - Institutions;Rank 9 - Ranking in insolvency (master scale);862304840039730;BANCO SANTANDER SA;5493006QMFDDMYWIAM13;LEI code;Parent;false;PORTUGAL;Not applicable (Contractual recognition of bail-in powers);1,1;0;Euro;2021-12-31;2022-01-03;2099-01-31;Unsecured;0;N/A;Structured;0;No;0
1274;r0120 - Secured liabilities - collateralized part (BRRD art. 44/2/b);c005x   - Other financial corporations;Rank 20 - Ranking in insolvency (master scale);036000000000000;HIPOTOTTA Nº 4 PLC;7400615058;Type of identifier, other than LEI or MFI code;Sister;true;PORTUGAL;Not applicable (Contractual recognition of bail-in powers);47540,59;29,51;Euro;2021-12-31;2022-01-03;2065-12-14;Secured;0;N/A;Non-structured/Vanilla;0;No;0
1275;r0390 - Non-financial liabilities;c004x   - Institutions;Rank 9 - Ranking in insolvency (master scale);599904836790900;BANCO SANTANDER SA;5493006QMFDDMYWIAM13;LEI code;Parent;false;PORTUGAL;Not applicable (Contractual recognition of bail-in powers);0,73;0;Euro;2021-12-31;2022-01-03;2099-01-31;Unsecured;0;N/A;Structured;0;No;0
1276;r0390 - Non-financial liabilities;c004x   - Institutions;Rank 9 - Ranking in insolvency (master scale);262304840024750;BANCO SANTANDER SA;5493006QMFDDMYWIAM13;LEI code;Parent;false;PORTUGAL;Not applicable (Contractual recognition of bail-in powers);0,64;0;Euro;2021-12-31;2022-01-03;2099-01-31;Unsecured;0;N/A;Structured;0;No;0
1277;r0390 - Non-financial liabilities;c004x   - Institutions;Rank 9 - Ranking in insolvency (master scale);862304840007900;BANCO SANTANDER SA;5493006QMFDDMYWIAM13;LEI code;Parent;false;PORTUGAL;Not applicable (Contractual recognition of bail-in powers);22,55;0;Euro;2021-12-31;2022-01-03;2099-01-31;Unsecured;0;N/A;Structured;0;No;0
1278;r0120 - Secured liabilities - collateralized part (BRRD art. 44/2/b);c005x   - Other financial corporations;Rank 20 - Ranking in insolvency (master scale);025800000000000;GAMMA SOC TITULARIZACAO CREDITOS, SA;2101355138;Type of identifier, other than LEI or MFI code;Sister;true;PORTUGAL;Not applicable (Contractual recognition of bail-in powers);277976,66;-9,65;Euro;2021-12-31;2022-01-03;2065-12-14;Secured;0;N/A;Non-structured/Vanilla;0;No;0
1279;r0120 - Secured liabilities - collateralized part (BRRD art. 44/2/b);c005x   - Other financial corporations;Rank 20 - Ranking in insolvency (master scale);662600000000000;HIPOTOTTA 5 PLC;7400987939;Type of identifier, other than LEI or MFI code;Sister;true;PORTUGAL;Not applicable (Contractual recognition of bail-in powers);1195660,48;247,06;Euro;2021-12-31;2022-01-03;2065-12-14;Secured;0;N/A;Non-structured/Vanilla;0;No;0
1280;r0390 - Non-financial liabilities;c004x   - Institutions;Rank 9 - Ranking in insolvency (master scale);262304840025010;BANCO SANTANDER SA;5493006QMFDDMYWIAM13;LEI code;Parent;false;PORTUGAL;Not applicable (Contractual recognition of bail-in powers);0,66;0;Euro;2021-12-31;2022-01-03;2099-01-31;Unsecured;0;N/A;Structured;0;No;0
1281;r0120 - Secured liabilities - collateralized part (BRRD art. 44/2/b);c005x   - Other financial corporations;Rank 20 - Ranking in insolvency (master scale);326500000000000;GAMMA SOC TITULARIZACAO CREDITOS, SA;2101355138;Type of identifier, other than LEI or MFI code;Sister;true;PORTUGAL;Not applicable (Contractual recognition of bail-in powers);64409,71;3,79;Euro;2021-12-31;2022-01-03;2065-12-14;Secured;0;N/A;Non-structured/Vanilla;0;No;0
1282;r0120 - Secured liabilities - collateralized part (BRRD art. 44/2/b);c005x   - Other financial corporations;Rank 20 - Ranking in insolvency (master scale);036200000000000;GAMMA SOC TITULARIZACAO CREDITOS, SA;2101355138;Type of identifier, other than LEI or MFI code;Sister;true;PORTUGAL;Not applicable (Contractual recognition of bail-in powers);16536,61;0,31;Euro;2021-12-31;2022-01-03;2065-12-14;Secured;0;N/A;Non-structured/Vanilla;0;No;0
1283;r0390 - Non-financial liabilities;c004x   - Institutions;Rank 9 - Ranking in insolvency (master scale);862304840002610;BANCO SANTANDER SA;5493006QMFDDMYWIAM13;LEI code;Parent;false;PORTUGAL;Not applicable (Contractual recognition of bail-in powers);7,49;0;Euro;2021-12-31;2022-01-03;2099-01-31;Unsecured;0;N/A;Structured;0;No;0
1284;r0390 - Non-financial liabilities;c004x   - Institutions;Rank 9 - Ranking in insolvency (master scale);262304840025050;BANCO SANTANDER SA;5493006QMFDDMYWIAM13;LEI code;Parent;false;PORTUGAL;Not applicable (Contractual recognition of bail-in powers);0,56;0;Euro;2021-12-31;2022-01-03;2099-01-31;Unsecured;0;N/A;Structured;0;No;0
1285;r0390 - Non-financial liabilities;c004x   - Institutions;Rank 9 - Ranking in insolvency (master scale);262304840026130;BANCO SANTANDER SA;5493006QMFDDMYWIAM13;LEI code;Parent;false;PORTUGAL;Not applicable (Contractual recognition of bail-in powers);0,51;0;Euro;2021-12-31;2022-01-03;2099-01-31;Unsecured;0;N/A;Structured;0;No;0
1286;r0320 - Deposits, not covered and not preferential;c004x   - Institutions;Rank 12 - Ranking in insolvency (master scale);000000000000000;BANCO SANTANDER SA;5493006QMFDDMYWIAM13;LEI code;Parent;false;PORTUGAL;Not applicable (Contractual recognition of bail-in powers);17417360,66;-6651459,282;Euro;2021-12-31;2022-01-03;2022-01-03;Unsecured;0;N/A;Non-structured/Vanilla;0;No;0
1287;r0390 - Non-financial liabilities;c004x   - Institutions;Rank 9 - Ranking in insolvency (master scale);862304840007410;BANCO SANTANDER SA;5493006QMFDDMYWIAM13;LEI code;Parent;false;PORTUGAL;Not applicable (Contractual recognition of bail-in powers);0,95;0;Euro;2021-12-31;2022-01-03;2099-01-31;Unsecured;0;N/A;Structured;0;No;0
1288;r0390 - Non-financial liabilities;c004x   - Institutions;Rank 9 - Ranking in insolvency (master scale);262304840025110;BANCO SANTANDER SA;5493006QMFDDMYWIAM13;LEI code;Parent;false;PORTUGAL;Not applicable (Contractual recognition of bail-in powers);0,8;0;Euro;2021-12-31;2022-01-03;2099-01-31;Unsecured;0;N/A;Structured;0;No;0
1289;r0390 - Non-financial liabilities;c004x   - Institutions;Rank 9 - Ranking in insolvency (master scale);262304880010870;BANCO SANTANDER SA;5493006QMFDDMYWIAM13;LEI code;Parent;false;PORTUGAL;Not applicable (Contractual recognition of bail-in powers);0,06;0;Euro;2021-12-31;2022-01-03;2099-01-31;Unsecured;0;N/A;Structured;0;No;0
1290;r0120 - Secured liabilities - collateralized part (BRRD art. 44/2/b);c005x   - Other financial corporations;Rank 20 - Ranking in insolvency (master scale);036200000000000;HIPOTOTTA 5 PLC;7400987939;Type of identifier, other than LEI or MFI code;Sister;true;PORTUGAL;Not applicable (Contractual recognition of bail-in powers);30248,97;25,31;Euro;2021-12-31;2022-01-03;2065-12-14;Secured;0;N/A;Non-structured/Vanilla;0;No;0
1291;r0390 - Non-financial liabilities;c004x   - Institutions;Rank 9 - Ranking in insolvency (master scale);862304840007760;BANCO SANTANDER SA;5493006QMFDDMYWIAM13;LEI code;Parent;false;PORTUGAL;Not applicable (Contractual recognition of bail-in powers);2,08;0;Euro;2021-12-31;2022-01-03;2099-01-31;Unsecured;0;N/A;Structured;0;No;0
1292;r0390 - Non-financial liabilities;c004x   - Institutions;Rank 9 - Ranking in insolvency (master scale);262304840025280;BANCO SANTANDER SA;5493006QMFDDMYWIAM13;LEI code;Parent;false;PORTUGAL;Not applicable (Contractual recognition of bail-in powers);11,87;0;Euro;2021-12-31;2022-01-03;2099-01-31;Unsecured;0;N/A;Structured;0;No;0
1293;r0120 - Secured liabilities - collateralized part (BRRD art. 44/2/b);c005x   - Other financial corporations;Rank 20 - Ranking in insolvency (master scale);036600000000000;HIPOTOTTA Nº 4 PLC;7400615058;Type of identifier, other than LEI or MFI code;Sister;true;PORTUGAL;Not applicable (Contractual recognition of bail-in powers);308100,23;117,39;Euro;2021-12-31;2022-01-03;2065-12-14;Secured;0;N/A;Non-structured/Vanilla;0;No;0
1294;r0120 - Secured liabilities - collateralized part (BRRD art. 44/2/b);c005x   - Other financial corporations;Rank 20 - Ranking in insolvency (master scale);025800000000000;HIPOTOTTA 5 PLC;7400987939;Type of identifier, other than LEI or MFI code;Sister;true;PORTUGAL;Not applicable (Contractual recognition of bail-in powers);147964,18;-22,64;Euro;2021-12-31;2022-01-03;2065-12-14;Secured;0;N/A;Non-structured/Vanilla;0;No;0
1295;r0390 - Non-financial liabilities;c004x   - Institutions;Rank 9 - Ranking in insolvency (master scale);862304840007910;BANCO SANTANDER SA;5493006QMFDDMYWIAM13;LEI code;Parent;false;PORTUGAL;Not applicable (Contractual recognition of bail-in powers);1,91;0;Euro;2021-12-31;2022-01-03;2099-01-31;Unsecured;0;N/A;Structured;0;No;0
1296;r0390 - Non-financial liabilities;c004x   - Institutions;Rank 9 - Ranking in insolvency (master scale);262304840025650;BANCO SANTANDER SA;5493006QMFDDMYWIAM13;LEI code;Parent;false;PORTUGAL;Not applicable (Contractual recognition of bail-in powers);1,05;0;Euro;2021-12-31;2022-01-03;2099-01-31;Unsecured;0;N/A;Structured;0;No;0
1297;r0120 - Secured liabilities - collateralized part (BRRD art. 44/2/b);c005x   - Other financial corporations;Rank 20 - Ranking in insolvency (master scale);037400000000000;HIPOTOTTA Nº 4 PLC;7400615058;Type of identifier, other than LEI or MFI code;Sister;true;PORTUGAL;Not applicable (Contractual recognition of bail-in powers);333535,53;251,72;Euro;2021-12-31;2022-01-03;2065-12-14;Secured;0;N/A;Non-structured/Vanilla;0;No;0
1298;r0120 - Secured liabilities - collateralized part (BRRD art. 44/2/b);c005x   - Other financial corporations;Rank 20 - Ranking in insolvency (master scale);036300000000000;HIPOTOTTA 5 PLC;7400987939;Type of identifier, other than LEI or MFI code;Sister;true;PORTUGAL;Not applicable (Contractual recognition of bail-in powers);63913,08;9,86;Euro;2021-12-31;2022-01-03;2065-12-14;Secured;0;N/A;Non-structured/Vanilla;0;No;0
1299;r0390 - Non-financial liabilities;c004x   - Institutions;Rank 9 - Ranking in insolvency (master scale);862304840009750;BANCO SANTANDER SA;5493006QMFDDMYWIAM13;LEI code;Parent;false;PORTUGAL;Not applicable (Contractual recognition of bail-in powers);26,26;0;Euro;2021-12-31;2022-01-03;2099-01-31;Unsecured;0;N/A;Structured;0;No;0
1300;r0390 - Non-financial liabilities;c004x   - Institutions;Rank 9 - Ranking in insolvency (master scale);262304840025790;BANCO SANTANDER SA;5493006QMFDDMYWIAM13;LEI code;Parent;false;PORTUGAL;Not applicable (Contractual recognition of bail-in powers);0,86;0;Euro;2021-12-31;2022-01-03;2099-01-31;Unsecured;0;N/A;Structured;0;No;0
1301;r0390 - Non-financial liabilities;c004x   - Institutions;Rank 9 - Ranking in insolvency (master scale);262304840026860;BANCO SANTANDER SA;5493006QMFDDMYWIAM13;LEI code;Parent;false;PORTUGAL;Not applicable (Contractual recognition of bail-in powers);0,96;0;Euro;2021-12-31;2022-01-03;2099-01-31;Unsecured;0;N/A;Structured;0;No;0
1302;r0390 - Non-financial liabilities;c004x   - Institutions;Rank 9 - Ranking in insolvency (master scale);588804830656670;BANCO SANTANDER SA;5493006QMFDDMYWIAM13;LEI code;Parent;false;PORTUGAL;Not applicable (Contractual recognition of bail-in powers);0,19;0;Euro;2021-12-31;2022-01-03;2099-01-31;Unsecured;0;N/A;Structured;0;No;0
1303;r0390 - Non-financial liabilities;c004x   - Institutions;Rank 9 - Ranking in insolvency (master scale);862304840022990;BANCO SANTANDER SA;5493006QMFDDMYWIAM13;LEI code;Parent;false;PORTUGAL;Not applicable (Contractual recognition of bail-in powers);1,28;0;Euro;2021-12-31;2022-01-03;2099-01-31;Unsecured;0;N/A;Structured;0;No;0
1304;r0390 - Non-financial liabilities;c004x   - Institutions;Rank 9 - Ranking in insolvency (master scale);588804830645310;BANCO SANTANDER SA;5493006QMFDDMYWIAM13;LEI code;Parent;false;PORTUGAL;Not applicable (Contractual recognition of bail-in powers);4,38;0;Euro;2021-12-31;2022-01-03;2099-01-31;Unsecured;0;N/A;Structured;0;No;0
1305;r0390 - Non-financial liabilities;c004x   - Institutions;Rank 9 - Ranking in insolvency (master scale);862304840008490;BANCO SANTANDER SA;5493006QMFDDMYWIAM13;LEI code;Parent;false;PORTUGAL;Not applicable (Contractual recognition of bail-in powers);32;0;Euro;2021-12-31;2022-01-03;2099-01-31;Unsecured;0;N/A;Structured;0;No;0
1306;r0390 - Non-financial liabilities;c004x   - Institutions;Rank 9 - Ranking in insolvency (master scale);862304840030860;BANCO SANTANDER SA;5493006QMFDDMYWIAM13;LEI code;Parent;false;PORTUGAL;Not applicable (Contractual recognition of bail-in powers);35,29;0;Euro;2021-12-31;2022-01-03;2099-01-31;Unsecured;0;N/A;Structured;0;No;0
1307;r0390 - Non-financial liabilities;c004x   - Institutions;Rank 9 - Ranking in insolvency (master scale);862304840009660;BANCO SANTANDER SA;5493006QMFDDMYWIAM13;LEI code;Parent;false;PORTUGAL;Not applicable (Contractual recognition of bail-in powers);0,36;0;Euro;2021-12-31;2022-01-03;2099-01-31;Unsecured;0;N/A;Structured;0;No;0
1308;r0120 - Secured liabilities - collateralized part (BRRD art. 44/2/b);c005x   - Other financial corporations;Rank 20 - Ranking in insolvency (master scale);026100000000000;HIPOTOTTA Nº 4 PLC;7400615058;Type of identifier, other than LEI or MFI code;Sister;true;PORTUGAL;Not applicable (Contractual recognition of bail-in powers);676389,77;158,23;Euro;2021-12-31;2022-01-03;2065-12-14;Secured;0;N/A;Non-structured/Vanilla;0;No;0
1309;r0390 - Non-financial liabilities;c004x   - Institutions;Rank 9 - Ranking in insolvency (master scale);862304840011330;BANCO SANTANDER SA;5493006QMFDDMYWIAM13;LEI code;Parent;false;PORTUGAL;Not applicable (Contractual recognition of bail-in powers);6,33;0;Euro;2021-12-31;2022-01-03;2099-01-31;Unsecured;0;N/A;Structured;0;No;0
1310;r0390 - Non-financial liabilities;c004x   - Institutions;Rank 9 - Ranking in insolvency (master scale);862304840035600;BANCO SANTANDER SA;5493006QMFDDMYWIAM13;LEI code;Parent;false;PORTUGAL;Not applicable (Contractual recognition of bail-in powers);0,49;0;Euro;2021-12-31;2022-01-03;2099-01-31;Unsecured;0;N/A;Structured;0;No;0
1311;r0390 - Non-financial liabilities;c004x   - Institutions;Rank 9 - Ranking in insolvency (master scale);862304840021470;BANCO SANTANDER SA;5493006QMFDDMYWIAM13;LEI code;Parent;false;PORTUGAL;Not applicable (Contractual recognition of bail-in powers);0,9;0;Euro;2021-12-31;2022-01-03;2099-01-31;Unsecured;0;N/A;Structured;0;No;0
1312;r0390 - Non-financial liabilities;c006x   - Insurance firms & pension funds;Rank 9 - Ranking in insolvency (master scale);000000000000000;Totta Seguros - Comp. Seg. Vida, SA.;54930006K2IUPA083C07;LEI code;Sister;true;PORTUGAL;Not applicable (Contractual recognition of bail-in powers);35895,07593;0;Euro;2021-12-31;2022-01-03;2099-01-31;Unsecured;0;N/A;Structured;0;No;0
1313;r0390 - Non-financial liabilities;c004x   - Institutions;Rank 9 - Ranking in insolvency (master scale);862304840026790;BANCO SANTANDER SA;5493006QMFDDMYWIAM13;LEI code;Parent;false;PORTUGAL;Not applicable (Contractual recognition of bail-in powers);8,46;0;Euro;2021-12-31;2022-01-03;2099-01-31;Unsecured;0;N/A;Structured;0;No;0
1314;r0390 - Non-financial liabilities;c004x   - Institutions;Rank 9 - Ranking in insolvency (master scale);862304840039090;BANCO SANTANDER SA;5493006QMFDDMYWIAM13;LEI code;Parent;false;PORTUGAL;Not applicable (Contractual recognition of bail-in powers);4,76;0;Euro;2021-12-31;2022-01-03;2099-01-31;Unsecured;0;N/A;Structured;0;No;0
1315;r0390 - Non-financial liabilities;c004x   - Institutions;Rank 9 - Ranking in insolvency (master scale);862304840029180;BANCO SANTANDER SA;5493006QMFDDMYWIAM13;LEI code;Parent;false;PORTUGAL;Not applicable (Contractual recognition of bail-in powers);0,39;0;Euro;2021-12-31;2022-01-03;2099-01-31;Unsecured;0;N/A;Structured;0;No;0
1316;r0120 - Secured liabilities - collateralized part (BRRD art. 44/2/b);c005x   - Other financial corporations;Rank 20 - Ranking in insolvency (master scale);036800000000000;HIPOTOTTA 5 PLC;7400987939;Type of identifier, other than LEI or MFI code;Sister;true;PORTUGAL;Not applicable (Contractual recognition of bail-in powers);102933,55;0;Euro;2021-12-31;2022-01-03;2065-12-14;Secured;0;N/A;Non-structured/Vanilla;0;No;0
1317;r0390 - Non-financial liabilities;c004x   - Institutions;Rank 9 - Ranking in insolvency (master scale);862304840033030;BANCO SANTANDER SA;5493006QMFDDMYWIAM13;LEI code;Parent;false;PORTUGAL;Not applicable (Contractual recognition of bail-in powers);3,43;0;Euro;2021-12-31;2022-01-03;2099-01-31;Unsecured;0;N/A;Structured;0;No;0
1318;r0390 - Non-financial liabilities;c004x   - Institutions;Rank 9 - Ranking in insolvency (master scale);862304840041160;BANCO SANTANDER SA;5493006QMFDDMYWIAM13;LEI code;Parent;false;PORTUGAL;Not applicable (Contractual recognition of bail-in powers);3,46;0;Euro;2021-12-31;2022-01-03;2099-01-31;Unsecured;0;N/A;Structured;0;No;0
1319;r0390 - Non-financial liabilities;c004x   - Institutions;Rank 9 - Ranking in insolvency (master scale);862304840034200;BANCO SANTANDER SA;5493006QMFDDMYWIAM13;LEI code;Parent;false;PORTUGAL;Not applicable (Contractual recognition of bail-in powers);0,34;0;Euro;2021-12-31;2022-01-03;2099-01-31;Unsecured;0;N/A;Structured;0;No;0
1320;r0120 - Secured liabilities - collateralized part (BRRD art. 44/2/b);c005x   - Other financial corporations;Rank 20 - Ranking in insolvency (master scale);312000000000000;GAMMA SOC TITULARIZACAO CREDITOS, SA;2101355138;Type of identifier, other than LEI or MFI code;Sister;true;PORTUGAL;Not applicable (Contractual recognition of bail-in powers);84404,65;-2,67;Euro;2021-12-31;2022-01-03;2065-12-14;Secured;0;N/A;Non-structured/Vanilla;0;No;0
1321;r0390 - Non-financial liabilities;c004x   - Institutions;Rank 9 - Ranking in insolvency (master scale);862304840035820;BANCO SANTANDER SA;5493006QMFDDMYWIAM13;LEI code;Parent;false;PORTUGAL;Not applicable (Contractual recognition of bail-in powers);0,43;0;Euro;2021-12-31;2022-01-03;2099-01-31;Unsecured;0;N/A;Structured;0;No;0
1322;r0390 - Non-financial liabilities;c004x   - Institutions;Rank 9 - Ranking in insolvency (master scale);862304840044530;BANCO SANTANDER SA;5493006QMFDDMYWIAM13;LEI code;Parent;false;PORTUGAL;Not applicable (Contractual recognition of bail-in powers);0,61;0;Euro;2021-12-31;2022-01-03;2099-01-31;Unsecured;0;N/A;Structured;0;No;0
1323;r0390 - Non-financial liabilities;c004x   - Institutions;Rank 9 - Ranking in insolvency (master scale);862304840037150;BANCO SANTANDER SA;5493006QMFDDMYWIAM13;LEI code;Parent;false;PORTUGAL;Not applicable (Contractual recognition of bail-in powers);0,68;0;Euro;2021-12-31;2022-01-03;2099-01-31;Unsecured;0;N/A;Structured;0;No;0
1324;r0120 - Secured liabilities - collateralized part (BRRD art. 44/2/b);c005x   - Other financial corporations;Rank 20 - Ranking in insolvency (master scale);026200000000000;HIPOTOTTA Nº 4 PLC;7400615058;Type of identifier, other than LEI or MFI code;Sister;true;PORTUGAL;Not applicable (Contractual recognition of bail-in powers);247073,41;100,32;Euro;2021-12-31;2022-01-03;2065-12-14;Secured;0;N/A;Non-structured/Vanilla;0;No;0
1325;r0390 - Non-financial liabilities;c004x   - Institutions;Rank 9 - Ranking in insolvency (master scale);862304840039100;BANCO SANTANDER SA;5493006QMFDDMYWIAM13;LEI code;Parent;false;PORTUGAL;Not applicable (Contractual recognition of bail-in powers);1,16;0;Euro;2021-12-31;2022-01-03;2099-01-31;Unsecured;0;N/A;Structured;0;No;0
1326;r0390 - Non-financial liabilities;c004x   - Institutions;Rank 9 - Ranking in insolvency (master scale);262304840027200;BANCO SANTANDER SA;5493006QMFDDMYWIAM13;LEI code;Parent;false;PORTUGAL;Not applicable (Contractual recognition of bail-in powers);1,04;0;Euro;2021-12-31;2022-01-03;2099-01-31;Unsecured;0;N/A;Structured;0;No;0
1327;r0390 - Non-financial liabilities;c004x   - Institutions;Rank 9 - Ranking in insolvency (master scale);862304840040040;BANCO SANTANDER SA;5493006QMFDDMYWIAM13;LEI code;Parent;false;PORTUGAL;Not applicable (Contractual recognition of bail-in powers);0,94;0;Euro;2021-12-31;2022-01-03;2099-01-31;Unsecured;0;N/A;Structured;0;No;0
1328;r0120 - Secured liabilities - collateralized part (BRRD art. 44/2/b);c005x   - Other financial corporations;Rank 20 - Ranking in insolvency (master scale);026600000000000;HIPOTOTTA Nº 4 PLC;7400615058;Type of identifier, other than LEI or MFI code;Sister;true;PORTUGAL;Not applicable (Contractual recognition of bail-in powers);865457,41;117,94;Euro;2021-12-31;2022-01-03;2065-12-14;Secured;0;N/A;Non-structured/Vanilla;0;No;0
1329;r0390 - Non-financial liabilities;c004x   - Institutions;Rank 9 - Ranking in insolvency (master scale);862304840042030;BANCO SANTANDER SA;5493006QMFDDMYWIAM13;LEI code;Parent;false;PORTUGAL;Not applicable (Contractual recognition of bail-in powers);2,21;0;Euro;2021-12-31;2022-01-03;2099-01-31;Unsecured;0;N/A;Structured;0;No;0
1330;r0390 - Non-financial liabilities;c004x   - Institutions;Rank 9 - Ranking in insolvency (master scale);262304880001110;BANCO SANTANDER SA;5493006QMFDDMYWIAM13;LEI code;Parent;false;PORTUGAL;Not applicable (Contractual recognition of bail-in powers);0,01;0;Euro;2021-12-31;2022-01-03;2099-01-31;Unsecured;0;N/A;Structured;0;No;0
1331;r0390 - Non-financial liabilities;c004x   - Institutions;Rank 9 - Ranking in insolvency (master scale);862304840044070;BANCO SANTANDER SA;5493006QMFDDMYWIAM13;LEI code;Parent;false;PORTUGAL;Not applicable (Contractual recognition of bail-in powers);1,13;0;Euro;2021-12-31;2022-01-03;2099-01-31;Unsecured;0;N/A;Structured;0;No;0
1332;r0120 - Secured liabilities - collateralized part (BRRD art. 44/2/b);c005x   - Other financial corporations;Rank 20 - Ranking in insolvency (master scale);037000000000000;GAMMA SOC TITULARIZACAO CREDITOS, SA;2101355138;Type of identifier, other than LEI or MFI code;Sister;true;PORTUGAL;Not applicable (Contractual recognition of bail-in powers);17296,57;1,78;Euro;2021-12-31;2022-01-03;2065-12-14;Secured;0;N/A;Non-structured/Vanilla;0;No;0
1333;r0390 - Non-financial liabilities;c004x   - Institutions;Rank 9 - Ranking in insolvency (master scale);862304840044560;BANCO SANTANDER SA;5493006QMFDDMYWIAM13;LEI code;Parent;false;PORTUGAL;Not applicable (Contractual recognition of bail-in powers);2,64;0;Euro;2021-12-31;2022-01-03;2099-01-31;Unsecured;0;N/A;Structured;0;No;0
1334;r0390 - Non-financial liabilities;c004x   - Institutions;Rank 9 - Ranking in insolvency (master scale);262304880011230;BANCO SANTANDER SA;5493006QMFDDMYWIAM13;LEI code;Parent;false;PORTUGAL;Not applicable (Contractual recognition of bail-in powers);0,56;0;Euro;2021-12-31;2022-01-03;2099-01-31;Unsecured;0;N/A;Structured;0;No;0
1335;r0390 - Non-financial liabilities;c004x   - Institutions;Rank 9 - Ranking in insolvency (master scale);862304840045640;BANCO SANTANDER SA;5493006QMFDDMYWIAM13;LEI code;Parent;false;PORTUGAL;Not applicable (Contractual recognition of bail-in powers);0,57;0;Euro;2021-12-31;2022-01-03;2099-01-31;Unsecured;0;N/A;Structured;0;No;0
1336;r0120 - Secured liabilities - collateralized part (BRRD art. 44/2/b);c005x   - Other financial corporations;Rank 20 - Ranking in insolvency (master scale);315000000000000;HIPOTOTTA Nº 4 PLC;7400615058;Type of identifier, other than LEI or MFI code;Sister;true;PORTUGAL;Not applicable (Contractual recognition of bail-in powers);16013,57;0,65;Euro;2021-12-31;2022-01-03;2065-12-14;Secured;0;N/A;Non-structured/Vanilla;0;No;0
1337;r0390 - Non-financial liabilities;c006x   - Insurance firms & pension funds;Rank 9 - Ranking in insolvency (master scale);000000000000000;POPULAR SEGUROS - COMPANHIA DE SEGUROS, SA;213800DS888O1NMGEJ90;LEI code;Sister;true;PORTUGAL;Not applicable (Contractual recognition of bail-in powers);689,36;0;Euro;2021-12-31;2022-01-03;2099-01-31;Unsecured;0;N/A;Structured;0;No;0
1338;r0390 - Non-financial liabilities;c004x   - Institutions;Rank 9 - Ranking in insolvency (master scale);262304880011380;BANCO SANTANDER SA;5493006QMFDDMYWIAM13;LEI code;Parent;false;PORTUGAL;Not applicable (Contractual recognition of bail-in powers);1,43;0;Euro;2021-12-31;2022-01-03;2099-01-31;Unsecured;0;N/A;Structured;0;No;0
1339;r0390 - Non-financial liabilities;c006x   - Insurance firms & pension funds;Rank 9 - Ranking in insolvency (master scale);262304840015490;POPULAR SEGUROS - COMPANHIA DE SEGUROS, SA;213800DS888O1NMGEJ90;LEI code;Sister;true;PORTUGAL;Not applicable (Contractual recognition of bail-in powers);9,53;0;Euro;2021-12-31;2022-01-03;2099-01-31;Unsecured;0;N/A;Structured;0;No;0
1340;r0320 - Deposits, not covered and not preferential;c005x   - Other financial corporations;Rank 12 - Ranking in insolvency (master scale);000000000000000;UNION DE CREDITOS INMOBILIARIOS, SA - SUC.PORTUGAL;3481003857;Type of identifier, other than LEI or MFI code;Sister;false;PORTUGAL;Not applicable (Contractual recognition of bail-in powers);3883638,17;0;Euro;2021-12-31;2022-01-03;2022-01-03;Unsecured;0;N/A;Non-structured/Vanilla;0;No;0
1341;r0390 - Non-financial liabilities;c004x   - Institutions;Rank 9 - Ranking in insolvency (master scale);588804830645270;BANCO SANTANDER SA;5493006QMFDDMYWIAM13;LEI code;Parent;false;PORTUGAL;Not applicable (Contractual recognition of bail-in powers);0,02;0;Euro;2021-12-31;2022-01-03;2099-01-31;Unsecured;0;N/A;Structured;0;No;0
1342;r0390 - Non-financial liabilities;c003x   - Corporates;Rank 9 - Ranking in insolvency (master scale);262304880020300;CONSULTEAM-CONSULTORES GESTAO,SA;5100262318;Type of identifier, other than LEI or MFI code;Sister;false;PORTUGAL;Not applicable (Contractual recognition of bail-in powers);0,31;0;Euro;2021-12-31;2022-01-03;2099-01-31;Unsecured;0;N/A;Structured;0;No;0
1343;r0120 - Secured liabilities - collateralized part (BRRD art. 44/2/b);c005x   - Other financial corporations;Rank 20 - Ranking in insolvency (master scale);031900000000000;HIPOTOTTA 5 PLC;7400987939;Type of identifier, other than LEI or MFI code;Sister;true;PORTUGAL;Not applicable (Contractual recognition of bail-in powers);136422,1;14,42;Euro;2021-12-31;2022-01-03;2065-12-14;Secured;0;N/A;Non-structured/Vanilla;0;No;0
1344;r0390 - Non-financial liabilities;c005x   - Other financial corporations;Rank 9 - Ranking in insolvency (master scale);220601510000000;Totta Ireland, PLC;8041492238;Type of identifier, other than LEI or MFI code;Sister;true;PORTUGAL;Not applicable (Contractual recognition of bail-in powers);49085,91;0; US Dollar;2021-12-31;2022-01-03;2099-01-31;Unsecured;0;N/A;Structured;0;No;0
1345;r0390 - Non-financial liabilities;c004x   - Institutions;Rank 9 - Ranking in insolvency (master scale);588804830645120;BANCO SANTANDER SA;5493006QMFDDMYWIAM13;LEI code;Parent;false;PORTUGAL;Not applicable (Contractual recognition of bail-in powers);0,11;0;Euro;2021-12-31;2022-01-03;2099-01-31;Unsecured;0;N/A;Structured;0;No;0
1346;r0390 - Non-financial liabilities;c003x   - Corporates;Rank 9 - Ranking in insolvency (master scale);262304880023930;CONSULTEAM-CONSULTORES GESTAO,SA;5100262318;Type of identifier, other than LEI or MFI code;Sister;false;PORTUGAL;Not applicable (Contractual recognition of bail-in powers);0,26;0;Euro;2021-12-31;2022-01-03;2099-01-31;Unsecured;0;N/A;Structured;0;No;0
1347;r0390 - Non-financial liabilities;c004x   - Institutions;Rank 9 - Ranking in insolvency (master scale);962304870323050;BANCO SANTANDER SA;5493006QMFDDMYWIAM13;LEI code;Parent;false;PORTUGAL;Not applicable (Contractual recognition of bail-in powers);8,32;0;Euro;2021-12-31;2022-01-03;2099-01-31;Unsecured;0;N/A;Structured;0;No;0
1348;r0120 - Secured liabilities - collateralized part (BRRD art. 44/2/b);c005x   - Other financial corporations;Rank 20 - Ranking in insolvency (master scale);037100000000000;HIPOTOTTA 5 PLC;7400987939;Type of identifier, other than LEI or MFI code;Sister;true;PORTUGAL;Not applicable (Contractual recognition of bail-in powers);17720,72;1,98;Euro;2021-12-31;2022-01-03;2065-12-14;Secured;0;N/A;Non-structured/Vanilla;0;No;0
1349;r0390 - Non-financial liabilities;c004x   - Institutions;Rank 9 - Ranking in insolvency (master scale);962304820309020;BANCO SANTANDER SA;5493006QMFDDMYWIAM13;LEI code;Parent;false;PORTUGAL;Not applicable (Contractual recognition of bail-in powers);0,45;0;Euro;2021-12-31;2022-01-03;2099-01-31;Unsecured;0;N/A;Structured;0;No;0
1350;r0390 - Non-financial liabilities;c004x   - Institutions;Rank 9 - Ranking in insolvency (master scale);962304820272510;BANCO SANTANDER SA;5493006QMFDDMYWIAM13;LEI code;Parent;false;PORTUGAL;Not applicable (Contractual recognition of bail-in powers);41,11;0;Euro;2021-12-31;2022-01-03;2099-01-31;Unsecured;0;N/A;Structured;0;No;0
1351;r0120 - Secured liabilities - collateralized part (BRRD art. 44/2/b);c005x   - Other financial corporations;Rank 20 - Ranking in insolvency (master scale);324500000000000;HIPOTOTTA Nº 4 PLC;7400615058;Type of identifier, other than LEI or MFI code;Sister;true;PORTUGAL;Not applicable (Contractual recognition of bail-in powers);98028,62;29,71;Euro;2021-12-31;2022-01-03;2065-12-14;Secured;0;N/A;Non-structured/Vanilla;0;No;0
1352;r0390 - Non-financial liabilities;c004x   - Institutions;Rank 9 - Ranking in insolvency (master scale);862304880017150;BANCO SANTANDER SA;5493006QMFDDMYWIAM13;LEI code;Parent;false;PORTUGAL;Not applicable (Contractual recognition of bail-in powers);0,47;0;Euro;2021-12-31;2022-01-03;2099-01-31;Unsecured;0;N/A;Structured;0;No;0
1353;r0120 - Secured liabilities - collateralized part (BRRD art. 44/2/b);c005x   - Other financial corporations;Rank 20 - Ranking in insolvency (master scale);310000000000000;HIPOTOTTA 5 PLC;7400987939;Type of identifier, other than LEI or MFI code;Sister;true;PORTUGAL;Not applicable (Contractual recognition of bail-in powers);105661,94;-9,79;Euro;2021-12-31;2022-01-03;2065-12-14;Secured;0;N/A;Non-structured/Vanilla;0;No;0
1354;r0390 - Non-financial liabilities;c004x   - Institutions;Rank 9 - Ranking in insolvency (master scale);962304820183980;BANCO SANTANDER SA;5493006QMFDDMYWIAM13;LEI code;Parent;false;PORTUGAL;Not applicable (Contractual recognition of bail-in powers);56,29;0;Euro;2021-12-31;2022-01-03;2099-01-31;Unsecured;0;N/A;Structured;0;No;0
1355;r0120 - Secured liabilities - collateralized part (BRRD art. 44/2/b);c005x   - Other financial corporations;Rank 20 - Ranking in insolvency (master scale);026400000000000;GAMMA SOC TITULARIZACAO CREDITOS, SA;2101355138;Type of identifier, other than LEI or MFI code;Sister;true;PORTUGAL;Not applicable (Contractual recognition of bail-in powers);72207,45;15,35;Euro;2021-12-31;2022-01-03;2065-12-14;Secured;0;N/A;Non-structured/Vanilla;0;No;0
1356;r0390 - Non-financial liabilities;c004x   - Institutions;Rank 9 - Ranking in insolvency (master scale);962304820340080;BANCO SANTANDER PARIS;7400416227;Type of identifier, other than LEI or MFI code;Sister;false;PORTUGAL;Not applicable (Contractual recognition of bail-in powers);7;0;Euro;2021-12-31;2022-01-03;2099-01-31;Unsecured;0;N/A;Structured;0;No;0
1357;r0120 - Secured liabilities - collateralized part (BRRD art. 44/2/b);c005x   - Other financial corporations;Rank 20 - Ranking in insolvency (master scale);311000000000000;HIPOTOTTA Nº 4 PLC;7400615058;Type of identifier, other than LEI or MFI code;Sister;true;PORTUGAL;Not applicable (Contractual recognition of bail-in powers);59198,12;-6,06;Euro;2021-12-31;2022-01-03;2065-12-14;Secured;0;N/A;Non-structured/Vanilla;0;No;0
1358;r0390 - Non-financial liabilities;c004x   - Institutions;Rank 9 - Ranking in insolvency (master scale);962304820358480;BANCO SANTANDER SA;5493006QMFDDMYWIAM13;LEI code;Parent;false;PORTUGAL;Not applicable (Contractual recognition of bail-in powers);0,51;0;Euro;2021-12-31;2022-01-03;2099-01-31;Unsecured;0;N/A;Structured;0;No;0
1359;r0120 - Secured liabilities - collateralized part (BRRD art. 44/2/b);c005x   - Other financial corporations;Rank 20 - Ranking in insolvency (master scale);039600000000000;GAMMA SOC TITULARIZACAO CREDITOS, SA;2101355138;Type of identifier, other than LEI or MFI code;Sister;true;PORTUGAL;Not applicable (Contractual recognition of bail-in powers);31358,11;39,12;Euro;2021-12-31;2022-01-03;2065-12-14;Secured;0;N/A;Non-structured/Vanilla;0;No;0
1360;r0390 - Non-financial liabilities;c004x   - Institutions;Rank 9 - Ranking in insolvency (master scale);962304870356900;BANCO SANTANDER SA;5493006QMFDDMYWIAM13;LEI code;Parent;false;PORTUGAL;Not applicable (Contractual recognition of bail-in powers);49,88;0;Euro;2021-12-31;2022-01-03;2099-01-31;Unsecured;0;N/A;Structured;0;No;0
1361;r0120 - Secured liabilities - collateralized part (BRRD art. 44/2/b);c005x   - Other financial corporations;Rank 20 - Ranking in insolvency (master scale);314000000000000;HIPOTOTTA Nº 4 PLC;7400615058;Type of identifier, other than LEI or MFI code;Sister;true;PORTUGAL;Not applicable (Contractual recognition of bail-in powers);66769,07;-6,24;Euro;2021-12-31;2022-01-03;2065-12-14;Secured;0;N/A;Non-structured/Vanilla;0;No;0
1362;r0120 - Secured liabilities - collateralized part (BRRD art. 44/2/b);c005x   - Other financial corporations;Rank 20 - Ranking in insolvency (master scale);311500000000000;HIPOTOTTA Nº 4 PLC;7400615058;Type of identifier, other than LEI or MFI code;Sister;true;PORTUGAL;Not applicable (Contractual recognition of bail-in powers);131970,19;45,6;Euro;2021-12-31;2022-01-03;2065-12-14;Secured;0;N/A;Non-structured/Vanilla;0;No;0
1363;r0120 - Secured liabilities - collateralized part (BRRD art. 44/2/b);c005x   - Other financial corporations;Rank 20 - Ranking in insolvency (master scale);037300000000000;HIPOTOTTA Nº 4 PLC;7400615058;Type of identifier, other than LEI or MFI code;Sister;true;PORTUGAL;Not applicable (Contractual recognition of bail-in powers);777904,22;106,05;Euro;2021-12-31;2022-01-03;2065-12-14;Secured;0;N/A;Non-structured/Vanilla;0;No;0
1364;r0390 - Non-financial liabilities;c004x   - Institutions;Rank 9 - Ranking in insolvency (master scale);962304820295820;BANCO SANTANDER SA;5493006QMFDDMYWIAM13;LEI code;Parent;false;PORTUGAL;Not applicable (Contractual recognition of bail-in powers);0,33;0;Euro;2021-12-31;2022-01-03;2099-01-31;Unsecured;0;N/A;Structured;0;No;0
1365;r0120 - Secured liabilities - collateralized part (BRRD art. 44/2/b);c005x   - Other financial corporations;Rank 20 - Ranking in insolvency (master scale);312000000000000;HIPOTOTTA Nº 4 PLC;7400615058;Type of identifier, other than LEI or MFI code;Sister;true;PORTUGAL;Not applicable (Contractual recognition of bail-in powers);62818,08;100,09;Euro;2021-12-31;2022-01-03;2065-12-14;Secured;0;N/A;Non-structured/Vanilla;0;No;0
1366;r0390 - Non-financial liabilities;c004x   - Institutions;Rank 9 - Ranking in insolvency (master scale);962304820306090;BANCO SANTANDER SA;5493006QMFDDMYWIAM13;LEI code;Parent;false;PORTUGAL;Not applicable (Contractual recognition of bail-in powers);0,62;0;Euro;2021-12-31;2022-01-03;2099-01-31;Unsecured;0;N/A;Structured;0;No;0
1367;r0120 - Secured liabilities - collateralized part (BRRD art. 44/2/b);c005x   - Other financial corporations;Rank 20 - Ranking in insolvency (master scale);321100000000000;HIPOTOTTA Nº 4 PLC;7400615058;Type of identifier, other than LEI or MFI code;Sister;true;PORTUGAL;Not applicable (Contractual recognition of bail-in powers);173139,9;127,39;Euro;2021-12-31;2022-01-03;2065-12-14;Secured;0;N/A;Non-structured/Vanilla;0;No;0
1368;r0390 - Non-financial liabilities;c004x   - Institutions;Rank 9 - Ranking in insolvency (master scale);962304820309480;BANCO SANTANDER SA;5493006QMFDDMYWIAM13;LEI code;Parent;false;PORTUGAL;Not applicable (Contractual recognition of bail-in powers);2,37;0;Euro;2021-12-31;2022-01-03;2099-01-31;Unsecured;0;N/A;Structured;0;No;0
1369;r0120 - Secured liabilities - collateralized part (BRRD art. 44/2/b);c005x   - Other financial corporations;Rank 20 - Ranking in insolvency (master scale);313500000000000;GAMMA SOC TITULARIZACAO CREDITOS, SA;2101355138;Type of identifier, other than LEI or MFI code;Sister;true;PORTUGAL;Not applicable (Contractual recognition of bail-in powers);152264,19;65,23;Euro;2021-12-31;2022-01-03;2065-12-14;Secured;0;N/A;Non-structured/Vanilla;0;No;0
1370;r0390 - Non-financial liabilities;c004x   - Institutions;Rank 9 - Ranking in insolvency (master scale);962304820321330;BANCO SANTANDER SA;5493006QMFDDMYWIAM13;LEI code;Parent;false;PORTUGAL;Not applicable (Contractual recognition of bail-in powers);26,67;0;Euro;2021-12-31;2022-01-03;2099-01-31;Unsecured;0;N/A;Structured;0;No;0
1371;r0390 - Non-financial liabilities;c004x   - Institutions;Rank 9 - Ranking in insolvency (master scale);962304820242890;BANCO SANTANDER SA;5493006QMFDDMYWIAM13;LEI code;Parent;false;PORTUGAL;Not applicable (Contractual recognition of bail-in powers);18,89;0;Euro;2021-12-31;2022-01-03;2099-01-31;Unsecured;0;N/A;Structured;0;No;0
1372;r0120 - Secured liabilities - collateralized part (BRRD art. 44/2/b);c005x   - Other financial corporations;Rank 20 - Ranking in insolvency (master scale);314000000000000;GAMMA SOC TITULARIZACAO CREDITOS, SA;2101355138;Type of identifier, other than LEI or MFI code;Sister;true;PORTUGAL;Not applicable (Contractual recognition of bail-in powers);87537,85;1,62;Euro;2021-12-31;2022-01-03;2065-12-14;Secured;0;N/A;Non-structured/Vanilla;0;No;0
1373;r0390 - Non-financial liabilities;c004x   - Institutions;Rank 9 - Ranking in insolvency (master scale);962304820037810;BANCO SANTANDER SA;5493006QMFDDMYWIAM13;LEI code;Parent;false;PORTUGAL;Not applicable (Contractual recognition of bail-in powers);0,28;0;Euro;2021-12-31;2022-01-03;2099-01-31;Unsecured;0;N/A;Structured;0;No;0
1374;r0390 - Non-financial liabilities;c004x   - Institutions;Rank 9 - Ranking in insolvency (master scale);862304880011600;BANCO SANTANDER SA;5493006QMFDDMYWIAM13;LEI code;Parent;false;PORTUGAL;Not applicable (Contractual recognition of bail-in powers);0,23;0;Euro;2021-12-31;2022-01-03;2099-01-31;Unsecured;0;N/A;Structured;0;No;0
1375;r0390 - Non-financial liabilities;c004x   - Institutions;Rank 9 - Ranking in insolvency (master scale);962304820260590;BANCO SANTANDER SA;5493006QMFDDMYWIAM13;LEI code;Parent;false;PORTUGAL;Not applicable (Contractual recognition of bail-in powers);82,22;0;Euro;2021-12-31;2022-01-03;2099-01-31;Unsecured;0;N/A;Structured;0;No;0
1376;r0120 - Secured liabilities - collateralized part (BRRD art. 44/2/b);c005x   - Other financial corporations;Rank 20 - Ranking in insolvency (master scale);314500000000000;GAMMA SOC TITULARIZACAO CREDITOS, SA;2101355138;Type of identifier, other than LEI or MFI code;Sister;true;PORTUGAL;Not applicable (Contractual recognition of bail-in powers);147690,59;60,74;Euro;2021-12-31;2022-01-03;2065-12-14;Secured;0;N/A;Non-structured/Vanilla;0;No;0
1377;r0390 - Non-financial liabilities;c004x   - Institutions;Rank 9 - Ranking in insolvency (master scale);862304880012160;BANCO SANTANDER SA;5493006QMFDDMYWIAM13;LEI code;Parent;false;PORTUGAL;Not applicable (Contractual recognition of bail-in powers);0,55;0;Euro;2021-12-31;2022-01-03;2099-01-31;Unsecured;0;N/A;Structured;0;No;0
1378;r0120 - Secured liabilities - collateralized part (BRRD art. 44/2/b);c005x   - Other financial corporations;Rank 20 - Ranking in insolvency (master scale);037500000000000;GAMMA SOC TITULARIZACAO CREDITOS, SA;2101355138;Type of identifier, other than LEI or MFI code;Sister;true;PORTUGAL;Not applicable (Contractual recognition of bail-in powers);177363,09;-16,51;Euro;2021-12-31;2022-01-03;2065-12-14;Secured;0;N/A;Non-structured/Vanilla;0;No;0
1379;r0390 - Non-financial liabilities;c004x   - Institutions;Rank 9 - Ranking in insolvency (master scale);962304820273560;BANCO SANTANDER SA;5493006QMFDDMYWIAM13;LEI code;Parent;false;PORTUGAL;Not applicable (Contractual recognition of bail-in powers);54,44;0;Euro;2021-12-31;2022-01-03;2099-01-31;Unsecured;0;N/A;Structured;0;No;0
1380;r0120 - Secured liabilities - collateralized part (BRRD art. 44/2/b);c005x   - Other financial corporations;Rank 20 - Ranking in insolvency (master scale);315500000000000;GAMMA SOC TITULARIZACAO CREDITOS, SA;2101355138;Type of identifier, other than LEI or MFI code;Sister;true;PORTUGAL;Not applicable (Contractual recognition of bail-in powers);68632,83;-3,63;Euro;2021-12-31;2022-01-03;2065-12-14;Secured;0;N/A;Non-structured/Vanilla;0;No;0
1381;r0390 - Non-financial liabilities;c004x   - Institutions;Rank 9 - Ranking in insolvency (master scale);962304820141970;BANCO SANTANDER SA;5493006QMFDDMYWIAM13;LEI code;Parent;false;PORTUGAL;Not applicable (Contractual recognition of bail-in powers);4,44;0;Euro;2021-12-31;2022-01-03;2099-01-31;Unsecured;0;N/A;Structured;0;No;0
1382;r0120 - Secured liabilities - collateralized part (BRRD art. 44/2/b);c005x   - Other financial corporations;Rank 20 - Ranking in insolvency (master scale);329000000000000;HIPOTOTTA Nº 4 PLC;7400615058;Type of identifier, other than LEI or MFI code;Sister;true;PORTUGAL;Not applicable (Contractual recognition of bail-in powers);196051,11;263,38;Euro;2021-12-31;2022-01-03;2065-12-14;Secured;0;N/A;Non-structured/Vanilla;0;No;0
1383;r0390 - Non-financial liabilities;c004x   - Institutions;Rank 9 - Ranking in insolvency (master scale);962304820283590;BANCO SANTANDER SA;5493006QMFDDMYWIAM13;LEI code;Parent;false;PORTUGAL;Not applicable (Contractual recognition of bail-in powers);73,33;0;Euro;2021-12-31;2022-01-03;2099-01-31;Unsecured;0;N/A;Structured;0;No;0
1384;r0120 - Secured liabilities - collateralized part (BRRD art. 44/2/b);c005x   - Other financial corporations;Rank 20 - Ranking in insolvency (master scale);316000000000000;HIPOTOTTA 5 PLC;7400987939;Type of identifier, other than LEI or MFI code;Sister;true;PORTUGAL;Not applicable (Contractual recognition of bail-in powers);20691,95;24,55;Euro;2021-12-31;2022-01-03;2065-12-14;Secured;0;N/A;Non-structured/Vanilla;0;No;0
1385;r0390 - Non-financial liabilities;c004x   - Institutions;Rank 9 - Ranking in insolvency (master scale);862304840057070;BANCO SANTANDER SA;5493006QMFDDMYWIAM13;LEI code;Parent;false;PORTUGAL;Not applicable (Contractual recognition of bail-in powers);0,06;0;Euro;2021-12-31;2022-01-03;2099-01-31;Unsecured;0;N/A;Structured;0;No;0
1386;r0120 - Secured liabilities - collateralized part (BRRD art. 44/2/b);c005x   - Other financial corporations;Rank 20 - Ranking in insolvency (master scale);026500000000000;HIPOTOTTA 5 PLC;7400987939;Type of identifier, other than LEI or MFI code;Sister;true;PORTUGAL;Not applicable (Contractual recognition of bail-in powers);23978,41;0,64;Euro;2021-12-31;2022-01-03;2065-12-14;Secured;0;N/A;Non-structured/Vanilla;0;No;0
1387;r0390 - Non-financial liabilities;c004x   - Institutions;Rank 9 - Ranking in insolvency (master scale);962304820163410;BANCO SANTANDER SA;5493006QMFDDMYWIAM13;LEI code;Parent;false;PORTUGAL;Not applicable (Contractual recognition of bail-in powers);13,55;0;Euro;2021-12-31;2022-01-03;2099-01-31;Unsecured;0;N/A;Structured;0;No;0
1388;r0120 - Secured liabilities - collateralized part (BRRD art. 44/2/b);c005x   - Other financial corporations;Rank 20 - Ranking in insolvency (master scale);317500000000000;GAMMA SOC TITULARIZACAO CREDITOS, SA;2101355138;Type of identifier, other than LEI or MFI code;Sister;true;PORTUGAL;Not applicable (Contractual recognition of bail-in powers);45625,89;24,74;Euro;2021-12-31;2022-01-03;2065-12-14;Secured;0;N/A;Non-structured/Vanilla;0;No;0
1389;r0390 - Non-financial liabilities;c004x   - Institutions;Rank 9 - Ranking in insolvency (master scale);862304880020760;BANCO SANTANDER SA;5493006QMFDDMYWIAM13;LEI code;Parent;false;PORTUGAL;Not applicable (Contractual recognition of bail-in powers);0,89;0;Euro;2021-12-31;2022-01-03;2099-01-31;Unsecured;0;N/A;Structured;0;No;0
1390;r0320 - Deposits, not covered and not preferential;c005x   - Other financial corporations;Rank 12 - Ranking in insolvency (master scale);000000000000000;SANTANDER PENSOES;5493006JZ38GITC0RV57;LEI code;Sister;false;PORTUGAL;Not applicable (Contractual recognition of bail-in powers);2762541,54;0;Euro;2021-12-31;2022-01-03;2022-01-03;Unsecured;0;N/A;Non-structured/Vanilla;0;No;0
1391;r0390 - Non-financial liabilities;c004x   - Institutions;Rank 9 - Ranking in insolvency (master scale);962304820179730;BANCO SANTANDER SA;5493006QMFDDMYWIAM13;LEI code;Parent;false;PORTUGAL;Not applicable (Contractual recognition of bail-in powers);4,86;0;Euro;2021-12-31;2022-01-03;2099-01-31;Unsecured;0;N/A;Structured;0;No;0
1392;r0120 - Secured liabilities - collateralized part (BRRD art. 44/2/b);c005x   - Other financial corporations;Rank 20 - Ranking in insolvency (master scale);317800000000000;HIPOTOTTA Nº 4 PLC;7400615058;Type of identifier, other than LEI or MFI code;Sister;true;PORTUGAL;Not applicable (Contractual recognition of bail-in powers);120690,28;124,44;Euro;2021-12-31;2022-01-03;2065-12-14;Secured;0;N/A;Non-structured/Vanilla;0;No;0
1393;r0390 - Non-financial liabilities;c004x   - Institutions;Rank 9 - Ranking in insolvency (master scale);862304880010340;BANCO SANTANDER SA;5493006QMFDDMYWIAM13;LEI code;Parent;false;PORTUGAL;Not applicable (Contractual recognition of bail-in powers);31,68;0;Euro;2021-12-31;2022-01-03;2099-01-31;Unsecured;0;N/A;Structured;0;No;0
1394;r0120 - Secured liabilities - collateralized part (BRRD art. 44/2/b);c005x   - Other financial corporations;Rank 20 - Ranking in insolvency (master scale);037600000000000;HIPOTOTTA 5 PLC;7400987939;Type of identifier, other than LEI or MFI code;Sister;true;PORTUGAL;Not applicable (Contractual recognition of bail-in powers);97029,17;-7;Euro;2021-12-31;2022-01-03;2065-12-14;Secured;0;N/A;Non-structured/Vanilla;0;No;0
1395;r0390 - Non-financial liabilities;c004x   - Institutions;Rank 9 - Ranking in insolvency (master scale);962304820201320;BANCO SANTANDER SA;5493006QMFDDMYWIAM13;LEI code;Parent;false;PORTUGAL;Not applicable (Contractual recognition of bail-in powers);16;0;Euro;2021-12-31;2022-01-03;2099-01-31;Unsecured;0;N/A;Structured;0;No;0
1396;r0120 - Secured liabilities - collateralized part (BRRD art. 44/2/b);c005x   - Other financial corporations;Rank 20 - Ranking in insolvency (master scale);318500000000000;HIPOTOTTA 5 PLC;7400987939;Type of identifier, other than LEI or MFI code;Sister;true;PORTUGAL;Not applicable (Contractual recognition of bail-in powers);69673,98;17,74;Euro;2021-12-31;2022-01-03;2065-12-14;Secured;0;N/A;Non-structured/Vanilla;0;No;0
1397;r0390 - Non-financial liabilities;c004x   - Institutions;Rank 9 - Ranking in insolvency (master scale);862304880026090;BANCO SANTANDER SA;5493006QMFDDMYWIAM13;LEI code;Parent;false;PORTUGAL;Not applicable (Contractual recognition of bail-in powers);2,13;0;Euro;2021-12-31;2022-01-03;2099-01-31;Unsecured;0;N/A;Structured;0;No;0
1398;r0120 - Secured liabilities - collateralized part (BRRD art. 44/2/b);c005x   - Other financial corporations;Rank 20 - Ranking in insolvency (master scale);325500000000000;HIPOTOTTA Nº 4 PLC;7400615058;Type of identifier, other than LEI or MFI code;Sister;true;PORTUGAL;Not applicable (Contractual recognition of bail-in powers);86278,91;21,23;Euro;2021-12-31;2022-01-03;2065-12-14;Secured;0;N/A;Non-structured/Vanilla;0;No;0
1399;r0390 - Non-financial liabilities;c004x   - Institutions;Rank 9 - Ranking in insolvency (master scale);962304820225180;BANCO SANTANDER SA;5493006QMFDDMYWIAM13;LEI code;Parent;false;PORTUGAL;Not applicable (Contractual recognition of bail-in powers);2,16;0;Euro;2021-12-31;2022-01-03;2099-01-31;Unsecured;0;N/A;Structured;0;No;0
1400;r0120 - Secured liabilities - collateralized part (BRRD art. 44/2/b);c005x   - Other financial corporations;Rank 20 - Ranking in insolvency (master scale);319100000000000;HIPOTOTTA 5 PLC;7400987939;Type of identifier, other than LEI or MFI code;Sister;true;PORTUGAL;Not applicable (Contractual recognition of bail-in powers);31594,16;50,34;Euro;2021-12-31;2022-01-03;2065-12-14;Secured;0;N/A;Non-structured/Vanilla;0;No;0
1401;r0390 - Non-financial liabilities;c004x   - Institutions;Rank 9 - Ranking in insolvency (master scale);962304820336320;BANCO SANTANDER SA;5493006QMFDDMYWIAM13;LEI code;Parent;false;PORTUGAL;Not applicable (Contractual recognition of bail-in powers);3,16;0;Euro;2021-12-31;2022-01-03;2099-01-31;Unsecured;0;N/A;Structured;0;No;0
1402;r0320 - Deposits, not covered and not preferential;c005x   - Other financial corporations;Rank 12 - Ranking in insolvency (master scale);000000000000000;Santander Consumer Finance, S.A.;8046556500;Type of identifier, other than LEI or MFI code;Sister;false;PORTUGAL;Not applicable (Contractual recognition of bail-in powers);27583926,43;0;Euro;2021-12-31;2022-01-03;2022-01-03;Unsecured;0;N/A;Non-structured/Vanilla;0;No;0
1403;r0390 - Non-financial liabilities;c004x   - Institutions;Rank 9 - Ranking in insolvency (master scale);962304820338320;BANCO SANTANDER SA;5493006QMFDDMYWIAM13;LEI code;Parent;false;PORTUGAL;Not applicable (Contractual recognition of bail-in powers);0,37;0;Euro;2021-12-31;2022-01-03;2099-01-31;Unsecured;0;N/A;Structured;0;No;0
1404;r0120 - Secured liabilities - collateralized part (BRRD art. 44/2/b);c005x   - Other financial corporations;Rank 20 - Ranking in insolvency (master scale);320000000000000;GAMMA SOC TITULARIZACAO CREDITOS, SA;2101355138;Type of identifier, other than LEI or MFI code;Sister;true;PORTUGAL;Not applicable (Contractual recognition of bail-in powers);67228,74;107,12;Euro;2021-12-31;2022-01-03;2065-12-14;Secured;0;N/A;Non-structured/Vanilla;0;No;0
1405;r0390 - Non-financial liabilities;c004x   - Institutions;Rank 9 - Ranking in insolvency (master scale);962304820340130;BANCO SANTANDER PARIS;7400416227;Type of identifier, other than LEI or MFI code;Sister;false;PORTUGAL;Not applicable (Contractual recognition of bail-in powers);4,87;0;Euro;2021-12-31;2022-01-03;2099-01-31;Unsecured;0;N/A;Structured;0;No;0
1406;r0390 - Non-financial liabilities;c004x   - Institutions;Rank 9 - Ranking in insolvency (master scale);962304820229380;BANCO SANTANDER SA;5493006QMFDDMYWIAM13;LEI code;Parent;false;PORTUGAL;Not applicable (Contractual recognition of bail-in powers);26,67;0;Euro;2021-12-31;2022-01-03;2099-01-31;Unsecured;0;N/A;Structured;0;No;0
1407;r0390 - Non-financial liabilities;c004x   - Institutions;Rank 9 - Ranking in insolvency (master scale);962304820340800;BANCO SANTANDER SA;5493006QMFDDMYWIAM13;LEI code;Parent;false;PORTUGAL;Not applicable (Contractual recognition of bail-in powers);47,61;0;Euro;2021-12-31;2022-01-03;2099-01-31;Unsecured;0;N/A;Structured;0;No;0
1408;r0120 - Secured liabilities - collateralized part (BRRD art. 44/2/b);c005x   - Other financial corporations;Rank 20 - Ranking in insolvency (master scale);320500000000000;GAMMA SOC TITULARIZACAO CREDITOS, SA;2101355138;Type of identifier, other than LEI or MFI code;Sister;true;PORTUGAL;Not applicable (Contractual recognition of bail-in powers);107481,38;50,65;Euro;2021-12-31;2022-01-03;2065-12-14;Secured;0;N/A;Non-structured/Vanilla;0;No;0
1409;r0390 - Non-financial liabilities;c004x   - Institutions;Rank 9 - Ranking in insolvency (master scale);962304820345600;BANCO SANTANDER SA;5493006QMFDDMYWIAM13;LEI code;Parent;false;PORTUGAL;Not applicable (Contractual recognition of bail-in powers);51,2;0;Euro;2021-12-31;2022-01-03;2099-01-31;Unsecured;0;N/A;Structured;0;No;0
1410;r0120 - Secured liabilities - collateralized part (BRRD art. 44/2/b);c005x   - Other financial corporations;Rank 20 - Ranking in insolvency (master scale);037900000000000;HIPOTOTTA 5 PLC;7400987939;Type of identifier, other than LEI or MFI code;Sister;true;PORTUGAL;Not applicable (Contractual recognition of bail-in powers);53383,6;0,54;Euro;2021-12-31;2022-01-03;2065-12-14;Secured;0;N/A;Non-structured/Vanilla;0;No;0
1411;r0390 - Non-financial liabilities;c004x   - Institutions;Rank 9 - Ranking in insolvency (master scale);962304820358420;BANCO SANTANDER SA;5493006QMFDDMYWIAM13;LEI code;Parent;false;PORTUGAL;Not applicable (Contractual recognition of bail-in powers);0,76;0;Euro;2021-12-31;2022-01-03;2099-01-31;Unsecured;0;N/A;Structured;0;No;0
1412;r0120 - Secured liabilities - collateralized part (BRRD art. 44/2/b);c005x   - Other financial corporations;Rank 20 - Ranking in insolvency (master scale);322000000000000;HIPOTOTTA Nº 4 PLC;7400615058;Type of identifier, other than LEI or MFI code;Sister;true;PORTUGAL;Not applicable (Contractual recognition of bail-in powers);8754,13;3,37;Euro;2021-12-31;2022-01-03;2065-12-14;Secured;0;N/A;Non-structured/Vanilla;0;No;0
1413;r0390 - Non-financial liabilities;c004x   - Institutions;Rank 9 - Ranking in insolvency (master scale);962304820359300;BANCO SANTANDER SA;5493006QMFDDMYWIAM13;LEI code;Parent;false;PORTUGAL;Not applicable (Contractual recognition of bail-in powers);43,33;0;Euro;2021-12-31;2022-01-03;2099-01-31;Unsecured;0;N/A;Structured;0;No;0
1414;r0120 - Secured liabilities - collateralized part (BRRD art. 44/2/b);c005x   - Other financial corporations;Rank 20 - Ranking in insolvency (master scale);327500000000000;GAMMA SOC TITULARIZACAO CREDITOS, SA;2101355138;Type of identifier, other than LEI or MFI code;Sister;true;PORTUGAL;Not applicable (Contractual recognition of bail-in powers);87012,3;39,99;Euro;2021-12-31;2022-01-03;2065-12-14;Secured;0;N/A;Non-structured/Vanilla;0;No;0
1415;r0390 - Non-financial liabilities;c004x   - Institutions;Rank 9 - Ranking in insolvency (master scale);962304830362520;BANCO SANTANDER SA;5493006QMFDDMYWIAM13;LEI code;Parent;false;PORTUGAL;Not applicable (Contractual recognition of bail-in powers);22,41;0;Euro;2021-12-31;2022-01-03;2099-01-31;Unsecured;0;N/A;Structured;0;No;0
1416;r0120 - Secured liabilities - collateralized part (BRRD art. 44/2/b);c005x   - Other financial corporations;Rank 20 - Ranking in insolvency (master scale);322300000000000;GAMMA SOC TITULARIZACAO CREDITOS, SA;2101355138;Type of identifier, other than LEI or MFI code;Sister;true;PORTUGAL;Not applicable (Contractual recognition of bail-in powers);529928,29;233,33;Euro;2021-12-31;2022-01-03;2065-12-14;Secured;0;N/A;Non-structured/Vanilla;0;No;0
1417;r0390 - Non-financial liabilities;c004x   - Institutions;Rank 9 - Ranking in insolvency (master scale);962304870327990;BANCO SANTANDER SA;5493006QMFDDMYWIAM13;LEI code;Parent;false;PORTUGAL;Not applicable (Contractual recognition of bail-in powers);0,18;0;Euro;2021-12-31;2022-01-03;2099-01-31;Unsecured;0;N/A;Structured;0;No;0
1418;r0120 - Secured liabilities - collateralized part (BRRD art. 44/2/b);c005x   - Other financial corporations;Rank 20 - Ranking in insolvency (master scale);026700000000000;GAMMA SOC TITULARIZACAO CREDITOS, SA;2101355138;Type of identifier, other than LEI or MFI code;Sister;true;PORTUGAL;Not applicable (Contractual recognition of bail-in powers);99661,25;26,7;Euro;2021-12-31;2022-01-03;2065-12-14;Secured;0;N/A;Non-structured/Vanilla;0;No;0
1419;r0390 - Non-financial liabilities;c004x   - Institutions;Rank 9 - Ranking in insolvency (master scale);962304870355340;Sucursal BSCH Frankfurt;0000046859;Type of identifier, other than LEI or MFI code;Sister;false;PORTUGAL;Not applicable (Contractual recognition of bail-in powers);7,51;0;Euro;2021-12-31;2022-01-03;2099-01-31;Unsecured;0;N/A;Structured;0;No;0
1420;r0120 - Secured liabilities - collateralized part (BRRD art. 44/2/b);c005x   - Other financial corporations;Rank 20 - Ranking in insolvency (master scale);323000000000000;HIPOTOTTA Nº 4 PLC;7400615058;Type of identifier, other than LEI or MFI code;Sister;true;PORTUGAL;Not applicable (Contractual recognition of bail-in powers);31270,17;49,52;Euro;2021-12-31;2022-01-03;2065-12-14;Secured;0;N/A;Non-structured/Vanilla;0;No;0
1421;r0390 - Non-financial liabilities;c005x   - Other financial corporations;Rank 9 - Ranking in insolvency (master scale);962304880000820;NOVIMOVEST;7400685089;Type of identifier, other than LEI or MFI code;Sister;true;PORTUGAL;Not applicable (Contractual recognition of bail-in powers);0,27;0;Euro;2021-12-31;2022-01-03;2099-01-31;Unsecured;0;N/A;Structured;0;No;0
1422;r0390 - Non-financial liabilities;c005x   - Other financial corporations;Rank 9 - Ranking in insolvency (master scale);205612750000000;Totta Ireland, PLC;8041492238;Type of identifier, other than LEI or MFI code;Sister;true;PORTUGAL;Not applicable (Contractual recognition of bail-in powers);35919,17;0;Euro;2021-12-31;2022-01-03;2099-01-31;Unsecured;0;N/A;Structured;0;No;0
1423;r0120 - Secured liabilities - collateralized part (BRRD art. 44/2/b);c005x   - Other financial corporations;Rank 20 - Ranking in insolvency (master scale);037900000000000;HIPOTOTTA Nº 4 PLC;7400615058;Type of identifier, other than LEI or MFI code;Sister;true;PORTUGAL;Not applicable (Contractual recognition of bail-in powers);60116,68;39,2;Euro;2021-12-31;2022-01-03;2065-12-14;Secured;0;N/A;Non-structured/Vanilla;0;No;0
1424;r0120 - Secured liabilities - collateralized part (BRRD art. 44/2/b);c005x   - Other financial corporations;Rank 20 - Ranking in insolvency (master scale);038300000000000;HIPOTOTTA Nº 4 PLC;7400615058;Type of identifier, other than LEI or MFI code;Sister;true;PORTUGAL;Not applicable (Contractual recognition of bail-in powers);1957251,87;476,54;Euro;2021-12-31;2022-01-03;2065-12-14;Secured;0;N/A;Non-structured/Vanilla;0;No;0
1425;r0120 - Secured liabilities - collateralized part (BRRD art. 44/2/b);c005x   - Other financial corporations;Rank 20 - Ranking in insolvency (master scale);323500000000000;GAMMA SOC TITULARIZACAO CREDITOS, SA;2101355138;Type of identifier, other than LEI or MFI code;Sister;true;PORTUGAL;Not applicable (Contractual recognition of bail-in powers);489029,04;464,35;Euro;2021-12-31;2022-01-03;2065-12-14;Secured;0;N/A;Non-structured/Vanilla;0;No;0
1426;r0120 - Secured liabilities - collateralized part (BRRD art. 44/2/b);c005x   - Other financial corporations;Rank 20 - Ranking in insolvency (master scale);344500000000000;HIPOTOTTA Nº 4 PLC;7400615058;Type of identifier, other than LEI or MFI code;Sister;true;PORTUGAL;Not applicable (Contractual recognition of bail-in powers);35257,4;3,49;Euro;2021-12-31;2022-01-03;2065-12-14;Secured;0;N/A;Non-structured/Vanilla;0;No;0
1427;r0120 - Secured liabilities - collateralized part (BRRD art. 44/2/b);c005x   - Other financial corporations;Rank 20 - Ranking in insolvency (master scale);026600000000000;HIPOTOTTA 5 PLC;7400987939;Type of identifier, other than LEI or MFI code;Sister;true;PORTUGAL;Not applicable (Contractual recognition of bail-in powers);112799,25;20,59;Euro;2021-12-31;2022-01-03;2065-12-14;Secured;0;N/A;Non-structured/Vanilla;0;No;0
1428;r0120 - Secured liabilities - collateralized part (BRRD art. 44/2/b);c005x   - Other financial corporations;Rank 20 - Ranking in insolvency (master scale);324000000000000;GAMMA SOC TITULARIZACAO CREDITOS, SA;2101355138;Type of identifier, other than LEI or MFI code;Sister;true;PORTUGAL;Not applicable (Contractual recognition of bail-in powers);67799,78;4,26;Euro;2021-12-31;2022-01-03;2065-12-14;Secured;0;N/A;Non-structured/Vanilla;0;No;0
1429;r0390 - Non-financial liabilities;c004x   - Institutions;Rank 9 - Ranking in insolvency (master scale);962304820286560;Banco Santander Brasil S.A.;6511000505;Type of identifier, other than LEI or MFI code;Sister;false;PORTUGAL;Not applicable (Contractual recognition of bail-in powers);1745,41;0;Euro;2021-12-31;2022-01-03;2099-01-31;Unsecured;0;N/A;Structured;0;No;0
1430;r0120 - Secured liabilities - collateralized part (BRRD art. 44/2/b);c005x   - Other financial corporations;Rank 20 - Ranking in insolvency (master scale);330000000000000;HIPOTOTTA Nº 4 PLC;7400615058;Type of identifier, other than LEI or MFI code;Sister;true;PORTUGAL;Not applicable (Contractual recognition of bail-in powers);46148,69;13,78;Euro;2021-12-31;2022-01-03;2065-12-14;Secured;0;N/A;Non-structured/Vanilla;0;No;0
1431;r0390 - Non-financial liabilities;c004x   - Institutions;Rank 9 - Ranking in insolvency (master scale);962304820287830;BANCO SANTANDER SA;5493006QMFDDMYWIAM13;LEI code;Parent;false;PORTUGAL;Not applicable (Contractual recognition of bail-in powers);25,56;0;Euro;2021-12-31;2022-01-03;2099-01-31;Unsecured;0;N/A;Structured;0;No;0
1432;r0120 - Secured liabilities - collateralized part (BRRD art. 44/2/b);c005x   - Other financial corporations;Rank 20 - Ranking in insolvency (master scale);324000000000000;HIPOTOTTA 5 PLC;7400987939;Type of identifier, other than LEI or MFI code;Sister;true;PORTUGAL;Not applicable (Contractual recognition of bail-in powers);38407,87;45,57;Euro;2021-12-31;2022-01-03;2065-12-14;Secured;0;N/A;Non-structured/Vanilla;0;No;0
1433;r0390 - Non-financial liabilities;c004x   - Institutions;Rank 9 - Ranking in insolvency (master scale);962304820290020;BANCO SANTANDER SA;5493006QMFDDMYWIAM13;LEI code;Parent;false;PORTUGAL;Not applicable (Contractual recognition of bail-in powers);46,67;0;Euro;2021-12-31;2022-01-03;2099-01-31;Unsecured;0;N/A;Structured;0;No;0
1434;r0120 - Secured liabilities - collateralized part (BRRD art. 44/2/b);c005x   - Other financial corporations;Rank 20 - Ranking in insolvency (master scale);000800000000000;GAMMA SOC TITULARIZACAO CREDITOS, SA;2101355138;Type of identifier, other than LEI or MFI code;Sister;true;PORTUGAL;Not applicable (Contractual recognition of bail-in powers);881615588,5;151454,86;Euro;2021-12-31;2022-01-03;2065-12-14;Secured;0;N/A;Non-structured/Vanilla;0;No;0
1435;r0390 - Non-financial liabilities;c004x   - Institutions;Rank 9 - Ranking in insolvency (master scale);962304820292740;BANCO SANTANDER SA;5493006QMFDDMYWIAM13;LEI code;Parent;false;PORTUGAL;Not applicable (Contractual recognition of bail-in powers);90,42;0;Euro;2021-12-31;2022-01-03;2099-01-31;Unsecured;0;N/A;Structured;0;No;0
1436;r0120 - Secured liabilities - collateralized part (BRRD art. 44/2/b);c005x   - Other financial corporations;Rank 20 - Ranking in insolvency (master scale);324700000000000;GAMMA SOC TITULARIZACAO CREDITOS, SA;2101355138;Type of identifier, other than LEI or MFI code;Sister;true;PORTUGAL;Not applicable (Contractual recognition of bail-in powers);42052,04;66,84;Euro;2021-12-31;2022-01-03;2065-12-14;Secured;0;N/A;Non-structured/Vanilla;0;No;0
1437;r0390 - Non-financial liabilities;c004x   - Institutions;Rank 9 - Ranking in insolvency (master scale);962304820295900;BANCO SANTANDER SA;5493006QMFDDMYWIAM13;LEI code;Parent;false;PORTUGAL;Not applicable (Contractual recognition of bail-in powers);4,56;0;Euro;2021-12-31;2022-01-03;2099-01-31;Unsecured;0;N/A;Structured;0;No;0
1438;r0120 - Secured liabilities - collateralized part (BRRD art. 44/2/b);c005x   - Other financial corporations;Rank 20 - Ranking in insolvency (master scale);028100000000000;GAMMA SOC TITULARIZACAO CREDITOS, SA;2101355138;Type of identifier, other than LEI or MFI code;Sister;true;PORTUGAL;Not applicable (Contractual recognition of bail-in powers);86190,48;-4,36;Euro;2021-12-31;2022-01-03;2065-12-14;Secured;0;N/A;Non-structured/Vanilla;0;No;0
1439;r0390 - Non-financial liabilities;c004x   - Institutions;Rank 9 - Ranking in insolvency (master scale);962304820300780;BANCO SANTANDER SA;5493006QMFDDMYWIAM13;LEI code;Parent;false;PORTUGAL;Not applicable (Contractual recognition of bail-in powers);7,55;0;Euro;2021-12-31;2022-01-03;2099-01-31;Unsecured;0;N/A;Structured;0;No;0
1440;r0120 - Secured liabilities - collateralized part (BRRD art. 44/2/b);c005x   - Other financial corporations;Rank 20 - Ranking in insolvency (master scale);325000000000000;HIPOTOTTA Nº 4 PLC;7400615058;Type of identifier, other than LEI or MFI code;Sister;true;PORTUGAL;Not applicable (Contractual recognition of bail-in powers);121268,64;125,21;Euro;2021-12-31;2022-01-03;2065-12-14;Secured;0;N/A;Non-structured/Vanilla;0;No;0
1441;r0390 - Non-financial liabilities;c004x   - Institutions;Rank 9 - Ranking in insolvency (master scale);962304820302710;BANCO SANTANDER SA;5493006QMFDDMYWIAM13;LEI code;Parent;false;PORTUGAL;Not applicable (Contractual recognition of bail-in powers);2,23;0;Euro;2021-12-31;2022-01-03;2099-01-31;Unsecured;0;N/A;Structured;0;No;0
1442;r0120 - Secured liabilities - collateralized part (BRRD art. 44/2/b);c005x   - Other financial corporations;Rank 20 - Ranking in insolvency (master scale);038200000000000;HIPOTOTTA 5 PLC;7400987939;Type of identifier, other than LEI or MFI code;Sister;true;PORTUGAL;Not applicable (Contractual recognition of bail-in powers);82616,67;-4,52;Euro;2021-12-31;2022-01-03;2065-12-14;Secured;0;N/A;Non-structured/Vanilla;0;No;0
1443;r0390 - Non-financial liabilities;c004x   - Institutions;Rank 9 - Ranking in insolvency (master scale);962304820306080;BANCO SANTANDER SA;5493006QMFDDMYWIAM13;LEI code;Parent;false;PORTUGAL;Not applicable (Contractual recognition of bail-in powers);0,36;0;Euro;2021-12-31;2022-01-03;2099-01-31;Unsecured;0;N/A;Structured;0;No;0
1444;r0120 - Secured liabilities - collateralized part (BRRD art. 44/2/b);c005x   - Other financial corporations;Rank 20 - Ranking in insolvency (master scale);325900000000000;GAMMA SOC TITULARIZACAO CREDITOS, SA;2101355138;Type of identifier, other than LEI or MFI code;Sister;true;PORTUGAL;Not applicable (Contractual recognition of bail-in powers);181939,63;165,65;Euro;2021-12-31;2022-01-03;2065-12-14;Secured;0;N/A;Non-structured/Vanilla;0;No;0
1445;r0390 - Non-financial liabilities;c004x   - Institutions;Rank 9 - Ranking in insolvency (master scale);962304820306840;BANCO SANTANDER SA;5493006QMFDDMYWIAM13;LEI code;Parent;false;PORTUGAL;Not applicable (Contractual recognition of bail-in powers);2,04;0;Euro;2021-12-31;2022-01-03;2099-01-31;Unsecured;0;N/A;Structured;0;No;0
1446;r0120 - Secured liabilities - collateralized part (BRRD art. 44/2/b);c005x   - Other financial corporations;Rank 20 - Ranking in insolvency (master scale);332800000000000;HIPOTOTTA Nº 4 PLC;7400615058;Type of identifier, other than LEI or MFI code;Sister;true;PORTUGAL;Not applicable (Contractual recognition of bail-in powers);71743,77;111,21;Euro;2021-12-31;2022-01-03;2065-12-14;Secured;0;N/A;Non-structured/Vanilla;0;No;0
1447;r0390 - Non-financial liabilities;c004x   - Institutions;Rank 9 - Ranking in insolvency (master scale);962304820308120;BANCO SANTANDER SA;5493006QMFDDMYWIAM13;LEI code;Parent;false;PORTUGAL;Not applicable (Contractual recognition of bail-in powers);1,38;0;Euro;2021-12-31;2022-01-03;2099-01-31;Unsecured;0;N/A;Structured;0;No;0
1448;r0120 - Secured liabilities - collateralized part (BRRD art. 44/2/b);c005x   - Other financial corporations;Rank 20 - Ranking in insolvency (master scale);325900000000000;HIPOTOTTA 5 PLC;7400987939;Type of identifier, other than LEI or MFI code;Sister;true;PORTUGAL;Not applicable (Contractual recognition of bail-in powers);66681,86;-9,24;Euro;2021-12-31;2022-01-03;2065-12-14;Secured;0;N/A;Non-structured/Vanilla;0;No;0
1449;r0390 - Non-financial liabilities;c004x   - Institutions;Rank 9 - Ranking in insolvency (master scale);962304820309270;BANCO SANTANDER SA;5493006QMFDDMYWIAM13;LEI code;Parent;false;PORTUGAL;Not applicable (Contractual recognition of bail-in powers);5,29;0;Euro;2021-12-31;2022-01-03;2099-01-31;Unsecured;0;N/A;Structured;0;No;0
1450;r0120 - Secured liabilities - collateralized part (BRRD art. 44/2/b);c005x   - Other financial corporations;Rank 20 - Ranking in insolvency (master scale);026800000000000;HIPOTOTTA Nº 4 PLC;7400615058;Type of identifier, other than LEI or MFI code;Sister;true;PORTUGAL;Not applicable (Contractual recognition of bail-in powers);605531,42;172,83;Euro;2021-12-31;2022-01-03;2065-12-14;Secured;0;N/A;Non-structured/Vanilla;0;No;0
1451;r0390 - Non-financial liabilities;c004x   - Institutions;Rank 9 - Ranking in insolvency (master scale);962304820309470;BANCO SANTANDER SA;5493006QMFDDMYWIAM13;LEI code;Parent;false;PORTUGAL;Not applicable (Contractual recognition of bail-in powers);2,37;0;Euro;2021-12-31;2022-01-03;2099-01-31;Unsecured;0;N/A;Structured;0;No;0
1452;r0120 - Secured liabilities - collateralized part (BRRD art. 44/2/b);c005x   - Other financial corporations;Rank 20 - Ranking in insolvency (master scale);326500000000000;HIPOTOTTA Nº 4 PLC;7400615058;Type of identifier, other than LEI or MFI code;Sister;true;PORTUGAL;Not applicable (Contractual recognition of bail-in powers);36915,96;6,42;Euro;2021-12-31;2022-01-03;2065-12-14;Secured;0;N/A;Non-structured/Vanilla;0;No;0
1453;r0390 - Non-financial liabilities;c004x   - Institutions;Rank 9 - Ranking in insolvency (master scale);962304820309840;BANCO SANTANDER SA;5493006QMFDDMYWIAM13;LEI code;Parent;false;PORTUGAL;Not applicable (Contractual recognition of bail-in powers);23,04;0;Euro;2021-12-31;2022-01-03;2099-01-31;Unsecured;0;N/A;Structured;0;No;0
1454;r0120 - Secured liabilities - collateralized part (BRRD art. 44/2/b);c005x   - Other financial corporations;Rank 20 - Ranking in insolvency (master scale);027200000000000;GAMMA SOC TITULARIZACAO CREDITOS, SA;2101355138;Type of identifier, other than LEI or MFI code;Sister;true;PORTUGAL;Not applicable (Contractual recognition of bail-in powers);52665,34;-1,75;Euro;2021-12-31;2022-01-03;2065-12-14;Secured;0;N/A;Non-structured/Vanilla;0;No;0
1455;r0390 - Non-financial liabilities;c004x   - Institutions;Rank 9 - Ranking in insolvency (master scale);962304820311230;BANCO SANTANDER SA;5493006QMFDDMYWIAM13;LEI code;Parent;false;PORTUGAL;Not applicable (Contractual recognition of bail-in powers);88,89;0;Euro;2021-12-31;2022-01-03;2099-01-31;Unsecured;0;N/A;Structured;0;No;0
1456;r0120 - Secured liabilities - collateralized part (BRRD art. 44/2/b);c005x   - Other financial corporations;Rank 20 - Ranking in insolvency (master scale);327200000000000;HIPOTOTTA 5 PLC;7400987939;Type of identifier, other than LEI or MFI code;Sister;true;PORTUGAL;Not applicable (Contractual recognition of bail-in powers);39912,58;22,02;Euro;2021-12-31;2022-01-03;2065-12-14;Secured;0;N/A;Non-structured/Vanilla;0;No;0
1457;r0390 - Non-financial liabilities;c004x   - Institutions;Rank 9 - Ranking in insolvency (master scale);962304820319600;BANCO SANTANDER SA;5493006QMFDDMYWIAM13;LEI code;Parent;false;PORTUGAL;Not applicable (Contractual recognition of bail-in powers);0,25;0;Euro;2021-12-31;2022-01-03;2099-01-31;Unsecured;0;N/A;Structured;0;No;0
1458;r0120 - Secured liabilities - collateralized part (BRRD art. 44/2/b);c005x   - Other financial corporations;Rank 20 - Ranking in insolvency (master scale);038400000000000;GAMMA SOC TITULARIZACAO CREDITOS, SA;2101355138;Type of identifier, other than LEI or MFI code;Sister;true;PORTUGAL;Not applicable (Contractual recognition of bail-in powers);994,91;0,01;Euro;2021-12-31;2022-01-03;2065-12-14;Secured;0;N/A;Non-structured/Vanilla;0;No;0
1459;r0390 - Non-financial liabilities;c004x   - Institutions;Rank 9 - Ranking in insolvency (master scale);962304820320660;SANTANDER BANK, NATIONAL ASSOCIATION;7401474691;Type of identifier, other than LEI or MFI code;Sister;false;PORTUGAL;Not applicable (Contractual recognition of bail-in powers);1,19;0;Euro;2021-12-31;2022-01-03;2099-01-31;Unsecured;0;N/A;Structured;0;No;0
1460;r0120 - Secured liabilities - collateralized part (BRRD art. 44/2/b);c005x   - Other financial corporations;Rank 20 - Ranking in insolvency (master scale);328000000000000;HIPOTOTTA Nº 4 PLC;7400615058;Type of identifier, other than LEI or MFI code;Sister;true;PORTUGAL;Not applicable (Contractual recognition of bail-in powers);53797,92;7,7;Euro;2021-12-31;2022-01-03;2065-12-14;Secured;0;N/A;Non-structured/Vanilla;0;No;0
1461;r0390 - Non-financial liabilities;c004x   - Institutions;Rank 9 - Ranking in insolvency (master scale);962304820324540;BANCO SANTANDER SA;5493006QMFDDMYWIAM13;LEI code;Parent;false;PORTUGAL;Not applicable (Contractual recognition of bail-in powers);64,44;0;Euro;2021-12-31;2022-01-03;2099-01-31;Unsecured;0;N/A;Structured;0;No;0
1462;r0120 - Secured liabilities - collateralized part (BRRD art. 44/2/b);c005x   - Other financial corporations;Rank 20 - Ranking in insolvency (master scale);334500000000000;HIPOTOTTA Nº 4 PLC;7400615058;Type of identifier, other than LEI or MFI code;Sister;true;PORTUGAL;Not applicable (Contractual recognition of bail-in powers);225589,74;189,75;Euro;2021-12-31;2022-01-03;2065-12-14;Secured;0;N/A;Non-structured/Vanilla;0;No;0
1463;r0390 - Non-financial liabilities;c004x   - Institutions;Rank 9 - Ranking in insolvency (master scale);962304820325080;BANCO SANTANDER SA;5493006QMFDDMYWIAM13;LEI code;Parent;false;PORTUGAL;Not applicable (Contractual recognition of bail-in powers);134,68;0;Euro;2021-12-31;2022-01-03;2099-01-31;Unsecured;0;N/A;Structured;0;No;0
1464;r0120 - Secured liabilities - collateralized part (BRRD art. 44/2/b);c005x   - Other financial corporations;Rank 20 - Ranking in insolvency (master scale);328400000000000;HIPOTOTTA Nº 4 PLC;7400615058;Type of identifier, other than LEI or MFI code;Sister;true;PORTUGAL;Not applicable (Contractual recognition of bail-in powers);93063,44;42,7;Euro;2021-12-31;2022-01-03;2065-12-14;Secured;0;N/A;Non-structured/Vanilla;0;No;0
1465;r0390 - Non-financial liabilities;c004x   - Institutions;Rank 9 - Ranking in insolvency (master scale);962304820232660;BANCO SANTANDER SA;5493006QMFDDMYWIAM13;LEI code;Parent;false;PORTUGAL;Not applicable (Contractual recognition of bail-in powers);72,22;0;Euro;2021-12-31;2022-01-03;2099-01-31;Unsecured;0;N/A;Structured;0;No;0
1466;r0120 - Secured liabilities - collateralized part (BRRD art. 44/2/b);c005x   - Other financial corporations;Rank 20 - Ranking in insolvency (master scale);331000000000000;HIPOTOTTA Nº 4 PLC;7400615058;Type of identifier, other than LEI or MFI code;Sister;true;PORTUGAL;Not applicable (Contractual recognition of bail-in powers);99718,52;-6,03;Euro;2021-12-31;2022-01-03;2065-12-14;Secured;0;N/A;Non-structured/Vanilla;0;No;0
1467;r0390 - Non-financial liabilities;c004x   - Institutions;Rank 9 - Ranking in insolvency (master scale);862304880054310;BANCO SANTANDER SA;5493006QMFDDMYWIAM13;LEI code;Parent;false;PORTUGAL;Not applicable (Contractual recognition of bail-in powers);0,07;0;Euro;2021-12-31;2022-01-03;2099-01-31;Unsecured;0;N/A;Structured;0;No;0
1468;r0120 - Secured liabilities - collateralized part (BRRD art. 44/2/b);c005x   - Other financial corporations;Rank 20 - Ranking in insolvency (master scale);329500000000000;GAMMA SOC TITULARIZACAO CREDITOS, SA;2101355138;Type of identifier, other than LEI or MFI code;Sister;true;PORTUGAL;Not applicable (Contractual recognition of bail-in powers);571751,76;180,53;Euro;2021-12-31;2022-01-03;2065-12-14;Secured;0;N/A;Non-structured/Vanilla;0;No;0
1469;r0390 - Non-financial liabilities;c004x   - Institutions;Rank 9 - Ranking in insolvency (master scale);962304820242730;BANCO SANTANDER SA;5493006QMFDDMYWIAM13;LEI code;Parent;false;PORTUGAL;Not applicable (Contractual recognition of bail-in powers);29,17;0;Euro;2021-12-31;2022-01-03;2099-01-31;Unsecured;0;N/A;Structured;0;No;0
1470;r0120 - Secured liabilities - collateralized part (BRRD art. 44/2/b);c005x   - Other financial corporations;Rank 20 - Ranking in insolvency (master scale);355000000000000;GAMMA SOC TITULARIZACAO CREDITOS, SA;2101355138;Type of identifier, other than LEI or MFI code;Sister;true;PORTUGAL;Not applicable (Contractual recognition of bail-in powers);93383,22;59,05;Euro;2021-12-31;2022-01-03;2065-12-14;Secured;0;N/A;Non-structured/Vanilla;0;No;0
1471;r0390 - Non-financial liabilities;c004x   - Institutions;Rank 9 - Ranking in insolvency (master scale);862304880011640;BANCO SANTANDER SA;5493006QMFDDMYWIAM13;LEI code;Parent;false;PORTUGAL;Not applicable (Contractual recognition of bail-in powers);4,66;0;Euro;2021-12-31;2022-01-03;2099-01-31;Unsecured;0;N/A;Structured;0;No;0
1472;r0120 - Secured liabilities - collateralized part (BRRD art. 44/2/b);c005x   - Other financial corporations;Rank 20 - Ranking in insolvency (master scale);330000000000000;GAMMA SOC TITULARIZACAO CREDITOS, SA;2101355138;Type of identifier, other than LEI or MFI code;Sister;true;PORTUGAL;Not applicable (Contractual recognition of bail-in powers);55464,68;22,88;Euro;2021-12-31;2022-01-03;2065-12-14;Secured;0;N/A;Non-structured/Vanilla;0;No;0
1473;r0390 - Non-financial liabilities;c004x   - Institutions;Rank 9 - Ranking in insolvency (master scale);962304820246870;BANCO SANTANDER SA;5493006QMFDDMYWIAM13;LEI code;Parent;false;PORTUGAL;Not applicable (Contractual recognition of bail-in powers);76,67;0;Euro;2021-12-31;2022-01-03;2099-01-31;Unsecured;0;N/A;Structured;0;No;0
1474;r0120 - Secured liabilities - collateralized part (BRRD art. 44/2/b);c005x   - Other financial corporations;Rank 20 - Ranking in insolvency (master scale);038500000000000;HIPOTOTTA Nº 4 PLC;7400615058;Type of identifier, other than LEI or MFI code;Sister;true;PORTUGAL;Not applicable (Contractual recognition of bail-in powers);417807,45;138,46;Euro;2021-12-31;2022-01-03;2065-12-14;Secured;0;N/A;Non-structured/Vanilla;0;No;0
1475;r0390 - Non-financial liabilities;c004x   - Institutions;Rank 9 - Ranking in insolvency (master scale);962304820028010;BANCO SANTANDER SA;5493006QMFDDMYWIAM13;LEI code;Parent;false;PORTUGAL;Not applicable (Contractual recognition of bail-in powers);2,48;0;Euro;2021-12-31;2022-01-03;2099-01-31;Unsecured;0;N/A;Structured;0;No;0
1476;r0120 - Secured liabilities - collateralized part (BRRD art. 44/2/b);c005x   - Other financial corporations;Rank 20 - Ranking in insolvency (master scale);330000000000000;HIPOTOTTA 5 PLC;7400987939;Type of identifier, other than LEI or MFI code;Sister;true;PORTUGAL;Not applicable (Contractual recognition of bail-in powers);74808,11;6,11;Euro;2021-12-31;2022-01-03;2065-12-14;Secured;0;N/A;Non-structured/Vanilla;0;No;0
1477;r0390 - Non-financial liabilities;c004x   - Institutions;Rank 9 - Ranking in insolvency (master scale);962304820250610;BANCO SANTANDER SA;5493006QMFDDMYWIAM13;LEI code;Parent;false;PORTUGAL;Not applicable (Contractual recognition of bail-in powers);33,33;0;Euro;2021-12-31;2022-01-03;2099-01-31;Unsecured;0;N/A;Structured;0;No;0
1478;r0120 - Secured liabilities - collateralized part (BRRD art. 44/2/b);c005x   - Other financial corporations;Rank 20 - Ranking in insolvency (master scale);337000000000000;HIPOTOTTA Nº 4 PLC;7400615058;Type of identifier, other than LEI or MFI code;Sister;true;PORTUGAL;Not applicable (Contractual recognition of bail-in powers);109583,26;4,49;Euro;2021-12-31;2022-01-03;2065-12-14;Secured;0;N/A;Non-structured/Vanilla;0;No;0
1479;r0390 - Non-financial liabilities;c004x   - Institutions;Rank 9 - Ranking in insolvency (master scale);862304840237160;BANCO SANTANDER SA;5493006QMFDDMYWIAM13;LEI code;Parent;false;PORTUGAL;Not applicable (Contractual recognition of bail-in powers);1,55;0;Euro;2021-12-31;2022-01-03;2099-01-31;Unsecured;0;N/A;Structured;0;No;0
1480;r0120 - Secured liabilities - collateralized part (BRRD art. 44/2/b);c005x   - Other financial corporations;Rank 20 - Ranking in insolvency (master scale);330500000000000;HIPOTOTTA Nº 4 PLC;7400615058;Type of identifier, other than LEI or MFI code;Sister;true;PORTUGAL;Not applicable (Contractual recognition of bail-in powers);15486,98;-1,43;Euro;2021-12-31;2022-01-03;2065-12-14;Secured;0;N/A;Non-structured/Vanilla;0;No;0
1481;r0390 - Non-financial liabilities;c004x   - Institutions;Rank 9 - Ranking in insolvency (master scale);962304820252720;SANTANDER CONSUMER BANK AG - MOENCHENGLADBACH;0000235696;Type of identifier, other than LEI or MFI code;Sister;false;PORTUGAL;Not applicable (Contractual recognition of bail-in powers);1,58;0;Euro;2021-12-31;2022-01-03;2099-01-31;Unsecured;0;N/A;Structured;0;No;0
1482;r0120 - Secured liabilities - collateralized part (BRRD art. 44/2/b);c005x   - Other financial corporations;Rank 20 - Ranking in insolvency (master scale);026900000000000;HIPOTOTTA 5 PLC;7400987939;Type of identifier, other than LEI or MFI code;Sister;true;PORTUGAL;Not applicable (Contractual recognition of bail-in powers);294750,2;52,27;Euro;2021-12-31;2022-01-03;2065-12-14;Secured;0;N/A;Non-structured/Vanilla;0;No;0
1483;r0390 - Non-financial liabilities;c004x   - Institutions;Rank 9 - Ranking in insolvency (master scale);962304820043570;BANCO SANTANDER SA;5493006QMFDDMYWIAM13;LEI code;Parent;false;PORTUGAL;Not applicable (Contractual recognition of bail-in powers);0,11;0;Euro;2021-12-31;2022-01-03;2099-01-31;Unsecured;0;N/A;Structured;0;No;0
1484;r0120 - Secured liabilities - collateralized part (BRRD art. 44/2/b);c005x   - Other financial corporations;Rank 20 - Ranking in insolvency (master scale);033200000000000;HIPOTOTTA Nº 4 PLC;7400615058;Type of identifier, other than LEI or MFI code;Sister;true;PORTUGAL;Not applicable (Contractual recognition of bail-in powers);822603,33;179,75;Euro;2021-12-31;2022-01-03;2065-12-14;Secured;0;N/A;Non-structured/Vanilla;0;No;0
1485;r0390 - Non-financial liabilities;c004x   - Institutions;Rank 9 - Ranking in insolvency (master scale);962304820255470;BANCO SANTANDER SA;5493006QMFDDMYWIAM13;LEI code;Parent;false;PORTUGAL;Not applicable (Contractual recognition of bail-in powers);22,98;0;Euro;2021-12-31;2022-01-03;2099-01-31;Unsecured;0;N/A;Structured;0;No;0
1486;r0120 - Secured liabilities - collateralized part (BRRD art. 44/2/b);c005x   - Other financial corporations;Rank 20 - Ranking in insolvency (master scale);039300000000000;GAMMA SOC TITULARIZACAO CREDITOS, SA;2101355138;Type of identifier, other than LEI or MFI code;Sister;true;PORTUGAL;Not applicable (Contractual recognition of bail-in powers);83317,07;5,07;Euro;2021-12-31;2022-01-03;2065-12-14;Secured;0;N/A;Non-structured/Vanilla;0;No;0
1487;r0390 - Non-financial liabilities;c004x   - Institutions;Rank 9 - Ranking in insolvency (master scale);862304880012090;BANCO SANTANDER SA;5493006QMFDDMYWIAM13;LEI code;Parent;false;PORTUGAL;Not applicable (Contractual recognition of bail-in powers);6,08;0;Euro;2021-12-31;2022-01-03;2099-01-31;Unsecured;0;N/A;Structured;0;No;0
1488;r0390 - Non-financial liabilities;c004x   - Institutions;Rank 9 - Ranking in insolvency (master scale);588804833230480;BANCO SANTANDER SA;5493006QMFDDMYWIAM13;LEI code;Parent;false;PORTUGAL;Not applicable (Contractual recognition of bail-in powers);0,2;0;Euro;2021-12-31;2022-01-03;2099-01-31;Unsecured;0;N/A;Structured;0;No;0
1489;r0390 - Non-financial liabilities;c004x   - Institutions;Rank 9 - Ranking in insolvency (master scale);962304820267450;BANCO SANTANDER SA;5493006QMFDDMYWIAM13;LEI code;Parent;false;PORTUGAL;Not applicable (Contractual recognition of bail-in powers);78,89;0;Euro;2021-12-31;2022-01-03;2099-01-31;Unsecured;0;N/A;Structured;0;No;0
1490;r0120 - Secured liabilities - collateralized part (BRRD art. 44/2/b);c005x   - Other financial corporations;Rank 20 - Ranking in insolvency (master scale);038600000000000;HIPOTOTTA 5 PLC;7400987939;Type of identifier, other than LEI or MFI code;Sister;true;PORTUGAL;Not applicable (Contractual recognition of bail-in powers);332071,99;212,35;Euro;2021-12-31;2022-01-03;2065-12-14;Secured;0;N/A;Non-structured/Vanilla;0;No;0
1491;r0390 - Non-financial liabilities;c004x   - Institutions;Rank 9 - Ranking in insolvency (master scale);962304820111240;BANCO SANTANDER SA;5493006QMFDDMYWIAM13;LEI code;Parent;false;PORTUGAL;Not applicable (Contractual recognition of bail-in powers);0,33;0;Euro;2021-12-31;2022-01-03;2099-01-31;Unsecured;0;N/A;Structured;0;No;0
1492;r0120 - Secured liabilities - collateralized part (BRRD art. 44/2/b);c005x   - Other financial corporations;Rank 20 - Ranking in insolvency (master scale);038500000000000;GAMMA SOC TITULARIZACAO CREDITOS, SA;2101355138;Type of identifier, other than LEI or MFI code;Sister;true;PORTUGAL;Not applicable (Contractual recognition of bail-in powers);99059,8;64,8;Euro;2021-12-31;2022-01-03;2065-12-14;Secured;0;N/A;Non-structured/Vanilla;0;No;0
1493;r0390 - Non-financial liabilities;c004x   - Institutions;Rank 9 - Ranking in insolvency (master scale);962304820270990;BANCO SANTANDER SA;5493006QMFDDMYWIAM13;LEI code;Parent;false;PORTUGAL;Not applicable (Contractual recognition of bail-in powers);58,67;0;Euro;2021-12-31;2022-01-03;2099-01-31;Unsecured;0;N/A;Structured;0;No;0
1494;r0120 - Secured liabilities - collateralized part (BRRD art. 44/2/b);c005x   - Other financial corporations;Rank 20 - Ranking in insolvency (master scale);338500000000000;HIPOTOTTA Nº 4 PLC;7400615058;Type of identifier, other than LEI or MFI code;Sister;true;PORTUGAL;Not applicable (Contractual recognition of bail-in powers);137223,72;116,58;Euro;2021-12-31;2022-01-03;2065-12-14;Secured;0;N/A;Non-structured/Vanilla;0;No;0
1495;r0390 - Non-financial liabilities;c004x   - Institutions;Rank 9 - Ranking in insolvency (master scale);862304840056560;BANCO SANTANDER SA;5493006QMFDDMYWIAM13;LEI code;Parent;false;PORTUGAL;Not applicable (Contractual recognition of bail-in powers);1,15;0;Euro;2021-12-31;2022-01-03;2099-01-31;Unsecured;0;N/A;Structured;0;No;0
1496;r0120 - Secured liabilities - collateralized part (BRRD art. 44/2/b);c005x   - Other financial corporations;Rank 20 - Ranking in insolvency (master scale);026900000000000;HIPOTOTTA Nº 4 PLC;7400615058;Type of identifier, other than LEI or MFI code;Sister;true;PORTUGAL;Not applicable (Contractual recognition of bail-in powers);2556804,4;473,13;Euro;2021-12-31;2022-01-03;2065-12-14;Secured;0;N/A;Non-structured/Vanilla;0;No;0
1497;r0390 - Non-financial liabilities;c004x   - Institutions;Rank 9 - Ranking in insolvency (master scale);962304820272570;BANCO SANTANDER SA;5493006QMFDDMYWIAM13;LEI code;Parent;false;PORTUGAL;Not applicable (Contractual recognition of bail-in powers);470,25;0;Euro;2021-12-31;2022-01-03;2099-01-31;Unsecured;0;N/A;Structured;0;No;0
1498;r0390 - Non-financial liabilities;c004x   - Institutions;Rank 9 - Ranking in insolvency (master scale);962304820132350;BANCO SANTANDER SA;5493006QMFDDMYWIAM13;LEI code;Parent;false;PORTUGAL;Not applicable (Contractual recognition of bail-in powers);0,23;0;Euro;2021-12-31;2022-01-03;2099-01-31;Unsecured;0;N/A;Structured;0;No;0
1499;r0120 - Secured liabilities - collateralized part (BRRD art. 44/2/b);c005x   - Other financial corporations;Rank 20 - Ranking in insolvency (master scale);038500000000000;HIPOTOTTA 5 PLC;7400987939;Type of identifier, other than LEI or MFI code;Sister;true;PORTUGAL;Not applicable (Contractual recognition of bail-in powers);179827,37;-32,04;Euro;2021-12-31;2022-01-03;2065-12-14;Secured;0;N/A;Non-structured/Vanilla;0;No;0
1500;r0390 - Non-financial liabilities;c004x   - Institutions;Rank 9 - Ranking in insolvency (master scale);962304820272600;BANCO SANTANDER SA;5493006QMFDDMYWIAM13;LEI code;Parent;false;PORTUGAL;Not applicable (Contractual recognition of bail-in powers);164,35;0;Euro;2021-12-31;2022-01-03;2099-01-31;Unsecured;0;N/A;Structured;0;No;0
1501;r0120 - Secured liabilities - collateralized part (BRRD art. 44/2/b);c005x   - Other financial corporations;Rank 20 - Ranking in insolvency (master scale);359000000000000;GAMMA SOC TITULARIZACAO CREDITOS, SA;2101355138;Type of identifier, other than LEI or MFI code;Sister;true;PORTUGAL;Not applicable (Contractual recognition of bail-in powers);52414,94;83,52;Euro;2021-12-31;2022-01-03;2065-12-14;Secured;0;N/A;Non-structured/Vanilla;0;No;0
1502;r0390 - Non-financial liabilities;c004x   - Institutions;Rank 9 - Ranking in insolvency (master scale);862304880012480;BANCO SANTANDER SA;5493006QMFDDMYWIAM13;LEI code;Parent;false;PORTUGAL;Not applicable (Contractual recognition of bail-in powers);2,07;0;Euro;2021-12-31;2022-01-03;2099-01-31;Unsecured;0;N/A;Structured;0;No;0
1503;r0120 - Secured liabilities - collateralized part (BRRD art. 44/2/b);c005x   - Other financial corporations;Rank 20 - Ranking in insolvency (master scale);0100I240P385906;GAMMA SOC TITULARIZACAO CREDITOS, SA;2101355138;Type of identifier, other than LEI or MFI code;Sister;true;PORTUGAL;Not applicable (Contractual recognition of bail-in powers);20631,62;0;Euro;2021-12-31;2022-01-03;2065-12-14;Secured;0;N/A;Non-structured/Vanilla;0;No;0
1504;r0390 - Non-financial liabilities;c004x   - Institutions;Rank 9 - Ranking in insolvency (master scale);962304820273750;BANCO SANTANDER SA;5493006QMFDDMYWIAM13;LEI code;Parent;false;PORTUGAL;Not applicable (Contractual recognition of bail-in powers);56,67;0;Euro;2021-12-31;2022-01-03;2099-01-31;Unsecured;0;N/A;Structured;0;No;0
1505;r0120 - Secured liabilities - collateralized part (BRRD art. 44/2/b);c005x   - Other financial corporations;Rank 20 - Ranking in insolvency (master scale);038800000000000;HIPOTOTTA Nº 4 PLC;7400615058;Type of identifier, other than LEI or MFI code;Sister;true;PORTUGAL;Not applicable (Contractual recognition of bail-in powers);797036,44;351,05;Euro;2021-12-31;2022-01-03;2065-12-14;Secured;0;N/A;Non-structured/Vanilla;0;No;0
1506;r0390 - Non-financial liabilities;c004x   - Institutions;Rank 9 - Ranking in insolvency (master scale);962304820141570;BANCO SANTANDER SA;5493006QMFDDMYWIAM13;LEI code;Parent;false;PORTUGAL;Not applicable (Contractual recognition of bail-in powers);5,33;0;Euro;2021-12-31;2022-01-03;2099-01-31;Unsecured;0;N/A;Structured;0;No;0
1507;r0120 - Secured liabilities - collateralized part (BRRD art. 44/2/b);c005x   - Other financial corporations;Rank 20 - Ranking in insolvency (master scale);038600000000000;HIPOTOTTA Nº 4 PLC;7400615058;Type of identifier, other than LEI or MFI code;Sister;true;PORTUGAL;Not applicable (Contractual recognition of bail-in powers);1564981,3;759,79;Euro;2021-12-31;2022-01-03;2065-12-14;Secured;0;N/A;Non-structured/Vanilla;0;No;0
1508;r0390 - Non-financial liabilities;c004x   - Institutions;Rank 9 - Ranking in insolvency (master scale);962304820275080;BANCO SANTANDER SA;5493006QMFDDMYWIAM13;LEI code;Parent;false;PORTUGAL;Not applicable (Contractual recognition of bail-in powers);73,33;0;Euro;2021-12-31;2022-01-03;2099-01-31;Unsecured;0;N/A;Structured;0;No;0
1509;r0390 - Non-financial liabilities;c005x   - Other financial corporations;Rank 9 - Ranking in insolvency (master scale);000000000000000;BANCO SANTANDER SA;5493006QMFDDMYWIAM13;LEI code;Parent;false;PORTUGAL;Not applicable (Contractual recognition of bail-in powers);101360,6216;0;Euro;2021-12-31;2022-01-03;2099-01-31;Unsecured;0;N/A;Structured;0;No;0
1510;r0390 - Non-financial liabilities;c004x   - Institutions;Rank 9 - Ranking in insolvency (master scale);862304880009380;BANCO SANTANDER SA;5493006QMFDDMYWIAM13;LEI code;Parent;false;PORTUGAL;Not applicable (Contractual recognition of bail-in powers);1,9;0;Euro;2021-12-31;2022-01-03;2099-01-31;Unsecured;0;N/A;Structured;0;No;0
1511;r0120 - Secured liabilities - collateralized part (BRRD art. 44/2/b);c005x   - Other financial corporations;Rank 20 - Ranking in insolvency (master scale);341000000000000;HIPOTOTTA 5 PLC;7400987939;Type of identifier, other than LEI or MFI code;Sister;true;PORTUGAL;Not applicable (Contractual recognition of bail-in powers);94930,84;-7,94;Euro;2021-12-31;2022-01-03;2065-12-14;Secured;0;N/A;Non-structured/Vanilla;0;No;0
1512;r0390 - Non-financial liabilities;c004x   - Institutions;Rank 9 - Ranking in insolvency (master scale);962304820277500;BANCO SANTANDER SA;5493006QMFDDMYWIAM13;LEI code;Parent;false;PORTUGAL;Not applicable (Contractual recognition of bail-in powers);97,78;0;Euro;2021-12-31;2022-01-03;2099-01-31;Unsecured;0;N/A;Structured;0;No;0
1513;r0120 - Secured liabilities - collateralized part (BRRD art. 44/2/b);c005x   - Other financial corporations;Rank 20 - Ranking in insolvency (master scale);378500000000000;GAMMA SOC TITULARIZACAO CREDITOS, SA;2101355138;Type of identifier, other than LEI or MFI code;Sister;true;PORTUGAL;Not applicable (Contractual recognition of bail-in powers);94960,12;57,74;Euro;2021-12-31;2022-01-03;2065-12-14;Secured;0;N/A;Non-structured/Vanilla;0;No;0
1514;r0390 - Non-financial liabilities;c004x   - Institutions;Rank 9 - Ranking in insolvency (master scale);962304820143820;BANCO SANTANDER SA;5493006QMFDDMYWIAM13;LEI code;Parent;false;PORTUGAL;Not applicable (Contractual recognition of bail-in powers);33,33;0;Euro;2021-12-31;2022-01-03;2099-01-31;Unsecured;0;N/A;Structured;0;No;0
1515;r0390 - Non-financial liabilities;c004x   - Institutions;Rank 9 - Ranking in insolvency (master scale);162304880023020;BANCO SANTANDER SA;5493006QMFDDMYWIAM13;LEI code;Parent;false;PORTUGAL;Not applicable (Contractual recognition of bail-in powers);0,34;0;Euro;2021-12-31;2022-01-03;2099-01-31;Unsecured;0;N/A;Structured;0;No;0
1516;r0390 - Non-financial liabilities;c004x   - Institutions;Rank 9 - Ranking in insolvency (master scale);962304820282740;BANCO SANTANDER SA;5493006QMFDDMYWIAM13;LEI code;Parent;false;PORTUGAL;Not applicable (Contractual recognition of bail-in powers);248,11;0;Euro;2021-12-31;2022-01-03;2099-01-31;Unsecured;0;N/A;Structured;0;No;0
1517;r0390 - Non-financial liabilities;c004x   - Institutions;Rank 9 - Ranking in insolvency (master scale);162304880071770;BANCO SANTANDER SA;5493006QMFDDMYWIAM13;LEI code;Parent;false;PORTUGAL;Not applicable (Contractual recognition of bail-in powers);9,17;0;Euro;2021-12-31;2022-01-03;2099-01-31;Unsecured;0;N/A;Structured;0;No;0
1518;r0390 - Non-financial liabilities;c004x   - Institutions;Rank 9 - Ranking in insolvency (master scale);862304880014330;BANCO SANTANDER SA;5493006QMFDDMYWIAM13;LEI code;Parent;false;PORTUGAL;Not applicable (Contractual recognition of bail-in powers);0,22;0;Euro;2021-12-31;2022-01-03;2099-01-31;Unsecured;0;N/A;Structured;0;No;0
1519;r0120 - Secured liabilities - collateralized part (BRRD art. 44/2/b);c005x   - Other financial corporations;Rank 20 - Ranking in insolvency (master scale);039100000000000;HIPOTOTTA 5 PLC;7400987939;Type of identifier, other than LEI or MFI code;Sister;true;PORTUGAL;Not applicable (Contractual recognition of bail-in powers);33530,77;0,71;Euro;2021-12-31;2022-01-03;2065-12-14;Secured;0;N/A;Non-structured/Vanilla;0;No;0
1520;r0390 - Non-financial liabilities;c004x   - Institutions;Rank 9 - Ranking in insolvency (master scale);962304820150970;BANCO SANTANDER SA;5493006QMFDDMYWIAM13;LEI code;Parent;false;PORTUGAL;Not applicable (Contractual recognition of bail-in powers);1,67;0;Euro;2021-12-31;2022-01-03;2099-01-31;Unsecured;0;N/A;Structured;0;No;0
1521;r0120 - Secured liabilities - collateralized part (BRRD art. 44/2/b);c005x   - Other financial corporations;Rank 20 - Ranking in insolvency (master scale);038900000000000;HIPOTOTTA 5 PLC;7400987939;Type of identifier, other than LEI or MFI code;Sister;true;PORTUGAL;Not applicable (Contractual recognition of bail-in powers);167957,83;44,74;Euro;2021-12-31;2022-01-03;2065-12-14;Secured;0;N/A;Non-structured/Vanilla;0;No;0
1522;r0390 - Non-financial liabilities;c004x   - Institutions;Rank 9 - Ranking in insolvency (master scale);862304880016260;BANCO SANTANDER SA;5493006QMFDDMYWIAM13;LEI code;Parent;false;PORTUGAL;Not applicable (Contractual recognition of bail-in powers);0,68;0;Euro;2021-12-31;2022-01-03;2099-01-31;Unsecured;0;N/A;Structured;0;No;0
1523;r0120 - Secured liabilities - collateralized part (BRRD art. 44/2/b);c005x   - Other financial corporations;Rank 20 - Ranking in insolvency (master scale);038700000000000;HIPOTOTTA 5 PLC;7400987939;Type of identifier, other than LEI or MFI code;Sister;true;PORTUGAL;Not applicable (Contractual recognition of bail-in powers);45413,33;0,98;Euro;2021-12-31;2022-01-03;2065-12-14;Secured;0;N/A;Non-structured/Vanilla;0;No;0
1524;r0390 - Non-financial liabilities;c004x   - Institutions;Rank 9 - Ranking in insolvency (master scale);962304820151190;Sucursal BSCH Frankfurt;0000046859;Type of identifier, other than LEI or MFI code;Sister;false;PORTUGAL;Not applicable (Contractual recognition of bail-in powers);0,56;0;Euro;2021-12-31;2022-01-03;2099-01-31;Unsecured;0;N/A;Structured;0;No;0
1525;r0120 - Secured liabilities - collateralized part (BRRD art. 44/2/b);c005x   - Other financial corporations;Rank 20 - Ranking in insolvency (master scale);343400000000000;HIPOTOTTA Nº 4 PLC;7400615058;Type of identifier, other than LEI or MFI code;Sister;true;PORTUGAL;Not applicable (Contractual recognition of bail-in powers);298976,66;31,86;Euro;2021-12-31;2022-01-03;2065-12-14;Secured;0;N/A;Non-structured/Vanilla;0;No;0
1526;r0390 - Non-financial liabilities;c004x   - Institutions;Rank 9 - Ranking in insolvency (master scale);862304840049330;BANCO SANTANDER SA;5493006QMFDDMYWIAM13;LEI code;Parent;false;PORTUGAL;Not applicable (Contractual recognition of bail-in powers);0,19;0;Euro;2021-12-31;2022-01-03;2099-01-31;Unsecured;0;N/A;Structured;0;No;0
1527;r0120 - Secured liabilities - collateralized part (BRRD art. 44/2/b);c005x   - Other financial corporations;Rank 20 - Ranking in insolvency (master scale);027100000000000;GAMMA SOC TITULARIZACAO CREDITOS, SA;2101355138;Type of identifier, other than LEI or MFI code;Sister;true;PORTUGAL;Not applicable (Contractual recognition of bail-in powers);50707,97;7,07;Euro;2021-12-31;2022-01-03;2065-12-14;Secured;0;N/A;Non-structured/Vanilla;0;No;0
1528;r0390 - Non-financial liabilities;c004x   - Institutions;Rank 9 - Ranking in insolvency (master scale);962304820153890;BANCO SANTANDER SA;5493006QMFDDMYWIAM13;LEI code;Parent;false;PORTUGAL;Not applicable (Contractual recognition of bail-in powers);64,44;0;Euro;2021-12-31;2022-01-03;2099-01-31;Unsecured;0;N/A;Structured;0;No;0
1529;r0120 - Secured liabilities - collateralized part (BRRD art. 44/2/b);c005x   - Other financial corporations;Rank 20 - Ranking in insolvency (master scale);000000000000000;HIPOTOTTA Nº 4 PLC;7400615058;Type of identifier, other than LEI or MFI code;Sister;true;PORTUGAL;Not applicable (Contractual recognition of bail-in powers);17205272,48;8848,89;Euro;2021-12-31;2022-01-03;2065-12-14;Secured;0;N/A;Non-structured/Vanilla;0;No;0
1530;r0390 - Non-financial liabilities;c004x   - Institutions;Rank 9 - Ranking in insolvency (master scale);862304880019760;BANCO SANTANDER SA;5493006QMFDDMYWIAM13;LEI code;Parent;false;PORTUGAL;Not applicable (Contractual recognition of bail-in powers);0,12;0;Euro;2021-12-31;2022-01-03;2099-01-31;Unsecured;0;N/A;Structured;0;No;0
1531;r0120 - Secured liabilities - collateralized part (BRRD art. 44/2/b);c005x   - Other financial corporations;Rank 20 - Ranking in insolvency (master scale);038800000000000;HIPOTOTTA 5 PLC;7400987939;Type of identifier, other than LEI or MFI code;Sister;true;PORTUGAL;Not applicable (Contractual recognition of bail-in powers);120970,46;111,87;Euro;2021-12-31;2022-01-03;2065-12-14;Secured;0;N/A;Non-structured/Vanilla;0;No;0
1532;r0390 - Non-financial liabilities;c004x   - Institutions;Rank 9 - Ranking in insolvency (master scale);962304820154140;BANCO SANTANDER SA;5493006QMFDDMYWIAM13;LEI code;Parent;false;PORTUGAL;Not applicable (Contractual recognition of bail-in powers);262,47;0;Euro;2021-12-31;2022-01-03;2099-01-31;Unsecured;0;N/A;Structured;0;No;0
1533;r0390 - Non-financial liabilities;c004x   - Institutions;Rank 9 - Ranking in insolvency (master scale);362304820798420;BANCO SANTANDER SA;5493006QMFDDMYWIAM13;LEI code;Parent;false;PORTUGAL;Not applicable (Contractual recognition of bail-in powers);0,02;0;Euro;2021-12-31;2022-01-03;2099-01-31;Unsecured;0;N/A;Structured;0;No;0
1534;r0390 - Non-financial liabilities;c004x   - Institutions;Rank 9 - Ranking in insolvency (master scale);862304880010230;BANCO SANTANDER SA;5493006QMFDDMYWIAM13;LEI code;Parent;false;PORTUGAL;Not applicable (Contractual recognition of bail-in powers);0,97;0;Euro;2021-12-31;2022-01-03;2099-01-31;Unsecured;0;N/A;Structured;0;No;0
1535;r0120 - Secured liabilities - collateralized part (BRRD art. 44/2/b);c005x   - Other financial corporations;Rank 20 - Ranking in insolvency (master scale);023100000000000;GAMMA SOC TITULARIZACAO CREDITOS, SA;2101355138;Type of identifier, other than LEI or MFI code;Sister;true;PORTUGAL;Not applicable (Contractual recognition of bail-in powers);68298,8;-11,07;Euro;2021-12-31;2022-01-03;2065-12-14;Secured;0;N/A;Non-structured/Vanilla;0;No;0
1536;r0390 - Non-financial liabilities;c004x   - Institutions;Rank 9 - Ranking in insolvency (master scale);962304820163410;BANCO SANTANDER SA;5493006QMFDDMYWIAM13;LEI code;Parent;false;PORTUGAL;Not applicable (Contractual recognition of bail-in powers);3291;0;Euro;2021-12-31;2022-01-03;2099-01-31;Unsecured;0;N/A;Structured;0;No;0
1537;r0120 - Secured liabilities - collateralized part (BRRD art. 44/2/b);c005x   - Other financial corporations;Rank 20 - Ranking in insolvency (master scale);039100000000000;GAMMA SOC TITULARIZACAO CREDITOS, SA;2101355138;Type of identifier, other than LEI or MFI code;Sister;true;PORTUGAL;Not applicable (Contractual recognition of bail-in powers);140383,12;2,17;Euro;2021-12-31;2022-01-03;2065-12-14;Secured;0;N/A;Non-structured/Vanilla;0;No;0
1538;r0390 - Non-financial liabilities;c004x   - Institutions;Rank 9 - Ranking in insolvency (master scale);862304880020750;BANCO SANTANDER SA;5493006QMFDDMYWIAM13;LEI code;Parent;false;PORTUGAL;Not applicable (Contractual recognition of bail-in powers);1,01;0;Euro;2021-12-31;2022-01-03;2099-01-31;Unsecured;0;N/A;Structured;0;No;0
1539;r0120 - Secured liabilities - collateralized part (BRRD art. 44/2/b);c005x   - Other financial corporations;Rank 20 - Ranking in insolvency (master scale);038900000000000;HIPOTOTTA Nº 4 PLC;7400615058;Type of identifier, other than LEI or MFI code;Sister;true;PORTUGAL;Not applicable (Contractual recognition of bail-in powers);1508397,93;759,27;Euro;2021-12-31;2022-01-03;2065-12-14;Secured;0;N/A;Non-structured/Vanilla;0;No;0
1540;r0390 - Non-financial liabilities;c004x   - Institutions;Rank 9 - Ranking in insolvency (master scale);962304820167570;BANCO SANTANDER SA;5493006QMFDDMYWIAM13;LEI code;Parent;false;PORTUGAL;Not applicable (Contractual recognition of bail-in powers);48,89;0;Euro;2021-12-31;2022-01-03;2099-01-31;Unsecured;0;N/A;Structured;0;No;0
1541;r0120 - Secured liabilities - collateralized part (BRRD art. 44/2/b);c005x   - Other financial corporations;Rank 20 - Ranking in insolvency (master scale);345500000000000;HIPOTOTTA Nº 4 PLC;7400615058;Type of identifier, other than LEI or MFI code;Sister;true;PORTUGAL;Not applicable (Contractual recognition of bail-in powers);32386;0;Euro;2021-12-31;2022-01-03;2065-12-14;Secured;0;N/A;Non-structured/Vanilla;0;No;0
1542;r0390 - Non-financial liabilities;c004x   - Institutions;Rank 9 - Ranking in insolvency (master scale);862304840097570;BANCO SANTANDER SA;5493006QMFDDMYWIAM13;LEI code;Parent;false;PORTUGAL;Not applicable (Contractual recognition of bail-in powers);0,24;0;Euro;2021-12-31;2022-01-03;2099-01-31;Unsecured;0;N/A;Structured;0;No;0
1543;r0120 - Secured liabilities - collateralized part (BRRD art. 44/2/b);c005x   - Other financial corporations;Rank 20 - Ranking in insolvency (master scale);027100000000000;HIPOTOTTA 5 PLC;7400987939;Type of identifier, other than LEI or MFI code;Sister;true;PORTUGAL;Not applicable (Contractual recognition of bail-in powers);12510,71;0,13;Euro;2021-12-31;2022-01-03;2065-12-14;Secured;0;N/A;Non-structured/Vanilla;0;No;0
1544;r0390 - Non-financial liabilities;c004x   - Institutions;Rank 9 - Ranking in insolvency (master scale);962304820174780;BANCO SANTANDER SA;5493006QMFDDMYWIAM13;LEI code;Parent;false;PORTUGAL;Not applicable (Contractual recognition of bail-in powers);30;0;Euro;2021-12-31;2022-01-03;2099-01-31;Unsecured;0;N/A;Structured;0;No;0
1545;r0120 - Secured liabilities - collateralized part (BRRD art. 44/2/b);c005x   - Other financial corporations;Rank 20 - Ranking in insolvency (master scale);027200000000000;HIPOTOTTA 5 PLC;7400987939;Type of identifier, other than LEI or MFI code;Sister;true;PORTUGAL;Not applicable (Contractual recognition of bail-in powers);17027,23;0,27;Euro;2021-12-31;2022-01-03;2065-12-14;Secured;0;N/A;Non-structured/Vanilla;0;No;0
1546;r0390 - Non-financial liabilities;c004x   - Institutions;Rank 9 - Ranking in insolvency (master scale);862304880021730;BANCO SANTANDER SA;5493006QMFDDMYWIAM13;LEI code;Parent;false;PORTUGAL;Not applicable (Contractual recognition of bail-in powers);0,66;0;Euro;2021-12-31;2022-01-03;2099-01-31;Unsecured;0;N/A;Structured;0;No;0
1547;r0120 - Secured liabilities - collateralized part (BRRD art. 44/2/b);c005x   - Other financial corporations;Rank 20 - Ranking in insolvency (master scale);039000000000000;GAMMA SOC TITULARIZACAO CREDITOS, SA;2101355138;Type of identifier, other than LEI or MFI code;Sister;true;PORTUGAL;Not applicable (Contractual recognition of bail-in powers);18114,43;0;Euro;2021-12-31;2022-01-03;2065-12-14;Secured;0;N/A;Non-structured/Vanilla;0;No;0
1548;r0390 - Non-financial liabilities;c004x   - Institutions;Rank 9 - Ranking in insolvency (master scale);962304820177650;BANCO SANTANDER SA;5493006QMFDDMYWIAM13;LEI code;Parent;false;PORTUGAL;Not applicable (Contractual recognition of bail-in powers);103,11;0;Euro;2021-12-31;2022-01-03;2099-01-31;Unsecured;0;N/A;Structured;0;No;0
1549;r0390 - Non-financial liabilities;c004x   - Institutions;Rank 9 - Ranking in insolvency (master scale);162304840070280;BANCO SANTANDER SA;5493006QMFDDMYWIAM13;LEI code;Parent;false;PORTUGAL;Not applicable (Contractual recognition of bail-in powers);5,75;0;Euro;2021-12-31;2022-01-03;2099-01-31;Unsecured;0;N/A;Structured;0;No;0
1550;r0390 - Non-financial liabilities;c004x   - Institutions;Rank 9 - Ranking in insolvency (master scale);862304880010270;BANCO SANTANDER SA;5493006QMFDDMYWIAM13;LEI code;Parent;false;PORTUGAL;Not applicable (Contractual recognition of bail-in powers);6,57;0;Euro;2021-12-31;2022-01-03;2099-01-31;Unsecured;0;N/A;Structured;0;No;0
1551;r0390 - Non-financial liabilities;c004x   - Institutions;Rank 9 - Ranking in insolvency (master scale);000000000000000;Sucursal BSCH Frankfurt;0000046859;Type of identifier, other than LEI or MFI code;Sister;false;PORTUGAL;Not applicable (Contractual recognition of bail-in powers);34,29;0;Euro;2021-12-31;2022-01-03;2099-01-31;Unsecured;0;N/A;Structured;0;No;0
1552;r0390 - Non-financial liabilities;c004x   - Institutions;Rank 9 - Ranking in insolvency (master scale);962304820183710;BANCO SANTANDER SA;5493006QMFDDMYWIAM13;LEI code;Parent;false;PORTUGAL;Not applicable (Contractual recognition of bail-in powers);6,34;0;Euro;2021-12-31;2022-01-03;2099-01-31;Unsecured;0;N/A;Structured;0;No;0
1553;r0120 - Secured liabilities - collateralized part (BRRD art. 44/2/b);c005x   - Other financial corporations;Rank 20 - Ranking in insolvency (master scale);039200000000000;HIPOTOTTA Nº 4 PLC;7400615058;Type of identifier, other than LEI or MFI code;Sister;true;PORTUGAL;Not applicable (Contractual recognition of bail-in powers);2217123,28;879,98;Euro;2021-12-31;2022-01-03;2065-12-14;Secured;0;N/A;Non-structured/Vanilla;0;No;0
1554;r0390 - Non-financial liabilities;c004x   - Institutions;Rank 9 - Ranking in insolvency (master scale);862304880022380;BANCO SANTANDER SA;5493006QMFDDMYWIAM13;LEI code;Parent;false;PORTUGAL;Not applicable (Contractual recognition of bail-in powers);1;0;Euro;2021-12-31;2022-01-03;2099-01-31;Unsecured;0;N/A;Structured;0;No;0
1555;r0120 - Secured liabilities - collateralized part (BRRD art. 44/2/b);c005x   - Other financial corporations;Rank 20 - Ranking in insolvency (master scale);039000000000000;HIPOTOTTA 5 PLC;7400987939;Type of identifier, other than LEI or MFI code;Sister;true;PORTUGAL;Not applicable (Contractual recognition of bail-in powers);11041,14;0,16;Euro;2021-12-31;2022-01-03;2065-12-14;Secured;0;N/A;Non-structured/Vanilla;0;No;0
1556;r0390 - Non-financial liabilities;c004x   - Institutions;Rank 9 - Ranking in insolvency (master scale);962304820183980;BANCO SANTANDER SA;5493006QMFDDMYWIAM13;LEI code;Parent;false;PORTUGAL;Not applicable (Contractual recognition of bail-in powers);0,35;0;Euro;2021-12-31;2022-01-03;2099-01-31;Unsecured;0;N/A;Structured;0;No;0
1557;r0120 - Secured liabilities - collateralized part (BRRD art. 44/2/b);c005x   - Other financial corporations;Rank 20 - Ranking in insolvency (master scale);348000000000000;HIPOTOTTA Nº 4 PLC;7400615058;Type of identifier, other than LEI or MFI code;Sister;true;PORTUGAL;Not applicable (Contractual recognition of bail-in powers);64389,08;21,28;Euro;2021-12-31;2022-01-03;2065-12-14;Secured;0;N/A;Non-structured/Vanilla;0;No;0
1558;r0390 - Non-financial liabilities;c004x   - Institutions;Rank 9 - Ranking in insolvency (master scale);862304840055640;BANCO SANTANDER SA;5493006QMFDDMYWIAM13;LEI code;Parent;false;PORTUGAL;Not applicable (Contractual recognition of bail-in powers);4,36;0;Euro;2021-12-31;2022-01-03;2099-01-31;Unsecured;0;N/A;Structured;0;No;0
1559;r0120 - Secured liabilities - collateralized part (BRRD art. 44/2/b);c005x   - Other financial corporations;Rank 20 - Ranking in insolvency (master scale);027200000000000;HIPOTOTTA Nº 4 PLC;7400615058;Type of identifier, other than LEI or MFI code;Sister;true;PORTUGAL;Not applicable (Contractual recognition of bail-in powers);1095874,51;462,92;Euro;2021-12-31;2022-01-03;2065-12-14;Secured;0;N/A;Non-structured/Vanilla;0;No;0
1560;r0390 - Non-financial liabilities;c004x   - Institutions;Rank 9 - Ranking in insolvency (master scale);962304820200900;BANCO SANTANDER SA;5493006QMFDDMYWIAM13;LEI code;Parent;false;PORTUGAL;Not applicable (Contractual recognition of bail-in powers);0,98;0;Euro;2021-12-31;2022-01-03;2099-01-31;Unsecured;0;N/A;Structured;0;No;0
1561;r0120 - Secured liabilities - collateralized part (BRRD art. 44/2/b);c005x   - Other financial corporations;Rank 20 - Ranking in insolvency (master scale);023200000000000;HIPOTOTTA Nº 4 PLC;7400615058;Type of identifier, other than LEI or MFI code;Sister;true;PORTUGAL;Not applicable (Contractual recognition of bail-in powers);639227,84;215,46;Euro;2021-12-31;2022-01-03;2065-12-14;Secured;0;N/A;Non-structured/Vanilla;0;No;0
1562;r0390 - Non-financial liabilities;c004x   - Institutions;Rank 9 - Ranking in insolvency (master scale);862304880023470;BANCO SANTANDER SA;5493006QMFDDMYWIAM13;LEI code;Parent;false;PORTUGAL;Not applicable (Contractual recognition of bail-in powers);0,15;0;Euro;2021-12-31;2022-01-03;2099-01-31;Unsecured;0;N/A;Structured;0;No;0
1563;r0120 - Secured liabilities - collateralized part (BRRD art. 44/2/b);c005x   - Other financial corporations;Rank 20 - Ranking in insolvency (master scale);039100000000000;HIPOTOTTA Nº 4 PLC;7400615058;Type of identifier, other than LEI or MFI code;Sister;true;PORTUGAL;Not applicable (Contractual recognition of bail-in powers);2753044,99;1310,99;Euro;2021-12-31;2022-01-03;2065-12-14;Secured;0;N/A;Non-structured/Vanilla;0;No;0
1564;r0390 - Non-financial liabilities;c004x   - Institutions;Rank 9 - Ranking in insolvency (master scale);962304820201320;BANCO SANTANDER SA;5493006QMFDDMYWIAM13;LEI code;Parent;false;PORTUGAL;Not applicable (Contractual recognition of bail-in powers);3,9;0;Euro;2021-12-31;2022-01-03;2099-01-31;Unsecured;0;N/A;Structured;0;No;0
1565;r0390 - Non-financial liabilities;c004x   - Institutions;Rank 9 - Ranking in insolvency (master scale);262304820020770;BANCO SANTANDER SA;5493006QMFDDMYWIAM13;LEI code;Parent;false;PORTUGAL;Not applicable (Contractual recognition of bail-in powers);74,34;0;Euro;2021-12-31;2022-01-03;2099-01-31;Unsecured;0;N/A;Structured;0;No;0
1566;r0390 - Non-financial liabilities;c004x   - Institutions;Rank 9 - Ranking in insolvency (master scale);862304880010640;BANCO SANTANDER SA;5493006QMFDDMYWIAM13;LEI code;Parent;false;PORTUGAL;Not applicable (Contractual recognition of bail-in powers);6,69;0;Euro;2021-12-31;2022-01-03;2099-01-31;Unsecured;0;N/A;Structured;0;No;0
1567;r0120 - Secured liabilities - collateralized part (BRRD art. 44/2/b);c005x   - Other financial corporations;Rank 20 - Ranking in insolvency (master scale);023100000000000;HIPOTOTTA 5 PLC;7400987939;Type of identifier, other than LEI or MFI code;Sister;true;PORTUGAL;Not applicable (Contractual recognition of bail-in powers);171148,02;38,09;Euro;2021-12-31;2022-01-03;2065-12-14;Secured;0;N/A;Non-structured/Vanilla;0;No;0
1568;r0390 - Non-financial liabilities;c004x   - Institutions;Rank 9 - Ranking in insolvency (master scale);962304820205570;BANCO SANTANDER SA;5493006QMFDDMYWIAM13;LEI code;Parent;false;PORTUGAL;Not applicable (Contractual recognition of bail-in powers);11,53;0;Euro;2021-12-31;2022-01-03;2099-01-31;Unsecured;0;N/A;Structured;0;No;0
1569;r0120 - Secured liabilities - collateralized part (BRRD art. 44/2/b);c005x   - Other financial corporations;Rank 20 - Ranking in insolvency (master scale);039300000000000;HIPOTOTTA 5 PLC;7400987939;Type of identifier, other than LEI or MFI code;Sister;true;PORTUGAL;Not applicable (Contractual recognition of bail-in powers);275681,31;145,36;Euro;2021-12-31;2022-01-03;2065-12-14;Secured;0;N/A;Non-structured/Vanilla;0;No;0
1570;r0390 - Non-financial liabilities;c004x   - Institutions;Rank 9 - Ranking in insolvency (master scale);862304880025050;BANCO SANTANDER SA;5493006QMFDDMYWIAM13;LEI code;Parent;false;PORTUGAL;Not applicable (Contractual recognition of bail-in powers);0,25;0;Euro;2021-12-31;2022-01-03;2099-01-31;Unsecured;0;N/A;Structured;0;No;0
1571;r0120 - Secured liabilities - collateralized part (BRRD art. 44/2/b);c005x   - Other financial corporations;Rank 20 - Ranking in insolvency (master scale);039200000000000;GAMMA SOC TITULARIZACAO CREDITOS, SA;2101355138;Type of identifier, other than LEI or MFI code;Sister;true;PORTUGAL;Not applicable (Contractual recognition of bail-in powers);30161,58;2,03;Euro;2021-12-31;2022-01-03;2065-12-14;Secured;0;N/A;Non-structured/Vanilla;0;No;0
1572;r0390 - Non-financial liabilities;c004x   - Institutions;Rank 9 - Ranking in insolvency (master scale);962304820211210;BANCO SANTANDER SA;5493006QMFDDMYWIAM13;LEI code;Parent;false;PORTUGAL;Not applicable (Contractual recognition of bail-in powers);3,32;0;Euro;2021-12-31;2022-01-03;2099-01-31;Unsecured;0;N/A;Structured;0;No;0
1573;r0120 - Secured liabilities - collateralized part (BRRD art. 44/2/b);c005x   - Other financial corporations;Rank 20 - Ranking in insolvency (master scale);351000000000000;HIPOTOTTA Nº 4 PLC;7400615058;Type of identifier, other than LEI or MFI code;Sister;true;PORTUGAL;Not applicable (Contractual recognition of bail-in powers);66203,97;69,63;Euro;2021-12-31;2022-01-03;2065-12-14;Secured;0;N/A;Non-structured/Vanilla;0;No;0
1574;r0390 - Non-financial liabilities;c004x   - Institutions;Rank 9 - Ranking in insolvency (master scale);862304840110540;BANCO SANTANDER SA;5493006QMFDDMYWIAM13;LEI code;Parent;false;PORTUGAL;Not applicable (Contractual recognition of bail-in powers);0,29;0;Euro;2021-12-31;2022-01-03;2099-01-31;Unsecured;0;N/A;Structured;0;No;0
1575;r0120 - Secured liabilities - collateralized part (BRRD art. 44/2/b);c005x   - Other financial corporations;Rank 20 - Ranking in insolvency (master scale);027300000000000;GAMMA SOC TITULARIZACAO CREDITOS, SA;2101355138;Type of identifier, other than LEI or MFI code;Sister;true;PORTUGAL;Not applicable (Contractual recognition of bail-in powers);55305,08;0,18;Euro;2021-12-31;2022-01-03;2065-12-14;Secured;0;N/A;Non-structured/Vanilla;0;No;0
1576;r0390 - Non-financial liabilities;c004x   - Institutions;Rank 9 - Ranking in insolvency (master scale);962304820216980;BANCO SANTANDER SA;5493006QMFDDMYWIAM13;LEI code;Parent;false;PORTUGAL;Not applicable (Contractual recognition of bail-in powers);0,09;0;Euro;2021-12-31;2022-01-03;2099-01-31;Unsecured;0;N/A;Structured;0;No;0
1577;r0120 - Secured liabilities - collateralized part (BRRD art. 44/2/b);c005x   - Other financial corporations;Rank 20 - Ranking in insolvency (master scale);027400000000000;GAMMA SOC TITULARIZACAO CREDITOS, SA;2101355138;Type of identifier, other than LEI or MFI code;Sister;true;PORTUGAL;Not applicable (Contractual recognition of bail-in powers);1996,15;0;Euro;2021-12-31;2022-01-03;2065-12-14;Secured;0;N/A;Non-structured/Vanilla;0;No;0
1578;r0390 - Non-financial liabilities;c004x   - Institutions;Rank 9 - Ranking in insolvency (master scale);862304880027370;BANCO SANTANDER SA;5493006QMFDDMYWIAM13;LEI code;Parent;false;PORTUGAL;Not applicable (Contractual recognition of bail-in powers);0,91;0;Euro;2021-12-31;2022-01-03;2099-01-31;Unsecured;0;N/A;Structured;0;No;0
1579;r0120 - Secured liabilities - collateralized part (BRRD art. 44/2/b);c005x   - Other financial corporations;Rank 20 - Ranking in insolvency (master scale);039200000000000;HIPOTOTTA 5 PLC;7400987939;Type of identifier, other than LEI or MFI code;Sister;true;PORTUGAL;Not applicable (Contractual recognition of bail-in powers);141061,7;10,93;Euro;2021-12-31;2022-01-03;2065-12-14;Secured;0;N/A;Non-structured/Vanilla;0;No;0
1580;r0390 - Non-financial liabilities;c004x   - Institutions;Rank 9 - Ranking in insolvency (master scale);962304820220280;BANCO SANTANDER SA;5493006QMFDDMYWIAM13;LEI code;Parent;false;PORTUGAL;Not applicable (Contractual recognition of bail-in powers);0,07;0;Euro;2021-12-31;2022-01-03;2099-01-31;Unsecured;0;N/A;Structured;0;No;0
1581;r0120 - Secured liabilities - collateralized part (BRRD art. 44/2/b);c005x   - Other financial corporations;Rank 20 - Ranking in insolvency (master scale);027700000000000;HIPOTOTTA Nº 4 PLC;7400615058;Type of identifier, other than LEI or MFI code;Sister;true;PORTUGAL;Not applicable (Contractual recognition of bail-in powers);950873,85;358,02;Euro;2021-12-31;2022-01-03;2065-12-14;Secured;0;N/A;Non-structured/Vanilla;0;No;0
1582;r0390 - Non-financial liabilities;c004x   - Institutions;Rank 9 - Ranking in insolvency (master scale);862304880011590;BANCO SANTANDER SA;5493006QMFDDMYWIAM13;LEI code;Parent;false;PORTUGAL;Not applicable (Contractual recognition of bail-in powers);0,16;0;Euro;2021-12-31;2022-01-03;2099-01-31;Unsecured;0;N/A;Structured;0;No;0
1583;r0320 - Deposits, not covered and not preferential;c004x   - Institutions;Rank 12 - Ranking in insolvency (master scale);000000000000000;Sucursal BSCH Frankfurt;0000046859;Type of identifier, other than LEI or MFI code;Sister;false;PORTUGAL;Not applicable (Contractual recognition of bail-in powers);2839627,86;0;Euro;2021-12-31;2022-01-03;2022-01-03;Unsecured;0;N/A;Non-structured/Vanilla;0;No;0
1584;r0390 - Non-financial liabilities;c004x   - Institutions;Rank 9 - Ranking in insolvency (master scale);962304820225180;BANCO SANTANDER SA;5493006QMFDDMYWIAM13;LEI code;Parent;false;PORTUGAL;Not applicable (Contractual recognition of bail-in powers);64,44;0;Euro;2021-12-31;2022-01-03;2099-01-31;Unsecured;0;N/A;Structured;0;No;0
1585;r0120 - Secured liabilities - collateralized part (BRRD art. 44/2/b);c005x   - Other financial corporations;Rank 20 - Ranking in insolvency (master scale);039500000000000;GAMMA SOC TITULARIZACAO CREDITOS, SA;2101355138;Type of identifier, other than LEI or MFI code;Sister;true;PORTUGAL;Not applicable (Contractual recognition of bail-in powers);13640,18;-0,25;Euro;2021-12-31;2022-01-03;2065-12-14;Secured;0;N/A;Non-structured/Vanilla;0;No;0
1586;r0390 - Non-financial liabilities;c004x   - Institutions;Rank 9 - Ranking in insolvency (master scale);862304880028590;BANCO SANTANDER SA;5493006QMFDDMYWIAM13;LEI code;Parent;false;PORTUGAL;Not applicable (Contractual recognition of bail-in powers);0,29;0;Euro;2021-12-31;2022-01-03;2099-01-31;Unsecured;0;N/A;Structured;0;No;0
1587;r0120 - Secured liabilities - collateralized part (BRRD art. 44/2/b);c005x   - Other financial corporations;Rank 20 - Ranking in insolvency (master scale);039300000000000;HIPOTOTTA Nº 4 PLC;7400615058;Type of identifier, other than LEI or MFI code;Sister;true;PORTUGAL;Not applicable (Contractual recognition of bail-in powers);2491749,09;1081,7;Euro;2021-12-31;2022-01-03;2065-12-14;Secured;0;N/A;Non-structured/Vanilla;0;No;0
1588;r0390 - Non-financial liabilities;c004x   - Institutions;Rank 9 - Ranking in insolvency (master scale);962304820229380;BANCO SANTANDER SA;5493006QMFDDMYWIAM13;LEI code;Parent;false;PORTUGAL;Not applicable (Contractual recognition of bail-in powers);0,11;0;Euro;2021-12-31;2022-01-03;2099-01-31;Unsecured;0;N/A;Structured;0;No;0
1589;r0120 - Secured liabilities - collateralized part (BRRD art. 44/2/b);c005x   - Other financial corporations;Rank 20 - Ranking in insolvency (master scale);353500000000000;GAMMA SOC TITULARIZACAO CREDITOS, SA;2101355138;Type of identifier, other than LEI or MFI code;Sister;true;PORTUGAL;Not applicable (Contractual recognition of bail-in powers);300020,24;42,46;Euro;2021-12-31;2022-01-03;2065-12-14;Secured;0;N/A;Non-structured/Vanilla;0;No;0
1590;r0390 - Non-financial liabilities;c004x   - Institutions;Rank 9 - Ranking in insolvency (master scale);962304820334150;BANK ZACHODNI WBK SA;7401536276;Type of identifier, other than LEI or MFI code;Sister;false;PORTUGAL;Not applicable (Contractual recognition of bail-in powers);23,76;0;Euro;2021-12-31;2022-01-03;2099-01-31;Unsecured;0;N/A;Structured;0;No;0
1591;r0120 - Secured liabilities - collateralized part (BRRD art. 44/2/b);c005x   - Other financial corporations;Rank 20 - Ranking in insolvency (master scale);027300000000000;HIPOTOTTA 5 PLC;7400987939;Type of identifier, other than LEI or MFI code;Sister;true;PORTUGAL;Not applicable (Contractual recognition of bail-in powers);148601,43;91,42;Euro;2021-12-31;2022-01-03;2065-12-14;Secured;0;N/A;Non-structured/Vanilla;0;No;0
1592;r0390 - Non-financial liabilities;c004x   - Institutions;Rank 9 - Ranking in insolvency (master scale);962304820336290;Sucursal BSCH Frankfurt;0000046859;Type of identifier, other than LEI or MFI code;Sister;false;PORTUGAL;Not applicable (Contractual recognition of bail-in powers);0,4;0;Euro;2021-12-31;2022-01-03;2099-01-31;Unsecured;0;N/A;Structured;0;No;0
1593;r0390 - Non-financial liabilities;c004x   - Institutions;Rank 9 - Ranking in insolvency (master scale);000000000000000;BANCO SANTANDER SA;5493006QMFDDMYWIAM13;LEI code;Parent;false;PORTUGAL;Not applicable (Contractual recognition of bail-in powers);4157,84;0;Euro;2021-12-31;2022-01-03;2099-01-31;Unsecured;0;N/A;Structured;0;No;0
1594;r0390 - Non-financial liabilities;c004x   - Institutions;Rank 9 - Ranking in insolvency (master scale);962304820336320;BANCO SANTANDER SA;5493006QMFDDMYWIAM13;LEI code;Parent;false;PORTUGAL;Not applicable (Contractual recognition of bail-in powers);98,89;0;Euro;2021-12-31;2022-01-03;2099-01-31;Unsecured;0;N/A;Structured;0;No;0
1595;r0120 - Secured liabilities - collateralized part (BRRD art. 44/2/b);c005x   - Other financial corporations;Rank 20 - Ranking in insolvency (master scale);039400000000000;GAMMA SOC TITULARIZACAO CREDITOS, SA;2101355138;Type of identifier, other than LEI or MFI code;Sister;true;PORTUGAL;Not applicable (Contractual recognition of bail-in powers);92064,02;17,9;Euro;2021-12-31;2022-01-03;2065-12-14;Secured;0;N/A;Non-structured/Vanilla;0;No;0
1596;r0390 - Non-financial liabilities;c004x   - Institutions;Rank 9 - Ranking in insolvency (master scale);962304820336330;BANCO SANTANDER SA;5493006QMFDDMYWIAM13;LEI code;Parent;false;PORTUGAL;Not applicable (Contractual recognition of bail-in powers);98,89;0;Euro;2021-12-31;2022-01-03;2099-01-31;Unsecured;0;N/A;Structured;0;No;0
1597;r0120 - Secured liabilities - collateralized part (BRRD art. 44/2/b);c005x   - Other financial corporations;Rank 20 - Ranking in insolvency (master scale);367000000000000;HIPOTOTTA Nº 4 PLC;7400615058;Type of identifier, other than LEI or MFI code;Sister;true;PORTUGAL;Not applicable (Contractual recognition of bail-in powers);216240,6;122,76;Euro;2021-12-31;2022-01-03;2065-12-14;Secured;0;N/A;Non-structured/Vanilla;0;No;0
1598;r0390 - Non-financial liabilities;c004x   - Institutions;Rank 9 - Ranking in insolvency (master scale);962304820338160;Sucursal BSCH Frankfurt;0000046859;Type of identifier, other than LEI or MFI code;Sister;false;PORTUGAL;Not applicable (Contractual recognition of bail-in powers);4,74;0;Euro;2021-12-31;2022-01-03;2099-01-31;Unsecured;0;N/A;Structured;0;No;0
1599;r0120 - Secured liabilities - collateralized part (BRRD art. 44/2/b);c005x   - Other financial corporations;Rank 20 - Ranking in insolvency (master scale);023200000000000;HIPOTOTTA 5 PLC;7400987939;Type of identifier, other than LEI or MFI code;Sister;true;PORTUGAL;Not applicable (Contractual recognition of bail-in powers);31341,39;7,39;Euro;2021-12-31;2022-01-03;2065-12-14;Secured;0;N/A;Non-structured/Vanilla;0;No;0
1600;r0390 - Non-financial liabilities;c004x   - Institutions;Rank 9 - Ranking in insolvency (master scale);962304820338290;BANCO SANTANDER SA;5493006QMFDDMYWIAM13;LEI code;Parent;false;PORTUGAL;Not applicable (Contractual recognition of bail-in powers);21,11;0;Euro;2021-12-31;2022-01-03;2099-01-31;Unsecured;0;N/A;Structured;0;No;0
1601;r0120 - Secured liabilities - collateralized part (BRRD art. 44/2/b);c005x   - Other financial corporations;Rank 20 - Ranking in insolvency (master scale);039600000000000;HIPOTOTTA 5 PLC;7400987939;Type of identifier, other than LEI or MFI code;Sister;true;PORTUGAL;Not applicable (Contractual recognition of bail-in powers);74414,04;6,28;Euro;2021-12-31;2022-01-03;2065-12-14;Secured;0;N/A;Non-structured/Vanilla;0;No;0
1602;r0390 - Non-financial liabilities;c004x   - Institutions;Rank 9 - Ranking in insolvency (master scale);962304820338320;BANCO SANTANDER SA;5493006QMFDDMYWIAM13;LEI code;Parent;false;PORTUGAL;Not applicable (Contractual recognition of bail-in powers);21,11;0;Euro;2021-12-31;2022-01-03;2099-01-31;Unsecured;0;N/A;Structured;0;No;0
1603;r0120 - Secured liabilities - collateralized part (BRRD art. 44/2/b);c005x   - Other financial corporations;Rank 20 - Ranking in insolvency (master scale);039400000000000;HIPOTOTTA 5 PLC;7400987939;Type of identifier, other than LEI or MFI code;Sister;true;PORTUGAL;Not applicable (Contractual recognition of bail-in powers);60569,25;100,14;Euro;2021-12-31;2022-01-03;2065-12-14;Secured;0;N/A;Non-structured/Vanilla;0;No;0
1604;r0390 - Non-financial liabilities;c004x   - Institutions;Rank 9 - Ranking in insolvency (master scale);962304820340070;BANCO SANTANDER PARIS;7400416227;Type of identifier, other than LEI or MFI code;Sister;false;PORTUGAL;Not applicable (Contractual recognition of bail-in powers);0,5;0;Euro;2021-12-31;2022-01-03;2099-01-31;Unsecured;0;N/A;Structured;0;No;0
1605;r0120 - Secured liabilities - collateralized part (BRRD art. 44/2/b);c005x   - Other financial corporations;Rank 20 - Ranking in insolvency (master scale);355500000000000;HIPOTOTTA Nº 4 PLC;7400615058;Type of identifier, other than LEI or MFI code;Sister;true;PORTUGAL;Not applicable (Contractual recognition of bail-in powers);49743,04;18,67;Euro;2021-12-31;2022-01-03;2065-12-14;Secured;0;N/A;Non-structured/Vanilla;0;No;0
1606;r0390 - Non-financial liabilities;c004x   - Institutions;Rank 9 - Ranking in insolvency (master scale);962304820340090;BANCO SANTANDER PARIS;7400416227;Type of identifier, other than LEI or MFI code;Sister;false;PORTUGAL;Not applicable (Contractual recognition of bail-in powers);3,61;0;Euro;2021-12-31;2022-01-03;2099-01-31;Unsecured;0;N/A;Structured;0;No;0
1607;r0120 - Secured liabilities - collateralized part (BRRD art. 44/2/b);c005x   - Other financial corporations;Rank 20 - Ranking in insolvency (master scale);027400000000000;HIPOTOTTA Nº 4 PLC;7400615058;Type of identifier, other than LEI or MFI code;Sister;true;PORTUGAL;Not applicable (Contractual recognition of bail-in powers);705658,58;134,95;Euro;2021-12-31;2022-01-03;2065-12-14;Secured;0;N/A;Non-structured/Vanilla;0;No;0
1608;r0390 - Non-financial liabilities;c004x   - Institutions;Rank 9 - Ranking in insolvency (master scale);962304820340120;BANCO SANTANDER PARIS;7400416227;Type of identifier, other than LEI or MFI code;Sister;false;PORTUGAL;Not applicable (Contractual recognition of bail-in powers);3,01;0;Euro;2021-12-31;2022-01-03;2099-01-31;Unsecured;0;N/A;Structured;0;No;0
1609;r0120 - Secured liabilities - collateralized part (BRRD art. 44/2/b);c005x   - Other financial corporations;Rank 20 - Ranking in insolvency (master scale);027500000000000;HIPOTOTTA Nº 4 PLC;7400615058;Type of identifier, other than LEI or MFI code;Sister;true;PORTUGAL;Not applicable (Contractual recognition of bail-in powers);1639637,34;518,45;Euro;2021-12-31;2022-01-03;2065-12-14;Secured;0;N/A;Non-structured/Vanilla;0;No;0
1610;r0390 - Non-financial liabilities;c004x   - Institutions;Rank 9 - Ranking in insolvency (master scale);962304820340140;BANCO SANTANDER PARIS;7400416227;Type of identifier, other than LEI or MFI code;Sister;false;PORTUGAL;Not applicable (Contractual recognition of bail-in powers);1,42;0;Euro;2021-12-31;2022-01-03;2099-01-31;Unsecured;0;N/A;Structured;0;No;0
1611;r0120 - Secured liabilities - collateralized part (BRRD art. 44/2/b);c005x   - Other financial corporations;Rank 20 - Ranking in insolvency (master scale);039500000000000;HIPOTOTTA Nº 4 PLC;7400615058;Type of identifier, other than LEI or MFI code;Sister;true;PORTUGAL;Not applicable (Contractual recognition of bail-in powers);1075365,01;505,11;Euro;2021-12-31;2022-01-03;2065-12-14;Secured;0;N/A;Non-structured/Vanilla;0;No;0
1612;r0390 - Non-financial liabilities;c004x   - Institutions;Rank 9 - Ranking in insolvency (master scale);962304820340170;BANCO SANTANDER PARIS;7400416227;Type of identifier, other than LEI or MFI code;Sister;false;PORTUGAL;Not applicable (Contractual recognition of bail-in powers);1,42;0;Euro;2021-12-31;2022-01-03;2099-01-31;Unsecured;0;N/A;Structured;0;No;0
1613;r0390 - Non-financial liabilities;c004x   - Institutions;Rank 9 - Ranking in insolvency (master scale);162304888017770;BANCO SANTANDER SA;5493006QMFDDMYWIAM13;LEI code;Parent;false;PORTUGAL;Not applicable (Contractual recognition of bail-in powers);0,41;0;Euro;2021-12-31;2022-01-03;2099-01-31;Unsecured;0;N/A;Structured;0;No;0
1614;r0390 - Non-financial liabilities;c004x   - Institutions;Rank 9 - Ranking in insolvency (master scale);962304820340420;BANCO SANTANDER PARIS;7400416227;Type of identifier, other than LEI or MFI code;Sister;false;PORTUGAL;Not applicable (Contractual recognition of bail-in powers);0,27;0;Euro;2021-12-31;2022-01-03;2099-01-31;Unsecured;0;N/A;Structured;0;No;0
1615;r0320 - Deposits, not covered and not preferential;c004x   - Institutions;Rank 12 - Ranking in insolvency (master scale);000000000000000;BCSH (SUISSE);254900B46DYPR5UMD829;LEI code;Sister;false;PORTUGAL;Not applicable (Contractual recognition of bail-in powers);2347,98;0;Euro;2021-12-31;2022-01-03;2022-01-03;Unsecured;0;N/A;Non-structured/Vanilla;0;No;0
1616;r0390 - Non-financial liabilities;c004x   - Institutions;Rank 9 - Ranking in insolvency (master scale);962304820340800;BANCO SANTANDER SA;5493006QMFDDMYWIAM13;LEI code;Parent;false;PORTUGAL;Not applicable (Contractual recognition of bail-in powers);5,01;0;Euro;2021-12-31;2022-01-03;2099-01-31;Unsecured;0;N/A;Structured;0;No;0
1617;r0390 - Non-financial liabilities;c004x   - Institutions;Rank 9 - Ranking in insolvency (master scale);162304840046380;BANCO SANTANDER SA;5493006QMFDDMYWIAM13;LEI code;Parent;false;PORTUGAL;Not applicable (Contractual recognition of bail-in powers);0,02;0;Euro;2021-12-31;2022-01-03;2099-01-31;Unsecured;0;N/A;Structured;0;No;0
1618;r0390 - Non-financial liabilities;c004x   - Institutions;Rank 9 - Ranking in insolvency (master scale);962304820341100;BANCO SANTANDER PARIS;7400416227;Type of identifier, other than LEI or MFI code;Sister;false;PORTUGAL;Not applicable (Contractual recognition of bail-in powers);0,2;0;Euro;2021-12-31;2022-01-03;2099-01-31;Unsecured;0;N/A;Structured;0;No;0
1619;r0120 - Secured liabilities - collateralized part (BRRD art. 44/2/b);c005x   - Other financial corporations;Rank 20 - Ranking in insolvency (master scale);039600000000000;HIPOTOTTA Nº 4 PLC;7400615058;Type of identifier, other than LEI or MFI code;Sister;true;PORTUGAL;Not applicable (Contractual recognition of bail-in powers);589644,78;262,33;Euro;2021-12-31;2022-01-03;2065-12-14;Secured;0;N/A;Non-structured/Vanilla;0;No;0
1620;r0390 - Non-financial liabilities;c004x   - Institutions;Rank 9 - Ranking in insolvency (master scale);962304820341720;BANCO SANTANDER SA;5493006QMFDDMYWIAM13;LEI code;Parent;false;PORTUGAL;Not applicable (Contractual recognition of bail-in powers);98,65;0;Euro;2021-12-31;2022-01-03;2099-01-31;Unsecured;0;N/A;Structured;0;No;0
1621;r0120 - Secured liabilities - collateralized part (BRRD art. 44/2/b);c005x   - Other financial corporations;Rank 20 - Ranking in insolvency (master scale);357600000000000;HIPOTOTTA Nº 4 PLC;7400615058;Type of identifier, other than LEI or MFI code;Sister;true;PORTUGAL;Not applicable (Contractual recognition of bail-in powers);278728,81;234,31;Euro;2021-12-31;2022-01-03;2065-12-14;Secured;0;N/A;Non-structured/Vanilla;0;No;0
1622;r0390 - Non-financial liabilities;c004x   - Institutions;Rank 9 - Ranking in insolvency (master scale);962304820344260;BANCO SANTANDER SA;5493006QMFDDMYWIAM13;LEI code;Parent;false;PORTUGAL;Not applicable (Contractual recognition of bail-in powers);84,44;0;Euro;2021-12-31;2022-01-03;2099-01-31;Unsecured;0;N/A;Structured;0;No;0
1623;r0120 - Secured liabilities - collateralized part (BRRD art. 44/2/b);c005x   - Other financial corporations;Rank 20 - Ranking in insolvency (master scale);027500000000000;GAMMA SOC TITULARIZACAO CREDITOS, SA;2101355138;Type of identifier, other than LEI or MFI code;Sister;true;PORTUGAL;Not applicable (Contractual recognition of bail-in powers);51382,82;5,27;Euro;2021-12-31;2022-01-03;2065-12-14;Secured;0;N/A;Non-structured/Vanilla;0;No;0
1624;r0390 - Non-financial liabilities;c004x   - Institutions;Rank 9 - Ranking in insolvency (master scale);962304820345590;BANCO SANTANDER SA;5493006QMFDDMYWIAM13;LEI code;Parent;false;PORTUGAL;Not applicable (Contractual recognition of bail-in powers);51,2;0;Euro;2021-12-31;2022-01-03;2099-01-31;Unsecured;0;N/A;Structured;0;No;0
1625;r0120 - Secured liabilities - collateralized part (BRRD art. 44/2/b);c005x   - Other financial corporations;Rank 20 - Ranking in insolvency (master scale);023300000000000;HIPOTOTTA 5 PLC;7400987939;Type of identifier, other than LEI or MFI code;Sister;true;PORTUGAL;Not applicable (Contractual recognition of bail-in powers);223202,7;-10,42;Euro;2021-12-31;2022-01-03;2065-12-14;Secured;0;N/A;Non-structured/Vanilla;0;No;0
1626;r0390 - Non-financial liabilities;c004x   - Institutions;Rank 9 - Ranking in insolvency (master scale);962304820345610;BANCO SANTANDER SA;5493006QMFDDMYWIAM13;LEI code;Parent;false;PORTUGAL;Not applicable (Contractual recognition of bail-in powers);23,27;0;Euro;2021-12-31;2022-01-03;2099-01-31;Unsecured;0;N/A;Structured;0;No;0
1627;r0390 - Non-financial liabilities;c004x   - Institutions;Rank 9 - Ranking in insolvency (master scale);162304820739370;BANCO SANTANDER SA;5493006QMFDDMYWIAM13;LEI code;Parent;false;PORTUGAL;Not applicable (Contractual recognition of bail-in powers);0,11;0;Euro;2021-12-31;2022-01-03;2099-01-31;Unsecured;0;N/A;Structured;0;No;0
1628;r0390 - Non-financial liabilities;c004x   - Institutions;Rank 9 - Ranking in insolvency (master scale);962304820353330;Sucursal BSCH Frankfurt;0000046859;Type of identifier, other than LEI or MFI code;Sister;false;PORTUGAL;Not applicable (Contractual recognition of bail-in powers);0,04;0;Euro;2021-12-31;2022-01-03;2099-01-31;Unsecured;0;N/A;Structured;0;No;0
1629;r0390 - Non-financial liabilities;c004x   - Institutions;Rank 9 - Ranking in insolvency (master scale);162304880044030;BANCO SANTANDER SA;5493006QMFDDMYWIAM13;LEI code;Parent;false;PORTUGAL;Not applicable (Contractual recognition of bail-in powers);2,72;0;Euro;2021-12-31;2022-01-03;2099-01-31;Unsecured;0;N/A;Structured;0;No;0
1630;r0390 - Non-financial liabilities;c004x   - Institutions;Rank 9 - Ranking in insolvency (master scale);962304820357170;BANCO SANTANDER SA;5493006QMFDDMYWIAM13;LEI code;Parent;false;PORTUGAL;Not applicable (Contractual recognition of bail-in powers);0,3;0;Euro;2021-12-31;2022-01-03;2099-01-31;Unsecured;0;N/A;Structured;0;No;0
1631;r0120 - Secured liabilities - collateralized part (BRRD art. 44/2/b);c005x   - Other financial corporations;Rank 20 - Ranking in insolvency (master scale);023300000000000;HIPOTOTTA Nº 4 PLC;7400615058;Type of identifier, other than LEI or MFI code;Sister;true;PORTUGAL;Not applicable (Contractual recognition of bail-in powers);2079597,22;599,79;Euro;2021-12-31;2022-01-03;2065-12-14;Secured;0;N/A;Non-structured/Vanilla;0;No;0
1632;r0390 - Non-financial liabilities;c004x   - Institutions;Rank 9 - Ranking in insolvency (master scale);962304820358120;BANCO SANTANDER SA;5493006QMFDDMYWIAM13;LEI code;Parent;false;PORTUGAL;Not applicable (Contractual recognition of bail-in powers);30;0;Euro;2021-12-31;2022-01-03;2099-01-31;Unsecured;0;N/A;Structured;0;No;0
1633;r0390 - Non-financial liabilities;c004x   - Institutions;Rank 9 - Ranking in insolvency (master scale);162304840071020;BANCO SANTANDER SA;5493006QMFDDMYWIAM13;LEI code;Parent;false;PORTUGAL;Not applicable (Contractual recognition of bail-in powers);5;0;Euro;2021-12-31;2022-01-03;2099-01-31;Unsecured;0;N/A;Structured;0;No;0
1634;r0390 - Non-financial liabilities;c004x   - Institutions;Rank 9 - Ranking in insolvency (master scale);962304820358420;BANCO SANTANDER SA;5493006QMFDDMYWIAM13;LEI code;Parent;false;PORTUGAL;Not applicable (Contractual recognition of bail-in powers);33,33;0;Euro;2021-12-31;2022-01-03;2099-01-31;Unsecured;0;N/A;Structured;0;No;0
1635;r0390 - Non-financial liabilities;c004x   - Institutions;Rank 9 - Ranking in insolvency (master scale);162304840013480;BANCO SANTANDER SA;5493006QMFDDMYWIAM13;LEI code;Parent;false;PORTUGAL;Not applicable (Contractual recognition of bail-in powers);15,8;0;Euro;2021-12-31;2022-01-03;2099-01-31;Unsecured;0;N/A;Structured;0;No;0
1636;r0390 - Non-financial liabilities;c004x   - Institutions;Rank 9 - Ranking in insolvency (master scale);962304820358470;BANCO SANTANDER SA;5493006QMFDDMYWIAM13;LEI code;Parent;false;PORTUGAL;Not applicable (Contractual recognition of bail-in powers);33,33;0;Euro;2021-12-31;2022-01-03;2099-01-31;Unsecured;0;N/A;Structured;0;No;0
1637;r0120 - Secured liabilities - collateralized part (BRRD art. 44/2/b);c005x   - Other financial corporations;Rank 20 - Ranking in insolvency (master scale);358800000000000;HIPOTOTTA Nº 4 PLC;7400615058;Type of identifier, other than LEI or MFI code;Sister;true;PORTUGAL;Not applicable (Contractual recognition of bail-in powers);180591,42;12,21;Euro;2021-12-31;2022-01-03;2065-12-14;Secured;0;N/A;Non-structured/Vanilla;0;No;0
1638;r0390 - Non-financial liabilities;c004x   - Institutions;Rank 9 - Ranking in insolvency (master scale);962304820358480;BANCO SANTANDER SA;5493006QMFDDMYWIAM13;LEI code;Parent;false;PORTUGAL;Not applicable (Contractual recognition of bail-in powers);33,33;0;Euro;2021-12-31;2022-01-03;2099-01-31;Unsecured;0;N/A;Structured;0;No;0
1639;r0120 - Secured liabilities - collateralized part (BRRD art. 44/2/b);c005x   - Other financial corporations;Rank 20 - Ranking in insolvency (master scale);027500000000000;HIPOTOTTA 5 PLC;7400987939;Type of identifier, other than LEI or MFI code;Sister;true;PORTUGAL;Not applicable (Contractual recognition of bail-in powers);93867,48;34,64;Euro;2021-12-31;2022-01-03;2065-12-14;Secured;0;N/A;Non-structured/Vanilla;0;No;0
1640;r0390 - Non-financial liabilities;c004x   - Institutions;Rank 9 - Ranking in insolvency (master scale);962304820359300;BANCO SANTANDER SA;5493006QMFDDMYWIAM13;LEI code;Parent;false;PORTUGAL;Not applicable (Contractual recognition of bail-in powers);0,24;0;Euro;2021-12-31;2022-01-03;2099-01-31;Unsecured;0;N/A;Structured;0;No;0
1641;r0120 - Secured liabilities - collateralized part (BRRD art. 44/2/b);c005x   - Other financial corporations;Rank 20 - Ranking in insolvency (master scale);027600000000000;HIPOTOTTA 5 PLC;7400987939;Type of identifier, other than LEI or MFI code;Sister;true;PORTUGAL;Not applicable (Contractual recognition of bail-in powers);36190,63;6,84;Euro;2021-12-31;2022-01-03;2065-12-14;Secured;0;N/A;Non-structured/Vanilla;0;No;0
1642;r0390 - Non-financial liabilities;c004x   - Institutions;Rank 9 - Ranking in insolvency (master scale);962304820364210;BANCO SANTANDER SA;5493006QMFDDMYWIAM13;LEI code;Parent;false;PORTUGAL;Not applicable (Contractual recognition of bail-in powers);2,79;0;Euro;2021-12-31;2022-01-03;2099-01-31;Unsecured;0;N/A;Structured;0;No;0
1643;r0390 - Non-financial liabilities;c004x   - Institutions;Rank 9 - Ranking in insolvency (master scale);162304840046380;BANCO SANTANDER SA;5493006QMFDDMYWIAM13;LEI code;Parent;false;PORTUGAL;Not applicable (Contractual recognition of bail-in powers);16,49;0;Euro;2021-12-31;2022-01-03;2099-01-31;Unsecured;0;N/A;Structured;0;No;0
1644;r0390 - Non-financial liabilities;c004x   - Institutions;Rank 9 - Ranking in insolvency (master scale);962304820364500;Sucursal BSCH Frankfurt;0000046859;Type of identifier, other than LEI or MFI code;Sister;false;PORTUGAL;Not applicable (Contractual recognition of bail-in powers);1,57;0;Euro;2021-12-31;2022-01-03;2099-01-31;Unsecured;0;N/A;Structured;0;No;0
1645;r0390 - Non-financial liabilities;c004x   - Institutions;Rank 9 - Ranking in insolvency (master scale);962304820365800;SANTANDER CONSUMER BANK AG - MOENCHENGLADBACH;0000235696;Type of identifier, other than LEI or MFI code;Sister;false;PORTUGAL;Not applicable (Contractual recognition of bail-in powers);21,25;0;Euro;2021-12-31;2022-01-03;2099-01-31;Unsecured;0;N/A;Structured;0;No;0
1646;r0320 - Deposits, not covered and not preferential;c003x   - Corporates;Rank 12 - Ranking in insolvency (master scale);000000000000000;SANTANDER GLOBAL THECHNOLOGY, S.L., SOCIEDAD UNIPE;7400772356;Type of identifier, other than LEI or MFI code;Sister;false;PORTUGAL;Not applicable (Contractual recognition of bail-in powers);5398,47;0;Euro;2021-12-31;2022-01-03;2022-01-03;Unsecured;0;N/A;Non-structured/Vanilla;0;No;0
1647;r0390 - Non-financial liabilities;c004x   - Institutions;Rank 9 - Ranking in insolvency (master scale);962304820368340;BANCO SANTANDER SA;5493006QMFDDMYWIAM13;LEI code;Parent;false;PORTUGAL;Not applicable (Contractual recognition of bail-in powers);98,89;0;Euro;2021-12-31;2022-01-03;2099-01-31;Unsecured;0;N/A;Structured;0;No;0
1648;r0390 - Non-financial liabilities;c004x   - Institutions;Rank 9 - Ranking in insolvency (master scale);162304848005620;BANCO SANTANDER SA;5493006QMFDDMYWIAM13;LEI code;Parent;false;PORTUGAL;Not applicable (Contractual recognition of bail-in powers);510,4;0;Euro;2021-12-31;2022-01-03;2099-01-31;Unsecured;0;N/A;Structured;0;No;0
1649;r0390 - Non-financial liabilities;c004x   - Institutions;Rank 9 - Ranking in insolvency (master scale);962304830362520;BANCO SANTANDER SA;5493006QMFDDMYWIAM13;LEI code;Parent;false;PORTUGAL;Not applicable (Contractual recognition of bail-in powers);10,44;0;Euro;2021-12-31;2022-01-03;2099-01-31;Unsecured;0;N/A;Structured;0;No;0
1650;r0390 - Non-financial liabilities;c004x   - Institutions;Rank 9 - Ranking in insolvency (master scale);162304840071020;BANCO SANTANDER SA;5493006QMFDDMYWIAM13;LEI code;Parent;false;PORTUGAL;Not applicable (Contractual recognition of bail-in powers);1,38;0;Euro;2021-12-31;2022-01-03;2099-01-31;Unsecured;0;N/A;Structured;0;No;0
1651;r0390 - Non-financial liabilities;c004x   - Institutions;Rank 9 - Ranking in insolvency (master scale);962304830364570;BANCO SANTANDER SA;5493006QMFDDMYWIAM13;LEI code;Parent;false;PORTUGAL;Not applicable (Contractual recognition of bail-in powers);43,85;0;Euro;2021-12-31;2022-01-03;2099-01-31;Unsecured;0;N/A;Structured;0;No;0
1652;r0390 - Non-financial liabilities;c004x   - Institutions;Rank 9 - Ranking in insolvency (master scale);362304820003350;BANCO SANTANDER SA;5493006QMFDDMYWIAM13;LEI code;Parent;false;PORTUGAL;Not applicable (Contractual recognition of bail-in powers);1,14;0;Euro;2021-12-31;2022-01-03;2099-01-31;Unsecured;0;N/A;Structured;0;No;0
1653;r0390 - Non-financial liabilities;c004x   - Institutions;Rank 9 - Ranking in insolvency (master scale);962304870323050;BANCO SANTANDER SA;5493006QMFDDMYWIAM13;LEI code;Parent;false;PORTUGAL;Not applicable (Contractual recognition of bail-in powers);46,67;0;Euro;2021-12-31;2022-01-03;2099-01-31;Unsecured;0;N/A;Structured;0;No;0
1654;r0120 - Secured liabilities - collateralized part (BRRD art. 44/2/b);c005x   - Other financial corporations;Rank 20 - Ranking in insolvency (master scale);027600000000000;HIPOTOTTA Nº 4 PLC;7400615058;Type of identifier, other than LEI or MFI code;Sister;true;PORTUGAL;Not applicable (Contractual recognition of bail-in powers);1302623,19;629,96;Euro;2021-12-31;2022-01-03;2065-12-14;Secured;0;N/A;Non-structured/Vanilla;0;No;0
1655;r0390 - Non-financial liabilities;c004x   - Institutions;Rank 9 - Ranking in insolvency (master scale);962304870326550;BANCO SANTANDER SA;5493006QMFDDMYWIAM13;LEI code;Parent;false;PORTUGAL;Not applicable (Contractual recognition of bail-in powers);158,27;0;Euro;2021-12-31;2022-01-03;2099-01-31;Unsecured;0;N/A;Structured;0;No;0
1656;r0320 - Deposits, not covered and not preferential;c005x   - Other financial corporations;Rank 12 - Ranking in insolvency (master scale);000000000000000;NOVIMOVEST;7400685089;Type of identifier, other than LEI or MFI code;Sister;true;PORTUGAL;Not applicable (Contractual recognition of bail-in powers);42744288,4;0;Euro;2021-12-31;2022-01-03;2022-01-03;Unsecured;0;N/A;Non-structured/Vanilla;0;No;0
1657;r0390 - Non-financial liabilities;c004x   - Institutions;Rank 9 - Ranking in insolvency (master scale);962304870327990;BANCO SANTANDER SA;5493006QMFDDMYWIAM13;LEI code;Parent;false;PORTUGAL;Not applicable (Contractual recognition of bail-in powers);8,89;0;Euro;2021-12-31;2022-01-03;2099-01-31;Unsecured;0;N/A;Structured;0;No;0
1658;r0390 - Non-financial liabilities;c004x   - Institutions;Rank 9 - Ranking in insolvency (master scale);162304840738540;BANCO SANTANDER SA;5493006QMFDDMYWIAM13;LEI code;Parent;false;PORTUGAL;Not applicable (Contractual recognition of bail-in powers);0,66;0;Euro;2021-12-31;2022-01-03;2099-01-31;Unsecured;0;N/A;Structured;0;No;0
1659;r0390 - Non-financial liabilities;c004x   - Institutions;Rank 9 - Ranking in insolvency (master scale);962304870343130;BANCO SANTANDER SA;5493006QMFDDMYWIAM13;LEI code;Parent;false;PORTUGAL;Not applicable (Contractual recognition of bail-in powers);72,22;0;Euro;2021-12-31;2022-01-03;2099-01-31;Unsecured;0;N/A;Structured;0;No;0
1660;r0390 - Non-financial liabilities;c004x   - Institutions;Rank 9 - Ranking in insolvency (master scale);162304880071650;BANCO SANTANDER SA;5493006QMFDDMYWIAM13;LEI code;Parent;false;PORTUGAL;Not applicable (Contractual recognition of bail-in powers);9,17;0;Euro;2021-12-31;2022-01-03;2099-01-31;Unsecured;0;N/A;Structured;0;No;0
1661;r0390 - Non-financial liabilities;c004x   - Institutions;Rank 9 - Ranking in insolvency (master scale);962304870352020;BANCO SANTANDER SA;5493006QMFDDMYWIAM13;LEI code;Parent;false;PORTUGAL;Not applicable (Contractual recognition of bail-in powers);61;0;Euro;2021-12-31;2022-01-03;2099-01-31;Unsecured;0;N/A;Structured;0;No;0
1662;r0120 - Secured liabilities - collateralized part (BRRD art. 44/2/b);c005x   - Other financial corporations;Rank 20 - Ranking in insolvency (master scale);023400000000000;GAMMA SOC TITULARIZACAO CREDITOS, SA;2101355138;Type of identifier, other than LEI or MFI code;Sister;true;PORTUGAL;Not applicable (Contractual recognition of bail-in powers);132465,49;13,87;Euro;2021-12-31;2022-01-03;2065-12-14;Secured;0;N/A;Non-structured/Vanilla;0;No;0
1663;r0390 - Non-financial liabilities;c004x   - Institutions;Rank 9 - Ranking in insolvency (master scale);962304870352140;BANCO SANTANDER SA;5493006QMFDDMYWIAM13;LEI code;Parent;false;PORTUGAL;Not applicable (Contractual recognition of bail-in powers);196,48;0;Euro;2021-12-31;2022-01-03;2099-01-31;Unsecured;0;N/A;Structured;0;No;0
1664;r0390 - Non-financial liabilities;c004x   - Institutions;Rank 9 - Ranking in insolvency (master scale);162304880044030;BANCO SANTANDER SA;5493006QMFDDMYWIAM13;LEI code;Parent;false;PORTUGAL;Not applicable (Contractual recognition of bail-in powers);0,01;0;Euro;2021-12-31;2022-01-03;2099-01-31;Unsecured;0;N/A;Structured;0;No;0
1665;r0390 - Non-financial liabilities;c004x   - Institutions;Rank 9 - Ranking in insolvency (master scale);962304870356080;BANCO SANTANDER SA;5493006QMFDDMYWIAM13;LEI code;Parent;false;PORTUGAL;Not applicable (Contractual recognition of bail-in powers);2,21;0;Euro;2021-12-31;2022-01-03;2099-01-31;Unsecured;0;N/A;Structured;0;No;0
1666;r0390 - Non-financial liabilities;c004x   - Institutions;Rank 9 - Ranking in insolvency (master scale);162304848005620;BANCO SANTANDER SA;5493006QMFDDMYWIAM13;LEI code;Parent;false;PORTUGAL;Not applicable (Contractual recognition of bail-in powers);1,3;0;Euro;2021-12-31;2022-01-03;2099-01-31;Unsecured;0;N/A;Structured;0;No;0
1667;r0390 - Non-financial liabilities;c004x   - Institutions;Rank 9 - Ranking in insolvency (master scale);962304870356900;BANCO SANTANDER SA;5493006QMFDDMYWIAM13;LEI code;Parent;false;PORTUGAL;Not applicable (Contractual recognition of bail-in powers);13,63;0;Euro;2021-12-31;2022-01-03;2099-01-31;Unsecured;0;N/A;Structured;0;No;0
1668;r0390 - Non-financial liabilities;c004x   - Institutions;Rank 9 - Ranking in insolvency (master scale);362304820801370;BANCO SANTANDER SA;5493006QMFDDMYWIAM13;LEI code;Parent;false;PORTUGAL;Not applicable (Contractual recognition of bail-in powers);0,03;0;Euro;2021-12-31;2022-01-03;2099-01-31;Unsecured;0;N/A;Structured;0;No;0
1669;r0390 - Non-financial liabilities;c004x   - Institutions;Rank 9 - Ranking in insolvency (master scale);962304870364230;BANCO SANTANDER SA;5493006QMFDDMYWIAM13;LEI code;Parent;false;PORTUGAL;Not applicable (Contractual recognition of bail-in powers);9,64;0;Euro;2021-12-31;2022-01-03;2099-01-31;Unsecured;0;N/A;Structured;0;No;0
1670;r0120 - Secured liabilities - collateralized part (BRRD art. 44/2/b);c005x   - Other financial corporations;Rank 20 - Ranking in insolvency (master scale);027700000000000;GAMMA SOC TITULARIZACAO CREDITOS, SA;2101355138;Type of identifier, other than LEI or MFI code;Sister;true;PORTUGAL;Not applicable (Contractual recognition of bail-in powers);57127,72;3,14;Euro;2021-12-31;2022-01-03;2065-12-14;Secured;0;N/A;Non-structured/Vanilla;0;No;0
1671;r0390 - Non-financial liabilities;c005x   - Other financial corporations;Rank 9 - Ranking in insolvency (master scale);962304880000810;NOVIMOVEST;7400685089;Type of identifier, other than LEI or MFI code;Sister;true;PORTUGAL;Not applicable (Contractual recognition of bail-in powers);1948,32;0;Euro;2021-12-31;2022-01-03;2099-01-31;Unsecured;0;N/A;Structured;0;No;0
1672;r0120 - Secured liabilities - collateralized part (BRRD art. 44/2/b);c005x   - Other financial corporations;Rank 20 - Ranking in insolvency (master scale);027800000000000;GAMMA SOC TITULARIZACAO CREDITOS, SA;2101355138;Type of identifier, other than LEI or MFI code;Sister;true;PORTUGAL;Not applicable (Contractual recognition of bail-in powers);38074,34;0;Euro;2021-12-31;2022-01-03;2065-12-14;Secured;0;N/A;Non-structured/Vanilla;0;No;0
1673;r0390 - Non-financial liabilities;c005x   - Other financial corporations;Rank 9 - Ranking in insolvency (master scale);962304880000820;NOVIMOVEST;7400685089;Type of identifier, other than LEI or MFI code;Sister;true;PORTUGAL;Not applicable (Contractual recognition of bail-in powers);396,67;0;Euro;2021-12-31;2022-01-03;2099-01-31;Unsecured;0;N/A;Structured;0;No;0
1674;r0390 - Non-financial liabilities;c004x   - Institutions;Rank 9 - Ranking in insolvency (master scale);162304848006190;BANCO SANTANDER SA;5493006QMFDDMYWIAM13;LEI code;Parent;false;PORTUGAL;Not applicable (Contractual recognition of bail-in powers);4,01;0;Euro;2021-12-31;2022-01-03;2099-01-31;Unsecured;0;N/A;Structured;0;No;0
1675;r0390 - Non-financial liabilities;c005x   - Other financial corporations;Rank 9 - Ranking in insolvency (master scale);962304880165360;NOVIMOVEST;7400685089;Type of identifier, other than LEI or MFI code;Sister;true;PORTUGAL;Not applicable (Contractual recognition of bail-in powers);360,01;0;Euro;2021-12-31;2022-01-03;2099-01-31;Unsecured;0;N/A;Structured;0;No;0
1676;r0390 - Non-financial liabilities;c004x   - Institutions;Rank 9 - Ranking in insolvency (master scale);362304820812140;BANCO SANTANDER SA;5493006QMFDDMYWIAM13;LEI code;Parent;false;PORTUGAL;Not applicable (Contractual recognition of bail-in powers);0,08;0;Euro;2021-12-31;2022-01-03;2099-01-31;Unsecured;0;N/A;Structured;0;No;0
1677;r0390 - Non-financial liabilities;c005x   - Other financial corporations;Rank 9 - Ranking in insolvency (master scale);962304880186890;NOVIMOVEST;7400685089;Type of identifier, other than LEI or MFI code;Sister;true;PORTUGAL;Not applicable (Contractual recognition of bail-in powers);33,17;0;Euro;2021-12-31;2022-01-03;2099-01-31;Unsecured;0;N/A;Structured;0;No;0
1678;r0390 - Non-financial liabilities;c005x   - Other financial corporations;Rank 9 - Ranking in insolvency (master scale);000000000000000;BANCO SANTANDER SA;5493006QMFDDMYWIAM13;LEI code;Parent;false;PORTUGAL;Not applicable (Contractual recognition of bail-in powers);6111,68;0;Euro;2021-12-31;2022-01-03;2099-01-31;Unsecured;0;N/A;Structured;0;No;0
1679;r0390 - Non-financial liabilities;c005x   - Other financial corporations;Rank 9 - Ranking in insolvency (master scale);PCI000060000000;Totta Ireland, PLC;8041492238;Type of identifier, other than LEI or MFI code;Sister;true;PORTUGAL;Not applicable (Contractual recognition of bail-in powers);7353,74;0;Euro;2021-12-31;2022-01-03;2099-01-31;Unsecured;0;N/A;Structured;0;No;0
1680;r0390 - Non-financial liabilities;c005x   - Other financial corporations;Rank 9 - Ranking in insolvency (master scale);227837530000000;Totta Ireland, PLC;8041492238;Type of identifier, other than LEI or MFI code;Sister;true;PORTUGAL;Not applicable (Contractual recognition of bail-in powers);43370,31;0;Euro;2021-12-31;2022-01-03;2099-01-31;Unsecured;0;N/A;Structured;0;No;0
1681;r0120 - Secured liabilities - collateralized part (BRRD art. 44/2/b);c005x   - Other financial corporations;Rank 20 - Ranking in insolvency (master scale);358500000000000;HIPOTOTTA Nº 4 PLC;7400615058;Type of identifier, other than LEI or MFI code;Sister;true;PORTUGAL;Not applicable (Contractual recognition of bail-in powers);26316,39;41,93;Euro;2021-12-31;2022-01-03;2065-12-14;Secured;0;N/A;Non-structured/Vanilla;0;No;0
1682;r0390 - Non-financial liabilities;c005x   - Other financial corporations;Rank 9 - Ranking in insolvency (master scale);188858290000000;Totta Ireland, PLC;8041492238;Type of identifier, other than LEI or MFI code;Sister;true;PORTUGAL;Not applicable (Contractual recognition of bail-in powers);37657,26;0;Euro;2021-12-31;2022-01-03;2099-01-31;Unsecured;0;N/A;Structured;0;No;0
1683;r0390 - Non-financial liabilities;c004x   - Institutions;Rank 9 - Ranking in insolvency (master scale);162304880023020;BANCO SANTANDER SA;5493006QMFDDMYWIAM13;LEI code;Parent;false;PORTUGAL;Not applicable (Contractual recognition of bail-in powers);3,69;0;Euro;2021-12-31;2022-01-03;2099-01-31;Unsecured;0;N/A;Structured;0;No;0
1684;r0120 - Secured liabilities - collateralized part (BRRD art. 44/2/b);c005x   - Other financial corporations;Rank 20 - Ranking in insolvency (master scale);362100000000000;HIPOTOTTA Nº 4 PLC;7400615058;Type of identifier, other than LEI or MFI code;Sister;true;PORTUGAL;Not applicable (Contractual recognition of bail-in powers);61703,44;22,48;Euro;2021-12-31;2022-01-03;2065-12-14;Secured;0;N/A;Non-structured/Vanilla;0;No;0
1685;r0120 - Secured liabilities - collateralized part (BRRD art. 44/2/b);c005x   - Other financial corporations;Rank 20 - Ranking in insolvency (master scale);358800000000000;GAMMA SOC TITULARIZACAO CREDITOS, SA;2101355138;Type of identifier, other than LEI or MFI code;Sister;true;PORTUGAL;Not applicable (Contractual recognition of bail-in powers);313219,86;41,75;Euro;2021-12-31;2022-01-03;2065-12-14;Secured;0;N/A;Non-structured/Vanilla;0;No;0
1686;r0390 - Non-financial liabilities;c004x   - Institutions;Rank 9 - Ranking in insolvency (master scale);362304820959710;BANCO SANTANDER SA;5493006QMFDDMYWIAM13;LEI code;Parent;false;PORTUGAL;Not applicable (Contractual recognition of bail-in powers);275;0;Euro;2021-12-31;2022-01-03;2099-01-31;Unsecured;0;N/A;Structured;0;No;0
1687;r0120 - Secured liabilities - collateralized part (BRRD art. 44/2/b);c005x   - Other financial corporations;Rank 20 - Ranking in insolvency (master scale);027700000000000;HIPOTOTTA 5 PLC;7400987939;Type of identifier, other than LEI or MFI code;Sister;true;PORTUGAL;Not applicable (Contractual recognition of bail-in powers);21891,27;11,11;Euro;2021-12-31;2022-01-03;2065-12-14;Secured;0;N/A;Non-structured/Vanilla;0;No;0
1688;r0120 - Secured liabilities - collateralized part (BRRD art. 44/2/b);c005x   - Other financial corporations;Rank 20 - Ranking in insolvency (master scale);363300000000000;HIPOTOTTA Nº 4 PLC;7400615058;Type of identifier, other than LEI or MFI code;Sister;true;PORTUGAL;Not applicable (Contractual recognition of bail-in powers);87664,86;279,73;Euro;2021-12-31;2022-01-03;2065-12-14;Secured;0;N/A;Non-structured/Vanilla;0;No;0
1689;r0390 - Non-financial liabilities;c004x   - Institutions;Rank 9 - Ranking in insolvency (master scale);862304840056040;BANCO SANTANDER SA;5493006QMFDDMYWIAM13;LEI code;Parent;false;PORTUGAL;Not applicable (Contractual recognition of bail-in powers);0,43;0;Euro;2021-12-31;2022-01-03;2099-01-31;Unsecured;0;N/A;Structured;0;No;0
1690;r0390 - Non-financial liabilities;c005x   - Other financial corporations;Rank 9 - Ranking in insolvency (master scale);000000000000000;BANCO SANTANDER SA;5493006QMFDDMYWIAM13;LEI code;Parent;false;PORTUGAL;Not applicable (Contractual recognition of bail-in powers);0,006404;0;Euro;2021-12-31;2022-01-03;2099-01-31;Unsecured;0;N/A;Structured;0;No;0
1691;r0320 - Deposits, not covered and not preferential;c005x   - Other financial corporations;Rank 12 - Ranking in insolvency (master scale);000000000000000;UCI MEDIACAO DE SEGUROS, UNIPESSOAL LDA.;7400781266;Type of identifier, other than LEI or MFI code;Sister;false;PORTUGAL;Not applicable (Contractual recognition of bail-in powers);35906,82;0;Euro;2021-12-31;2022-01-03;2022-01-03;Unsecured;0;N/A;Non-structured/Vanilla;0;No;0
1692;r0390 - Non-financial liabilities;c004x   - Institutions;Rank 9 - Ranking in insolvency (master scale);399904810324780;BANCO SANTANDER SA;5493006QMFDDMYWIAM13;LEI code;Parent;false;PORTUGAL;Not applicable (Contractual recognition of bail-in powers);0,05;0;Euro;2021-12-31;2022-01-03;2099-01-31;Unsecured;0;N/A;Structured;0;No;0
1693;r0120 - Secured liabilities - collateralized part (BRRD art. 44/2/b);c005x   - Other financial corporations;Rank 20 - Ranking in insolvency (master scale);037000000000000;HIPOTOTTA 5 PLC;7400987939;Type of identifier, other than LEI or MFI code;Sister;true;PORTUGAL;Not applicable (Contractual recognition of bail-in powers);52145,7;-0,03;Euro;2021-12-31;2022-01-03;2065-12-14;Secured;0;N/A;Non-structured/Vanilla;0;No;0
1694;r0390 - Non-financial liabilities;c004x   - Institutions;Rank 9 - Ranking in insolvency (master scale);599904831081820;BANCO SANTANDER SA;5493006QMFDDMYWIAM13;LEI code;Parent;false;PORTUGAL;Not applicable (Contractual recognition of bail-in powers);0,31;0;Euro;2021-12-31;2022-01-03;2099-01-31;Unsecured;0;N/A;Structured;0;No;0
1695;r0390 - Non-financial liabilities;c004x   - Institutions;Rank 9 - Ranking in insolvency (master scale);599904815789840;BANCO SANTANDER SA;5493006QMFDDMYWIAM13;LEI code;Parent;false;PORTUGAL;Not applicable (Contractual recognition of bail-in powers);0,02;0;Euro;2021-12-31;2022-01-03;2099-01-31;Unsecured;0;N/A;Structured;0;No;0
1696;r0390 - Non-financial liabilities;c004x   - Institutions;Rank 9 - Ranking in insolvency (master scale);599904815283510;BANCO SANTANDER SA;5493006QMFDDMYWIAM13;LEI code;Parent;false;PORTUGAL;Not applicable (Contractual recognition of bail-in powers);0,76;0;Euro;2021-12-31;2022-01-03;2099-01-31;Unsecured;0;N/A;Structured;0;No;0
1697;r0390 - Non-financial liabilities;c004x   - Institutions;Rank 9 - Ranking in insolvency (master scale);262304820026620;BANCO SANTANDER SA;5493006QMFDDMYWIAM13;LEI code;Parent;false;PORTUGAL;Not applicable (Contractual recognition of bail-in powers);12,02;0;Euro;2021-12-31;2022-01-03;2099-01-31;Unsecured;0;N/A;Structured;0;No;0
1698;r0390 - Non-financial liabilities;c004x   - Institutions;Rank 9 - Ranking in insolvency (master scale);588804831842570;BANCO SANTANDER SA;5493006QMFDDMYWIAM13;LEI code;Parent;false;PORTUGAL;Not applicable (Contractual recognition of bail-in powers);0,18;0;Euro;2021-12-31;2022-01-03;2099-01-31;Unsecured;0;N/A;Structured;0;No;0
1699;r0512 - o/w instruments ranking pari passu with ordinary shares;c005x   - Other financial corporations;Rank 1 - Ranking in insolvency (master scale);PTCPP0AM0007000;SANTANDER TOTTA, SGPS, SA;7400066405;Type of identifier, other than LEI or MFI code;Parent;true;PORTUGAL;Not applicable (Contractual recognition of bail-in powers);135000000;0;Euro;2021-12-31;2099-01-31;2099-01-31;Unsecured;0;N/A;Structured;135000000;No;135000000
1700;r0511 - o/w capital instruments/share capital;c005x   - Other financial corporations;Rank 1 - Ranking in insolvency (master scale);PTCPP0AM0007000;SANTANDER TOTTA, SGPS, SA;7400066405;Type of identifier, other than LEI or MFI code;Parent;true;PORTUGAL;Not applicable (Contractual recognition of bail-in powers);1433311801;0;Euro;2021-12-31;2099-01-31;2099-01-31;Unsecured;0;N/A;Structured;1433311801;CET1;1433311801
1701;r0531 - o/w (part of) subordinated liabilities recognised as own funds;c005x   - Other financial corporations;Rank 3 - Ranking in insolvency (master scale);PTBSROOM0018000;SANTANDER TOTTA, SGPS, SA;7400066405;Type of identifier, other than LEI or MFI code;Parent;true;PORTUGAL;Not applicable (Contractual recognition of bail-in powers);320000000;13869,59;Euro;2020-12-28;2025-12-28;2030-12-31;Unsecured;0;N/A;Structured;320000000;No;320000000
1702;r0511 - o/w capital instruments/share capital;c003x   - Corporates;Rank 1 - Ranking in insolvency (master scale);PTCPP0AM0007000;Taxageste;8044901277;Type of identifier, other than LEI or MFI code;Sister;true;PORTUGAL;Not applicable (Contractual recognition of bail-in powers);14593315;0;Euro;2021-12-31;2099-01-31;2099-01-31;Unsecured;0;N/A;Structured;14593315;CET1;14593315
1703;r0350 - Structured notes;c006x   - Insurance firms & pension funds;Rank 9 - Ranking in insolvency (master scale);PTBSRLOM0029000;Totta Seguros - Comp. Seg. Vida, SA.;54930006K2IUPA083C07;LEI code;Sister;true;PORTUGAL;Not applicable (Contractual recognition of bail-in powers);8209741,61;185452,9031;Euro;2019-12-20;2022-01-03;2024-12-23;Unsecured;0;N/A;Structured;0;No;0
1704;r0320 - Deposits, not covered and not preferential;c003x   - Corporates;Rank 12 - Ranking in insolvency (master scale);000000000000000;GESBAN SERVICIOS A. GLOBALES SA - SUC PORTUGAL;7400760971;Type of identifier, other than LEI or MFI code;Sister;false;PORTUGAL;Not applicable (Contractual recognition of bail-in powers);100000;0;Euro;2021-12-31;2022-01-03;2022-01-03;Unsecured;0;N/A;Non-structured/Vanilla;0;No;0
1705;r0110 - Covered deposits (BRRD art. 44/2/a);c003x   - Corporates;Rank 14 - Ranking in insolvency (master scale);000000000000000;Portal Universia;8046273535;Type of identifier, other than LEI or MFI code;Sister;false;PORTUGAL;Not applicable (Contractual recognition of bail-in powers);100000;0;Euro;2021-12-31;2022-01-03;2022-01-03;Unsecured;0;N/A;Non-structured/Vanilla;0;No;0
1706;r0110 - Covered deposits (BRRD art. 44/2/a);c003x   - Corporates;Rank 14 - Ranking in insolvency (master scale);000000000000000;GEOBAN SA SUCURSAL EM PORTUGAL;7400315551;Type of identifier, other than LEI or MFI code;Sister;false;PORTUGAL;Not applicable (Contractual recognition of bail-in powers);100000;0;Euro;2021-12-31;2022-01-03;2022-01-03;Unsecured;0;N/A;Non-structured/Vanilla;0;No;0
1707;r0110 - Covered deposits (BRRD art. 44/2/a);c003x   - Corporates;Rank 14 - Ranking in insolvency (master scale);000000000000000;ISBAN - SUC PORTUGAL;7400456469;Type of identifier, other than LEI or MFI code;Sister;false;PORTUGAL;Not applicable (Contractual recognition of bail-in powers);100000;0;Euro;2021-12-31;2022-01-03;2022-01-03;Unsecured;0;N/A;Non-structured/Vanilla;0;No;0
1708;r0110 - Covered deposits (BRRD art. 44/2/a);c003x   - Corporates;Rank 14 - Ranking in insolvency (master scale);000000000000000;TottaUrbe;8000391312;Type of identifier, other than LEI or MFI code;Sister;false;PORTUGAL;Not applicable (Contractual recognition of bail-in powers);100000;0;Euro;2021-12-31;2022-01-03;2022-01-03;Unsecured;0;N/A;Non-structured/Vanilla;0;No;0
1709;r0110 - Covered deposits (BRRD art. 44/2/a);c003x   - Corporates;Rank 14 - Ranking in insolvency (master scale);000000000000000;CONSULTEAM-CONSULTORES GESTAO,SA;5100262318;Type of identifier, other than LEI or MFI code;Sister;true;PORTUGAL;Not applicable (Contractual recognition of bail-in powers);100000;0;Euro;2021-12-31;2022-01-03;2022-01-03;Unsecured;0;N/A;Non-structured/Vanilla;0;No;0
1710;r0110 - Covered deposits (BRRD art. 44/2/a);c003x   - Corporates;Rank 14 - Ranking in insolvency (master scale);000000000000000;Taxageste;8044901277;Type of identifier, other than LEI or MFI code;Sister;false;PORTUGAL;Not applicable (Contractual recognition of bail-in powers);100000;0;Euro;2021-12-31;2022-01-03;2022-01-03;Unsecured;0;N/A;Non-structured/Vanilla;0;No;0
1711;r0110 - Covered deposits (BRRD art. 44/2/a);c003x   - Corporates;Rank 14 - Ranking in insolvency (master scale);000000000000000;IBERICA DE COMPRAS CORPORATIVAS - SUC EM PORTUGAL;7400939384;Type of identifier, other than LEI or MFI code;Sister;true;PORTUGAL;Not applicable (Contractual recognition of bail-in powers);100000;0;Euro;2021-12-31;2022-01-03;2022-01-03;Unsecured;0;N/A;Non-structured/Vanilla;0;No;0
1712;r0110 - Covered deposits (BRRD art. 44/2/a);c003x   - Corporates;Rank 14 - Ranking in insolvency (master scale);000000000000000;RETAMA REAL ESTATE;7400886823;Type of identifier, other than LEI or MFI code;Sister;false;PORTUGAL;Not applicable (Contractual recognition of bail-in powers);20485,88;0;Euro;2021-12-31;2022-01-03;2022-01-03;Unsecured;0;N/A;Non-structured/Vanilla;0;No;0
1713;r0110 - Covered deposits (BRRD art. 44/2/a);c002x   - Micro & SME;Rank 14 - Ranking in insolvency (master scale);000000000000000;CCPT - COMPRARCASA REDE SERVICOS IMOBILIARIOS, S.A;1700210720;Type of identifier, other than LEI or MFI code;Sister;false;PORTUGAL;Not applicable (Contractual recognition of bail-in powers);11782,67;0;Euro;2021-12-31;2022-01-03;2022-01-03;Unsecured;0;N/A;Non-structured/Vanilla;0;No;0
1714;r0320 - Deposits, not covered and not preferential;c006x   - Insurance firms & pension funds;Rank 12 - Ranking in insolvency (master scale);000000000000000;POPULAR SEGUROS - COMPANHIA DE SEGUROS, SA;213800DS888O1NMGEJ90;LEI code;Sister;true;PORTUGAL;Not applicable (Contractual recognition of bail-in powers);10885798,01;0;Euro;2021-12-31;2022-01-03;2022-01-03;Unsecured;0;N/A;Non-structured/Vanilla;0;No;0
1715;r0320 - Deposits, not covered and not preferential;c005x   - Other financial corporations;Rank 12 - Ranking in insolvency (master scale);000000000000000;GAMMA SOC TITULARIZACAO CREDITOS, SA;2101355138;Type of identifier, other than LEI or MFI code;Sister;true;PORTUGAL;Not applicable (Contractual recognition of bail-in powers);186944801,6;0;Euro;2021-12-31;2022-01-03;2022-01-03;Unsecured;0;N/A;Non-structured/Vanilla;0;No;0
1716;r0320 - Deposits, not covered and not preferential;c005x   - Other financial corporations;Rank 12 - Ranking in insolvency (master scale);000000000000000;Totta Ireland, PLC;8041492238;Type of identifier, other than LEI or MFI code;Sister;true;PORTUGAL;Not applicable (Contractual recognition of bail-in powers);5293541,03;0;Euro;2021-12-31;2022-01-03;2022-01-03;Unsecured;0;N/A;Non-structured/Vanilla;0;No;0
1717;r0320 - Deposits, not covered and not preferential;c004x   - Institutions;Rank 12 - Ranking in insolvency (master scale);000000000000000;BANCO SANTANDER SA;5493006QMFDDMYWIAM13;LEI code;Parent;false;PORTUGAL;Not applicable (Contractual recognition of bail-in powers);11361,96;0;Euro;2021-12-31;2022-01-03;2022-01-03;Unsecured;0;N/A;Non-structured/Vanilla;0;No;0
1718;r0320 - Deposits, not covered and not preferential;c006x   - Insurance firms & pension funds;Rank 12 - Ranking in insolvency (master scale);000000000000000;Totta Seguros - Comp. Seg. Vida, SA.;54930006K2IUPA083C07;LEI code;Sister;true;PORTUGAL;Not applicable (Contractual recognition of bail-in powers);248370451,5;677,16;Euro;2021-12-31;2022-01-03;2022-01-03;Unsecured;0;N/A;Non-structured/Vanilla;0;No;0
1719;r0320 - Deposits, not covered and not preferential;c006x   - Insurance firms & pension funds;Rank 12 - Ranking in insolvency (master scale);000000000000000;AEGON SANTANDER NAO VIDA PORTUGAL;9598001GSAW026UNLE02;LEI code;Sister;true;PORTUGAL;Not applicable (Contractual recognition of bail-in powers);5303802,14;0;Euro;2021-12-31;2022-01-03;2022-01-03;Unsecured;0;N/A;Non-structured/Vanilla;0;No;0
1720;r0320 - Deposits, not covered and not preferential;c006x   - Insurance firms & pension funds;Rank 12 - Ranking in insolvency (master scale);000000000000000;AEGON SANTANDER VIDA PORTUGAL;959800S4Y2DCN7EVAG59;LEI code;Sister;true;PORTUGAL;Not applicable (Contractual recognition of bail-in powers);8439317,95;0;Euro;2021-12-31;2022-01-03;2022-01-03;Unsecured;0;N/A;Non-structured/Vanilla;0;No;0
1721;r0320 - Deposits, not covered and not preferential;c006x   - Insurance firms & pension funds;Rank 12 - Ranking in insolvency (master scale);000002000000000;Totta Seguros - Comp. Seg. Vida, SA.;54930006K2IUPA083C07;LEI code;Sister;true;PORTUGAL;Not applicable (Contractual recognition of bail-in powers);2760000;5812,51;Euro;2021-12-31;2022-01-03;2022-01-03;Unsecured;0;N/A;Non-structured/Vanilla;0;No;0
1722;r0320 - Deposits, not covered and not preferential;c005x   - Other financial corporations;Rank 12 - Ranking in insolvency (master scale);000000000000000;GAMMA - SOCIEDADE DE TITULIZACAO DE CREDITOS;7401393942;Type of identifier, other than LEI or MFI code;Sister;true;PORTUGAL;Not applicable (Contractual recognition of bail-in powers);93903231,42;0;Euro;2021-12-31;2022-01-03;2022-01-03;Unsecured;0;N/A;Non-structured/Vanilla;0;No;0
1723;r0320 - Deposits, not covered and not preferential;c004x   - Institutions;Rank 12 - Ranking in insolvency (master scale);000000000000000;BANCO SANTANDER SA;5493006QMFDDMYWIAM13;LEI code;Parent;false;PORTUGAL;Not applicable (Contractual recognition of bail-in powers);27137,78;0;Euro;2021-12-31;2022-01-03;2022-01-03;Unsecured;0;N/A;Non-structured/Vanilla;0;No;0
1724;r0320 - Deposits, not covered and not preferential;c006x   - Insurance firms & pension funds;Rank 12 - Ranking in insolvency (master scale);000003000000000;Totta Seguros - Comp. Seg. Vida, SA.;54930006K2IUPA083C07;LEI code;Sister;true;PORTUGAL;Not applicable (Contractual recognition of bail-in powers);1900000;275369,11;Euro;2021-12-31;2022-01-03;2022-01-03;Unsecured;0;N/A;Non-structured/Vanilla;0;No;0
1725;r0320 - Deposits, not covered and not preferential;c006x   - Insurance firms & pension funds;Rank 12 - Ranking in insolvency (master scale);000000000000000;Totta Seguros - Comp. Seg. Vida, SA.;54930006K2IUPA083C07;LEI code;Sister;true;PORTUGAL;Not applicable (Contractual recognition of bail-in powers);4145720,192;53,831891;Euro;2021-12-31;2022-01-03;2022-01-03;Unsecured;0;N/A;Non-structured/Vanilla;0;No;0
1726;r0320 - Deposits, not covered and not preferential;c006x   - Insurance firms & pension funds;Rank 12 - Ranking in insolvency (master scale);000000000000000;Totta Seguros - Comp. Seg. Vida, SA.;54930006K2IUPA083C07;LEI code;Sister;true;PORTUGAL;Not applicable (Contractual recognition of bail-in powers);352376,8599;0;Euro;2021-12-31;2022-01-03;2022-01-03;Unsecured;0;N/A;Non-structured/Vanilla;0;No;0
1727;r0320 - Deposits, not covered and not preferential;c004x   - Institutions;Rank 12 - Ranking in insolvency (master scale);000000000000000;BANCO SANTANDER SA;5493006QMFDDMYWIAM13;LEI code;Parent;false;PORTUGAL;Not applicable (Contractual recognition of bail-in powers);816862,43;0;Euro;2021-12-31;2022-01-03;2022-01-03;Unsecured;0;N/A;Non-structured/Vanilla;0;No;0
1728;r0320 - Deposits, not covered and not preferential;c005x   - Other financial corporations;Rank 12 - Ranking in insolvency (master scale);000000000000000;Totta Ireland, PLC;8041492238;Type of identifier, other than LEI or MFI code;Sister;true;PORTUGAL;Not applicable (Contractual recognition of bail-in powers);47,139049;0; US Dollar;2021-12-31;2022-01-03;2022-01-03;Unsecured;0;N/A;Non-structured/Vanilla;0;No;0
1729;r0320 - Deposits, not covered and not preferential;c005x   - Other financial corporations;Rank 12 - Ranking in insolvency (master scale);000000000000000;SANTANDER TOTTA, SGPS, SA;7400066405;Type of identifier, other than LEI or MFI code;Parent;true;PORTUGAL;Not applicable (Contractual recognition of bail-in powers);312799171,7;0;Euro;2021-12-31;2022-01-03;2022-01-03;Unsecured;0;N/A;Non-structured/Vanilla;0;No;0
1730;r0320 - Deposits, not covered and not preferential;c005x   - Other financial corporations;Rank 12 - Ranking in insolvency (master scale);000000000000000;UNICRE;0000002716;Type of identifier, other than LEI or MFI code;Sister;true;PORTUGAL;Not applicable (Contractual recognition of bail-in powers);914,21;0;Euro;2021-12-31;2022-01-03;2022-01-03;Unsecured;0;N/A;Non-structured/Vanilla;0;No;0
1731;r0320 - Deposits, not covered and not preferential;c006x   - Insurance firms & pension funds;Rank 12 - Ranking in insolvency (master scale);000001000000000;Totta Seguros - Comp. Seg. Vida, SA.;54930006K2IUPA083C07;LEI code;Sister;true;PORTUGAL;Not applicable (Contractual recognition of bail-in powers);20876000;357515,62;Euro;2021-12-31;2022-01-03;2022-01-03;Unsecured;0;N/A;Non-structured/Vanilla;0;No;0
1732;r0320 - Deposits, not covered and not preferential;c006x   - Insurance firms & pension funds;Rank 12 - Ranking in insolvency (master scale);000000000000000;Totta Seguros - Comp. Seg. Vida, SA.;54930006K2IUPA083C07;LEI code;Sister;true;PORTUGAL;Not applicable (Contractual recognition of bail-in powers);22358,10682;2,213548; US Dollar;2021-12-31;2022-01-03;2022-01-03;Unsecured;0;N/A;Non-structured/Vanilla;0;No;0
